Date,Outflow_AF,OutflowTemp_degF,KES_Storage_AF
1/1/2000,9917.355372,51.9875,20740
1/2/2000,9982.809917,51.775,21158
1/3/2000,9917.355372,51.67083333,21104
1/4/2000,9917.355372,51.65,21008
1/5/2000,9538.512397,51.725,21050
1/6/2000,9141.818182,51.525,21235
1/7/2000,8925.619835,51.5125,21134
1/8/2000,8925.619835,51.47083333,21146
1/9/2000,8925.619835,51.44166667,20907
1/10/2000,8925.619835,51.3875,21062
1/11/2000,8925.619835,51.35,21062
1/12/2000,8528.92562,50.94583333,20094
1/13/2000,8171.900826,50.53333333,20411
1/14/2000,7933.884298,50.45833333,20692
1/15/2000,7933.884298,49.69166667,20616
1/16/2000,7914.049587,49,20540
1/17/2000,7975.53719,48.72083333,20060
1/18/2000,7975.53719,49.35416667,20276
1/19/2000,8025.123967,49.34583333,21122
1/20/2000,8058.842975,49.3125,22291
1/21/2000,8499.173554,49.1625,21429
1/22/2000,12769.58678,48.99166667,21580
1/23/2000,12892.56198,48.85833333,22464
1/24/2000,15907.43802,48.80833333,21038
1/25/2000,23141.15702,49.39583333,18747
1/26/2000,27229.09091,49.4,18686
1/27/2000,27641.65289,49.35416667,21726
1/28/2000,32479.33884,49.92916667,19153
1/29/2000,38439.66942,50.075,20129
1/30/2000,39042.64463,49.73333333,18857
1/31/2000,34074.04959,49.375,19541
2/1/2000,33322.31405,49.30833333,21976
2/2/2000,28686.94215,49.55833333,20416
2/3/2000,25342.80992,49.1,19708
2/4/2000,24793.38843,48.81666667,21909
2/5/2000,24793.38843,48.95833333,21678
2/6/2000,21413.55372,48.375,21140
2/7/2000,21413.55372,48.40416667,19271
2/8/2000,21413.55372,48.72083333,19979
2/9/2000,29587.43802,49.40833333,20592
2/10/2000,29047.93388,49.75833333,19898
2/11/2000,33199.33884,49.65,19731
2/12/2000,40099.83471,49.19166667,20217
2/13/2000,36694.21488,49.14166667,22347
2/14/2000,44544.79339,49.26666667,20805
2/15/2000,71049.91736,49.22083333,21319
2/16/2000,80118.34711,49.225,21520
2/17/2000,78587.10744,49.275,20586
2/18/2000,79898.18182,49.2875,20123
2/19/2000,80336.52893,49.35833333,20949
2/20/2000,71972.2314,49.37916667,20955
2/21/2000,60406.61157,49.425,21086
2/22/2000,68372.2314,49.175,21890
2/23/2000,71147.10744,48.8625,20799
2/24/2000,78961.98347,48.98333333,19812
2/25/2000,79128.59504,48.87916667,22161
2/26/2000,67963.63636,49.05,21763
2/27/2000,66366.94215,49.02916667,20692
2/28/2000,74310.7438,48.87083333,20399
2/29/2000,79983.47107,48.84583333,22161
3/1/2000,94337.85124,48.75416667,21532
3/2/2000,93701.15702,48.80416667,20205
3/3/2000,93841.98347,49.0625,21229
3/4/2000,97846.61157,48.89583333,21398
3/5/2000,82857.52066,48.95,22081
3/6/2000,68241.32231,48.99166667,20031
3/7/2000,69520.66116,48.85416667,20375
3/8/2000,70510.41322,48.66666667,21271
3/9/2000,71404.95868,48.65416667,20031
3/10/2000,70690.90909,48.76666667,21568
3/11/2000,60240,48.9375,19973
3/12/2000,51205.28926,49.03333333,20764
3/13/2000,43705.78512,49.1375,20346
3/14/2000,37025.45455,49.35,21259
3/15/2000,31499.50413,49.03333333,20446
3/16/2000,26776.8595,49.1375,21050
3/17/2000,23182.80992,49.11666667,20031
3/18/2000,19598.67769,49.10416667,20434
3/19/2000,20481.32231,49.175,20853
3/20/2000,20774.87603,49.00833333,21289
3/21/2000,19892.2314,49.0625,21152
3/22/2000,17047.93388,49.20833333,21915
3/23/2000,14632.06612,49.29166667,21763
3/24/2000,12769.58678,49.22083333,22526
3/25/2000,12243.96694,49.14583333,22464
3/26/2000,12069.42149,49.3125,22482
3/27/2000,12174.54545,49.3625,21793
3/28/2000,11829.42149,49.44166667,21665
3/29/2000,11537.85124,49.61666667,21763
3/30/2000,11049.91736,50.125,20877
3/31/2000,10325.95041,50.6125,20569
4/1/2000,10399.33884,50.76666667,21313
4/2/2000,10202.97521,50.97826087,21860
4/3/2000,9469.090909,50.87916667,21702
4/4/2000,9828.099174,51.05,21447
4/5/2000,9806.280992,50.875,21205
4/6/2000,10056.19835,50.49583333,21283
4/7/2000,10153.38843,50.91666667,21247
4/8/2000,12981.81818,50.35833333,20704
4/9/2000,16321.98347,51.00416667,19766
4/10/2000,16859.50413,52.25,20569
4/11/2000,16859.50413,52.97916667,21080
4/12/2000,16635.3719,51.98333333,21271
4/13/2000,16635.3719,51.57916667,22020
4/14/2000,16998.34711,50.95833333,21756
4/15/2000,16786.1157,51.425,21344
4/16/2000,16663.1405,51.1625,20937
4/17/2000,16702.80992,50.4125,21471
4/18/2000,16710.7438,50.3,22476
4/19/2000,16924.95868,50.22916667,21520
4/20/2000,16893.22314,50.67916667,20746
4/21/2000,17045.95041,52.575,20835
4/22/2000,17851.23967,52.58333333,21404
4/23/2000,17662.80992,50.98333333,21550
4/24/2000,17730.24793,49.96666667,21787
4/25/2000,17728.26446,50.04166667,20955
4/26/2000,17646.94215,50.09166667,21271
4/27/2000,17900.82645,50.0375,21325
4/28/2000,17900.82645,49.95833333,20793
4/29/2000,21732.89256,50.075,21775
4/30/2000,21818.18182,50.14583333,21902
5/1/2000,22440.99174,50.29583333,21617
5/2/2000,25937.85124,50.15416667,20592
5/3/2000,26271.07438,50.66666667,21338
5/4/2000,26396.03306,50.8,21769
5/5/2000,27675.3719,50.29583333,21611
5/6/2000,26677.68595,50.375,22551
5/7/2000,25021.4876,50.15,22695
5/8/2000,21038.67769,50.15833333,22414
5/9/2000,19134.54545,50.34583333,21423
5/10/2000,19011.57025,50.62916667,20241
5/11/2000,16960.66116,50.07916667,21629
5/12/2000,16625.45455,50.43333333,22513
5/13/2000,16617.52066,50.27083333,22168
5/14/2000,17644.95868,50.15,21104
5/15/2000,19011.57025,50.17916667,21756
5/16/2000,16867.43802,50.92916667,21915
5/17/2000,15867.7686,51.69166667,22501
5/18/2000,17285.95041,51.34583333,21392
5/19/2000,21818.18182,50.4625,18962
5/20/2000,25785.12397,49.82083333,20025
5/21/2000,25955.70248,49.78333333,21860
5/22/2000,26338.5124,49.80833333,21964
5/23/2000,26300.82645,49.9125,21187
5/24/2000,28504.46281,49.8625,20288
5/25/2000,23660.82645,50.09583333,20639
5/26/2000,24805.28926,50.125,20305
5/27/2000,24969.91736,50.10416667,20865
5/28/2000,25453.8843,49.875,21593
5/29/2000,24228.09917,49.825,22501
5/30/2000,24390.7438,50.15833333,22402
5/31/2000,23740.16529,50.12083333,21878
6/1/2000,23232.39669,50.18333333,21958
6/2/2000,23190.7438,50.27916667,21659
6/3/2000,23771.90083,50.2,20919
6/4/2000,22748.42975,50.0875,21933
6/5/2000,21046.61157,50.14166667,21939
6/6/2000,20915.70248,49.925,22081
6/7/2000,20806.61157,50.30416667,21617
6/8/2000,20804.6281,50.49166667,21793
6/9/2000,20909.75207,50.3625,21775
6/10/2000,20822.47934,50.6875,21265
6/11/2000,20995.04132,50.1875,21465
6/12/2000,25953.71901,50.05,21229
6/13/2000,27542.47934,50.04583333,20716
6/14/2000,28177.19008,50.32083333,21380
6/15/2000,27556.36364,50.09166667,20877
6/16/2000,27619.83471,50,21307
6/17/2000,27738.84298,50.34583333,21235
6/18/2000,26842.31405,50.22916667,21098
6/19/2000,27072.39669,50.4625,21020
6/20/2000,27637.68595,50.34583333,21423
6/21/2000,27933.22314,50.24583333,21866
6/22/2000,26866.1157,50.375,22328
6/23/2000,27421.4876,50.45833333,21769
6/24/2000,27050.57851,50.3375,21684
6/25/2000,27048.59504,50.3625,21915
6/26/2000,27356.03306,50.4,22639
6/27/2000,28042.31405,50.475,21502
6/28/2000,27764.6281,50.5125,21927
6/29/2000,28165.28926,50.99166667,21769
6/30/2000,27871.73554,51.07916667,21970
7/1/2000,28647.27273,51.325,22155
7/2/2000,28556.03306,51.64166667,21915
7/3/2000,28187.10744,51.71666667,21623
7/4/2000,29153.05785,51.8875,20692
7/5/2000,28240.66116,51.96666667,20645
7/6/2000,29393.05785,52.16666667,21325
7/7/2000,29242.31405,52.15833333,20925
7/8/2000,28938.84298,52.16666667,21447
7/9/2000,29049.91736,52.55416667,22192
7/10/2000,29484.29752,52.24166667,21946
7/11/2000,29365.28926,51.80416667,20889
7/12/2000,29097.52066,51.84166667,20223
7/13/2000,29170.90909,51.75416667,21182
7/14/2000,29236.36364,51.73333333,19864
7/15/2000,29155.04132,52.06666667,21872
7/16/2000,29658.84298,52.2125,21964
7/17/2000,29678.67769,52.2875,21872
7/18/2000,29676.69421,52.3875,21860
7/19/2000,29561.65289,52.51666667,22044
7/20/2000,29668.76033,52.53333333,22371
7/21/2000,29531.90083,52.1125,21848
7/22/2000,29575.53719,51.0375,22260
7/23/2000,29752.06612,50.9,22507
7/24/2000,29567.60331,50.9375,22414
7/25/2000,29730.24793,52.1125,22777
7/26/2000,30670.41322,52.84166667,23154
7/27/2000,31537.19008,52.26666667,21289
7/28/2000,30714.04959,51.4625,23428
7/29/2000,31414.21488,51.43333333,22242
7/30/2000,29319.66942,51.36666667,21338
7/31/2000,29202.64463,52.0625,22242
8/1/2000,29561.65289,52.45,22044
8/2/2000,30154.71074,51.8375,23180
8/3/2000,29627.10744,51.79583333,22427
8/4/2000,28470.7438,52.525,22279
8/5/2000,27709.09091,52.55,22821
8/6/2000,28117.68595,51.89166667,23035
8/7/2000,27923.30579,51.72083333,22896
8/8/2000,26066.77686,52.52916667,21374
8/9/2000,24323.30579,52.60833333,21520
8/10/2000,24103.1405,51.84166667,21781
8/11/2000,23956.36364,51.62916667,22273
8/12/2000,24148.76033,51.33333333,22347
8/13/2000,23980.16529,51.48333333,21884
8/14/2000,23674.71074,51.4375,22001
8/15/2000,22343.80165,51.62916667,22589
8/16/2000,21774.54545,51.79166667,22513
8/17/2000,21153.71901,51.80416667,22007
8/18/2000,19846.61157,51.69583333,21295
8/19/2000,19918.01653,51.65833333,21313
8/20/2000,19785.12397,51.42083333,21927
8/21/2000,19854.54545,51.38333333,21952
8/22/2000,19816.8595,51.6375,22100
8/23/2000,18842.97521,51.61666667,22112
8/24/2000,18842.97521,51.87916667,22087
8/25/2000,18842.97521,52.05833333,22013
8/26/2000,18842.97521,52.05833333,21872
8/27/2000,19812.89256,51.89166667,20645
8/28/2000,19834.71074,51.77083333,22658
8/29/2000,19652.2314,51.67083333,22081
8/30/2000,19049.2562,51.57916667,21653
8/31/2000,16984.46281,51.89166667,22495
9/1/2000,15955.04132,52.0375,23104
9/2/2000,15431.40496,52.15833333,22739
9/3/2000,14503.1405,52.6,21690
9/4/2000,14663.80165,52.99583333,22205
9/5/2000,14874.04959,53.04166667,22727
9/6/2000,14465.45455,53.02083333,21775
9/7/2000,13685.95041,52.30833333,20990
9/8/2000,13660.16529,52.2875,21665
9/9/2000,13461.81818,52.0375,21483
9/10/2000,13608.59504,52.12916667,22254
9/11/2000,13727.60331,52.17916667,21199
9/12/2000,13727.60331,52.11666667,20949
9/13/2000,13844.6281,52.14166667,21026
9/14/2000,13844.6281,51.98333333,22607
9/15/2000,13844.6281,51.89166667,21647
9/16/2000,13695.86777,52.475,21958
9/17/2000,13695.86777,52.45416667,22260
9/18/2000,16054.21488,52.39583333,21623
9/19/2000,17333.55372,52.53333333,21441
9/20/2000,17575.53719,52.475,22285
9/21/2000,17527.93388,52.425,21665
9/22/2000,16030.41322,52.47916667,21453
9/23/2000,15794.38017,52.25,21116
9/24/2000,15814.21488,52.225,21611
9/25/2000,15707.10744,52.275,21392
9/26/2000,13918.01653,52.575,21235
9/27/2000,13025.45455,53.07916667,21465
9/28/2000,12757.68595,53.28333333,21617
9/29/2000,12610.90909,53.43333333,21623
9/30/2000,12624.79339,53.2625,21714
10/1/2000,12634.71074,52.9625,21732
10/2/2000,12606.94215,53.05833333,21520
10/3/2000,12434.38017,52.97083333,21538
10/4/2000,12684.29752,52.95833333,21562
10/5/2000,12581.15702,53.04583333,21854
10/6/2000,12485.95041,53.02916667,21933
10/7/2000,12392.72727,53.01666667,22303
10/8/2000,12315.3719,53.25416667,22377
10/9/2000,12553.38843,53.325,22137
10/10/2000,12430.41322,53.24583333,21811
10/11/2000,12529.58678,53.25833333,22273
10/12/2000,12448.26446,53.25833333,21568
10/13/2000,12448.26446,53.51666667,21253
10/14/2000,12422.47934,53.725,22001
10/15/2000,12422.47934,53.67083333,21205
10/16/2000,12402.64463,53.55833333,21295
10/17/2000,12422.47934,53.65833333,21550
10/18/2000,11906.77686,53.74583333,21684
10/19/2000,11504.13223,53.80416667,21502
10/20/2000,11115.3719,53.84583333,21550
10/21/2000,10710.7438,53.8875,22303
10/22/2000,10585.78512,53.75416667,21477
10/23/2000,10482.64463,53.83333333,21465
10/24/2000,10688.92562,53.8875,21277
10/25/2000,10482.64463,54.075,21344
10/26/2000,10506.44628,53.97916667,21508
10/27/2000,12650.57851,54.03333333,21946
10/28/2000,10506.44628,54.275,21217
10/29/2000,10911.07438,54.17916667,21995
10/30/2000,10710.7438,54.075,22094
10/31/2000,10710.7438,54.3,22396
11/1/2000,10565.95041,54.56666667,21860
11/2/2000,10425.12397,54.775,21659
11/3/2000,10133.55372,54.77916667,21665
11/4/2000,10341.81818,54.92916667,21217
11/5/2000,10139.50413,54.94166667,21374
11/6/2000,10232.72727,54.6,21599
11/7/2000,10726.61157,54.5625,21205
11/8/2000,11024.13223,54.76666667,20931
11/9/2000,10770.24793,54.49583333,20758
11/10/2000,11208.59504,54.26666667,21062
11/11/2000,10649.2562,54.125,20604
11/12/2000,10682.97521,54.03333333,20557
11/13/2000,10558.01653,53.94166667,22727
11/14/2000,10794.04959,53.775,22507
11/15/2000,10560,53.69583333,21976
11/16/2000,10823.80165,53.85416667,22564
11/17/2000,10843.63636,53.91666667,22087
11/18/2000,10746.44628,53.8125,21386
11/19/2000,10827.7686,53.8625,22273
11/20/2000,10853.55372,53.72916667,20481
11/21/2000,10853.55372,53.52916667,20859
11/22/2000,10653.22314,53.625,21104
11/23/2000,10885.28926,53.575,21720
11/24/2000,10805.95041,53.5125,21958
11/25/2000,10792.06612,53.3875,21983
11/26/2000,10686.94215,53.2875,20399
11/27/2000,10815.86777,53.1,21193
11/28/2000,10982.47934,53.2625,21247
11/29/2000,10982.47934,53.22916667,21495
11/30/2000,10946.77686,53.14166667,22310
12/1/2000,10909.09091,53.025,21835
12/2/2000,10520.33058,52.98333333,21350
12/3/2000,10560,53.74583333,21835
12/4/2000,10569.91736,54.425,22777
12/5/2000,10135.53719,54.49166667,22633
12/6/2000,10139.50413,54.40416667,22783
12/7/2000,9883.636364,54.275,22069
12/8/2000,9949.090909,54.25,23035
12/9/2000,10107.7686,54.00416667,22645
12/10/2000,9941.157025,54.02083333,21915
12/11/2000,9923.305785,53.85833333,22365
12/12/2000,9949.090909,53.65833333,21653
12/13/2000,9554.380165,53.46666667,22758
12/14/2000,9155.702479,53.22083333,22057
12/15/2000,9080.330579,52.87083333,20859
12/16/2000,8909.752066,52.65416667,20943
12/17/2000,8993.057851,52.51666667,21587
12/18/2000,9104.132231,52.35416667,21471
12/19/2000,9167.603306,52.48333333,22032
12/20/2000,9169.586777,52.675,21799
12/21/2000,9143.801653,52.50416667,22470
12/22/2000,9120,52.22083333,22746
12/23/2000,9141.818182,51.64166667,22934
12/24/2000,9108.099174,51.4625,22746
12/25/2000,9114.049587,50.99166667,21641
12/26/2000,9163.636364,50.77916667,21435
12/27/2000,9139.834711,50.7125,21417
12/28/2000,9074.380165,50.9,20937
12/29/2000,9076.363636,51,21032
12/30/2000,9217.190083,51.1375,20811
12/31/2000,9147.768595,51.24166667,20686
1/1/2001,9129.917355,51.26666667,20853
1/2/2001,9062.479339,51.28333333,20955
1/3/2001,9040.661157,51.27083333,21187
1/4/2001,8695.53719,51,20907
1/5/2001,8304.793388,50.80416667,20651
1/6/2001,7933.884298,50.69166667,20645
1/7/2001,7900.165289,50.54583333,20746
1/8/2001,7945.785124,50.525,21835
1/9/2001,7979.504132,50.30833333,22620
1/10/2001,7985.454545,50.18333333,23009
1/11/2001,8092.561983,49.81666667,22896
1/12/2001,7945.785124,49.55,22359
1/13/2001,7920,49.52083333,20996
1/14/2001,7925.950413,49.57083333,22545
1/15/2001,7925.950413,49.55416667,22651
1/16/2001,7910.082645,49.3875,22340
1/17/2001,7957.68595,49.2875,22934
1/18/2001,8027.107438,49.17916667,23066
1/19/2001,7975.53719,49.24583333,21459
1/20/2001,7931.900826,49.20833333,22507
1/21/2001,7967.603306,49.16666667,22815
1/22/2001,7939.834711,49.17083333,23205
1/23/2001,7937.85124,49.16666667,22532
1/24/2001,7763.305785,48.84166667,22408
1/25/2001,7574.876033,48.0625,21854
1/26/2001,7410.247934,47.35833333,22328
1/27/2001,7380.495868,47.09583333,22001
1/28/2001,7382.479339,46.6625,20663
1/29/2001,6963.966942,47.075,21289
1/30/2001,6932.231405,46.97083333,20799
1/31/2001,6948.099174,46.8375,21489
2/1/2001,6979.834711,47.10416667,21140
2/2/2001,6952.066116,47.72916667,21032
2/3/2001,6946.115702,48.36666667,21211
2/4/2001,6942.14876,48.72083333,21750
2/5/2001,6999.669421,48.96666667,21696
2/6/2001,6799.338843,48.94166667,21392
2/7/2001,6575.206612,48.575,21471
2/8/2001,6497.85124,48.29583333,21763
2/9/2001,6480,47.825,22174
2/10/2001,6478.016529,46.79166667,22038
2/11/2001,6487.933884,45.76666667,22131
2/12/2001,6543.471074,45.72083333,22359
2/13/2001,6519.669421,45.33333333,21593
2/14/2001,6472.066116,45.15,21848
2/15/2001,6454.214876,45.5375,22242
2/16/2001,6563.305785,46.3625,20985
2/17/2001,6517.68595,46.80833333,20014
2/18/2001,6525.619835,47.19166667,20752
2/19/2001,6531.570248,47.37083333,21429
2/20/2001,6501.818182,47.07916667,22959
2/21/2001,6785.454545,45.85416667,22984
2/22/2001,6622.809917,46.25,21538
2/23/2001,6446.280992,45.82083333,21344
2/24/2001,6513.719008,45.8375,21562
2/25/2001,6466.115702,45.82083333,21890
2/26/2001,6392.727273,45.76666667,22365
2/27/2001,6321.322314,45.91666667,21259
2/28/2001,6489.917355,45.85833333,22303
3/1/2001,6468.099174,45.81666667,23173
3/2/2001,6458.181818,45.90416667,22526
3/3/2001,6337.190083,46.09166667,22075
3/4/2001,6495.867769,46.27083333,22365
3/5/2001,6833.057851,46.31666667,22878
3/6/2001,6712.066116,46.28333333,22273
3/7/2001,6491.900826,46.49583333,21562
3/8/2001,6480,46.6625,20829
3/9/2001,7303.140496,47.1125,20522
3/10/2001,12983.80165,47.02083333,21811
3/11/2001,12981.81818,47.45,21495
3/12/2001,12934.21488,47.57916667,21946
3/13/2001,11940.49587,47.7375,21068
3/14/2001,11512.06612,47.90416667,20799
3/15/2001,11153.05785,48.25833333,20925
3/16/2001,10800,49.075,20925
3/17/2001,10423.1405,49.13333333,20883
3/18/2001,9953.057851,49.25,20399
3/19/2001,9514.710744,49.37083333,22094
3/20/2001,8919.669421,49.9375,22192
3/21/2001,8695.53719,49.84583333,21952
3/22/2001,8334.545455,50.00416667,21128
3/23/2001,8146.115702,50.01666667,20973
3/24/2001,8324.628099,50.4,20740
3/25/2001,8296.859504,50.04166667,21386
3/26/2001,8338.512397,49.625,21140
3/27/2001,8158.016529,49.4375,20829
3/28/2001,8314.710744,49.80833333,20323
3/29/2001,8197.68595,50.65,20370
3/30/2001,8233.38843,51.17083333,20211
3/31/2001,8300.826446,50.6875,20996
4/1/2001,8177.85124,50.28695652,20853
4/2/2001,8306.77686,49.625,21659
4/3/2001,11591.40496,48.8625,21562
4/4/2001,12061.4876,48.72916667,21374
4/5/2001,11771.90083,49.14583333,21319
4/6/2001,11942.47934,49.60833333,21623
4/7/2001,11779.83471,50.25,22044
4/8/2001,11928.59504,49.575,21793
4/9/2001,12097.19008,50.3125,21140
4/10/2001,11962.31405,50.8375,21247
4/11/2001,12128.92562,51.39583333,20704
4/12/2001,12027.7686,51.19166667,22846
4/13/2001,12027.7686,51.3375,21939
4/14/2001,12017.85124,51.34166667,22254
4/15/2001,12023.80165,51.3,22242
4/16/2001,12033.71901,51.47916667,21775
4/17/2001,12033.71901,51.75416667,22236
4/18/2001,12033.71901,51.4125,21453
4/19/2001,12033.71901,50.97916667,21605
4/20/2001,12033.71901,48.95,21841
4/21/2001,12037.68595,47.8375,21817
4/22/2001,11998.01653,48.0125,22464
4/23/2001,12033.71901,48.65833333,20164
4/24/2001,13923.96694,48.72916667,22972
4/25/2001,14913.71901,48.75416667,22476
4/26/2001,14951.40496,48.69166667,21726
4/27/2001,14957.35537,48.775,21134
4/28/2001,14971.23967,48.84166667,21854
4/29/2001,14971.23967,48.325,21690
4/30/2001,15000.99174,48.36666667,22174
5/1/2001,16702.80992,48.73333333,21983
5/2/2001,16794.04959,48.4375,21995
5/3/2001,16764.29752,48.37083333,22396
5/4/2001,16794.04959,48.56666667,22551
5/5/2001,16593.71901,48.91666667,21878
5/6/2001,17617.19008,48.65833333,21841
5/7/2001,17502.14876,48.51666667,22248
5/8/2001,17637.02479,48.75,22242
5/9/2001,17621.15702,48.78333333,22223
5/10/2001,18545.45455,48.85833333,21744
5/11/2001,18626.77686,48.77083333,21344
5/12/2001,18583.1405,49.08333333,21465
5/13/2001,18511.73554,49.11666667,21653
5/14/2001,19904.13223,48.96666667,21235
5/15/2001,22528.26446,48.85416667,21128
5/16/2001,20959.33884,49.6375,21562
5/17/2001,20679.66942,50.08333333,20252
5/18/2001,20840.33058,50.075,20123
5/19/2001,20897.85124,50.2125,20002
5/20/2001,20919.66942,50.39166667,20100
5/21/2001,21090.24793,50.325,21623
5/22/2001,20927.60331,49.58333333,21629
5/23/2001,20925.61983,49.20833333,21678
5/24/2001,20925.61983,49.15833333,23192
5/25/2001,20372.2314,49.39166667,21289
5/26/2001,21752.72727,49.60416667,20071
5/27/2001,21750.7438,50.125,20668
5/28/2001,21834.04959,50.27083333,21665
5/29/2001,21960.99174,50.35416667,21866
5/30/2001,21893.55372,50.4125,22626
5/31/2001,22032.39669,50.82916667,22871
6/1/2001,21879.66942,50.57083333,22081
6/2/2001,21885.61983,50.24166667,21002
6/3/2001,21891.57025,50.25416667,22903
6/4/2001,21907.43802,50.87916667,22347
6/5/2001,23827.43802,49.97083333,21587
6/6/2001,25598.67769,49.63333333,21410
6/7/2001,25586.77686,49.65,22303
6/8/2001,25570.90909,49.825,22721
6/9/2001,27407.60331,50.65,22106
6/10/2001,27377.85124,51.45833333,21611
6/11/2001,27215.20661,51.6625,21229
6/12/2001,27385.78512,51.44166667,21550
6/13/2001,27381.81818,51.71666667,22390
6/14/2001,27879.66942,51.775,22254
6/15/2001,28008.59504,52.47083333,21939
6/16/2001,28613.55372,53.1,21629
6/17/2001,28688.92562,53.1,20194
6/18/2001,28744.46281,53.1,22359
6/19/2001,28811.90083,52.85833333,21793
6/20/2001,28389.42149,52.6,21726
6/21/2001,28930.90909,50.88333333,20534
6/22/2001,29095.53719,50.82916667,21629
6/23/2001,28195.04132,50.8875,22482
6/24/2001,28244.6281,50.86666667,22242
6/25/2001,28244.6281,50.89583333,21866
6/26/2001,28278.34711,50.55,21872
6/27/2001,28278.34711,51.53333333,22626
6/28/2001,28149.42149,53.05833333,21976
6/29/2001,28062.14876,53.49583333,21289
6/30/2001,28020.49587,52.26666667,21423
7/1/2001,27923.30579,51.51666667,22026
7/2/2001,28466.77686,51.8,23053
7/3/2001,28107.7686,52.05416667,22118
7/4/2001,28171.23967,51.99583333,21229
7/5/2001,28827.7686,52.275,20704
7/6/2001,29242.31405,52.24583333,21044
7/7/2001,29353.38843,52.475,21532
7/8/2001,28841.65289,52.49583333,20949
7/9/2001,28922.97521,52.77083333,22106
7/10/2001,29010.24793,52.43333333,22211
7/11/2001,29351.40496,52.6125,21176
7/12/2001,29668.76033,52.2875,21380
7/13/2001,29742.14876,52.3625,22285
7/14/2001,30099.17355,52.47916667,22796
7/15/2001,30327.27273,52.59583333,23022
7/16/2001,29760,52.89583333,22959
7/17/2001,29432.72727,52.97083333,22260
7/18/2001,29466.44628,52.38333333,21854
7/19/2001,29656.8595,52.29583333,22840
7/20/2001,29553.71901,52.60833333,22260
7/21/2001,29817.52066,52.6625,22081
7/22/2001,29305.78512,52.80833333,21976
7/23/2001,29857.19008,52.79583333,22236
7/24/2001,29781.81818,51.15833333,19680
7/25/2001,29756.03306,50.36666667,22890
7/26/2001,30009.91736,51.775,22013
7/27/2001,29662.80992,51.87083333,22396
7/28/2001,29674.71074,51.99166667,23377
7/29/2001,27869.75207,52.05833333,23148
7/30/2001,27925.28926,52.09583333,22997
7/31/2001,27457.19008,52.09166667,22310
8/1/2001,25687.93388,52.26666667,21720
8/2/2001,25509.42149,51.85833333,21958
8/3/2001,24829.09091,51.7,22664
8/4/2001,24743.80165,52.00833333,22607
8/5/2001,24731.90083,51.95,22570
8/6/2001,24795.3719,50.9,21483
8/7/2001,24833.05785,50.925,22421
8/8/2001,23879.00826,50.9125,22771
8/9/2001,24795.3719,51.12083333,21902
8/10/2001,24803.30579,51.07083333,21763
8/11/2001,23472.39669,51.10416667,21896
8/12/2001,23369.2562,51.10416667,22476
8/13/2001,23389.09091,51.225,22651
8/14/2001,23438.67769,51.27083333,21696
8/15/2001,22044.29752,51.5125,21122
8/16/2001,21921.32231,51.50833333,22013
8/17/2001,21843.96694,51.62916667,21410
8/18/2001,20550.7438,51.525,22118
8/19/2001,20403.96694,51.82083333,22620
8/20/2001,20336.52893,51.87083333,21696
8/21/2001,18850.90909,51.96666667,22513
8/22/2001,18434.38017,52.10416667,22821
8/23/2001,18442.31405,52.07083333,22840
8/24/2001,19184.13223,51.97083333,22081
8/25/2001,19755.3719,51.64166667,22488
8/26/2001,20009.2562,51.5125,23326
8/27/2001,20088.59504,51.82916667,22758
8/28/2001,18676.36364,51.82916667,22972
8/29/2001,18464.13223,51.92916667,23091
8/30/2001,18446.28099,51.84166667,23135
8/31/2001,18614.87603,51.97083333,23473
9/1/2001,18642.64463,51.825,23460
9/2/2001,18587.10744,51.86666667,22266
9/3/2001,18495.86777,51.86666667,21702
9/4/2001,18503.80165,51.8875,22340
9/5/2001,18503.80165,51.90416667,22664
9/6/2001,18497.85124,51.99583333,22595
9/7/2001,17754.04959,52.05,22557
9/8/2001,17668.76033,52.05833333,22633
9/9/2001,17740.16529,52.125,22607
9/10/2001,16843.63636,52.18333333,22038
9/11/2001,15889.58678,52.24166667,21392
9/12/2001,15889.58678,52.14583333,20752
9/13/2001,15933.22314,52.42916667,21032
9/14/2001,15978.84298,52.77916667,21199
9/15/2001,15972.89256,52.94166667,22001
9/16/2001,15964.95868,53.0125,22168
9/17/2001,15972.89256,53.3,22852
9/18/2001,16448.92562,53.26666667,22254
9/19/2001,16932.89256,53.475,21562
9/20/2001,16964.6281,53.55833333,21983
9/21/2001,16948.76033,53.64583333,22408
9/22/2001,16926.94215,53.6,22279
9/23/2001,16956.69421,53.74166667,21946
9/24/2001,16903.1405,53.725,21684
9/25/2001,16974.54545,53.85833333,21580
9/26/2001,16113.71901,53.94166667,21235
9/27/2001,15123.96694,54.25,21164
9/28/2001,15018.84298,54.3,20598
9/29/2001,15042.64463,54.35,20835
9/30/2001,15094.21488,54.55,20817
10/1/2001,15108.09917,54.66666667,20358
10/2/2001,15167.60331,54.825,19881
10/3/2001,15296.52893,54.69166667,20399
10/4/2001,15167.60331,54.02083333,20817
10/5/2001,13604.6281,53.8,20907
10/6/2001,12122.97521,53.9375,21671
10/7/2001,11928.59504,54.0625,21684
10/8/2001,11936.52893,54.225,21514
10/9/2001,11930.57851,54.29583333,20985
10/10/2001,11557.68595,54.275,21623
10/11/2001,11180.82645,54.55833333,23053
10/12/2001,10764.29752,54.70416667,23060
10/13/2001,10716.69421,54.9,22501
10/14/2001,10752.39669,55.12083333,22168
10/15/2001,10734.54545,54.95416667,21714
10/16/2001,10712.72727,55.00833333,21568
10/17/2001,10714.71074,54.84166667,21374
10/18/2001,10750.41322,54.85833333,21526
10/19/2001,10756.36364,54.84166667,21726
10/20/2001,11160.99174,54.84583333,21970
10/21/2001,11646.94215,54.89166667,21714
10/22/2001,11654.87603,54.9625,21829
10/23/2001,11706.44628,54.97916667,21805
10/24/2001,11658.84298,54.7625,22149
10/25/2001,11456.52893,54.61666667,22377
10/26/2001,11402.97521,54.8,22727
10/27/2001,11700.49587,54.62083333,21738
10/28/2001,12148.76033,54.58333333,21295
10/29/2001,11575.53719,55.26666667,20889
10/30/2001,11597.35537,55.65,20633
10/31/2001,11644.95868,55.35,19973
11/1/2001,11317.68595,55.25,20563
11/2/2001,11190.7438,55.38333333,21325
11/3/2001,10879.33884,55.2,22087
11/4/2001,10863.47107,55.22083333,21769
11/5/2001,10825.78512,55.47083333,21086
11/6/2001,10512.39669,55.65416667,20776
11/7/2001,10197.02479,55.7125,20428
11/8/2001,10212.89256,55.50416667,20457
11/9/2001,10187.10744,55.53333333,21146
11/10/2001,10115.70248,55.4625,21423
11/11/2001,10107.7686,55.57083333,21332
11/12/2001,9836.033058,55.6125,22075
11/13/2001,9469.090909,55.675,21756
11/14/2001,9054.545455,55.7125,21756
11/15/2001,9008.92562,55.69583333,21799
11/16/2001,8764.958678,55.71666667,21392
11/17/2001,8663.801653,55.625,21056
11/18/2001,8550.743802,55.4125,20686
11/19/2001,8673.719008,55.40416667,20787
11/20/2001,8233.38843,55.45,21574
11/21/2001,8068.760331,55.46666667,22384
11/22/2001,8068.760331,55.32083333,21756
11/23/2001,8191.735537,55.025,20913
11/24/2001,7925.950413,54.59583333,21854
11/25/2001,7995.371901,54.50833333,20841
11/26/2001,7957.68595,54.525,20270
11/27/2001,7904.132231,54.37083333,20481
11/28/2001,7463.801653,54.34166667,20973
11/29/2001,7148.429752,53.94166667,21593
11/30/2001,7489.586777,53.8125,21386
12/1/2001,7600.661157,53.21666667,22242
12/2/2001,7572.892562,53.15416667,22495
12/3/2001,7547.107438,53.27083333,20907
12/4/2001,7547.107438,53.36666667,21593
12/5/2001,7547.107438,53.3875,20955
12/6/2001,7553.057851,53.32916667,21556
12/7/2001,7555.041322,53.10416667,22180
12/8/2001,7555.041322,52.98333333,21811
12/9/2001,7505.454545,52.71666667,21514
12/10/2001,7519.338843,52.30833333,21259
12/11/2001,7559.008264,51.8875,20877
12/12/2001,7525.289256,51.49166667,20823
12/13/2001,7545.123967,51.25,21182
12/14/2001,7564.958678,50.9875,21927
12/15/2001,7555.041322,50.8875,21502
12/16/2001,7547.107438,50.79166667,21447
12/17/2001,7549.090909,50.7625,21350
12/18/2001,7545.123967,50.75833333,21532
12/19/2001,7543.140496,50.5125,21283
12/20/2001,7560.991736,50.11666667,22464
12/21/2001,7678.016529,49.85833333,22439
12/22/2001,7305.123967,49.47083333,22984
12/23/2001,7380.495868,49.52916667,21939
12/24/2001,7229.752066,49.2,21241
12/25/2001,7164.297521,49.1375,20919
12/26/2001,7241.652893,49.01666667,20985
12/27/2001,7245.619835,48.96666667,20704
12/28/2001,7243.636364,48.925,20422
12/29/2001,7249.586777,48.8875,22266
12/30/2001,7235.702479,49.0375,21738
12/31/2001,7229.752066,49.47916667,21307
1/1/2002,7249.586777,49.60833333,21781
1/2/2002,15276.69421,49.775,19046
1/3/2002,28786.1157,50.625,19052
1/4/2002,26233.38843,50.30416667,20793
1/5/2002,22339.83471,50.25416667,20071
1/6/2002,21822.14876,50.0875,21205
1/7/2002,21782.47934,50.41666667,21659
1/8/2002,21923.30579,50.29583333,20129
1/9/2002,19158.34711,50.5375,21187
1/10/2002,18948.09917,50.5625,21229
1/11/2002,17053.8843,50.45416667,20859
1/12/2002,15960.99174,50.25,20973
1/13/2002,15004.95868,50.04166667,21332
1/14/2002,14017.19008,50.09166667,21781
1/15/2002,13005.61983,49.90416667,21471
1/16/2002,13053.22314,49.51666667,21110
1/17/2002,11551.73554,49.5375,21404
1/18/2002,11129.2562,49.29583333,21738
1/19/2002,10821.81818,49.2875,21508
1/20/2002,10393.38843,49.31666667,20793
1/21/2002,9990.743802,49.30833333,21386
1/22/2002,9528.595041,48.9875,22057
1/23/2002,9125.950413,48.525,22396
1/24/2002,8739.173554,48.4,21726
1/25/2002,8314.710744,48.42916667,21386
1/26/2002,7931.900826,48.525,21665
1/27/2002,7925.950413,48.25833333,21665
1/28/2002,7933.884298,48.10416667,22297
1/29/2002,7945.785124,47.8875,22328
1/30/2002,7993.38843,47.7625,22353
1/31/2002,7941.818182,47.66666667,22310
2/1/2002,7943.801653,47.78333333,21538
2/2/2002,7914.049587,47.82916667,21423
2/3/2002,7918.016529,47.94166667,21720
2/4/2002,7921.983471,47.96666667,22069
2/5/2002,7912.066116,47.85833333,21520
2/6/2002,7912.066116,47.8875,21532
2/7/2002,8007.272727,47.84583333,21872
2/8/2002,7945.785124,47.775,22118
2/9/2002,7937.85124,47.575,20787
2/10/2002,7914.049587,47.3,21338
2/11/2002,7955.702479,47.675,21193
2/12/2002,7957.68595,47.85833333,21568
2/13/2002,7933.884298,47.9,21350
2/14/2002,8011.239669,47.9,21611
2/15/2002,7945.785124,47.91666667,21550
2/16/2002,7945.785124,47.93333333,21410
2/17/2002,7876.363636,47.8375,21140
2/18/2002,8044.958678,47.8625,21271
2/19/2002,7767.272727,47.75416667,21489
2/20/2002,7933.884298,47.34166667,21921
2/21/2002,7878.347107,47.1625,21140
2/22/2002,7935.867769,47.57083333,20907
2/23/2002,7939.834711,48.4,20805
2/24/2002,7739.504132,48.4,20996
2/25/2002,7562.975207,48.4,21544
2/26/2002,7598.677686,48.4,21629
2/27/2002,12245.95041,48.43333333,21593
2/28/2002,12410.57851,48.43333333,21805
3/1/2002,12468.09917,48.2875,21738
3/2/2002,12404.6281,48.47083333,21933
3/3/2002,12392.72727,48.55416667,21176
3/4/2002,12394.71074,48.51666667,21435
3/5/2002,12400.66116,48.575,21629
3/6/2002,12378.84298,48.5,21380
3/7/2002,12313.38843,48.4875,21374
3/8/2002,12345.12397,48.0625,21398
3/9/2002,11940.49587,47.95416667,21574
3/10/2002,11551.73554,48.4,22223
3/11/2002,11135.20661,48.4,22371
3/12/2002,10954.71074,48.33333333,21909
3/13/2002,11121.32231,48.06666667,21410
3/14/2002,11127.27273,47.84166667,21140
3/15/2002,11137.19008,47.77916667,21933
3/16/2002,10730.57851,47.96666667,22921
3/17/2002,10680.99174,47.87916667,21635
3/18/2002,10776.19835,47.64166667,21235
3/19/2002,10807.93388,47.8125,21835
3/20/2002,10407.27273,48.36666667,22347
3/21/2002,10022.47934,48.55416667,22174
3/22/2002,9379.834711,48.75,22482
3/23/2002,9127.933884,48.4625,22482
3/24/2002,8721.322314,48.17916667,22168
3/25/2002,8342.479339,48.39583333,22168
3/26/2002,7791.07438,48.78333333,22488
3/27/2002,7918.016529,49.24166667,22507
3/28/2002,8021.157025,49.47916667,21884
3/29/2002,8035.041322,49.57916667,21556
3/30/2002,8031.07438,50.05416667,21659
3/31/2002,7868.429752,50.03333333,21702
4/1/2002,8025.123967,49.7625,22044
4/2/2002,8044.958678,49.68333333,21909
4/3/2002,8068.760331,49.31666667,21787
4/4/2002,8037.024793,49.08333333,21617
4/5/2002,8035.041322,48.93333333,21520
4/6/2002,8042.975207,49.0875,21386
4/7/2002,8035.041322,49.15652174,21568
4/8/2002,7999.338843,49.21666667,21732
4/9/2002,7981.487603,49.1,21671
4/10/2002,7963.636364,49.175,22118
4/11/2002,7927.933884,49.33333333,22192
4/12/2002,7957.68595,50.1,22526
4/13/2002,8733.22314,50.10416667,22174
4/14/2002,9974.876033,50.52916667,21659
4/15/2002,10998.34711,50.1125,21769
4/16/2002,10960.66116,49.275,21307
4/17/2002,10944.79339,49.73333333,21453
4/18/2002,10952.72727,50.0375,21429
4/19/2002,11972.2314,50.4625,22038
4/20/2002,11789.75207,51.10833333,21714
4/21/2002,11964.29752,50.57916667,21404
4/22/2002,12809.2562,49.87916667,21635
4/23/2002,13929.91736,50.20833333,21217
4/24/2002,13925.95041,50.21666667,20776
4/25/2002,14887.93388,50.4875,21471
4/26/2002,14925.61983,50.0875,21146
4/27/2002,15855.86777,49.94583333,20805
4/28/2002,15935.20661,50.49583333,21635
4/29/2002,15885.61983,51.17083333,21823
4/30/2002,15913.38843,51,23085
5/1/2002,15770.57851,49.78333333,20493
5/2/2002,15185.45455,49.91666667,21817
5/3/2002,14909.75207,50.23333333,21983
5/4/2002,16218.84298,50.45833333,21653
5/5/2002,16226.77686,50.37083333,21890
5/6/2002,16183.1405,50.38333333,21702
5/7/2002,16218.84298,50.21666667,21665
5/8/2002,16224.79339,50.04583333,22777
5/9/2002,15847.93388,50.44166667,22112
5/10/2002,15832.06612,50.00833333,21829
5/11/2002,16790.08264,49.60833333,21453
5/12/2002,16748.42975,49.7375,20551
5/13/2002,16877.35537,49.74166667,22451
5/14/2002,20052.89256,50.21666667,22050
5/15/2002,21867.7686,50.82083333,20176
5/16/2002,20560.66116,50.28333333,20740
5/17/2002,20550.7438,51.80833333,22168
5/18/2002,20538.84298,52.4375,22044
5/19/2002,20380.16529,51.82083333,21635
5/20/2002,20568.59504,51.475,21763
5/21/2002,19051.23967,51.80416667,21502
5/22/2002,18938.18182,52.17083333,22620
5/23/2002,18837.02479,52.23333333,22445
5/24/2002,18928.26446,51.21666667,23326
5/25/2002,19733.55372,50.45416667,21714
5/26/2002,20959.33884,50.14583333,22094
5/27/2002,20961.32231,50.01666667,22408
5/28/2002,20905.78512,49.9375,22322
5/29/2002,20935.53719,50.02083333,22721
5/30/2002,20945.45455,49.75416667,22408
5/31/2002,20933.55372,49.525,21983
6/1/2002,20759.00826,49.45,21684
6/2/2002,20915.70248,49.46666667,22532
6/3/2002,20933.55372,49.39583333,22607
6/4/2002,21328.26446,49.575,22451
6/5/2002,20751.07438,49.6,22285
6/6/2002,20919.66942,49.8375,22545
6/7/2002,21861.81818,49.8875,21902
6/8/2002,21883.63636,50.03333333,22303
6/9/2002,21881.65289,50.20416667,22371
6/10/2002,21901.4876,50.65416667,22248
6/11/2002,22928.92562,50.55,22260
6/12/2002,23385.12397,50.825,22266
6/13/2002,24807.27273,51.57916667,21933
6/14/2002,26189.75207,52.39166667,21702
6/15/2002,26677.68595,51.34166667,21447
6/16/2002,26838.34711,51.25,21702
6/17/2002,26818.5124,51.3,21890
6/18/2002,27742.80992,51.24583333,21562
6/19/2002,27748.76033,51.49583333,21946
6/20/2002,27836.03306,51.5,21738
6/21/2002,27830.08264,51.41666667,21495
6/22/2002,28633.38843,51.67083333,20698
6/23/2002,28730.57851,51.75833333,21080
6/24/2002,28720.66116,50.9,22291
6/25/2002,28700.82645,50.9,22242
6/26/2002,28680.99174,51.10416667,22248
6/27/2002,28671.07438,51.6625,22248
6/28/2002,28728.59504,51.95416667,22790
6/29/2002,27881.65289,51.66666667,22607
6/30/2002,27863.80165,51.42083333,22013
7/1/2002,27828.09917,51.22916667,22248
7/2/2002,27996.69421,51.2375,22408
7/3/2002,27838.01653,51.29166667,22727
7/4/2002,28798.01653,51.44583333,22965
7/5/2002,28800,51.375,22764
7/6/2002,28740.49587,51.43333333,22991
7/7/2002,28361.65289,51.58333333,22564
7/8/2002,28746.44628,51.73333333,22414
7/9/2002,28776.19835,51.7375,22273
7/10/2002,28752.39669,51.64166667,21483
7/11/2002,28726.61157,51.8125,22871
7/12/2002,29702.47934,52.025,22347
7/13/2002,29708.42975,51.94166667,21781
7/14/2002,29684.6281,52.09583333,21205
7/15/2002,29869.09091,52.225,21038
7/16/2002,29708.42975,52.1875,21465
7/17/2002,29734.21488,52.32916667,21253
7/18/2002,29664.79339,52.43333333,21417
7/19/2002,29613.22314,52.45833333,21805
7/20/2002,29674.71074,52.8,21325
7/21/2002,29406.94215,52.8,21678
7/22/2002,29585.45455,52.79166667,21217
7/23/2002,29569.58678,52.5125,21647
7/24/2002,29549.75207,52.05,21805
7/25/2002,29619.17355,52.11666667,21350
7/26/2002,28754.38017,52.25416667,21690
7/27/2002,28758.34711,52.525,22161
7/28/2002,28708.76033,52.575,21599
7/29/2002,28734.54545,52.57083333,21532
7/30/2002,27742.80992,52.52083333,22020
7/31/2002,26723.30579,52.46666667,22445
8/1/2002,27014.87603,51.94583333,22223
8/2/2002,26770.90909,52.0125,22020
8/3/2002,26776.8595,52.1125,22458
8/4/2002,26778.84298,52.14166667,22069
8/5/2002,26782.80992,52.04166667,22106
8/6/2002,26757.02479,52.1375,22131
8/7/2002,25824.79339,52.40416667,22069
8/8/2002,24892.56198,52.45416667,21939
8/9/2002,23900.82645,52.00833333,21128
8/10/2002,23884.95868,51.50416667,21380
8/11/2002,23863.1405,51.62083333,21495
8/12/2002,23847.27273,51.38333333,21902
8/13/2002,23894.87603,51.44583333,21392
8/14/2002,23871.07438,51.56666667,21574
8/15/2002,22930.90909,52.2,21976
8/16/2002,22859.50413,52.25833333,22501
8/17/2002,21915.3719,52.41666667,22322
8/18/2002,21933.22314,51.82083333,22439
8/19/2002,21929.2562,52.14583333,21769
8/20/2002,20130.24793,52.2625,22217
8/21/2002,19057.19008,52.0875,22414
8/22/2002,17773.8843,51.75833333,22859
8/23/2002,16099.83471,52.05416667,22396
8/24/2002,15558.34711,51.69166667,22834
8/25/2002,15564.29752,51.55,22340
8/26/2002,16062.14876,51.3625,21678
8/27/2002,18271.73554,50.55416667,21902
8/28/2002,18878.67769,49.875,22063
8/29/2002,17034.04959,49.62916667,22328
8/30/2002,15030.7438,49.94583333,22223
8/31/2002,14893.8843,50.4625,22538
9/1/2002,14893.8843,50.4375,21989
9/2/2002,14909.75207,50.24166667,22013
9/3/2002,14878.01653,50.525,21744
9/4/2002,14334.54545,50.75833333,21684
9/5/2002,14324.6281,50.22916667,21338
9/6/2002,15857.85124,49.9375,21860
9/7/2002,15929.2562,51,22285
9/8/2002,15865.78512,51,22353
9/9/2002,15877.68595,51.2875,22322
9/10/2002,15861.81818,51.2875,22192
9/11/2002,15861.81818,51.475,21915
9/12/2002,15966.94215,51.0875,22106
9/13/2002,15937.19008,51.05,22057
9/14/2002,15935.20661,50.9375,22223
9/15/2002,15895.53719,51.02083333,22846
9/16/2002,15887.60331,50.90416667,22727
9/17/2002,15879.66942,51.20416667,22476
9/18/2002,15752.72727,51.05,22421
9/19/2002,15171.57025,51.04166667,22168
9/20/2002,15090.24793,50.8125,22020
9/21/2002,15066.44628,50.9125,22570
9/22/2002,15072.39669,50.69166667,22328
9/23/2002,15102.14876,50.8,22273
9/24/2002,15112.06612,50.85833333,22551
9/25/2002,15090.24793,51.15,22764
9/26/2002,15096.19835,51.3375,22192
9/27/2002,15082.31405,51.09166667,22758
9/28/2002,14013.22314,51.3625,22959
9/29/2002,13900.16529,51.67083333,21995
9/30/2002,13937.85124,51.5125,22192
10/1/2002,13912.06612,51.82083333,22180
10/2/2002,12283.63636,52.42916667,21799
10/3/2002,12194.38017,52.42916667,21787
10/4/2002,11807.60331,52.87083333,21738
10/5/2002,11789.75207,52.59166667,22001
10/6/2002,11797.68595,52.4,21580
10/7/2002,11789.75207,52.37083333,22026
10/8/2002,11783.80165,52.3,21696
10/9/2002,11914.71074,52.1625,21890
10/10/2002,12194.38017,52.23333333,21152
10/11/2002,12190.41322,52.59166667,21933
10/12/2002,13900.16529,52.45416667,22620
10/13/2002,14001.32231,52.69166667,22501
10/14/2002,13967.60331,52.71666667,22223
10/15/2002,13965.61983,52.95,21538
10/16/2002,13989.42149,53.00833333,21964
10/17/2002,14959.33884,52.89166667,21854
10/18/2002,15004.95868,52.90416667,21647
10/19/2002,14971.23967,53.10416667,22168
10/20/2002,14999.00826,54.12916667,20170
10/21/2002,14921.65289,54.62916667,21726
10/22/2002,14824.46281,54.74166667,22607
10/23/2002,15002.97521,53.5375,21927
10/24/2002,15028.76033,53.45833333,22032
10/25/2002,14953.38843,53.54166667,21989
10/26/2002,14979.17355,53.8375,22683
10/27/2002,15576.19835,53.90416667,22557
10/28/2002,14943.47107,54.08333333,22081
10/29/2002,14959.33884,53.97083333,22149
10/30/2002,14963.30579,53.975,22589
10/31/2002,14955.3719,53.99166667,22044
11/1/2002,14987.10744,53.87083333,22978
11/2/2002,14941.4876,53.9625,22903
11/3/2002,14913.71901,54.14583333,22940
11/4/2002,14923.63636,54.26666667,21580
11/5/2002,13812.89256,54.77916667,21958
11/6/2002,12166.61157,55.3625,21647
11/7/2002,11984.13223,55.6375,21726
11/8/2002,11956.36364,55.8375,21829
11/9/2002,11982.14876,55.60416667,21556
11/10/2002,11964.29752,55.725,21995
11/11/2002,11982.14876,55.44166667,22180
11/12/2002,11984.13223,55.27083333,21848
11/13/2002,11589.42149,55.14166667,21611
11/14/2002,11202.64463,55.0875,21223
11/15/2002,10805.95041,55.00416667,21247
11/16/2002,10337.85124,54.92083333,21368
11/17/2002,10391.40496,54.78333333,21805
11/18/2002,10389.42149,54.675,22100
11/19/2002,10401.32231,54.74583333,22168
11/20/2002,9889.586777,54.7375,21338
11/21/2002,9498.842975,54.925,21423
11/22/2002,9137.85124,54.7625,21878
11/23/2002,9120,54.52916667,21568
11/24/2002,9084.297521,54.51666667,21532
11/25/2002,9100.165289,54.275,21781
11/26/2002,9133.884298,53.85833333,21872
11/27/2002,9145.785124,53.8625,22470
11/28/2002,10272.39669,53.89166667,23211
11/29/2002,10381.4876,54.02083333,22488
11/30/2002,10345.78512,53.70416667,22739
12/1/2002,10365.61983,53.4875,22526
12/2/2002,10347.7686,53.32916667,22365
12/3/2002,10375.53719,53.2875,21958
12/4/2002,10397.35537,53.35833333,22032
12/5/2002,10403.30579,53.3625,22377
12/6/2002,10008.59504,53.4,22595
12/7/2002,9980.826446,54,22007
12/8/2002,9972.892562,54.1625,21684
12/9/2002,9980.826446,54.00416667,22075
12/10/2002,10008.59504,54,22408
12/11/2002,9808.264463,54.09583333,22582
12/12/2002,9611.900826,54.02083333,22242
12/13/2002,9393.719008,53.80416667,22783
12/14/2002,9272.727273,53.37916667,22495
12/15/2002,9167.603306,52.325,22377
12/16/2002,9034.710744,51.86666667,19507
12/17/2002,8570.578512,52.0125,20895
12/18/2002,8324.628099,51.47083333,20680
12/19/2002,8163.966942,51.04166667,21720
12/20/2002,7953.719008,50.29583333,22421
12/21/2002,8070.743802,50.46666667,21983
12/22/2002,7959.669421,50.32083333,20985
12/23/2002,7939.834711,50.13333333,21122
12/24/2002,7935.867769,50.21666667,20943
12/25/2002,7963.636364,50.575,21044
12/26/2002,13414.21488,50.5625,18907
12/27/2002,19870.41322,50.76666667,21453
12/28/2002,20064.79339,50.07916667,20118
12/29/2002,19902.14876,50.20416667,20487
12/30/2002,17230.41322,49.975,22702
12/31/2002,23518.01653,49.88333333,21671
1/1/2003,29135.20661,50.30416667,20799
1/2/2003,28962.64463,50.325,20722
1/3/2003,27903.47107,50.6,21295
1/4/2003,24422.47934,50.77916667,20823
1/5/2003,23732.2314,50.6,20734
1/6/2003,23829.42149,50.6,21769
1/7/2003,20812.56198,50.52083333,21544
1/8/2003,17704.46281,50.2625,21356
1/9/2003,15260.82645,50.20833333,21429
1/10/2003,13249.58678,50.00416667,21605
1/11/2003,12918.34711,49.8125,21344
1/12/2003,12906.44628,49.66666667,21319
1/13/2003,19553.05785,49.62916667,20557
1/14/2003,29563.63636,49.67916667,20229
1/15/2003,29228.42975,49.4625,20680
1/16/2003,28986.44628,49.75,20734
1/17/2003,28835.70248,49.9375,20604
1/18/2003,28425.12397,50.03333333,22186
1/19/2003,28595.70248,49.77083333,21732
1/20/2003,28212.89256,49.41666667,21170
1/21/2003,29432.72727,49.2625,21538
1/22/2003,29113.38843,49.27083333,21890
1/23/2003,35702.47934,49.2375,21020
1/24/2003,37059.17355,49.35833333,21423
1/25/2003,35861.15702,49.55416667,22273
1/26/2003,35698.5124,49.55833333,22601
1/27/2003,35139.17355,49.42083333,21056
1/28/2003,35071.73554,49.33333333,21044
1/29/2003,30946.1157,49.47916667,20925
1/30/2003,27167.60331,49.2125,19950
1/31/2003,26511.07438,49.04166667,20710
2/1/2003,23496.19835,48.9375,21787
2/2/2003,20267.10744,48.72083333,21514
2/3/2003,17160.99174,48.72916667,19996
2/4/2003,14616.19835,48.87916667,20276
2/5/2003,12900.49587,48.80416667,21671
2/6/2003,11968.26446,48.65,21690
2/7/2003,11765.95041,48.65,21526
2/8/2003,11777.85124,48.80416667,21915
2/9/2003,11956.36364,48.92083333,22032
2/10/2003,12462.14876,48.77916667,21605
2/11/2003,23097.52066,48.58333333,22526
2/12/2003,23718.34711,48.6,22545
2/13/2003,23702.47934,48.64583333,22551
2/14/2003,23763.96694,48.55416667,20996
2/15/2003,23795.70248,48.44166667,21247
2/16/2003,21141.81818,48.10833333,22100
2/17/2003,18057.52066,47.99583333,21989
2/18/2003,20925.61983,48.2125,18874
2/19/2003,25808.92562,48.29166667,20835
2/20/2003,24852.89256,48.35833333,22137
2/21/2003,24696.19835,48.65833333,21629
2/22/2003,21669.42149,48.74583333,21176
2/23/2003,21207.27273,48.65416667,20188
2/24/2003,21256.8595,48.625,21958
2/25/2003,18696.19835,48.5875,21241
2/26/2003,15960.99174,48.73333333,22001
2/27/2003,13945.78512,48.57083333,22896
2/28/2003,12000,48.4625,22217
3/1/2003,11579.50413,48.5125,22607
3/2/2003,11028.09917,48.4375,21933
3/3/2003,10805.95041,48.65833333,22211
3/4/2003,10250.57851,48.7,21946
3/5/2003,10008.59504,48.61666667,21684
3/6/2003,9605.950413,48.51666667,21659
3/7/2003,9062.479339,48.65,21946
3/8/2003,8887.933884,48.75833333,22445
3/9/2003,8457.520661,48.9375,22752
3/10/2003,7971.570248,48.95,22007
3/11/2003,7921.983471,48.775,21872
3/12/2003,7937.85124,48.90833333,21835
3/13/2003,7969.586777,48.73333333,21848
3/14/2003,7902.14876,48.77916667,22223
3/15/2003,8217.520661,49.26666667,22796
3/16/2003,7959.669421,49.3,22260
3/17/2003,7969.586777,49.29166667,21514
3/18/2003,7949.752066,49.1625,21325
3/19/2003,7945.785124,49.05833333,21283
3/20/2003,7908.099174,49.09166667,21319
3/21/2003,7914.049587,49.45416667,21289
3/22/2003,7751.404959,49.40416667,21623
3/23/2003,7555.041322,49.725,21860
3/24/2003,7350.743802,49.67916667,22050
3/25/2003,7434.049587,49.69583333,22589
3/26/2003,7445.950413,49.9875,22645
3/27/2003,7414.214876,50.1125,22601
3/28/2003,7404.297521,50.39583333,22458
3/29/2003,7443.966942,50.4625,22291
3/30/2003,7225.785124,50.37083333,21587
3/31/2003,7086.942149,50.57083333,22248
4/1/2003,7124.628099,50.91666667,22168
4/2/2003,7051.239669,50.875,21483
4/3/2003,6969.917355,50.5375,21374
4/4/2003,6983.801653,50.4625,22217
4/5/2003,6963.966942,50.30833333,22303
4/6/2003,6961.983471,49.99565217,22589
4/7/2003,6971.900826,50.2,22557
4/8/2003,6991.735537,50.4375,22192
4/9/2003,6981.818182,50.725,22057
4/10/2003,6815.206612,51.04583333,22131
4/11/2003,6799.338843,51.51666667,21970
4/12/2003,6741.818182,51.43333333,22390
4/13/2003,6946.115702,51.54166667,23085
4/14/2003,6987.768595,50.8125,22458
4/15/2003,6952.066116,50.4375,21158
4/16/2003,8860.165289,50.7375,21193
4/17/2003,8905.785124,50.725,20949
4/18/2003,8866.115702,51.27083333,21714
4/19/2003,10909.09091,51.64583333,22396
4/20/2003,10948.76033,51.7875,22112
4/21/2003,10913.05785,51.9125,21520
4/22/2003,14733.22314,51.50416667,20937
4/23/2003,19491.57025,51.53333333,20112
4/24/2003,29212.56198,50.525,19355
4/25/2003,29216.52893,50.27916667,20282
4/26/2003,27891.57025,50.37916667,20823
4/27/2003,27685.28926,50.80833333,20710
4/28/2003,27237.02479,51.14166667,21726
4/29/2003,56203.63636,49.88333333,22316
4/30/2003,58835.70248,50.325,21152
5/1/2003,58663.1405,50.96666667,20853
5/2/2003,57982.80992,50.66666667,20668
5/3/2003,59077.68595,50.525,20440
5/4/2003,54279.66942,50.41666667,21205
5/5/2003,49614.54545,50.4875,21074
5/6/2003,41892.89256,50.875,19881
5/7/2003,35700.49587,51.43333333,20740
5/8/2003,31850.57851,51.25416667,19547
5/9/2003,27361.98347,51.35,21489
5/10/2003,23289.91736,51.96666667,22075
5/11/2003,20243.30579,52.39166667,21696
5/12/2003,19344.79339,52.4625,19680
5/13/2003,24860.82645,52.37916667,21550
5/14/2003,28333.8843,51.6375,20758
5/15/2003,28579.83471,51.075,21140
5/16/2003,28462.80992,50.65416667,20247
5/17/2003,28314.04959,50.4375,19656
5/18/2003,27988.76033,50.90416667,19103
5/19/2003,27990.7438,51.22916667,18990
5/20/2003,28040.33058,50.94166667,19367
5/21/2003,28083.96694,50.1125,19582
5/22/2003,28282.31405,49.84583333,19743
5/23/2003,28210.90909,50.05416667,19530
5/24/2003,25301.15702,50.15416667,20586
5/25/2003,25192.06612,50.1,20522
5/26/2003,26836.36364,50.1125,20575
5/27/2003,26852.2314,50.175,20811
5/28/2003,26657.85124,50.27916667,21550
5/29/2003,26757.02479,50.01666667,21441
5/30/2003,26072.72727,49.77916667,21014
5/31/2003,24059.50413,49.95416667,21970
6/1/2003,24023.80165,50.27916667,22997
6/2/2003,25852.56198,50.37916667,22953
6/3/2003,25866.44628,50.35833333,22482
6/4/2003,26023.1405,50.33333333,21690
6/5/2003,25866.44628,50.25833333,21289
6/6/2003,26074.71074,50.04583333,20937
6/7/2003,25481.65289,49.75,20949
6/8/2003,25814.87603,50.22916667,22007
6/9/2003,25820.82645,50.0125,22365
6/10/2003,25771.23967,50.00416667,22149
6/11/2003,27772.56198,50.0875,21417
6/12/2003,27683.30579,49.9375,21122
6/13/2003,27693.22314,49.9625,20955
6/14/2003,27667.43802,50.05833333,20728
6/15/2003,27756.69421,50.10833333,20475
6/16/2003,27780.49587,50.17083333,20722
6/17/2003,27915.3719,50.26666667,20895
6/18/2003,27778.5124,50.20833333,20973
6/19/2003,27010.90909,50.27916667,21374
6/20/2003,26056.8595,50.39166667,21447
6/21/2003,24864.79339,50.45833333,21989
6/22/2003,23932.56198,50.56666667,22714
6/23/2003,22930.90909,50.6,21890
6/24/2003,22917.02479,50.61666667,22421
6/25/2003,22905.12397,50.5625,22915
6/26/2003,22919.00826,50.65416667,22137
6/27/2003,23498.18182,50.62083333,21253
6/28/2003,23962.31405,50.425,21435
6/29/2003,24565.28926,50.51666667,21702
6/30/2003,24712.06612,50.53333333,22626
7/1/2003,23884.95868,50.55833333,22464
7/2/2003,22827.7686,50.54583333,22482
7/3/2003,22873.38843,50.5875,21574
7/4/2003,23894.87603,50.46666667,21946
7/5/2003,23831.40496,50.65833333,22285
7/6/2003,23813.55372,50.7625,21989
7/7/2003,23831.40496,50.79166667,21696
7/8/2003,24840.99174,50.15833333,22124
7/9/2003,26560.66116,50.12916667,22328
7/10/2003,28292.2314,50.17083333,22414
7/11/2003,28617.52066,50.24166667,22069
7/12/2003,28577.85124,50.5125,22223
7/13/2003,28589.75207,50.67083333,22118
7/14/2003,28427.10744,50.64166667,21647
7/15/2003,28464.79339,50.8125,22013
7/16/2003,28472.72727,50.96666667,22106
7/17/2003,28571.90083,51.12083333,21848
7/18/2003,28585.78512,51.08333333,22334
7/19/2003,28470.7438,51.2125,22727
7/20/2003,28575.86777,51.3,22758
7/21/2003,28391.40496,51.30833333,19412
7/22/2003,28276.36364,51.22916667,20622
7/23/2003,28548.09917,51.47916667,21605
7/24/2003,28500.49587,51.025,20305
7/25/2003,28286.28099,51.15833333,20493
7/26/2003,29553.71901,51.52916667,21074
7/27/2003,29742.14876,51.62916667,20758
7/28/2003,29884.95868,51.6625,21471
7/29/2003,29823.47107,51.5,22702
7/30/2003,30051.57025,51.39583333,23116
7/31/2003,29454.54545,51.94166667,22664
8/1/2003,29159.00826,52.24583333,22683
8/2/2003,28387.43802,51.8375,22211
8/3/2003,28206.94215,51.7625,21829
8/4/2003,27935.20661,52.10833333,21829
8/5/2003,27818.18182,52.17916667,22570
8/6/2003,27449.2562,51.69583333,22714
8/7/2003,25747.43802,51.6625,22501
8/8/2003,23071.73554,51.56666667,21134
8/9/2003,20284.95868,51.4625,22069
8/10/2003,19898.18182,51.95,22273
8/11/2003,19884.29752,51.75416667,22439
8/12/2003,19880.33058,51.61666667,22414
8/13/2003,19852.56198,51.70833333,22947
8/14/2003,19864.46281,51.6125,23003
8/15/2003,19834.71074,51.72083333,22168
8/16/2003,17882.97521,51.74166667,22708
8/17/2003,17738.18182,51.8,22677
8/18/2003,17702.47934,52.00833333,22081
8/19/2003,17730.24793,52.29583333,21489
8/20/2003,17720.33058,52.425,21617
8/21/2003,16446.94215,52.70833333,22402
8/22/2003,16274.38017,53.4,22310
8/23/2003,16254.54545,53.4,22161
8/24/2003,16258.5124,53.4,21453
8/25/2003,16932.89256,53.35,21787
8/26/2003,17742.14876,52.72916667,22297
8/27/2003,17646.94215,52.375,22421
8/28/2003,17686.61157,52.325,22026
8/29/2003,17611.23967,52.59166667,21319
8/30/2003,17543.80165,52.30833333,21781
8/31/2003,17521.98347,52.36666667,22322
9/1/2003,17668.76033,52.46666667,22303
9/2/2003,17734.21488,52.45,21726
9/3/2003,16958.67769,52.38333333,21946
9/4/2003,15966.94215,52.40833333,21921
9/5/2003,14753.05785,52.35,21921
9/6/2003,13927.93388,52.7,22236
9/7/2003,13906.1157,52.55,22746
9/8/2003,13931.90083,52.45416667,21829
9/9/2003,13862.47934,52.2875,22570
9/10/2003,13874.38017,52.44166667,22359
9/11/2003,15399.66942,52.6375,22155
9/12/2003,16343.80165,52.66666667,21665
9/13/2003,16853.55372,52.57916667,21259
9/14/2003,16784.13223,52.27916667,21532
9/15/2003,16821.81818,52.2875,22032
9/16/2003,15125.95041,52.65416667,21952
9/17/2003,14915.70248,52.83333333,22802
9/18/2003,14889.91736,52.71666667,22451
9/19/2003,14919.66942,52.77916667,21823
9/20/2003,14931.57025,52.88333333,21062
9/21/2003,14935.53719,52.85833333,22427
9/22/2003,14925.61983,52.7375,22199
9/23/2003,14933.55372,52.82916667,22013
9/24/2003,14931.57025,52.87916667,22482
9/25/2003,14881.98347,52.7875,22026
9/26/2003,14921.65289,52.75416667,22359
9/27/2003,14907.7686,52.65416667,22328
9/28/2003,14923.63636,52.65416667,22377
9/29/2003,14911.73554,52.7625,22075
9/30/2003,13953.71901,52.87916667,21781
10/1/2003,13929.91736,52.89166667,21508
10/2/2003,13921.98347,52.97916667,21896
10/3/2003,13925.95041,52.93333333,22334
10/4/2003,13904.13223,52.95416667,22273
10/5/2003,13902.14876,52.975,21952
10/6/2003,13918.01653,53.02083333,21909
10/7/2003,13031.40496,53.025,22137
10/8/2003,12961.98347,53.15,22328
10/9/2003,12975.86777,53.24166667,21872
10/10/2003,12950.08264,53.08333333,21696
10/11/2003,12977.85124,52.87083333,22161
10/12/2003,12956.03306,52.9,21989
10/13/2003,12952.06612,52.74166667,21829
10/14/2003,12950.08264,52.8,21593
10/15/2003,12965.95041,52.65416667,21970
10/16/2003,12987.7686,52.52916667,22285
10/17/2003,13124.6281,52.75833333,22846
10/18/2003,13503.47107,52.85416667,22576
10/19/2003,13529.2562,52.79583333,22273
10/20/2003,13533.22314,52.84583333,21995
10/21/2003,13553.05785,52.875,21441
10/22/2003,13424.13223,52.95833333,21775
10/23/2003,13537.19008,52.97916667,22439
10/24/2003,13539.17355,52.85416667,21866
10/25/2003,13545.12397,53.05833333,21756
10/26/2003,14106.44628,52.99166667,21958
10/27/2003,13533.22314,53.1125,21781
10/28/2003,13937.85124,53.42916667,22050
10/29/2003,13963.63636,53.34166667,22032
10/30/2003,13951.73554,53.0625,21793
10/31/2003,13923.96694,52.8375,22174
11/1/2003,13916.03306,52.60833333,21921
11/2/2003,13900.16529,52.65833333,21635
11/3/2003,13564.95868,52.68333333,21896
11/4/2003,13860.49587,52.93333333,21970
11/5/2003,13562.97521,53,21720
11/6/2003,12813.22314,53.00416667,22390
11/7/2003,12027.7686,52.92916667,22582
11/8/2003,12150.7438,52.875,22155
11/9/2003,11942.47934,52.89583333,21939
11/10/2003,11880.99174,52.96666667,21946
11/11/2003,11551.73554,53.025,21823
11/12/2003,11143.1405,53.18333333,21489
11/13/2003,11155.04132,52.98333333,21659
11/14/2003,11135.20661,53.00416667,21793
11/15/2003,10758.34711,52.84583333,21884
11/16/2003,10712.72727,52.97916667,22063
11/17/2003,10583.80165,53.2125,21538
11/18/2003,10337.85124,53.34583333,20728
11/19/2003,9968.92562,53.25,20776
11/20/2003,9923.305785,53.38333333,21386
11/21/2003,9933.22314,53.1875,21635
11/22/2003,9921.322314,52.88333333,21793
11/23/2003,9927.272727,52.71666667,21338
11/24/2003,9947.107438,52.64583333,21104
11/25/2003,9994.710744,52.7125,21008
11/26/2003,9955.041322,52.65833333,20931
11/27/2003,9947.107438,52.6125,21356
11/28/2003,9925.289256,52.65833333,21253
11/29/2003,9923.305785,52.82083333,21890
11/30/2003,9941.157025,52.8875,22131
12/1/2003,9907.438017,52.775,21805
12/2/2003,9532.561983,52.775,21441
12/3/2003,9197.355372,52.69166667,21835
12/4/2003,9183.471074,52.62916667,22149
12/5/2003,9030.743802,52.7,22266
12/6/2003,9266.77686,52.63333333,22433
12/7/2003,8830.413223,52.3625,21909
12/8/2003,8776.859504,51.85416667,21459
12/9/2003,8915.702479,51.94166667,21520
12/10/2003,9008.92562,51.85833333,21690
12/11/2003,9040.661157,52.1375,20961
12/12/2003,9022.809917,52.3125,21647
12/13/2003,9044.628099,52.26666667,22645
12/14/2003,9445.289256,51.73333333,22488
12/15/2003,12366.94215,51.2,21508
12/16/2003,17918.67769,51.725,21241
12/17/2003,17966.28099,52.2125,20955
12/18/2003,17928.59504,52.20416667,21362
12/19/2003,17932.56198,52.01666667,21182
12/20/2003,17912.72727,51.8625,21259
12/21/2003,17908.76033,51.8125,21116
12/22/2003,22361.65289,51.65833333,20668
12/23/2003,29184.79339,51.59583333,19445
12/24/2003,28744.46281,51.0625,18537
12/25/2003,28450.90909,51.15416667,18780
12/26/2003,28944.79339,51.35833333,19164
12/27/2003,29293.8843,51.40416667,20200
12/28/2003,29252.2314,51.2375,19417
12/29/2003,20651.90083,50.425,20060
12/30/2003,20191.73554,50.45833333,21508
12/31/2003,20167.93388,50.62916667,22007
1/1/2004,19985.45455,49.55833333,22526
1/2/2004,21659.50413,49.4,20799
1/3/2004,26001.32231,49.85833333,20698
1/4/2004,26001.32231,50.1625,20083
1/5/2004,24646.61157,49.92083333,19864
1/6/2004,25344.79339,49.9875,20440
1/7/2004,25616.52893,50.42916667,20288
1/8/2004,25590.7438,50.59583333,20645
1/9/2004,22942.80992,50.29583333,21271
1/10/2004,19977.52066,49.85,22433
1/11/2004,17256.19835,49.99583333,22414
1/12/2004,16940.82645,50.04583333,22248
1/13/2004,15149.75207,49.70416667,21404
1/14/2004,13239.66942,49.57916667,22433
1/15/2004,13007.60331,49.6,21829
1/16/2004,11974.21488,49.75416667,21829
1/17/2004,11583.47107,49.61666667,21696
1/18/2004,11170.90909,49.55,21866
1/19/2004,10770.24793,49.475,21532
1/20/2004,10369.58678,49.4,21423
1/21/2004,9994.710744,49.16666667,21380
1/22/2004,9574.214876,48.81666667,21538
1/23/2004,9183.471074,48.70416667,21781
1/24/2004,9012.892562,48.79583333,22217
1/25/2004,9010.909091,48.27083333,21976
1/26/2004,8983.140496,48.18333333,21417
1/27/2004,8893.884298,47.86666667,21508
1/28/2004,8889.917355,47.8,22414
1/29/2004,8907.768595,48.3125,22285
1/30/2004,8876.033058,48.68333333,21811
1/31/2004,8913.719008,48.62083333,22186
2/1/2004,8917.68595,48.33333333,22488
2/2/2004,8899.834711,48.15,22878
2/3/2004,8903.801653,47.96666667,22607
2/4/2004,8903.801653,47.97916667,22236
2/5/2004,8923.636364,48.25833333,21860
2/6/2004,8895.867769,48.24166667,21265
2/7/2004,8913.719008,48.20416667,21152
2/8/2004,8931.570248,48.125,20811
2/9/2004,8880,48.14166667,21056
2/10/2004,8891.900826,48.0375,21495
2/11/2004,8895.867769,48.1125,21872
2/12/2004,8931.570248,48.26666667,22316
2/13/2004,8913.719008,48.18333333,21939
2/14/2004,8889.917355,48.2875,21763
2/15/2004,8885.950413,48.24166667,21580
2/16/2004,8953.38843,47.97916667,23307
2/17/2004,16784.13223,47.60416667,21453
2/18/2004,64103.80165,48.40833333,21756
2/19/2004,96797.35537,47.99166667,21696
2/20/2004,95569.58678,48.07916667,22020
2/21/2004,99183.47107,48.11666667,21915
2/22/2004,98810.57851,48.125,20188
2/23/2004,97751.40496,48.1625,20428
2/24/2004,97719.66942,47.99166667,21477
2/25/2004,55384.46281,48.1375,22564
2/26/2004,69260.82645,47.91666667,20288
2/27/2004,99294.54545,48,20440
2/28/2004,99473.05785,48,21205
2/29/2004,97080.99174,48,20416
3/1/2004,96370.90909,48,19910
3/2/2004,96803.30579,48.1875,20405
3/3/2004,95769.91736,48.14166667,20323
3/4/2004,81354.04959,48.20416667,20627
3/5/2004,67523.30579,48.32916667,19119
3/6/2004,58954.71074,48.41666667,20716
3/7/2004,49676.03306,48.5125,19616
3/8/2004,42374.87603,48.62083333,21532
3/9/2004,35444.6281,48.36666667,20428
3/10/2004,31186.1157,48.26666667,18554
3/11/2004,27411.57025,48.34166667,20106
3/12/2004,23502.14876,48.29166667,21356
3/13/2004,20040.99174,48.24583333,20141
3/14/2004,17236.36364,48.5,21134
3/15/2004,14687.60331,48.45,21164
3/16/2004,12599.00826,48.35833333,22464
3/17/2004,11900.82645,48.45833333,22433
3/18/2004,11553.71901,48.49166667,22106
3/19/2004,11061.81818,48.58333333,22094
3/20/2004,10663.1405,48.60833333,22384
3/21/2004,10286.28099,48.8625,22137
3/22/2004,9840,48.74166667,22001
3/23/2004,9554.380165,48.6125,22161
3/24/2004,9102.14876,48.64166667,22796
3/25/2004,8961.322314,48.45416667,23009
3/26/2004,9116.033058,48.325,23135
3/27/2004,9415.53719,48.74166667,23135
3/28/2004,8911.735537,49.25416667,22582
3/29/2004,8790.743802,49.34166667,23066
3/30/2004,8620.165289,49.37916667,21781
3/31/2004,8923.636364,49.5,20877
4/1/2004,9004.958678,49.72916667,20686
4/2/2004,11964.29752,49.71666667,21110
4/3/2004,11831.40496,49.20833333,21526
4/4/2004,11942.47934,49.05652174,21811
4/5/2004,12003.96694,49.10833333,21368
4/6/2004,12172.56198,49.12083333,21253
4/7/2004,24825.12397,48.825,20457
4/8/2004,26461.4876,48.95,19507
4/9/2004,27600,49.64166667,19916
4/10/2004,27405.61983,50.35833333,20943
4/11/2004,27397.68595,50.7,20782
4/12/2004,23821.4876,50.69583333,21459
4/13/2004,20467.43802,50.40833333,21927
4/14/2004,20384.13223,49.95,21708
4/15/2004,20245.28926,49.70416667,21902
4/16/2004,17250.24793,49.85,22106
4/17/2004,15030.7438,49.5375,22260
4/18/2004,12850.90909,48.6,22997
4/19/2004,11982.14876,48.5875,23371
4/20/2004,11966.28099,48.57916667,22808
4/21/2004,11978.18182,48.97916667,22094
4/22/2004,11994.04959,49.59583333,22402
4/23/2004,12119.00826,49.68333333,21817
4/24/2004,13188.09917,49.9375,22180
4/25/2004,14058.84298,49.81666667,21823
4/26/2004,14901.81818,49.85416667,21617
4/27/2004,15469.09091,49.73333333,21732
4/28/2004,15976.8595,49.69166667,22940
4/29/2004,16825.78512,49.4625,22205
4/30/2004,16815.86777,49.42083333,21313
5/1/2004,17754.04959,49.59166667,22607
5/2/2004,17791.73554,49.57083333,22229
5/3/2004,18176.52893,49.7125,21890
5/4/2004,19021.4876,49.75416667,22211
5/5/2004,19870.41322,49.57083333,21362
5/6/2004,22187.10744,49.22916667,20135
5/7/2004,21437.35537,48.98333333,20135
5/8/2004,20996.03306,49.01666667,21235
5/9/2004,20687.60331,49.17916667,21235
5/10/2004,20554.71074,49.24583333,20871
5/11/2004,18781.4876,49.0625,21653
5/12/2004,17853.22314,49.17083333,22390
5/13/2004,17882.97521,49.40833333,22285
5/14/2004,17902.80992,49.3625,21902
5/15/2004,17888.92562,49.43333333,22155
5/16/2004,17890.90909,49.52916667,22633
5/17/2004,17793.71901,49.5375,22846
5/18/2004,16607.60331,49.55416667,22708
5/19/2004,16540.16529,49.34166667,22658
5/20/2004,15869.75207,49.70833333,22721
5/21/2004,15972.89256,49.6,22808
5/22/2004,16786.1157,49.49166667,23275
5/23/2004,16887.27273,49.49166667,23154
5/24/2004,17047.93388,49.8125,21915
5/25/2004,18892.56198,49.86666667,21726
5/26/2004,19080.99174,49.64166667,21805
5/27/2004,20832.39669,49.76666667,22777
5/28/2004,20792.72727,49.63333333,22334
5/29/2004,21911.40496,49.77083333,22377
5/30/2004,21881.65289,49.87916667,21995
5/31/2004,21836.03306,49.87916667,22044
6/1/2004,21830.08264,49.97916667,22032
6/2/2004,21851.90083,50.2,21915
6/3/2004,21889.58678,50.1875,22291
6/4/2004,22316.03306,50.29166667,20776
6/5/2004,26675.70248,50.30416667,21398
6/6/2004,26755.04132,50.33333333,21295
6/7/2004,27609.91736,50.2,21193
6/8/2004,27042.64463,50.14166667,20159
6/9/2004,27603.96694,50.25,21441
6/10/2004,27637.68595,50.34166667,22069
6/11/2004,27590.08264,50.58333333,22570
6/12/2004,27600,50.7125,22520
6/13/2004,27594.04959,50.7125,22199
6/14/2004,27570.24793,50.87916667,22007
6/15/2004,28883.30579,51.01666667,21617
6/16/2004,29553.71901,50.9375,22106
6/17/2004,29696.52893,50.99166667,21550
6/18/2004,29020.16529,51.4375,21392
6/19/2004,29692.56198,51.72916667,22476
6/20/2004,29373.22314,51.82916667,22771
6/21/2004,29115.3719,51.75416667,21690
6/22/2004,29028.09917,51.56666667,21514
6/23/2004,29212.56198,51.7375,21799
6/24/2004,29367.27273,51.90416667,21026
6/25/2004,29216.52893,51.8,22303
6/26/2004,29506.1157,51.8,22402
6/27/2004,29272.06612,51.8,22915
6/28/2004,29228.42975,51.85,22984
6/29/2004,28786.1157,51.79166667,22340
6/30/2004,28940.82645,51.7375,22865
7/1/2004,29034.04959,51.74583333,22279
7/2/2004,29208.59504,51.82916667,22714
7/3/2004,29226.44628,51.45833333,22859
7/4/2004,29111.40496,51.55,22421
7/5/2004,29133.22314,51.72916667,22526
7/6/2004,28996.36364,51.7,21429
7/7/2004,28778.18182,51.8,20913
7/8/2004,29121.32231,52.1,21495
7/9/2004,29510.08264,52.3625,21653
7/10/2004,30803.30579,52.2125,21732
7/11/2004,29660.82645,52.3,22821
7/12/2004,29529.91736,52.39166667,22316
7/13/2004,29611.23967,52.6,22458
7/14/2004,29516.03306,52.6,22458
7/15/2004,29363.30579,52.67916667,23250
7/16/2004,29448.59504,52.66666667,22947
7/17/2004,29182.80992,52.4375,22878
7/18/2004,29260.16529,52.44583333,22915
7/19/2004,29034.04959,52.4875,22626
7/20/2004,29389.09091,52.6,22520
7/21/2004,30999.66942,52.80416667,20829
7/22/2004,31852.56198,51.925,21044
7/23/2004,32348.42975,51.89166667,22229
7/24/2004,31902.14876,51.99166667,22236
7/25/2004,31836.69421,51.97916667,22564
7/26/2004,31731.57025,52.15416667,22408
7/27/2004,31003.63636,52.1625,22790
7/28/2004,30676.36364,52.42083333,22903
7/29/2004,28704.79339,52.48333333,23104
7/30/2004,28581.81818,52.4125,22846
7/31/2004,28728.59504,51.65,22670
8/1/2004,28534.21488,51.4375,22408
8/2/2004,28558.01653,51.5125,21970
8/3/2004,27580.16529,51.56666667,20782
8/4/2004,26616.19835,52.37916667,21447
8/5/2004,26338.5124,52.975,21325
8/6/2004,25838.67769,51.9625,21641
8/7/2004,24658.5124,51.625,22658
8/8/2004,24753.71901,51.87083333,23211
8/9/2004,24829.09091,52.06666667,23009
8/10/2004,24745.78512,52.14166667,22458
8/11/2004,23910.7438,51.64166667,22229
8/12/2004,22944.79339,51.47083333,22007
8/13/2004,21736.8595,51.78333333,22063
8/14/2004,20971.23967,51.775,21823
8/15/2004,20866.1157,52,21544
8/16/2004,20836.36364,51.975,23224
8/17/2004,20709.42149,51.34583333,22340
8/18/2004,19983.47107,51.3,22915
8/19/2004,19005.61983,51.07916667,22878
8/20/2004,18926.28099,51.24166667,22739
8/21/2004,18833.05785,51.42916667,21983
8/22/2004,18882.64463,51.87083333,20937
8/23/2004,18553.38843,51.74166667,22488
8/24/2004,17948.42975,51.93333333,21964
8/25/2004,18797.35537,52.625,20895
8/26/2004,19896.19835,52.275,20883
8/27/2004,19848.59504,51.98333333,21471
8/28/2004,18936.19835,52.40416667,22155
8/29/2004,18862.80992,52.39166667,22582
8/30/2004,18892.56198,52.75416667,21872
8/31/2004,17904.79339,52.85,22026
9/1/2004,16881.32231,53.15833333,22229
9/2/2004,16819.83471,53.67083333,22538
9/3/2004,17777.85124,53.33333333,22513
9/4/2004,17777.85124,52.99583333,22940
9/5/2004,17779.83471,53.5,22846
9/6/2004,17775.86777,53.68333333,22260
9/7/2004,17756.03306,53.9125,21970
9/8/2004,17775.86777,54.14583333,22205
9/9/2004,17760,53.65416667,21775
9/10/2004,17769.91736,53.8875,22353
9/11/2004,17835.3719,53.95833333,22032
9/12/2004,17773.8843,54.22916667,22223
9/13/2004,17748.09917,54.4,21720
9/14/2004,17777.85124,54.51666667,22161
9/15/2004,17771.90083,54.7,21829
9/16/2004,17765.95041,54.77916667,22254
9/17/2004,17637.02479,55.00833333,22808
9/18/2004,17795.70248,54.81666667,22488
9/19/2004,17769.91736,54.90833333,22026
9/20/2004,17817.52066,55.01666667,21884
9/21/2004,16740.49587,55.31666667,21435
9/22/2004,16611.57025,55.38333333,21502
9/23/2004,16639.33884,55.725,22143
9/24/2004,15937.19008,55.96666667,22087
9/25/2004,15929.2562,55.97083333,22186
9/26/2004,15917.35537,56.0125,22451
9/27/2004,15867.7686,56.03333333,22607
9/28/2004,15032.72727,55.84166667,21805
9/29/2004,14933.55372,55.625,21659
9/30/2004,14959.33884,55.87916667,21750
10/1/2004,14090.57851,55.80833333,22254
10/2/2004,13973.55372,55.8125,22545
10/3/2004,13999.33884,55.76666667,21933
10/4/2004,13961.65289,55.72916667,21459
10/5/2004,13979.50413,55.62083333,21502
10/6/2004,13963.63636,55.55,21720
10/7/2004,13979.50413,55.59166667,21301
10/8/2004,13961.65289,55.6,21104
10/9/2004,14850.24793,55.52916667,21026
10/10/2004,14860.16529,55.59583333,21550
10/11/2004,14911.73554,55.65833333,21356
10/12/2004,14864.13223,55.50416667,21068
10/13/2004,14911.73554,55.6375,20358
10/14/2004,14911.73554,55.5375,20973
10/15/2004,15391.73554,55.73333333,21952
10/16/2004,15822.14876,55.90833333,22180
10/17/2004,15822.14876,55.43333333,22589
10/18/2004,15885.61983,55.0375,22254
10/19/2004,15762.64463,54.84166667,22733
10/20/2004,14997.02479,55.2,22402
10/21/2004,14007.27273,56.34583333,21550
10/22/2004,13955.70248,56.99166667,21690
10/23/2004,13795.04132,56.62916667,21726
10/24/2004,13921.98347,55.91666667,20692
10/25/2004,13884.29752,55.77083333,21726
10/26/2004,13900.16529,56.10416667,22273
10/27/2004,13011.57025,55.81666667,22260
10/28/2004,12886.61157,55.70833333,21817
10/29/2004,12065.45455,55.84583333,22174
10/30/2004,11942.47934,56,21848
10/31/2004,12414.54545,56.175,22087
11/1/2004,11952.39669,56.64166667,22890
11/2/2004,11567.60331,56.45833333,22242
11/3/2004,10962.64463,56.4125,22229
11/4/2004,11028.09917,56.11666667,21158
11/5/2004,10589.75207,56.7125,22050
11/6/2004,10361.65289,56.5,21641
11/7/2004,10314.04959,56.4625,21295
11/8/2004,10327.93388,56.48333333,21104
11/9/2004,9955.041322,56.37083333,22266
11/10/2004,9520.661157,56.225,22143
11/11/2004,9092.231405,56.05833333,21550
11/12/2004,8975.206612,55.96666667,21404
11/13/2004,8505.123967,55.99166667,21182
11/14/2004,8167.933884,55.54166667,21235
11/15/2004,8007.272727,55.87916667,22242
11/16/2004,7935.867769,56.07083333,22852
11/17/2004,7925.950413,56.1375,22978
11/18/2004,8048.92562,56.07916667,22551
11/19/2004,7939.834711,55.9,21829
11/20/2004,7943.801653,55.4375,22595
11/21/2004,7951.735537,55.075,22482
11/22/2004,7925.950413,55.2,22340
11/23/2004,7921.983471,55.17083333,22421
11/24/2004,7923.966942,55.275,22421
11/25/2004,7933.884298,55.25,21787
11/26/2004,7959.669421,55.10833333,21933
11/27/2004,8495.206612,54.8875,22365
11/28/2004,8534.876033,54.66666667,22180
11/29/2004,8491.239669,54.475,22050
11/30/2004,8497.190083,54.2375,21562
12/1/2004,8499.173554,54.14166667,21380
12/2/2004,8158.016529,53.98333333,21763
12/3/2004,7947.768595,53.81666667,22658
12/4/2004,7945.785124,53.725,22007
12/5/2004,7947.768595,53.79166667,22211
12/6/2004,7949.752066,53.48333333,22334
12/7/2004,7929.917355,53.00833333,22614
12/8/2004,7931.900826,52.45416667,22595
12/9/2004,7955.702479,52.51666667,22161
12/10/2004,7947.768595,52.6625,22168
12/11/2004,7927.933884,52.825,22427
12/12/2004,7943.801653,52.8375,22112
12/13/2004,7923.966942,52.775,21958
12/14/2004,7957.68595,52.6625,22217
12/15/2004,7941.818182,52.40833333,22143
12/16/2004,7953.719008,52.03333333,22464
12/17/2004,7943.801653,51.69166667,22589
12/18/2004,7945.785124,51.57916667,21811
12/19/2004,7937.85124,51.425,22223
12/20/2004,7951.735537,51.24583333,21872
12/21/2004,7963.636364,51.1375,21489
12/22/2004,7937.85124,50.9375,21380
12/23/2004,7953.719008,50.80833333,21423
12/24/2004,8889.917355,51.20833333,21562
12/25/2004,8895.867769,52.04166667,21368
12/26/2004,8895.867769,52.22083333,21502
12/27/2004,8949.421488,51.34583333,23066
12/28/2004,9038.677686,50.33333333,22639
12/29/2004,8132.231405,49.5625,22254
12/30/2004,7967.603306,49.5,22137
12/31/2004,7959.669421,49.475,22884
1/1/2005,8193.719008,49.24166667,23016
1/2/2005,8019.173554,49.62916667,21921
1/3/2005,8017.190083,49.87916667,22532
1/4/2005,7991.404959,49.92916667,22708
1/5/2005,8058.842975,49.95833333,21038
1/6/2005,7852.561983,50.07916667,20841
1/7/2005,8179.834711,50.00416667,22470
1/8/2005,8342.479339,49.77083333,21878
1/9/2005,8146.115702,49.79583333,23275
1/10/2005,7783.140496,49.8375,23003
1/11/2005,7384.46281,49.675,23053
1/12/2005,7507.438017,49.54166667,23060
1/13/2005,7566.942149,49.3,23141
1/14/2005,7426.115702,49.12916667,22695
1/15/2005,7382.479339,49.0875,21983
1/16/2005,7396.363636,49.2875,21927
1/17/2005,7352.727273,49.45833333,21277
1/18/2005,7338.842975,49.4875,21799
1/19/2005,7372.561983,49.51666667,22063
1/20/2005,7358.677686,49.54166667,22081
1/21/2005,7346.77686,49.49166667,22626
1/22/2005,7340.826446,49.40416667,22143
1/23/2005,7332.892562,49.37916667,22316
1/24/2005,7348.760331,49.39583333,22545
1/25/2005,7356.694215,49.42083333,22038
1/26/2005,7328.92562,49.325,22217
1/27/2005,7366.61157,48.725,22890
1/28/2005,7672.066116,48.7875,21307
1/29/2005,7396.363636,48.74166667,20586
1/30/2005,7380.495868,48.49583333,19412
1/31/2005,7374.545455,48.32083333,22557
2/1/2005,7301.157025,48.4,20931
2/2/2005,7374.545455,48.59166667,19703
2/3/2005,7340.826446,48.6375,20740
2/4/2005,7402.31405,48.47916667,20698
2/5/2005,7370.578512,48.55833333,20054
2/6/2005,7342.809917,48.42916667,19389
2/7/2005,7348.760331,48.45833333,20025
2/8/2005,7358.677686,48.77916667,20364
2/9/2005,7336.859504,48.96666667,20740
2/10/2005,7344.793388,48.92916667,22620
2/11/2005,7420.165289,48.675,21659
2/12/2005,7422.14876,48.8125,22576
2/13/2005,7426.115702,48.9125,21332
2/14/2005,7392.396694,48.89166667,21223
2/15/2005,7378.512397,48.67916667,20674
2/16/2005,7396.363636,48.70416667,21332
2/17/2005,7428.099174,48.68333333,21152
2/18/2005,7430.082645,48.75416667,20776
2/19/2005,7418.181818,48.90833333,21307
2/20/2005,7338.842975,48.82916667,21799
2/21/2005,7590.743802,48.77083333,22526
2/22/2005,7366.61157,48.84166667,22802
2/23/2005,6807.272727,48.69166667,21229
2/24/2005,7523.305785,48.7375,22223
2/25/2005,7424.132231,48.88333333,21593
2/26/2005,7477.68595,49.0625,20990
2/27/2005,7447.933884,48.97916667,21708
2/28/2005,7441.983471,48.67083333,21050
3/1/2005,7467.768595,48.34166667,21574
3/2/2005,7461.818182,48.36666667,22118
3/3/2005,7489.586777,48.37916667,23199
3/4/2005,7507.438017,48.62083333,22180
3/5/2005,7497.520661,48.94166667,22291
3/6/2005,7493.553719,49.22083333,21995
3/7/2005,7509.421488,49.17916667,20782
3/8/2005,7497.520661,49.12916667,21380
3/9/2005,7477.68595,49.1375,20405
3/10/2005,7503.471074,49.68333333,20493
3/11/2005,7483.636364,49.48333333,19651
3/12/2005,7483.636364,49.49583333,21325
3/13/2005,7499.504132,49.61666667,21574
3/14/2005,7505.454545,49.25833333,20668
3/15/2005,7477.68595,48.90416667,21574
3/16/2005,7493.553719,48.73333333,22026
3/17/2005,7513.38843,48.64583333,22063
3/18/2005,7531.239669,48.59583333,21520
3/19/2005,7523.305785,48.57916667,21629
3/20/2005,7521.322314,48.55833333,21550
3/21/2005,7531.239669,48.5125,22834
3/22/2005,7791.07438,48.7875,23364
3/23/2005,7945.785124,48.92083333,22570
3/24/2005,7533.22314,48.94583333,22328
3/25/2005,7549.090909,49.125,22087
3/26/2005,7545.123967,49.4125,21946
3/27/2005,7529.256198,49.51666667,22802
3/28/2005,7590.743802,49.75833333,21811
3/29/2005,7525.289256,49.94583333,20710
3/30/2005,7543.140496,50.12083333,21092
3/31/2005,7503.471074,50.0625,21170
4/1/2005,7509.421488,49.91666667,21902
4/2/2005,7515.371901,49.875,21720
4/3/2005,7503.471074,49.83913043,22834
4/4/2005,7507.438017,49.7875,22063
4/5/2005,7519.338843,49.55833333,22075
4/6/2005,7513.38843,49.60833333,21995
4/7/2005,7505.454545,49.96666667,21508
4/8/2005,7501.487603,50.05416667,21417
4/9/2005,7378.512397,50.1375,21635
4/10/2005,7449.917355,49.925,21866
4/11/2005,7380.495868,49.66666667,22149
4/12/2005,7273.38843,49.9875,22131
4/13/2005,7277.355372,50.05,22790
4/14/2005,7422.14876,49.97916667,21514
4/15/2005,7398.347107,49.66666667,20883
4/16/2005,7489.586777,49.75833333,20387
4/17/2005,7473.719008,50.38333333,19605
4/18/2005,7477.68595,50.31666667,20645
4/19/2005,7487.603306,50.07916667,20817
4/20/2005,7491.570248,49.99166667,20817
4/21/2005,7497.520661,50.4875,21199
4/22/2005,7487.603306,50.34583333,21259
4/23/2005,7503.471074,50.22083333,22044
4/24/2005,9782.479339,50.37916667,22229
4/25/2005,9907.438017,49.91666667,22013
4/26/2005,10163.30579,50.475,21732
4/27/2005,10016.52893,50.60416667,21995
4/28/2005,10080,50.74583333,21902
4/29/2005,9673.38843,50.47916667,22236
4/30/2005,10095.86777,50.45,21854
5/1/2005,10097.85124,50.6625,22248
5/2/2005,10746.44628,50.65833333,21134
5/3/2005,11525.95041,50.76666667,21176
5/4/2005,11083.63636,50.59583333,22871
5/5/2005,11920.66116,50.24583333,22408
5/6/2005,11974.21488,50.00833333,22291
5/7/2005,11990.08264,49.81666667,22482
5/8/2005,11990.08264,49.8125,23016
5/9/2005,14017.19008,50.25416667,21176
5/10/2005,23043.96694,50.4,19524
5/11/2005,31769.2562,50.05,20498
5/12/2005,39143.80165,50.9,20973
5/13/2005,38860.16529,50.7625,21738
5/14/2005,39274.71074,50.89166667,20704
5/15/2005,39250.90909,50.92916667,19564
5/16/2005,20271.07438,51.075,21086
5/17/2005,74770.90909,50.37916667,21038
5/18/2005,57816.19835,50.425,20817
5/19/2005,49795.04132,51.24583333,21229
5/20/2005,40442.97521,51.63333333,21690
5/21/2005,39964.95868,51.85416667,20083
5/22/2005,40018.5124,51.96666667,19956
5/23/2005,39840,51.61666667,19835
5/24/2005,18247.93388,50.275,22303
5/25/2005,28659.17355,51.14583333,20919
5/26/2005,28962.64463,51.2625,20907
5/27/2005,28492.56198,50.72083333,21860
5/28/2005,28522.31405,50.4375,20990
5/29/2005,28310.08264,49.91666667,20979
5/30/2005,25588.76033,50.15416667,22620
5/31/2005,25727.60331,50.25833333,21526
6/1/2005,25531.23967,50.2375,20264
6/2/2005,24995.70248,50.20416667,21080
6/3/2005,23565.61983,50.3375,21459
6/4/2005,23633.05785,50.30416667,20901
6/5/2005,23714.38017,50.38333333,19777
6/6/2005,22869.42149,50.17916667,21447
6/7/2005,23523.96694,50.05,22174
6/8/2005,23541.81818,50.2,21223
6/9/2005,23440.66116,50.12916667,21593
6/10/2005,23575.53719,50.62083333,21854
6/11/2005,23611.23967,50.61666667,20469
6/12/2005,23521.98347,50.62083333,19841
6/13/2005,23577.52066,50.54166667,21098
6/14/2005,23595.3719,50.7,21020
6/15/2005,23629.09091,50.85833333,20522
6/16/2005,22036.36364,50.66666667,21277
6/17/2005,20895.86777,50.07083333,21265
6/18/2005,20889.91736,50.34583333,20782
6/19/2005,20874.04959,50.75,21556
6/20/2005,20872.06612,51.16666667,21617
6/21/2005,21917.35537,51.09166667,20323
6/22/2005,23805.61983,51.0375,21199
6/23/2005,25572.89256,51.225,18835
6/24/2005,25719.66942,51.15,20889
6/25/2005,25721.65289,51.09166667,21952
6/26/2005,25753.38843,51.28333333,22589
6/27/2005,25741.4876,51.4125,22790
6/28/2005,25812.89256,51.00833333,22433
6/29/2005,25709.75207,50.84583333,22155
6/30/2005,25731.57025,50.79166667,22057
7/1/2005,25707.7686,50.84583333,22050
7/2/2005,27393.71901,50.9375,20616
7/3/2005,27403.63636,51.04583333,21271
7/4/2005,27401.65289,51.04583333,22557
7/5/2005,27994.71074,51.17083333,21714
7/6/2005,27703.1405,51.19583333,20100
7/7/2005,26870.08264,51.12083333,19322
7/8/2005,27191.40496,50.89583333,22670
7/9/2005,27925.28926,51.0875,21702
7/10/2005,28214.87603,51.03333333,22551
7/11/2005,28325.95041,51.16666667,22439
7/12/2005,30120.99174,51.1,22365
7/13/2005,29968.26446,51.32083333,21720
7/14/2005,29561.65289,51.44166667,22670
7/15/2005,30386.77686,51.5375,21301
7/16/2005,30295.53719,51.49166667,21653
7/17/2005,30206.28099,51.40833333,22708
7/18/2005,30384.79339,51.34583333,23192
7/19/2005,29982.14876,51.5125,23231
7/20/2005,30241.98347,51.97083333,23041
7/21/2005,30204.29752,51.26666667,22582
7/22/2005,29696.52893,50.65416667,22347
7/23/2005,28157.35537,50.825,23116
7/24/2005,28191.07438,51.0125,22439
7/25/2005,28516.36364,50.95416667,23256
7/26/2005,28496.52893,51.07916667,22865
7/27/2005,27145.78512,51.25,22984
7/28/2005,26088.59504,51.25,23091
7/29/2005,24934.21488,51.3125,23313
7/30/2005,25213.8843,51.4125,23269
7/31/2005,25283.30579,51.47916667,23434
8/1/2005,25273.38843,51.63333333,22664
8/2/2005,25862.47934,51.52916667,20973
8/3/2005,25939.83471,51.5375,21265
8/4/2005,25747.43802,51.7625,21714
8/5/2005,24886.61157,51.8625,23122
8/6/2005,25118.67769,52.025,22451
8/7/2005,23988.09917,52.05833333,22626
8/8/2005,24452.2314,52,22223
8/9/2005,22774.21488,52.18333333,22476
8/10/2005,20384.13223,52.4875,23148
8/11/2005,19949.75207,52.6375,22796
8/12/2005,19937.85124,52.75,22439
8/13/2005,19410.24793,52.9875,21241
8/14/2005,18882.64463,52.49583333,22408
8/15/2005,19775.20661,52.82083333,21465
8/16/2005,19568.92562,52.875,21435
8/17/2005,19461.81818,53,22433
8/18/2005,19951.73554,52.6125,22242
8/19/2005,19971.57025,52.40833333,22482
8/20/2005,19047.27273,52.36666667,22414
8/21/2005,18977.85124,52.70416667,22451
8/22/2005,19219.83471,52.85,23097
8/23/2005,19600.66116,52.81666667,22947
8/24/2005,18979.83471,52.92083333,22390
8/25/2005,18950.08264,52.95,22464
8/26/2005,18902.47934,52.88333333,22180
8/27/2005,18971.90083,53.02916667,22476
8/28/2005,18991.73554,52.975,23097
8/29/2005,19001.65289,53.425,22124
8/30/2005,18934.21488,53.29166667,22390
8/31/2005,18956.03306,52.82916667,23053
9/1/2005,18876.69421,52.47083333,21958
9/2/2005,18958.01653,52.675,22020
9/3/2005,18981.81818,52.72916667,21872
9/4/2005,18015.86777,52.77916667,21599
9/5/2005,17099.50413,52.8875,21374
9/6/2005,16974.54545,52.99166667,21933
9/7/2005,16903.1405,53.12916667,22223
9/8/2005,16980.49587,53.15833333,22112
9/9/2005,16978.5124,53.17916667,22063
9/10/2005,16970.57851,53.4125,22217
9/11/2005,16938.84298,53.09583333,21854
9/12/2005,16932.89256,53.35416667,22087
9/13/2005,16934.87603,53.425,22007
9/14/2005,16871.40496,53.42916667,21964
9/15/2005,16427.10744,53.40833333,22752
9/16/2005,16318.01653,53.65833333,22777
9/17/2005,15790.41322,53.525,22645
9/18/2005,15752.72727,53.58333333,22564
9/19/2005,15752.72727,53.70416667,22260
9/20/2005,15715.04132,54.1375,22199
9/21/2005,15734.87603,54.26666667,22199
9/22/2005,15836.03306,54.16666667,22390
9/23/2005,17847.27273,54.1375,21902
9/24/2005,17656.8595,53.5625,22223
9/25/2005,17674.71074,53.5625,22689
9/26/2005,17032.06612,53.74583333,23167
9/27/2005,17375.20661,53.71666667,22279
9/28/2005,17212.56198,54.175,22211
9/29/2005,17026.1157,54.20833333,22032
9/30/2005,16847.60331,54.1375,22377
10/1/2005,17186.77686,54.20833333,21720
10/2/2005,15925.28926,54.07916667,21187
10/3/2005,15631.73554,54.175,21635
10/4/2005,15780.49587,54.15833333,22026
10/5/2005,15812.2314,54.40833333,22570
10/6/2005,16258.5124,54.60833333,22488
10/7/2005,16494.54545,54.66666667,22645
10/8/2005,16611.57025,54.72083333,22808
10/9/2005,17928.59504,54.8,22890
10/10/2005,18509.75207,54.73333333,22834
10/11/2005,18087.27273,54.85833333,22953
10/12/2005,17847.27273,54.9125,22470
10/13/2005,16105.78512,55.27916667,22100
10/14/2005,15822.14876,55.05833333,22297
10/15/2005,15847.93388,55.25416667,21866
10/16/2005,15736.8595,55.275,21878
10/17/2005,15865.78512,55.37083333,21787
10/18/2005,14187.7686,55.59583333,21671
10/19/2005,13894.21488,55.575,22266
10/20/2005,13937.85124,55.64583333,22953
10/21/2005,14308.76033,55.7625,22582
10/22/2005,14160,55.67916667,21970
10/23/2005,13965.61983,55.68333333,21860
10/24/2005,13967.60331,55.8625,21368
10/25/2005,13116.69421,55.89583333,21295
10/26/2005,12995.70248,56.05,21958
10/27/2005,12985.78512,55.89166667,22928
10/28/2005,13489.58678,55.6875,22513
10/29/2005,13071.07438,55.87916667,22821
10/30/2005,13200,55.86666667,22106
10/31/2005,12975.86777,56.16666667,22038
11/1/2005,12946.1157,55.99166667,21146
11/2/2005,12093.22314,55.9,20575
11/3/2005,11976.19835,55.79583333,20457
11/4/2005,11621.15702,55.72083333,20770
11/5/2005,11210.57851,55.76666667,21086
11/6/2005,11186.77686,55.7,21921
11/7/2005,11153.05785,55.92083333,22815
11/8/2005,11153.05785,55.60416667,22322
11/9/2005,10946.77686,55.59166667,21775
11/10/2005,10924.95868,55.8375,21738
11/11/2005,10926.94215,55.99583333,21617
11/12/2005,10905.12397,55.85416667,21520
11/13/2005,10998.34711,55.47083333,21750
11/14/2005,10980.49587,55.56666667,22347
11/15/2005,10982.47934,55.52083333,22316
11/16/2005,10986.44628,55.2375,21872
11/17/2005,10972.56198,55.22916667,22229
11/18/2005,10946.77686,55,22161
11/19/2005,10964.6281,54.92916667,22124
11/20/2005,10966.61157,54.90416667,21750
11/21/2005,10958.67769,54.90416667,21580
11/22/2005,10998.34711,54.84166667,21152
11/23/2005,10986.44628,54.68333333,21032
11/24/2005,10950.7438,54.3875,21158
11/25/2005,10972.56198,54.32916667,21074
11/26/2005,10974.54545,54.28333333,21026
11/27/2005,10986.44628,54.05416667,20657
11/28/2005,10994.38017,53.67083333,20668
11/29/2005,10982.47934,53.37916667,21164
11/30/2005,11075.70248,53.19583333,21872
12/1/2005,10833.71901,53.0125,22695
12/2/2005,10508.42975,52.7125,22997
12/3/2005,10224.79339,52.65416667,22752
12/4/2005,10480.66116,52.60416667,22702
12/5/2005,10290.24793,52.62083333,22476
12/6/2005,9959.008264,52.5875,21823
12/7/2005,9964.958678,52.4125,22032
12/8/2005,9966.942149,52.31666667,22878
12/9/2005,9974.876033,52.425,21483
12/10/2005,9968.92562,52.55833333,20793
12/11/2005,9974.876033,52.375,20504
12/12/2005,9945.123967,52.0875,20704
12/13/2005,9966.942149,51.79166667,20758
12/14/2005,9978.842975,51.54166667,21720
12/15/2005,9968.92562,51.33333333,21732
12/16/2005,9988.760331,51.19583333,21532
12/17/2005,9964.958678,51.19166667,21823
12/18/2005,9972.892562,51.05833333,22087
12/19/2005,10234.71074,50.69583333,22495
12/20/2005,9976.859504,50.49583333,22501
12/21/2005,9982.809917,50.48333333,22752
12/22/2005,10276.36364,50.58333333,22739
12/23/2005,10089.91736,50.69583333,22353
12/24/2005,9994.710744,50.44166667,22124
12/25/2005,10139.50413,50.12916667,21556
12/26/2005,21415.53719,50.1,20841
12/27/2005,28333.8843,50.3,21423
12/28/2005,21703.1405,49.70833333,20680
12/29/2005,75736.8595,50.84166667,21344
12/30/2005,33724.95868,50.70833333,22752
12/31/2005,32691.57025,50.04583333,20504
1/1/2006,68475.3719,50.45416667,21568
1/2/2006,68257.19008,50.58333333,20799
1/3/2006,88605.61983,50.59583333,20112
1/4/2006,97128.59504,50.85,19691
1/5/2006,97372.56198,50.94166667,20100
1/6/2006,96372.89256,51.18333333,20200
1/7/2006,98901.81818,50.96666667,19656
1/8/2006,98088.59504,50.75833333,21002
1/9/2006,99098.18182,50.70416667,20853
1/10/2006,97983.47107,50.5375,20639
1/11/2006,94696.8595,50.29166667,20686
1/12/2006,91003.63636,50.2375,20135
1/13/2006,83758.01653,50,20159
1/14/2006,71389.09091,49.8,20399
1/15/2006,59682.64463,49.46666667,20025
1/16/2006,51102.14876,49.43333333,20264
1/17/2006,43715.70248,49.4875,20416
1/18/2006,36188.42975,49.34583333,19451
1/19/2006,30057.52066,49,20557
1/20/2006,28490.57851,48.7875,19800
1/21/2006,24880.66116,48.975,20352
1/22/2006,20594.38017,48.85416667,19743
1/23/2006,18317.35537,48.85416667,20622
1/24/2006,15901.4876,48.8625,21392
1/25/2006,15945.12397,48.74166667,21970
1/26/2006,16004.6281,48.5625,21970
1/27/2006,19535.20661,48.42083333,21182
1/28/2006,19967.60331,48.24583333,21756
1/29/2006,19989.42149,47.85,22513
1/30/2006,28623.47107,47.9625,20657
1/31/2006,30039.66942,47.9375,19829
2/1/2006,29763.96694,47.875,19605
2/2/2006,30450.24793,47.99166667,20710
2/3/2006,52643.30579,48.19166667,20680
2/4/2006,59520,47.75,20698
2/5/2006,59178.84298,47.70833333,20823
2/6/2006,58661.15702,48.00416667,20901
2/7/2006,51020.82645,48.08333333,20722
2/8/2006,42956.03306,48.25,21684
2/9/2006,36460.16529,48.075,21641
2/10/2006,33736.8595,48.25833333,21368
2/11/2006,29159.00826,48.07083333,21128
2/12/2006,24967.93388,48.00416667,21732
2/13/2006,21947.10744,48.02916667,22439
2/14/2006,19088.92562,48.12083333,22291
2/15/2006,15895.53719,47.78333333,22180
2/16/2006,13676.03306,47.6875,22570
2/17/2006,13434.04959,47.51666667,22802
2/18/2006,13376.52893,47.175,22476
2/19/2006,11936.52893,46.9375,23066
2/20/2006,12170.57851,46.75,22890
2/21/2006,12142.80992,46.725,22520
2/22/2006,12031.73554,46.85833333,22143
2/23/2006,11676.69421,46.975,21404
2/24/2006,11656.8595,47.07916667,20925
2/25/2006,11694.54545,47.02083333,20469
2/26/2006,11698.5124,46.91666667,20463
2/27/2006,19283.30579,46.90833333,21744
2/28/2006,29395.04132,47.15,21587
3/1/2006,29660.82645,46.89583333,21580
3/2/2006,29609.2562,46.77083333,20734
3/3/2006,41875.04132,46.9,21477
3/4/2006,49860.49587,47.39583333,20901
3/5/2006,48710.08264,47.30833333,21074
3/6/2006,50923.63636,47.49166667,21896
3/7/2006,66723.96694,47.65,21983
3/8/2006,65771.90083,47.57916667,20551
3/9/2006,59781.81818,47.48333333,21404
3/10/2006,59276.03306,47.325,20299
3/11/2006,59543.80165,47.40833333,20616
3/12/2006,58046.28099,47.33333333,20633
3/13/2006,58341.81818,47.32916667,21002
3/14/2006,50423.80165,47.16666667,20913
3/15/2006,49445.95041,47.00833333,20200
3/16/2006,49656.19835,46.95416667,21750
3/17/2006,50380.16529,46.94583333,21289
3/18/2006,50425.78512,47.10416667,22223
3/19/2006,50439.66942,47.325,21574
3/20/2006,47335.53719,47.25833333,21502
3/21/2006,49336.8595,47.225,21277
3/22/2006,49898.18182,47.275,20037
3/23/2006,49132.56198,47.25416667,21289
3/24/2006,44358.34711,47.12916667,21696
3/25/2006,43150.41322,47.00833333,19737
3/26/2006,43674.04959,47.05833333,21026
3/27/2006,43408.26446,47.14166667,19513
3/28/2006,43404.29752,46.96666667,20907
3/29/2006,44312.72727,47.02916667,22161
3/30/2006,44316.69421,47.42083333,21986
3/31/2006,44320.66116,47.275,21811
4/1/2006,43763.30579,47.11666667,21277
4/2/2006,43757.35537,47.12608696,20288
4/3/2006,44284.95868,47.37083333,21921
4/4/2006,72313.38843,47.57916667,20622
4/5/2006,77767.93388,47.5,20393
4/6/2006,78295.53719,47.4625,20100
4/7/2006,77295.86777,47.5125,21182
4/8/2006,76625.45455,47.2875,21295
4/9/2006,77539.83471,47.51666667,20340
4/10/2006,78366.94215,47.5875,20147
4/11/2006,67689.91736,47.5625,20048
4/12/2006,45439.33884,48.05,19599
4/13/2006,80661.81818,48.27083333,21915
4/14/2006,80774.87603,48.325,21562
4/15/2006,79481.65289,47.92083333,21872
4/16/2006,67765.28926,47.84166667,20014
4/17/2006,59644.95868,48.02083333,19271
4/18/2006,60236.03306,48.42083333,21574
4/19/2006,60539.50413,48.8125,20340
4/20/2006,58877.35537,48.775,21176
4/21/2006,47855.20661,48.75833333,20164
4/22/2006,47918.67769,48.75416667,20752
4/23/2006,41113.38843,48.83333333,20498
4/24/2006,40433.05785,48.74583333,21756
4/25/2006,41182.80992,48.82083333,20770
4/26/2006,40601.65289,49.22083333,20019
4/27/2006,40157.35537,49.65,22273
4/28/2006,34195.04132,49.78333333,20575
4/29/2006,27260.82645,49.6375,20764
4/30/2006,23250.24793,49.12916667,21483
5/1/2006,19824.79339,48.95416667,21921
5/2/2006,16974.54545,49.05416667,23218
5/3/2006,14612.2314,49.52916667,22507
5/4/2006,12593.05785,49.3875,22143
5/5/2006,12489.91736,49.42083333,22168
5/6/2006,12483.96694,49.64166667,22149
5/7/2006,24894.54545,49.94583333,22248
5/8/2006,28857.52066,49.23333333,20651
5/9/2006,28694.87603,49.075,20422
5/10/2006,28276.36364,48.98333333,20668
5/11/2006,27960.99174,49.07083333,19204
5/12/2006,26011.23967,49.5375,19939
5/13/2006,25945.78512,49.43333333,19288
5/14/2006,23966.28099,49.62083333,19628
5/15/2006,24934.21488,49.65416667,18951
5/16/2006,25791.07438,49.4875,19553
5/17/2006,25804.95868,49.66666667,19898
5/18/2006,27240.99174,49.66666667,19226
5/19/2006,28486.61157,49.34166667,19760
5/20/2006,28934.87603,49.34583333,21193
5/21/2006,30372.89256,49.30833333,21720
5/22/2006,30823.1405,49.3375,21164
5/23/2006,30523.63636,49.2875,22790
5/24/2006,28064.13223,49.45,21915
5/25/2006,28099.83471,49.6375,21708
5/26/2006,28210.90909,49.67916667,21605
5/27/2006,27917.35537,49.66666667,21128
5/28/2006,26951.40496,49.625,21799
5/29/2006,27548.42975,49.84166667,22236
5/30/2006,27613.8843,49.74583333,21508
5/31/2006,27528.59504,49.56666667,21392
6/1/2006,27457.19008,49.48333333,21684
6/2/2006,27330.24793,49.58333333,22551
6/3/2006,27959.00826,49.66666667,22538
6/4/2006,27705.12397,49.89166667,21995
6/5/2006,27756.69421,49.9375,21848
6/6/2006,26209.58678,50.07083333,22677
6/7/2006,28020.49587,50.07916667,22118
6/8/2006,27750.7438,49.89166667,22695
6/9/2006,28704.79339,50.05,22564
6/10/2006,28185.12397,49.95416667,22211
6/11/2006,28195.04132,49.925,22427
6/12/2006,28433.05785,50.025,22334
6/13/2006,28458.84298,49.91666667,21471
6/14/2006,28490.57851,49.68333333,21253
6/15/2006,27358.01653,50.41666667,21002
6/16/2006,27467.10744,50.875,21217
6/17/2006,28437.02479,50.27083333,22186
6/18/2006,28798.01653,50.24583333,22433
6/19/2006,28635.3719,50.17916667,21211
6/20/2006,27994.71074,50.09166667,21556
6/21/2006,29040,49.9375,21538
6/22/2006,29113.38843,49.85416667,21325
6/23/2006,29218.5124,50.01666667,21283
6/24/2006,28903.1405,50.03333333,19271
6/25/2006,28244.6281,50.09583333,21368
6/26/2006,29621.15702,50.1,21848
6/27/2006,27189.42149,50.20833333,22808
6/28/2006,26858.18182,50.075,22545
6/29/2006,26897.85124,50.05833333,22582
6/30/2006,26973.22314,50.35416667,21459
7/1/2006,27318.34711,50.32083333,21386
7/2/2006,26772.89256,50.46666667,21659
7/3/2006,26511.07438,50.47916667,22551
7/4/2006,26491.23967,50.49583333,22458
7/5/2006,26693.55372,50.45,22266
7/6/2006,26651.90083,50.55416667,21952
7/7/2006,26705.45455,50.6625,22007
7/8/2006,26961.32231,50.7125,22595
7/9/2006,27090.24793,50.77083333,22186
7/10/2006,26675.70248,50.93333333,22131
7/11/2006,26455.53719,50.90833333,23104
7/12/2006,26747.10744,50.95833333,22427
7/13/2006,26868.09917,50.97083333,22334
7/14/2006,28722.64463,51.10833333,22513
7/15/2006,28712.72727,51.0625,23148
7/16/2006,28948.76033,51.20416667,22458
7/17/2006,28863.47107,51.32916667,21538
7/18/2006,29430.7438,51.37083333,22733
7/19/2006,30184.46281,50.82916667,22689
7/20/2006,30186.44628,50.72083333,22915
7/21/2006,30287.60331,50.66666667,22840
7/22/2006,30424.46281,50.6875,22865
7/23/2006,30581.15702,51.18333333,23307
7/24/2006,30606.94215,51.20416667,23543
7/25/2006,30301.4876,51.3375,22013
7/26/2006,30541.4876,51.17916667,22236
7/27/2006,30021.81818,51.37083333,21860
7/28/2006,29756.03306,51.4125,22796
7/29/2006,29650.90909,51.4125,22186
7/30/2006,30087.27273,51.49166667,22340
7/31/2006,29131.23967,51.51666667,22303
8/1/2006,29157.02479,51.59583333,22865
8/2/2006,29849.2562,51.8375,22118
8/3/2006,27855.86777,51.75416667,22595
8/4/2006,28335.86777,51.8375,21187
8/5/2006,28375.53719,51.85,20865
8/6/2006,27917.35537,52,22427
8/7/2006,27996.69421,52.29166667,22689
8/8/2006,28028.42975,51.54583333,23110
8/9/2006,28599.66942,51.17083333,23091
8/10/2006,28607.60331,51.35,22087
8/11/2006,27330.24793,51.34583333,22365
8/12/2006,27508.76033,51.46666667,22633
8/13/2006,27266.77686,51.4625,22291
8/14/2006,26370.24793,51.45,22433
8/15/2006,26152.06612,51.675,23047
8/16/2006,25949.75207,51.77083333,22808
8/17/2006,26223.47107,51.27916667,22408
8/18/2006,26334.54545,50.70833333,22758
8/19/2006,26277.02479,50.83333333,22570
8/20/2006,26251.23967,50.87916667,22328
8/21/2006,26245.28926,50.8375,22310
8/22/2006,26217.52066,50.90416667,22316
8/23/2006,25400.33058,50.97083333,22633
8/24/2006,24466.1157,51.02916667,22614
8/25/2006,22552.06612,51.23333333,22495
8/26/2006,22218.84298,51.25833333,22677
8/27/2006,22778.18182,51.44583333,22026
8/28/2006,21953.05785,51.29166667,22291
8/29/2006,21715.04132,51.60833333,21823
8/30/2006,21774.54545,51.6875,21799
8/31/2006,21917.35537,51.37916667,21110
9/1/2006,21903.47107,51.3875,22050
9/2/2006,21871.73554,51.59583333,21653
9/3/2006,21832.06612,51.4375,22334
9/4/2006,21798.34711,51.49583333,22464
9/5/2006,22260.49587,51.525,22347
9/6/2006,22159.33884,51.6625,22149
9/7/2006,20330.57851,51.92083333,22695
9/8/2006,19961.65289,51.8625,22570
9/9/2006,20167.93388,51.5125,22303
9/10/2006,19533.22314,51.35416667,22217
9/11/2006,19715.70248,51.24583333,22545
9/12/2006,19588.76033,51.3125,21423
9/13/2006,18702.14876,51.4,21946
9/14/2006,18765.61983,51.525,21848
9/15/2006,18360.99174,51.27083333,22149
9/16/2006,18612.89256,51.15833333,22316
9/17/2006,18224.13223,51.31666667,21976
9/18/2006,17890.90909,51.24583333,21872
9/19/2006,17815.53719,51.225,22557
9/20/2006,17075.70248,51.425,22205
9/21/2006,16988.42975,51.40416667,22458
9/22/2006,16738.5124,51.325,22390
9/23/2006,16883.30579,51.40833333,22032
9/24/2006,16056.19835,51.3,22081
9/25/2006,15913.38843,51.3875,22427
9/26/2006,16032.39669,51.42916667,22402
9/27/2006,15467.10744,51.5875,22414
9/28/2006,14969.2562,51.6,22390
9/29/2006,14949.42149,51.62916667,21410
9/30/2006,14679.66942,51.62083333,21362
10/1/2006,14941.4876,51.5625,21653
10/2/2006,14074.71074,51.39166667,21964
10/3/2006,13943.80165,51.25833333,22557
10/4/2006,13989.42149,51.40416667,21568
10/5/2006,13687.93388,51.17083333,21848
10/6/2006,13154.38017,51.52916667,21599
10/7/2006,13067.10744,51.57083333,21702
10/8/2006,13082.97521,51.74583333,22297
10/9/2006,12969.91736,51.875,21921
10/10/2006,12091.23967,51.9375,21927
10/11/2006,11952.39669,51.87916667,22026
10/12/2006,11948.42975,51.95,21229
10/13/2006,11978.18182,51.9,21544
10/14/2006,11952.39669,52.10416667,21508
10/15/2006,11595.3719,52.24166667,21623
10/16/2006,11557.68595,52.34583333,21817
10/17/2006,11549.75207,52.32916667,22063
10/18/2006,11577.52066,52.33333333,22007
10/19/2006,11629.09091,52.425,22143
10/20/2006,11714.38017,52.55,21823
10/21/2006,11631.07438,52.67916667,22236
10/22/2006,11648.92562,52.70833333,22100
10/23/2006,11399.00826,52.79583333,22242
10/24/2006,11236.36364,52.775,21386
10/25/2006,10849.58678,52.82916667,21368
10/26/2006,11089.58678,52.7625,21265
10/27/2006,11218.5124,52.7,21459
10/28/2006,11254.21488,52.8,21641
10/29/2006,11234.38017,52.87083333,21544
10/30/2006,11232.39669,52.94583333,21623
10/31/2006,11200.66116,52.99166667,21550
11/1/2006,10891.23967,53,21769
11/2/2006,11164.95868,53,21787
11/3/2006,11168.92562,53.2125,21508
11/4/2006,11160.99174,53.22083333,21295
11/5/2006,11188.76033,53.6125,21092
11/6/2006,11172.89256,53.75,20865
11/7/2006,11180.82645,53.77083333,20416
11/8/2006,11182.80992,53.79583333,20428
11/9/2006,11168.92562,52.90833333,20469
11/10/2006,11162.97521,52.425,20534
11/11/2006,11176.8595,52.4375,20575
11/12/2006,11162.97521,52.275,21817
11/13/2006,11174.87603,52.09583333,22236
11/14/2006,11170.90909,52.52916667,22155
11/15/2006,11155.04132,52.28333333,20469
11/16/2006,11176.8595,51.86666667,21235
11/17/2006,11188.76033,52.21666667,21164
11/18/2006,11204.6281,52.35416667,21110
11/19/2006,11220.49587,52.62916667,20776
11/20/2006,11224.46281,52.625,20510
11/21/2006,10679.00826,52.49583333,20811
11/22/2006,10944.79339,52.35,20871
11/23/2006,10942.80992,52.09583333,20871
11/24/2006,10984.46281,51.97083333,20919
11/25/2006,11010.24793,52,21110
11/26/2006,11018.18182,52.0375,21271
11/27/2006,11022.14876,51.8375,21098
11/28/2006,11020.16529,51.68333333,21223
11/29/2006,11012.2314,51.59583333,21259
11/30/2006,10895.20661,51.75416667,21653
12/1/2006,10869.42149,51.97083333,21854
12/2/2006,10861.4876,52.10416667,21659
12/3/2006,10869.42149,52.14583333,21909
12/4/2006,10865.45455,52.5375,22081
12/5/2006,10851.57025,52.2625,22087
12/6/2006,10849.58678,52.05,21848
12/7/2006,10881.32231,52.10833333,21781
12/8/2006,10879.33884,52.04583333,21726
12/9/2006,10913.05785,52.04166667,22137
12/10/2006,11028.09917,52.06666667,21848
12/11/2006,11018.18182,51.96666667,22124
12/12/2006,11016.19835,51.4875,22211
12/13/2006,11020.16529,51.48333333,22507
12/14/2006,11022.14876,51.64166667,21848
12/15/2006,11010.24793,51.6125,21350
12/16/2006,11008.26446,51.28333333,20663
12/17/2006,11020.16529,50.94166667,20334
12/18/2006,11018.18182,50.88333333,20627
12/19/2006,10456.8595,50.5875,20428
12/20/2006,10988.42975,50.47916667,20883
12/21/2006,11018.18182,50.42083333,20575
12/22/2006,11020.16529,50.12916667,20835
12/23/2006,11012.2314,50.00416667,20811
12/24/2006,11020.16529,50.0875,20716
12/25/2006,11004.29752,50.02083333,20387
12/26/2006,10988.42975,49.7875,21241
12/27/2006,11004.29752,49.325,21995
12/28/2006,11008.26446,48.95416667,22470
12/29/2006,11028.09917,48.98333333,21811
12/30/2006,11022.14876,48.9625,21350
12/31/2006,11036.03306,49.15,21277
1/1/2007,11008.26446,49.23333333,20551
1/2/2007,11006.28099,49.3375,20264
1/3/2007,11012.2314,49.175,19760
1/4/2007,11010.24793,49.04583333,21562
1/5/2007,11024.13223,48.82083333,21587
1/6/2007,11040,48.50833333,21170
1/7/2007,10647.27273,48.48333333,20937
1/8/2007,10272.39669,48.63333333,20770
1/9/2007,10046.28099,48.64166667,21026
1/10/2007,10044.29752,49.475,20592
1/11/2007,9933.22314,49.725,20545
1/12/2007,9937.190083,49.35,20440
1/13/2007,9879.669421,49.22916667,20925
1/14/2007,10046.28099,49.00833333,20871
1/15/2007,9840,48.875,21002
1/16/2007,9861.818182,48.74583333,20610
1/17/2007,9943.140496,48.75416667,20504
1/18/2007,9766.61157,48.73333333,20907
1/19/2007,9812.231405,48.75833333,21441
1/20/2007,9818.181818,48.91666667,21301
1/21/2007,9885.619835,48.97083333,20716
1/22/2007,9895.53719,48.97083333,20622
1/23/2007,9804.297521,48.725,20847
1/24/2007,9621.818182,48.78333333,21313
1/25/2007,9506.77686,48.83333333,21738
1/26/2007,9867.768595,48.80833333,21702
1/27/2007,9857.85124,48.77083333,21520
1/28/2007,9994.710744,48.69583333,21187
1/29/2007,9808.264463,48.62916667,21574
1/30/2007,10032.39669,48.63333333,21110
1/31/2007,9883.636364,48.64166667,21116
2/1/2007,9814.214876,48.62916667,21235
2/2/2007,9945.123967,48.49166667,21350
2/3/2007,9921.322314,48.44166667,21265
2/4/2007,9925.289256,48.4125,21241
2/5/2007,9899.504132,48.55416667,21665
2/6/2007,9677.355372,48.62916667,22161
2/7/2007,9949.090909,48.575,22396
2/8/2007,10014.54545,48.47083333,22180
2/9/2007,9974.876033,48.25,21738
2/10/2007,9923.305785,48.14583333,23383
2/11/2007,9955.041322,48.29166667,21623
2/12/2007,9887.603306,48.06666667,21447
2/13/2007,9861.818182,48.12916667,22427
2/14/2007,9863.801653,47.94583333,22470
2/15/2007,9847.933884,47.85,22124
2/16/2007,9629.752066,48.06666667,21429
2/17/2007,9857.85124,48.23333333,21441
2/18/2007,9808.264463,48.275,20728
2/19/2007,9768.595041,48.14583333,20522
2/20/2007,9724.958678,47.92083333,20434
2/21/2007,9651.570248,47.9875,20498
2/22/2007,8979.173554,47.48333333,20563
2/23/2007,8971.239669,46.6625,20008
2/24/2007,8943.471074,46.74166667,20592
2/25/2007,9018.842975,47.11666667,20598
2/26/2007,9008.92562,47.18333333,20002
2/27/2007,9020.826446,46.89166667,20569
2/28/2007,8983.140496,46.83333333,21465
3/1/2007,8957.355372,46.85,21465
3/2/2007,8977.190083,47.2375,21659
3/3/2007,8979.173554,47.5375,21635
3/4/2007,8979.173554,47.92083333,21217
3/5/2007,8840.330579,48.175,21313
3/6/2007,8935.53719,48.1375,20793
3/7/2007,8953.38843,48.27916667,21158
3/8/2007,8963.305785,48.225,20094
3/9/2007,8955.371901,48.25,19674
3/10/2007,8923.636364,48.3875,20323
3/11/2007,8394.049587,48.52173913,20031
3/12/2007,8840.330579,48.99166667,19806
3/13/2007,8872.066116,49.39583333,20540
3/14/2007,8814.545455,49.49166667,20317
3/15/2007,8870.082645,50.09583333,20182
3/16/2007,8993.057851,50.225,20943
3/17/2007,8933.553719,50.54166667,21605
3/18/2007,8852.231405,50.67916667,20746
3/19/2007,8977.190083,50.8125,20088
3/20/2007,8967.272727,50.65,19898
3/21/2007,8993.057851,50.73333333,20393
3/22/2007,8991.07438,50.24166667,20002
3/23/2007,9012.892562,51.16666667,19639
3/24/2007,9008.92562,51.35833333,19852
3/25/2007,10710.7438,51.3,20522
3/26/2007,10940.82645,50.81666667,20340
3/27/2007,11529.91736,50.27083333,20889
3/28/2007,11436.69421,49.97083333,21890
3/29/2007,12001.98347,50.60416667,20740
3/30/2007,12023.80165,51.28333333,20865
3/31/2007,12967.93388,51.68333333,20919
4/1/2007,13969.58678,51.60416667,21380
4/2/2007,14040.99174,51.42083333,21593
4/3/2007,14511.07438,51.27916667,21410
4/4/2007,15008.92562,51.72916667,21056
4/5/2007,16056.19835,51.9,20847
4/6/2007,16085.95041,52.225,20859
4/7/2007,16046.28099,52.45416667,20375
4/8/2007,15875.70248,51.775,20147
4/9/2007,15596.03306,51.97916667,20734
4/10/2007,15246.94215,51.29583333,20604
4/11/2007,15808.26446,51.71666667,20722
4/12/2007,16056.19835,51.60833333,21380
4/13/2007,16064.13223,51.49583333,21690
4/14/2007,16040.33058,52.52083333,21665
4/15/2007,16078.01653,52.06666667,21092
4/16/2007,16044.29752,52.4125,20859
4/17/2007,16064.13223,53.34166667,20668
4/18/2007,16064.13223,52.15416667,21277
4/19/2007,16028.42975,51.1625,21823
4/20/2007,15098.18182,51.4625,21902
4/21/2007,15244.95868,52.2875,21964
4/22/2007,15020.82645,52.1,21896
4/23/2007,15048.59504,51.77916667,21684
4/24/2007,14999.00826,52.72083333,21247
4/25/2007,14965.28926,53.32916667,21295
4/26/2007,15012.89256,52.4125,21556
4/27/2007,15004.95868,49.77916667,21332
4/28/2007,15008.92562,49.625,21769
4/29/2007,16774.21488,49.5625,19985
4/30/2007,16871.40496,49.6625,20293
5/1/2007,16875.3719,49.36666667,21116
5/2/2007,19392.39669,49.07083333,20223
5/3/2007,22125.61983,49.8125,20823
5/4/2007,18632.72727,50.41666667,20668
5/5/2007,18061.4876,50.62916667,20645
5/6/2007,18063.47107,50.90416667,21187
5/7/2007,18005.95041,51.27083333,20913
5/8/2007,17888.92562,50.48333333,20829
5/9/2007,17968.26446,49.73333333,20901
5/10/2007,17996.03306,49.82083333,20728
5/11/2007,18888.59504,49.7625,20440
5/12/2007,18755.70248,49.60416667,20463
5/13/2007,18900.49587,49.775,20871
5/14/2007,21010.90909,49.60416667,20961
5/15/2007,22924.95868,49.6875,20586
5/16/2007,19549.09091,49.81666667,21205
5/17/2007,19507.43802,49.86666667,21550
5/18/2007,19513.38843,49.94166667,21350
5/19/2007,19449.91736,49.9125,21526
5/20/2007,19501.4876,49.725,21562
5/21/2007,19560.99174,49.76666667,21158
5/22/2007,19559.00826,49.3375,20877
5/23/2007,19547.10744,49.4125,20716
5/24/2007,19559.00826,49.42916667,20042
5/25/2007,19035.3719,49.52916667,20990
5/26/2007,19808.92562,49.66666667,21265
5/27/2007,20977.19008,49.8375,21380
5/28/2007,20931.57025,49.97916667,21526
5/29/2007,20959.33884,49.85833333,19333
5/30/2007,20899.83471,49.4875,21008
5/31/2007,20957.35537,49.8875,21744
6/1/2007,21939.17355,50.13333333,21265
6/2/2007,21980.82645,50.26666667,20728
6/3/2007,21943.1405,49.97083333,20943
6/4/2007,21947.10744,49.87083333,21392
6/5/2007,21947.10744,49.82916667,21811
6/6/2007,21941.15702,49.92916667,21872
6/7/2007,21959.00826,50.09583333,21750
6/8/2007,21937.19008,50.2875,21811
6/9/2007,21953.05785,50.36666667,21823
6/10/2007,21964.95868,50.45416667,21787
6/11/2007,21955.04132,50.62083333,21829
6/12/2007,21913.38843,50.74583333,22131
6/13/2007,21960.99174,50.89166667,21307
6/14/2007,21964.95868,50.7375,21146
6/15/2007,23186.77686,51.01666667,21253
6/16/2007,24686.28099,50.92083333,21835
6/17/2007,24803.30579,51.325,22582
6/18/2007,24940.16529,52.08333333,22408
6/19/2007,25961.65289,51.53333333,21392
6/20/2007,25896.19835,51.7375,21593
6/21/2007,25904.13223,51.8125,21854
6/22/2007,26941.4876,51.82916667,21152
6/23/2007,26858.18182,51.04166667,20586
6/24/2007,26927.60331,50.90416667,21235
6/25/2007,26655.86777,51.1375,21301
6/26/2007,27812.2314,51.42916667,21550
6/27/2007,27635.70248,51.46666667,21708
6/28/2007,28087.93388,51.65,22353
6/29/2007,29742.14876,51.8625,22131
6/30/2007,30243.96694,51.7875,21866
7/1/2007,30180.49587,52.09583333,21350
7/2/2007,30126.94215,52.075,21080
7/3/2007,30031.73554,51.92916667,21441
7/4/2007,30081.32231,52.00416667,22526
7/5/2007,30436.36364,52.2375,22538
7/6/2007,30023.80165,52.47916667,22408
7/7/2007,30916.36364,52.5625,22223
7/8/2007,30325.28926,52.775,22199
7/9/2007,30809.2562,53.04166667,21678
7/10/2007,30529.58678,52.9625,22007
7/11/2007,30033.71901,53.27916667,22377
7/12/2007,30043.63636,52.85416667,22007
7/13/2007,30146.77686,53.09583333,22978
7/14/2007,30650.57851,53.3,21860
7/15/2007,30000,53.45833333,21915
7/16/2007,30067.43802,53.65833333,22739
7/17/2007,30599.00826,53.77916667,22538
7/18/2007,30140.82645,53.35,22520
7/19/2007,29855.20661,53.18333333,22482
7/20/2007,29734.21488,53.48333333,22279
7/21/2007,29716.36364,53.7875,22377
7/22/2007,29886.94215,53.83333333,21489
7/23/2007,29623.1405,53.35416667,21392
7/24/2007,29815.53719,53.47083333,21587
7/25/2007,29984.13223,52.45,21890
7/26/2007,29758.01653,51.9,21744
7/27/2007,28329.91736,52.01666667,22482
7/28/2007,26667.7686,52.13333333,22827
7/29/2007,27300.49587,52.07083333,22683
7/30/2007,27338.18182,52.1875,22821
7/31/2007,27484.95868,52.25416667,22396
8/1/2007,26675.70248,52.2875,22808
8/2/2007,27171.57025,52.49166667,22495
8/3/2007,27030.7438,52.875,22677
8/4/2007,26386.1157,52.9875,21872
8/5/2007,25820.82645,53.075,22075
8/6/2007,26433.71901,53.0625,22576
8/7/2007,27227.10744,53.2375,22161
8/8/2007,26376.19835,52.97916667,21860
8/9/2007,25896.19835,52.77916667,21902
8/10/2007,25868.42975,52.40833333,22408
8/11/2007,25406.28099,52.26666667,22273
8/12/2007,25380.49587,52.17916667,22670
8/13/2007,26241.32231,52.45,19766
8/14/2007,24366.94215,52.2,22702
8/15/2007,22938.84298,52.10416667,22285
8/16/2007,22974.54545,52.45833333,22013
8/17/2007,22286.28099,52.70833333,22482
8/18/2007,21788.42975,52.06666667,22236
8/19/2007,20695.53719,51.58333333,22297
8/20/2007,21173.55372,51.475,22285
8/21/2007,20957.35537,51.87083333,21952
8/22/2007,20969.2562,51.97916667,21653
8/23/2007,20027.10744,51.91666667,22100
8/24/2007,19977.52066,51.96666667,22050
8/25/2007,19225.78512,52.2125,21915
8/26/2007,19194.04959,52.225,21811
8/27/2007,19164.29752,52.27916667,21811
8/28/2007,19196.03306,52.35833333,21983
8/29/2007,19150.41322,52.4375,22802
8/30/2007,19176.19835,52.475,22903
8/31/2007,19025.45455,52.925,22390
9/1/2007,19051.23967,53.19583333,22695
9/2/2007,19249.58678,52.86666667,22702
9/3/2007,19160.33058,52.22916667,22965
9/4/2007,19168.26446,52.52916667,22576
9/5/2007,19166.28099,52.82916667,22168
9/6/2007,19158.34711,52.75833333,22334
9/7/2007,18095.20661,52.6375,22161
9/8/2007,17990.08264,52.3875,22433
9/9/2007,17984.13223,52.375,22168
9/10/2007,17924.6281,52.65,22783
9/11/2007,18007.93388,52.92916667,22396
9/12/2007,16990.41322,53.05,22242
9/13/2007,16869.42149,53.375,22589
9/14/2007,15974.87603,53.24166667,22340
9/15/2007,15937.19008,53.6875,22143
9/16/2007,15857.85124,53.925,22439
9/17/2007,15925.28926,55.52083333,21086
9/18/2007,15929.2562,55.47083333,20811
9/19/2007,15947.10744,54.42083333,22297
9/20/2007,15925.28926,54.04583333,22689
9/21/2007,15998.67769,54.4875,22733
9/22/2007,16000.66116,54.45,21970
9/23/2007,15917.35537,54.56666667,21538
9/24/2007,15867.7686,55.03333333,21295
9/25/2007,14949.42149,54.7,21187
9/26/2007,14826.44628,53.54166667,21775
9/27/2007,14814.54545,53.6125,21690
9/28/2007,14796.69421,53.6375,22069
9/29/2007,14782.80992,53.53333333,22513
9/30/2007,14759.00826,53.68333333,22545
10/1/2007,14753.05785,54.00416667,22859
10/2/2007,14891.90083,54.17083333,22739
10/3/2007,14796.69421,54.41666667,22614
10/4/2007,13949.75207,54.3625,22205
10/5/2007,13920,54.3375,21946
10/6/2007,13854.54545,54.36666667,21976
10/7/2007,13804.95868,54.65416667,22645
10/8/2007,13723.63636,54.80833333,22601
10/9/2007,12690.24793,54.8375,23422
10/10/2007,12718.01653,54.9375,19921
10/11/2007,12520.66116,54.79166667,20224.5
10/12/2007,12323.30579,53.85833333,20528
10/13/2007,12396.69421,53.43333333,21763
10/14/2007,12993.71901,54.6625,22211
10/15/2007,12977.85124,55.3375,22733
10/16/2007,12975.86777,55.325,23022
10/17/2007,12087.27273,55.19583333,22242
10/18/2007,12140.82645,55.36666667,22359
10/19/2007,12343.1405,55.75833333,22607
10/20/2007,12015.86777,55.5875,22928
10/21/2007,12039.66942,55.57916667,22482
10/22/2007,12031.73554,55.9625,22752
10/23/2007,11652.89256,56.22083333,22377
10/24/2007,11839.33884,56.16666667,21580
10/25/2007,11833.38843,56.25,20545
10/26/2007,11730.24793,56.15,21289
10/27/2007,11621.15702,56.04166667,21301
10/28/2007,11111.40496,56.07916667,21295
10/29/2007,11569.58678,56.1875,21641
10/30/2007,11212.56198,56.38333333,21970
10/31/2007,11240.33058,56.4625,21927
11/1/2007,11258.18182,56.52083333,21989
11/2/2007,11264.13223,56.49583333,22205
11/3/2007,11232.39669,56.52083333,22161
11/4/2007,11718.34711,56.5375,22032
11/5/2007,11268.09917,56.45416667,21976
11/6/2007,11272.06612,56.36666667,22020
11/7/2007,11278.01653,56.44583333,21927
11/8/2007,11274.04959,56.44166667,21556
11/9/2007,11228.42975,56.41666667,21520
11/10/2007,11254.21488,56.4375,21362
11/11/2007,11240.33058,56.25416667,21325
11/12/2007,11236.36364,56.2125,21599
11/13/2007,11268.09917,56.16666667,21325
11/14/2007,11285.95041,56.31666667,21056
11/15/2007,10930.90909,56.28333333,20811
11/16/2007,11410.90909,56.35416667,20416
11/17/2007,11404.95868,56.275,20135
11/18/2007,10865.45455,56.20416667,20633
11/19/2007,11414.87603,56.12083333,20545
11/20/2007,11510.08264,55.80416667,20817
11/21/2007,11353.38843,55.37916667,21653
11/22/2007,10798.01653,55.4125,21653
11/23/2007,10992.39669,55.08333333,21823
11/24/2007,11133.22314,55.04166667,21952
11/25/2007,11159.00826,55.10833333,22285
11/26/2007,11111.40496,54.95833333,22100
11/27/2007,11208.59504,54.74166667,22464
11/28/2007,11285.95041,54.63333333,21848
11/29/2007,11287.93388,54.3125,21647
11/30/2007,11293.8843,54.10833333,21580
12/1/2007,10946.77686,53.74583333,21562
12/2/2007,10532.2314,53.92083333,21732
12/3/2007,10123.63636,53.79166667,21878
12/4/2007,10107.7686,53.7625,21872
12/5/2007,10109.75207,53.84166667,21574
12/6/2007,10074.04959,53.78333333,21068
12/7/2007,9744.793388,53.6375,21410
12/8/2007,9270.743802,53.15,21008
12/9/2007,9120,52.65416667,21380
12/10/2007,9112.066116,52.33333333,22371
12/11/2007,9112.066116,52.2125,22790
12/12/2007,9044.628099,52.0625,22758
12/13/2007,8957.355372,51.96666667,21970
12/14/2007,9024.793388,51.70416667,21514
12/15/2007,8937.520661,51.575,21223
12/16/2007,8931.570248,51.48333333,21508
12/17/2007,9004.958678,51.2625,21538
12/18/2007,9092.231405,50.97083333,21350
12/19/2007,8987.107438,50.26666667,22254
12/20/2007,8897.85124,50.30416667,22340
12/21/2007,8959.338843,50.19166667,22520
12/22/2007,8969.256198,49.925,21502
12/23/2007,8955.371901,49.97916667,21544
12/24/2007,8955.371901,50.1,21726
12/25/2007,8927.603306,49.96666667,21671
12/26/2007,8929.586777,49.50833333,21146
12/27/2007,8957.355372,49.25,21319
12/28/2007,8943.471074,48.98333333,21295
12/29/2007,8943.471074,48.8125,21164
12/30/2007,8937.520661,48.82916667,20973
12/31/2007,8943.471074,48.7,20598
1/1/2008,8580.495868,48.5625,20764
1/2/2008,8191.735537,48.5625,20949
1/3/2008,7973.553719,48.6,20853
1/4/2008,7976.528926,48.075,20927.5
1/5/2008,7979.504132,47.375,21002
1/6/2008,7943.801653,47.15,20716
1/7/2008,7957.68595,47.33333333,20704
1/8/2008,7957.68595,47.64583333,20823
1/9/2008,7953.719008,47.57916667,22322
1/10/2008,7959.669421,47.32916667,21970
1/11/2008,7975.53719,47.40833333,21848
1/12/2008,7959.669421,47.5875,21271
1/13/2008,7945.785124,47.56666667,20375
1/14/2008,7777.190083,47.32083333,20083
1/15/2008,7562.975207,47.10833333,20282
1/16/2008,7356.694215,46.73333333,20118
1/17/2008,7158.347107,46.59583333,20937
1/18/2008,6971.900826,46.47083333,21319
1/19/2008,6942.14876,46.54166667,20859
1/20/2008,6815.206612,46.57083333,20358
1/21/2008,6944.132231,46.3375,20106
1/22/2008,7007.603306,46.04583333,19956
1/23/2008,7017.520661,45.88333333,19582
1/24/2008,6938.181818,45.65833333,21398
1/25/2008,6983.801653,45.47083333,21817
1/26/2008,6952.066116,45.475,22118
1/27/2008,6761.652893,45.29583333,21835
1/28/2008,6581.157025,45.25,21860
1/29/2008,6468.099174,45.22916667,21829
1/30/2008,6466.115702,45.15833333,21423
1/31/2008,6555.371901,44.82916667,22032
2/1/2008,6493.884298,44.6875,21447
2/2/2008,6470.082645,44.50416667,21750
2/3/2008,6470.082645,44.50416667,21684
2/4/2008,6456.198347,44.64583333,21453
2/5/2008,6458.181818,44.6375,21176
2/6/2008,6464.132231,45.04166667,20311
2/7/2008,6466.115702,45.31666667,20475
2/8/2008,6456.198347,45.34583333,20129
2/9/2008,6464.132231,45.37916667,20147
2/10/2008,6466.115702,45.3625,19749
2/11/2008,6472.066116,45.4875,20931
2/12/2008,6462.14876,45.53333333,20841
2/13/2008,6452.231405,45.55416667,21477
2/14/2008,6472.066116,45.4625,21580
2/15/2008,6480,45.32916667,21128
2/16/2008,6476.033058,45.19583333,20943
2/17/2008,6466.115702,45.35416667,20919
2/18/2008,6450.247934,45.53333333,20817
2/19/2008,6456.198347,45.32916667,20943
2/20/2008,6487.933884,45.18333333,20674
2/21/2008,6474.049587,45.12916667,21750
2/22/2008,6470.082645,45.14166667,21983
2/23/2008,6460.165289,44.93333333,22365
2/24/2008,6733.884298,45.07083333,22026
2/25/2008,6569.256198,45.3875,22427
2/26/2008,6483.966942,45.52083333,21946
2/27/2008,6476.033058,46.10416667,22582
2/28/2008,6809.256198,46.12916667,22371
2/29/2008,6487.933884,45.97083333,21319
3/1/2008,6472.066116,46.25833333,21811
3/2/2008,6434.380165,46.375,20841
3/3/2008,6474.049587,46.27916667,20411
3/4/2008,6472.066116,45.89583333,20299
3/5/2008,6472.066116,46.1125,20782
3/6/2008,6485.950413,45.69583333,20610
3/7/2008,6305.454545,45.59583333,20569
3/8/2008,6362.975207,45.79583333,20205
3/9/2008,6442.31405,45.96086957,20393
3/10/2008,6525.619835,46.77083333,20264
3/11/2008,6589.090909,47.19583333,20493
3/12/2008,6535.53719,47.4625,21253
3/13/2008,6573.22314,47.6,21605
3/14/2008,6608.92562,47.47916667,21995
3/15/2008,6539.504132,47.42916667,21611
3/16/2008,6481.983471,47.275,21568
3/17/2008,6622.809917,46.99166667,21453
3/18/2008,6472.066116,47.32916667,21032
3/19/2008,6501.818182,47.54166667,21146
3/20/2008,6842.975207,47.72916667,20622
3/21/2008,6793.38843,47.52083333,20674
3/22/2008,6579.173554,47.46666667,20710
3/23/2008,6634.710744,47.55833333,20633
3/24/2008,6507.768595,47.9375,21247
3/25/2008,6462.14876,48.08333333,21976
3/26/2008,6428.429752,47.77916667,22390
3/27/2008,6509.752066,47.68333333,22365
3/28/2008,6688.264463,47.28333333,22421
3/29/2008,6636.694215,47.15416667,21702
3/30/2008,8033.057851,47.025,20340
3/31/2008,7963.636364,47.42916667,20194
4/1/2008,8146.115702,48.04166667,20014
4/2/2008,8050.909091,48.6,21805
4/3/2008,7904.132231,48.24166667,22155
4/4/2008,7947.768595,48.2,21787
4/5/2008,10657.19008,48.25416667,21459
4/6/2008,10903.1405,47.98333333,21532
4/7/2008,11004.29752,47.60833333,21732
4/8/2008,12926.28099,47.69583333,21508
4/9/2008,13965.61983,47.64583333,20758
4/10/2008,13886.28099,47.80833333,20782
4/11/2008,13868.42975,48.14166667,21958
4/12/2008,13521.32231,48.41666667,21927
4/13/2008,13896.19835,48.45416667,21653
4/14/2008,13870.41322,48.50416667,22112
4/15/2008,13977.52066,47.9,22620
4/16/2008,14880,47.7875,22495
4/17/2008,14876.03306,48.03333333,22727
4/18/2008,14880,48.375,22827
4/19/2008,14919.66942,48.45416667,22708
4/20/2008,14899.83471,47.84583333,22633
4/21/2008,14917.68595,47.64166667,21952
4/22/2008,14017.19008,47.74583333,21811
4/23/2008,13918.01653,47.8,22495
4/24/2008,13939.83471,48.03333333,22371
4/25/2008,13920,48.36666667,22353
4/26/2008,14102.47934,48.80833333,22186
4/27/2008,14929.58678,48.95,21884
4/28/2008,14915.70248,48.98333333,22205
4/29/2008,14909.75207,48.87916667,22896
4/30/2008,15840,48.2875,22859
5/1/2008,15949.09091,48.47083333,21976
5/2/2008,15895.53719,48.94583333,21805
5/3/2008,16381.4876,48.92916667,22254
5/4/2008,16413.22314,49.12083333,22322
5/5/2008,16403.30579,49.1375,21927
5/6/2008,16393.38843,49.30416667,22771
5/7/2008,16419.17355,49.2,22020
5/8/2008,16391.40496,49.17916667,21671
5/9/2008,16395.3719,49.25,21829
5/10/2008,16399.33884,49.16666667,21841
5/11/2008,16395.3719,49.39583333,22408
5/12/2008,16393.38843,49.39583333,22217
5/13/2008,16385.45455,49.575,21909
5/14/2008,18793.38843,49.74166667,21805
5/15/2008,21582.14876,49.72083333,21946
5/16/2008,17978.18182,50.1625,22285
5/17/2008,17938.5124,50.25833333,22353
5/18/2008,19755.3719,50.125,22890
5/19/2008,19967.60331,50.09583333,22689
5/20/2008,19848.59504,50.0125,22520
5/21/2008,19872.39669,49.825,22538
5/22/2008,19931.90083,50.28333333,21471
5/23/2008,19927.93388,50.1125,21841
5/24/2008,19842.64463,49.7625,22340
5/25/2008,19967.60331,49.4625,22532
5/26/2008,19945.78512,50.12083333,22106
5/27/2008,19927.93388,50.20833333,22458
5/28/2008,19547.10744,50.51666667,22026
5/29/2008,19717.68595,50.57083333,21976
5/30/2008,19739.50413,50.77916667,22645
5/31/2008,19937.85124,51.04166667,21744
6/1/2008,19967.60331,51.05833333,22026
6/2/2008,19925.95041,51.45,22513
6/3/2008,19925.95041,51.86666667,21799
6/4/2008,19963.63636,51.67083333,22359
6/5/2008,20048.92562,51.99583333,22607
6/6/2008,20094.54545,52.13333333,22683
6/7/2008,19983.47107,52.10416667,22758
6/8/2008,19945.78512,52.33333333,22677
6/9/2008,19947.7686,52.54583333,22254
6/10/2008,19904.13223,52.56666667,22106
6/11/2008,20768.92562,52.73333333,22421
6/12/2008,21766.61157,52.7875,22997
6/13/2008,21927.27273,53.22083333,22013
6/14/2008,21802.31405,52.87916667,22846
6/15/2008,21822.14876,53.02083333,22445
6/16/2008,21845.95041,53.22083333,22808
6/17/2008,24519.66942,53.35833333,22538
6/18/2008,25703.80165,53.44583333,22564
6/19/2008,25753.38843,53.5875,22633
6/20/2008,25755.3719,53.83333333,22495
6/21/2008,25787.10744,53.78333333,21878
6/22/2008,25745.45455,53.8,22777
6/23/2008,26334.54545,53.8,22377
6/24/2008,25725.61983,54.20416667,23072
6/25/2008,25771.23967,54.2875,22708
6/26/2008,25646.28099,54.5625,22915
6/27/2008,25598.67769,55.06666667,22421
6/28/2008,25390.41322,54.15,22940
6/29/2008,25430.08264,54.25416667,22915
6/30/2008,25707.7686,54.575,20770
7/1/2008,25793.05785,54.49583333,21823
7/2/2008,25812.89256,53.79166667,23072
7/3/2008,26407.93388,54.02083333,22007
7/4/2008,25757.35537,54.01666667,22433
7/5/2008,25838.67769,54.14583333,22834
7/6/2008,25793.05785,54.36666667,22708
7/7/2008,25826.77686,54.00833333,22777
7/8/2008,25759.33884,53.825,22771
7/9/2008,26070.7438,53.825,22526
7/10/2008,25848.59504,53.49583333,22310
7/11/2008,25247.60331,53.30833333,22752
7/12/2008,25630.41322,53.57083333,22402
7/13/2008,25955.70248,53.83333333,22758
7/14/2008,25842.64463,54.20416667,22752
7/15/2008,25289.2562,54.30416667,23072
7/16/2008,25775.20661,53.30416667,22802
7/17/2008,25765.28926,52.80833333,22513
7/18/2008,25751.40496,52.82083333,22402
7/19/2008,24914.38017,53.12083333,22081
7/20/2008,24884.6281,52.9875,23085
7/21/2008,24821.15702,53.17916667,22978
7/22/2008,24723.96694,53.62083333,22940
7/23/2008,23908.76033,53.62083333,22322
7/24/2008,23839.33884,54,22614
7/25/2008,23648.92562,54.04166667,22953
7/26/2008,23613.22314,53.65,22651
7/27/2008,23008.26446,53.52916667,22377
7/28/2008,23004.29752,53.64583333,22507
7/29/2008,22922.97521,53.81666667,22633
7/30/2008,22968.59504,53.8375,22884
7/31/2008,22895.20661,54.03333333,22739
8/1/2008,22853.55372,53.62916667,22928
8/2/2008,22936.8595,53.375,22470
8/3/2008,21719.00826,53.45416667,23110
8/4/2008,21889.58678,53.35416667,22439
8/5/2008,21820.16529,53.30833333,23053
8/6/2008,21867.7686,53.7125,23275
8/7/2008,22115.70248,53.0625,22614
8/8/2008,21869.75207,52.825,22032
8/9/2008,21584.13223,53.22083333,22402
8/10/2008,20883.96694,53.77916667,22310
8/11/2008,20826.44628,53.40833333,22683
8/12/2008,20818.5124,53.7875,22439
8/13/2008,20852.2314,53.90833333,22495
8/14/2008,20935.53719,53.7375,23003
8/15/2008,20310.7438,53.56666667,22909
8/16/2008,19910.08264,53.73333333,23060
8/17/2008,20326.61157,53.75833333,22303
8/18/2008,20007.27273,53.99166667,22081
8/19/2008,20340.49587,54.17916667,22242
8/20/2008,19834.71074,53.96666667,23097
8/21/2008,20423.80165,53.54583333,22458
8/22/2008,19110.7438,53.75,22658
8/23/2008,18761.65289,53.9625,22771
8/24/2008,18610.90909,54.3875,22433
8/25/2008,18315.3719,54.6375,22439
8/26/2008,18083.30579,54.17916667,22414
8/27/2008,18549.42149,53.7125,22582
8/28/2008,18493.8843,53.59166667,22915
8/29/2008,18807.27273,53.825,22143
8/30/2008,18735.86777,53.9,22044
8/31/2008,17109.42149,54.14583333,22507
9/1/2008,16823.80165,54.24583333,22217
9/2/2008,16859.50413,54.3875,22223
9/3/2008,16859.50413,54.35416667,22626
9/4/2008,16849.58678,53.325,22174
9/5/2008,15957.02479,53.28333333,22896
9/6/2008,15804.29752,53.27916667,22532
9/7/2008,15784.46281,53.34583333,22032
9/8/2008,14981.15702,53.6875,22390
9/9/2008,14909.75207,53.925,22670
9/10/2008,14822.47934,54.00416667,22328
9/11/2008,14846.28099,54.1125,21958
9/12/2008,14929.58678,54.31666667,21872
9/13/2008,14957.35537,54.45,21872
9/14/2008,14033.05785,54.5375,22576
9/15/2008,14346.44628,54.77083333,22570
9/16/2008,14261.15702,54.94166667,22297
9/17/2008,14161.98347,55.17083333,22777
9/18/2008,13697.85124,55.24166667,22896
9/19/2008,14040.99174,55.15416667,22752
9/20/2008,13929.91736,55.23333333,22997
9/21/2008,13949.75207,55.54583333,22100
9/22/2008,13943.80165,55.75,22488
9/23/2008,13033.38843,55.79583333,22501
9/24/2008,13221.81818,55.91666667,22124
9/25/2008,12519.66942,56.12916667,22020
9/26/2008,12987.7686,56.3375,21471
9/27/2008,13033.38843,56.58333333,21599
9/28/2008,12981.81818,56.70416667,21508
9/29/2008,12952.06612,56.65416667,21653
9/30/2008,12920.33058,56.83333333,21927
10/1/2008,12979.83471,56.95416667,22100
10/2/2008,12999.66942,56.90833333,21902
10/3/2008,12874.71074,56.7625,21866
10/4/2008,12757.68595,56.725,22131
10/5/2008,12664.46281,57.00833333,22260
10/6/2008,12412.56198,57.05,22118
10/7/2008,12489.91736,57.32916667,22118
10/8/2008,12424.46281,57.61666667,22106
10/9/2008,12440.33058,57.34583333,22013
10/10/2008,12612.89256,56.95416667,21933
10/11/2008,12779.50413,56.99583333,21307
10/12/2008,12914.38017,57.02916667,20805
10/13/2008,12279.66942,57.47083333,22050
10/14/2008,12716.03306,57.60833333,22118
10/15/2008,12922.31405,57.79166667,21805
10/16/2008,13824.79339,57.77916667,22131
10/17/2008,14838.34711,57.82916667,22557
10/18/2008,14808.59504,57.5625,22347
10/19/2008,14830.41322,57.37916667,22192
10/20/2008,14814.54545,57.51666667,22689
10/21/2008,14979.17355,57.68333333,22557
10/22/2008,15016.8595,57.47083333,21958
10/23/2008,14870.08264,57.45,21684
10/24/2008,14610.24793,57.6125,22106
10/25/2008,14860.16529,57.6625,21829
10/26/2008,14880,57.74583333,21835
10/27/2008,15068.42975,57.74166667,21763
10/28/2008,15004.95868,57.70833333,21502
10/29/2008,14530.90909,57.7625,21605
10/30/2008,14757.02479,57.9,21738
10/31/2008,13848.59504,58.025,21799
11/1/2008,12599.00826,58.04583333,22476
11/2/2008,12602.97521,57.875,21074
11/3/2008,12956.03306,57.65416667,21229
11/4/2008,11944.46281,57.51666667,22161
11/5/2008,11692.56198,57,22106
11/6/2008,11311.73554,56.8875,21976
11/7/2008,10748.42975,57.50833333,22007
11/8/2008,10954.71074,57.65833333,22044
11/9/2008,10474.71074,57.40416667,21026
11/10/2008,9917.355372,57.01666667,21769
11/11/2008,9966.942149,56.60416667,21909
11/12/2008,9764.628099,56.69166667,20883
11/13/2008,9475.041322,57.02083333,20211
11/14/2008,8786.77686,56.72916667,20663
11/15/2008,8711.404959,56.5,20463
11/16/2008,8328.595041,56.42083333,20375
11/17/2008,8068.760331,56.3,20680
11/18/2008,8118.347107,56.2125,20299
11/19/2008,7799.008264,55.9,21116
11/20/2008,7402.31405,55.60833333,21933
11/21/2008,7366.61157,55.5375,22427
11/22/2008,7285.289256,55.28333333,22020
11/23/2008,6910.413223,55.29583333,21726
11/24/2008,7267.438017,55.59583333,21128
11/25/2008,7438.016529,55.69166667,20581
11/26/2008,7285.289256,55.73333333,19835
11/27/2008,7160.330579,55.67083333,19685
11/28/2008,7267.438017,55.50833333,20311
11/29/2008,7142.479339,55.42083333,20540
11/30/2008,6928.264463,55.20833333,20581
12/1/2008,7174.214876,55.16666667,20200
12/2/2008,7255.53719,55.09166667,19777
12/3/2008,7396.363636,54.84166667,20463
12/4/2008,7513.38843,54.53333333,20223
12/5/2008,7504.46281,54.26666667,20358
12/6/2008,7495.53719,54.10416667,20493
12/7/2008,7477.68595,54.00833333,20393
12/8/2008,7596.694215,53.9125,19564
12/9/2008,7505.454545,53.3625,20657
12/10/2008,7487.603306,53.22083333,21823
12/11/2008,7521.322314,53.10416667,21289
12/12/2008,7495.53719,53.1625,21182
12/13/2008,7511.404959,52.99166667,20657
12/14/2008,7495.53719,52.55833333,20440
12/15/2008,7509.421488,52.15833333,20428
12/16/2008,7507.438017,51.85416667,20481
12/17/2008,7493.553719,51.55416667,20522
12/18/2008,7495.53719,51.37083333,21890
12/19/2008,7491.570248,51.25416667,21671
12/20/2008,7477.68595,51.09166667,20710
12/21/2008,7465.785124,50.92916667,20487
12/22/2008,7445.950413,50.83333333,20633
12/23/2008,7453.884298,50.725,20481
12/24/2008,7451.900826,50.4375,20205
12/25/2008,7451.900826,50.15416667,19316
12/26/2008,7465.785124,49.85,19841
12/27/2008,7471.735537,49.56666667,20112
12/28/2008,7455.867769,49.38333333,20025
12/29/2008,7338.842975,49.4,19795
12/30/2008,7493.553719,49.04583333,20264
12/31/2008,7128.595041,48.95,21199
1/1/2009,6912.396694,48.71666667,21344
1/2/2009,6710.082645,48.625,21199
1/3/2009,6517.68595,48.32916667,21020
1/4/2009,6456.198347,47.925,20799
1/5/2009,6487.933884,47.6125,20627
1/6/2009,6511.735537,47.6625,20299
1/7/2009,6485.950413,47.85416667,20457
1/8/2009,6466.115702,47.95416667,20422
1/9/2009,6456.198347,48.09166667,21044
1/10/2009,6476.033058,47.97083333,21289
1/11/2009,6460.165289,47.73333333,21098
1/12/2009,6481.983471,47.8,20847
1/13/2009,6476.033058,47.55416667,20510
1/14/2009,6483.966942,47.3625,19766
1/15/2009,6474.049587,47.24166667,19754
1/16/2009,6474.049587,47.1875,19468
1/17/2009,6442.31405,47.01666667,19384
1/18/2009,6448.264463,47.01666667,19254
1/19/2009,6446.280992,46.85,19215
1/20/2009,6470.082645,46.5375,19530
1/21/2009,6481.983471,46.47916667,19628
1/22/2009,6464.132231,46.51666667,20622
1/23/2009,6450.247934,47.27083333,21056
1/24/2009,6468.099174,48.3625,21769
1/25/2009,6470.082645,48.77916667,22551
1/26/2009,6452.231405,48.59583333,23326
1/27/2009,6458.181818,48.2125,22758
1/28/2009,6464.132231,47.94583333,22316
1/29/2009,6291.570248,47.9625,21605
1/30/2009,6418.512397,48.2125,21459
1/31/2009,6476.033058,48.41666667,21587
2/1/2009,6485.950413,48.575,21750
2/2/2009,6454.214876,48.50416667,22100
2/3/2009,6440.330579,48.46666667,21995
2/4/2009,6468.099174,48.5,21909
2/5/2009,6462.14876,48.29166667,21878
2/6/2009,6478.016529,47.98333333,21915
2/7/2009,6468.099174,47.82083333,21223
2/8/2009,6476.033058,47.45416667,20782
2/9/2009,6454.214876,47.26666667,21325
2/10/2009,6464.132231,47.25,22075
2/11/2009,6487.933884,47.0875,22340
2/12/2009,6444.297521,46.87083333,22291
2/13/2009,6468.099174,46.6125,21775
2/14/2009,6474.049587,46.3625,21690
2/15/2009,6478.016529,46.24583333,21641
2/16/2009,6470.082645,45.9,22106
2/17/2009,6436.363636,45.74166667,21769
2/18/2009,6456.198347,46.0625,21235
2/19/2009,6466.115702,46.3625,21684
2/20/2009,6478.016529,46.71666667,20853
2/21/2009,6456.198347,46.71666667,20252
2/22/2009,6470.082645,47.0375,21020
2/23/2009,6464.132231,47.17083333,22727
2/24/2009,6384.793388,46.97916667,22607
2/25/2009,6454.214876,46.99166667,22174
2/26/2009,6432.396694,46.86666667,22959
2/27/2009,6462.14876,46.95,22365
2/28/2009,6456.198347,47.26666667,22371
3/1/2009,6503.801653,47.34583333,22658
3/2/2009,6587.107438,47.52916667,21799
3/3/2009,6452.231405,47.77916667,21641
3/4/2009,6452.231405,47.62916667,21098
3/5/2009,6446.280992,47.575,21295
3/6/2009,6450.247934,47.32916667,21835
3/7/2009,6442.31405,47.24583333,22032
3/8/2009,6460.165289,47.4,21313
3/9/2009,6487.933884,46.97916667,20985
3/10/2009,6464.132231,47.275,20663
3/11/2009,6339.173554,47.64166667,19192
3/12/2009,6470.082645,48.025,19400
3/13/2009,6474.049587,47.9125,19703
3/14/2009,6478.016529,47.97083333,19777
3/15/2009,6454.214876,48.1,20223
3/16/2009,6438.347107,48.12083333,21026
3/17/2009,6446.280992,48.0875,21744
3/18/2009,6456.198347,48.24166667,22155
3/19/2009,6466.115702,48.44166667,21958
3/20/2009,6464.132231,48.46666667,21441
3/21/2009,6470.082645,48.44166667,21146
3/22/2009,6450.247934,48.75416667,20847
3/23/2009,6491.900826,48.45833333,20534
3/24/2009,6464.132231,48.3625,20375
3/25/2009,6428.429752,48.47916667,20716
3/26/2009,6460.165289,48.61666667,21014
3/27/2009,6462.14876,48.9625,21520
3/28/2009,6432.396694,48.9625,21038
3/29/2009,6436.363636,49.26666667,20387
3/30/2009,6480,48.97916667,20170
3/31/2009,6495.867769,48.46666667,20019
4/1/2009,8755.041322,48.59583333,20031
4/2/2009,8913.719008,48.85,20937
4/3/2009,8923.636364,48.56666667,22601
4/4/2009,8903.801653,48.29166667,22909
4/5/2009,8923.636364,48.10416667,23009
4/6/2009,8929.586777,48.49166667,22852
4/7/2009,8941.487603,48.45833333,22328
4/8/2009,10807.93388,48.275,22057
4/9/2009,10889.2562,47.95416667,22651
4/10/2009,10934.87603,47.8625,22310
4/11/2009,10956.69421,48.24166667,22155
4/12/2009,10881.32231,48.775,21835
4/13/2009,10934.87603,49.19583333,22601
4/14/2009,10871.40496,48.63333333,23016
4/15/2009,10988.42975,48.33333333,21823
4/16/2009,10932.89256,48.62083333,21946
4/17/2009,11960.33058,48.84583333,22143
4/18/2009,12977.85124,48.92083333,21550
4/19/2009,12983.80165,49.03333333,21775
4/20/2009,13108.76033,49.21666667,21793
4/21/2009,12916.36364,49.20416667,23041
4/22/2009,13376.52893,49.28333333,22347
4/23/2009,13914.04959,49.6,21477
4/24/2009,14370.24793,49.45416667,21811
4/25/2009,14885.95041,48.7,21835
4/26/2009,15324.29752,49.07916667,22859
4/27/2009,15814.21488,48.88333333,23066
4/28/2009,16393.38843,48.625,22978
4/29/2009,17795.70248,48.40833333,22087
4/30/2009,17910.7438,48.7375,21199
5/1/2009,17894.87603,48.79166667,21580
5/2/2009,18009.91736,48.6375,21841
5/3/2009,17847.27273,49.175,22279
5/4/2009,17851.23967,49.76666667,22903
5/5/2009,18132.89256,49.88333333,23339
5/6/2009,16667.10744,50.68333333,22852
5/7/2009,15042.64463,50.06666667,21896
5/8/2009,15066.44628,49.94166667,21909
5/9/2009,14975.20661,49.98333333,22069
5/10/2009,14647.93388,50.0875,21520
5/11/2009,15110.08264,50.00833333,21465
5/12/2009,14965.28926,49.8375,22131
5/13/2009,15018.84298,50.0375,22570
5/14/2009,16889.2562,50.07083333,22458
5/15/2009,18295.53719,50.41666667,22236
5/16/2009,18485.95041,50.25416667,21860
5/17/2009,18481.98347,50.18333333,21483
5/18/2009,18218.18182,50.1625,21211
5/19/2009,18049.58678,50.30416667,21271
5/20/2009,18416.52893,50.26666667,21902
5/21/2009,18023.80165,50.40416667,22094
5/22/2009,18107.10744,50.34583333,21708
5/23/2009,18168.59504,50.32916667,21915
5/24/2009,18119.00826,50.475,21866
5/25/2009,18085.28926,50.675,22050
5/26/2009,18156.69421,50.84166667,22075
5/27/2009,18458.18182,50.80416667,22790
5/28/2009,17920.66116,50.7375,22501
5/29/2009,17605.28926,50.74166667,21860
5/30/2009,17597.35537,50.95,21398
5/31/2009,17892.89256,51.075,20135
6/1/2009,18481.98347,50.91666667,19294
6/2/2009,18652.56198,50.7125,20135
6/3/2009,19259.50413,50.9875,20019
6/4/2009,19527.27273,51.25416667,21325
6/5/2009,19652.2314,50.75833333,22334
6/6/2009,19908.09917,50.3625,22402
6/7/2009,20096.52893,51.01666667,21884
6/8/2009,19846.61157,51.22916667,21939
6/9/2009,20185.78512,51.275,21508
6/10/2009,20144.13223,51.34583333,21532
6/11/2009,20156.03306,51.1375,21848
6/12/2009,20027.10744,51.15,22266
6/13/2009,20380.16529,51.47916667,22683
6/14/2009,21477.02479,51.62916667,23047
6/15/2009,21598.01653,51.65416667,22752
6/16/2009,21258.84298,51.85416667,22458
6/17/2009,20560.66116,51.95,22402
6/18/2009,21310.41322,51.90416667,21890
6/19/2009,21849.91736,52.15,21799
6/20/2009,21437.35537,52.01666667,22371
6/21/2009,21596.03306,51.94583333,22057
6/22/2009,22087.93388,52.2875,22482
6/23/2009,22649.2562,52.425,22670
6/24/2009,23430.7438,52.32083333,22186
6/25/2009,24095.20661,52.625,21976
6/26/2009,24765.61983,52.83333333,21890
6/27/2009,24426.44628,52.82083333,22439
6/28/2009,24468.09917,52.86666667,22359
6/29/2009,24156.69421,53.01666667,22683
6/30/2009,24033.71901,53.22083333,22651
7/1/2009,25822.80992,53.32916667,22746
7/2/2009,25761.32231,53.42083333,23016
7/3/2009,25400.33058,53.61666667,23053
7/4/2009,25743.47107,53.80833333,22777
7/5/2009,25699.83471,54.03333333,22991
7/6/2009,25822.80992,54.16666667,22708
7/7/2009,25842.64463,53.6125,22777
7/8/2009,25733.55372,53.44583333,22840
7/9/2009,25866.44628,53.45833333,23135
7/10/2009,25868.42975,53.68333333,22746
7/11/2009,26435.70248,53.87083333,22050
7/12/2009,25475.70248,54.03333333,22334
7/13/2009,25997.35537,53.9875,22303
7/14/2009,25747.43802,53.43333333,22626
7/15/2009,25398.34711,53.89166667,23110
7/16/2009,25844.6281,53.5375,22353
7/17/2009,24704.13223,53.10416667,22063
7/18/2009,25471.73554,53.12916667,22513
7/19/2009,25656.19835,53.5125,22211
7/20/2009,25676.03306,53.02083333,22291
7/21/2009,26009.2562,52.22083333,22758
7/22/2009,23839.33884,52.19583333,22347
7/23/2009,25691.90083,51.95833333,22248
7/24/2009,25545.12397,52.20833333,22526
7/25/2009,25757.35537,52.275,22223
7/26/2009,25668.09917,52.29583333,23422
7/27/2009,26102.47934,52.7125,22991
7/28/2009,26433.71901,52.725,22796
7/29/2009,25779.17355,52.69166667,22890
7/30/2009,25941.81818,52.67083333,23022
7/31/2009,25457.85124,52.9875,22557
8/1/2009,25106.77686,52.79166667,22721
8/2/2009,25039.33884,53.075,22871
8/3/2009,24015.86777,53.07916667,22959
8/4/2009,23932.56198,53.05416667,23141
8/5/2009,23793.71901,53.10416667,22414
8/6/2009,23591.40496,53.05416667,23116
8/7/2009,23861.15702,53.0875,21398
8/8/2009,22976.52893,53.29583333,21763
8/9/2009,22401.32231,53.53333333,22359
8/10/2009,22294.21488,53.51666667,22143
8/11/2009,22119.66942,53.775,21404
8/12/2009,21822.14876,52.99166667,21946
8/13/2009,22115.70248,51.97083333,22464
8/14/2009,21768.59504,52.49583333,22266
8/15/2009,20987.10744,52.5125,22013
8/16/2009,20915.70248,52.38333333,22408
8/17/2009,20622.14876,52.65,23028
8/18/2009,20489.2562,52.96666667,23016
8/19/2009,20465.45455,52.9375,22865
8/20/2009,20350.41322,53.10833333,23243
8/21/2009,20247.27273,53.24166667,22739
8/22/2009,19533.22314,53.25,22526
8/23/2009,19705.78512,53.33333333,22143
8/24/2009,19253.55372,53.4375,22959
8/25/2009,19465.78512,53.75416667,22953
8/26/2009,19967.60331,53.69166667,22595
8/27/2009,19461.81818,53.86666667,20692
8/28/2009,18854.87603,53.8,22721
8/29/2009,19418.18182,53.54166667,22909
8/30/2009,18553.38843,53.1875,22859
8/31/2009,18001.98347,53.48333333,21958
9/1/2009,17763.96694,53.47083333,22947
9/2/2009,16700.82645,53.27916667,23009
9/3/2009,15449.2562,52.48333333,23364
9/4/2009,15350.08264,52.73333333,22507
9/5/2009,15399.66942,53.275,22695
9/6/2009,15375.86777,53.3875,22464
9/7/2009,15921.32231,53.39166667,22075
9/8/2009,15266.77686,53.35416667,22589
9/9/2009,15328.26446,53.58333333,22884
9/10/2009,15748.76033,53.57916667,22601
9/11/2009,15774.54545,53.61666667,22359
9/12/2009,15600,53.575,22396
9/13/2009,14624.13223,53.53333333,22464
9/14/2009,13559.00826,53.71666667,22464
9/15/2009,13636.36364,53.9875,22402
9/16/2009,13632.39669,54.2,22199
9/17/2009,13164.29752,54.27916667,22538
9/18/2009,12561.32231,54.5,22777
9/19/2009,12720,54.625,22334
9/20/2009,12981.81818,55.0875,21829
9/21/2009,12436.36364,55.09166667,21902
9/22/2009,12636.69421,54.825,21841
9/23/2009,12848.92562,54.57916667,21026
9/24/2009,12374.87603,54.57916667,21038
9/25/2009,11640.99174,54.66666667,21502
9/26/2009,11635.04132,54.7875,21593
9/27/2009,11603.30579,54.76666667,21769
9/28/2009,11678.67769,54.6625,22626
9/29/2009,11081.65289,54.84166667,22106
9/30/2009,11744.13223,54.69166667,21386
10/1/2009,11823.47107,54.44583333,20770
10/2/2009,11845.28926,54.3125,20188
10/3/2009,11692.56198,54.4,20071
10/4/2009,11363.30579,54.275,20692
10/5/2009,11329.58678,54.25,21441
10/6/2009,11666.77686,54.35416667,21958
10/7/2009,11706.44628,54.5875,22155
10/8/2009,11902.80992,54.87083333,21170
10/9/2009,11625.12397,55.01666667,21253
10/10/2009,11581.4876,55.18333333,21092
10/11/2009,11827.43802,55.075,21617
10/12/2009,12071.40496,55.08333333,21289
10/13/2009,12085.28926,54.62083333,22322
10/14/2009,11912.72727,54.95416667,23358
10/15/2009,11900.82645,55.3875,22063
10/16/2009,11847.27273,56.2375,21909
10/17/2009,11426.77686,56.79166667,23301
10/18/2009,11972.2314,56.7125,21756
10/19/2009,11928.59504,56.42916667,22664
10/20/2009,11650.90909,56.51666667,22526
10/21/2009,12000,56.40416667,21653
10/22/2009,11742.14876,56.87916667,20979
10/23/2009,11611.23967,57.04583333,20622
10/24/2009,11625.12397,57.3625,20955
10/25/2009,11603.30579,56.8875,20776
10/26/2009,11559.66942,56.95416667,20913
10/27/2009,11089.58678,57.19583333,21152
10/28/2009,11198.67769,56.77916667,21921
10/29/2009,11176.8595,56.82916667,22279
10/30/2009,11125.28926,56.96666667,22094
10/31/2009,11135.20661,57.24166667,21787
11/1/2009,10734.54545,57.6125,21277
11/2/2009,11188.76033,57.64166667,21720
11/3/2009,11155.04132,57.66666667,22186
11/4/2009,11180.82645,57.37083333,22359
11/5/2009,10756.36364,57.41666667,22180
11/6/2009,10803.96694,57.43333333,22118
11/7/2009,10762.31405,57.425,22340
11/8/2009,10792.06612,57.30416667,22174
11/9/2009,10807.93388,57.1125,21775
11/10/2009,10817.85124,57.21666667,21307
11/11/2009,10403.30579,57.20833333,21696
11/12/2009,9990.743802,57.275,21659
11/13/2009,10117.68595,56.925,21787
11/14/2009,9768.595041,56.8125,22069
11/15/2009,9699.173554,56.55,21538
11/16/2009,9254.876033,56.35416667,21477
11/17/2009,9165.619835,56.2,21896
11/18/2009,8739.173554,56.12083333,22934
11/19/2009,8786.77686,55.8375,22291
11/20/2009,8423.801653,55.6875,21429
11/21/2009,7977.520661,55.5375,21092
11/22/2009,7487.603306,55.65416667,20692
11/23/2009,7596.694215,55.65416667,19996
11/24/2009,7572.892562,55.7,19559
11/25/2009,7592.727273,55.51666667,20387
11/26/2009,7402.31405,55.4125,20895
11/27/2009,7213.884298,55.325,21074
11/28/2009,7025.454545,54.84583333,21253
11/29/2009,6485.950413,54.56666667,21319
11/30/2009,6593.057851,54.37916667,21580
12/1/2009,6499.834711,54.30833333,22075
12/2/2009,6545.454545,54.19166667,22192
12/3/2009,6535.53719,53.99166667,22658
12/4/2009,6525.619835,53.69166667,22714
12/5/2009,6509.752066,53.35,22507
12/6/2009,6521.652893,52.92916667,21781
12/7/2009,6511.735537,52.42916667,21823
12/8/2009,6507.768595,51.99583333,22285
12/9/2009,6539.504132,51.75416667,22564
12/10/2009,6543.471074,51.45,22316
12/11/2009,6460.165289,51.3875,22007
12/12/2009,6460.165289,51.25416667,21556
12/13/2009,6456.198347,51.375,21587
12/14/2009,6503.801653,51.50833333,21744
12/15/2009,6499.834711,51.58333333,22513
12/16/2009,6495.867769,51.375,23364
12/17/2009,6559.338843,51.1,23224
12/18/2009,6509.752066,50.94166667,22229
12/19/2009,6489.917355,50.81666667,20704
12/20/2009,6501.818182,50.74583333,20967
12/21/2009,6503.801653,50.62083333,21313
12/22/2009,6543.471074,50.175,21520
12/23/2009,6541.487603,49.7125,21635
12/24/2009,6470.082645,49.4875,22334
12/25/2009,6505.785124,49.32916667,22564
12/26/2009,6525.619835,49.32083333,22903
12/27/2009,6680.330579,49.46666667,22683
12/28/2009,6666.446281,49.375,22445
12/29/2009,6501.818182,49.10416667,22433
12/30/2009,6499.834711,48.95416667,22192
12/31/2009,6472.066116,48.8375,21909
1/1/2010,6478.016529,48.8375,22168
1/2/2010,6472.066116,48.825,22192
1/3/2010,6481.983471,48.7875,21720
1/4/2010,6515.702479,48.71666667,21593
1/5/2010,6485.950413,48.75,21720
1/6/2010,6478.016529,48.75416667,21793
1/7/2010,6468.099174,48.7375,21799
1/8/2010,6478.016529,48.65416667,22020
1/9/2010,6462.14876,48.575,21927
1/10/2010,6440.330579,48.52083333,21933
1/11/2010,6485.950413,48.48333333,21696
1/12/2010,6416.528926,48.54166667,22664
1/13/2010,6357.024793,48.6625,22689
1/14/2010,6476.033058,49.075,21964
1/15/2010,6511.735537,49.24166667,22050
1/16/2010,6487.933884,49.41666667,21556
1/17/2010,6489.917355,49.425,21092
1/18/2010,6478.016529,49.32083333,22664
1/19/2010,6624.793388,49.2375,23428
1/20/2010,8846.280992,48.95416667,22532
1/21/2010,9867.768595,48.63333333,21939
1/22/2010,9459.173554,48.50833333,21580
1/23/2010,9098.181818,48.45,22192
1/24/2010,8691.570248,48.37083333,22570
1/25/2010,8284.958678,48.26666667,22651
1/26/2010,7965.619835,48.0625,22408
1/27/2010,7735.53719,48.00833333,20663
1/28/2010,7529.256198,47.9875,19875
1/29/2010,7346.77686,48.125,20123
1/30/2010,7201.983471,48.09583333,18846
1/31/2010,7013.553719,48.1875,20487
2/1/2010,6817.190083,48.125,20065
2/2/2010,6632.727273,47.82916667,19599
2/3/2010,6559.338843,47.82083333,19153
2/4/2010,6545.454545,47.91666667,20375
2/5/2010,6559.338843,47.875,21976
2/6/2010,6573.22314,48.2125,22402
2/7/2010,6573.22314,48.1125,22827
2/8/2010,6565.289256,48.12083333,22840
2/9/2010,6577.190083,48.31666667,22161
2/10/2010,6523.636364,48.15,21080
2/11/2010,6565.289256,48.05416667,20065
2/12/2010,6559.338843,47.8875,20416
2/13/2010,6553.38843,48.0375,19824
2/14/2010,6559.338843,48.07083333,19553
2/15/2010,6523.636364,48.14166667,19457
2/16/2010,6515.702479,48.40416667,20211
2/17/2010,6485.950413,48.46666667,19502
2/18/2010,6507.768595,48.63333333,19651
2/19/2010,6489.917355,48.6375,19691
2/20/2010,6565.289256,48.6375,19299
2/21/2010,6710.082645,48.49583333,18791
2/22/2010,6644.628099,48.65,19378
2/23/2010,6581.157025,48.7125,20094
2/24/2010,6489.917355,48.24583333,19616
2/25/2010,6557.355372,48.05416667,18984
2/26/2010,6509.752066,48.25416667,20182
2/27/2010,6561.322314,48.3375,21404
2/28/2010,6817.190083,48.475,21014
3/1/2010,6670.413223,48.71666667,21182
3/2/2010,6263.801653,48.6875,20270
3/3/2010,6523.636364,48.57083333,20859
3/4/2010,6652.561983,48.59583333,20399
3/5/2010,6638.677686,48.66666667,19553
3/6/2010,6583.140496,48.8125,19406
3/7/2010,6600.991736,48.94583333,19473
3/8/2010,6608.92562,48.9875,19344
3/9/2010,6428.429752,48.77916667,19587
3/10/2010,6509.752066,48.86666667,19933
3/11/2010,6442.31405,48.55416667,20375
3/12/2010,6460.165289,48.29166667,20901
3/13/2010,6495.867769,48.30416667,21259
3/14/2010,6495.867769,48.16956522,22013
3/15/2010,6464.132231,48.0875,22614
3/16/2010,6474.049587,48.37083333,22279
3/17/2010,6487.933884,48.91666667,22266
3/18/2010,6499.834711,49.1625,22921
3/19/2010,6503.801653,49.2,22236
3/20/2010,6523.636364,49.21666667,21884
3/21/2010,6543.471074,49.50833333,21769
3/22/2010,6464.132231,49.91666667,22285
3/23/2010,6460.165289,49.64166667,22790
3/24/2010,6474.049587,49.47916667,22790
3/25/2010,6485.950413,49.65833333,22852
3/26/2010,6487.933884,49.77916667,22526
3/27/2010,6525.619835,49.575,22733
3/28/2010,6438.347107,49.4375,22570
3/29/2010,6505.785124,49.40833333,22081
3/30/2010,6535.53719,49.48333333,22414
3/31/2010,6456.198347,49.11666667,22683
4/1/2010,6460.165289,49.05833333,21958
4/2/2010,6547.438017,48.89166667,21392
4/3/2010,6345.123967,48.78333333,20031
4/4/2010,6668.429752,48.60833333,20627
4/5/2010,6507.768595,48.2875,20990
4/6/2010,6533.553719,48.36666667,22297
4/7/2010,6537.520661,49.05,21158
4/8/2010,6557.355372,49.72083333,20264
4/9/2010,6535.53719,49.94166667,19610
4/10/2010,6587.107438,49.8,19260
4/11/2010,6597.024793,49.82083333,19142
4/12/2010,6608.92562,49.47916667,20853
4/13/2010,6608.92562,49.01666667,22871
4/14/2010,6602.975207,49.3875,22739
4/15/2010,7622.479339,49.65416667,21823
4/16/2010,9163.636364,49.91666667,21647
4/17/2010,9092.231405,50.125,21976
4/18/2010,9179.504132,50.525,21271
4/19/2010,9197.355372,50.46666667,20937
4/20/2010,9151.735537,50.42083333,20793
4/21/2010,9177.520661,50.53333333,20364
4/22/2010,11051.90083,50.2875,19754
4/23/2010,10919.00826,50.05416667,21205
4/24/2010,12708.09917,50.6625,21958
4/25/2010,12880.66116,50.3625,22186
4/26/2010,13073.05785,49.60833333,21344
4/27/2010,13079.00826,49.4375,22026
4/28/2010,13102.80992,49.25416667,22303
4/29/2010,13090.90909,49.56666667,21593
4/30/2010,13106.77686,49.89166667,21659
5/1/2010,14723.30579,50.69166667,22316
5/2/2010,14885.95041,51.14166667,22414
5/3/2010,14889.91736,50.28333333,22359
5/4/2010,14991.07438,49.71666667,22871
5/5/2010,15036.69421,49.875,22783
5/6/2010,15062.47934,49.525,22433
5/7/2010,15046.61157,49.62083333,23390
5/8/2010,15052.56198,49.9125,23199
5/9/2010,15038.67769,50.82916667,22670
5/10/2010,15080.33058,50.775,22771
5/11/2010,14997.02479,50.49166667,22840
5/12/2010,14711.40496,51.175,22557
5/13/2010,14878.01653,51.52083333,22695
5/14/2010,16581.81818,51.67916667,22658
5/15/2010,17006.28099,51.60416667,22570
5/16/2010,17051.90083,51.6625,22890
5/17/2010,16829.75207,51.40833333,22764
5/18/2010,16964.6281,50.97916667,23186
5/19/2010,16437.02479,50.9375,23256
5/20/2010,16845.61983,50.65833333,22464
5/21/2010,16849.58678,50.9375,22266
5/22/2010,16788.09917,50.6875,22266
5/23/2010,16766.28099,50.52916667,22796
5/24/2010,16803.96694,51.49166667,22928
5/25/2010,18224.13223,51.37083333,21860
5/26/2010,19555.04132,52.2,22677
5/27/2010,21657.52066,52.3,22211
5/28/2010,24368.92562,52.57916667,21289
5/29/2010,28540.16529,53.31666667,20937
5/30/2010,29404.95868,53.95,21684
5/31/2010,29083.63636,54.1125,21732
6/1/2010,19997.35537,51.675,22087
6/2/2010,28984.46281,50.1125,21325
6/3/2010,29712.39669,50.07916667,21014
6/4/2010,29371.23967,50.20416667,23066
6/5/2010,29607.27273,50.275,23003
6/6/2010,29668.76033,50.64166667,22714
6/7/2010,29446.61157,50.6,22739
6/8/2010,25753.38843,50.7,22495
6/9/2010,22306.1157,50.7125,21952
6/10/2010,21490.90909,50.00416667,22557
6/11/2010,19818.84298,49.75833333,22476
6/12/2010,21701.15702,50.00416667,22802
6/13/2010,21056.52893,49.7875,23060
6/14/2010,22932.89256,49.89583333,22909
6/15/2010,21643.63636,50.04583333,22978
6/16/2010,21542.47934,49.975,23003
6/17/2010,21502.80992,50.34166667,22626
6/18/2010,21288.59504,49.70833333,22972
6/19/2010,21570.24793,49.90416667,22538
6/20/2010,21651.57025,50.02083333,22764
6/21/2010,21683.30579,50.25416667,22708
6/22/2010,21570.24793,50.14166667,22242
6/23/2010,21459.17355,49.97916667,22217
6/24/2010,21411.57025,49.91666667,22965
6/25/2010,21377.85124,50.01666667,22928
6/26/2010,21665.45455,50.34166667,22771
6/27/2010,22167.27273,50.3375,23141
6/28/2010,23196.69421,50.32083333,22733
6/29/2010,23565.61983,50.4125,22223
6/30/2010,23408.92562,50.3625,22439
7/1/2010,23575.53719,50.3625,22532
7/2/2010,23406.94215,50.35833333,23078
7/3/2010,23587.43802,50.4875,23041
7/4/2010,23557.68595,50.6,22476
7/5/2010,23389.09091,50.43333333,22607
7/6/2010,22952.72727,50.62916667,22896
7/7/2010,23531.90083,50.6125,22865
7/8/2010,24347.10744,50.62916667,22451
7/9/2010,24577.19008,50.73333333,23211
7/10/2010,24686.28099,50.72916667,22384
7/11/2010,24686.28099,50.8375,21958
7/12/2010,24507.7686,50.87083333,22273
7/13/2010,24595.04132,50.87083333,21983
7/14/2010,24206.28099,50.8875,22601
7/15/2010,24418.5124,50.82083333,22557
7/16/2010,24382.80992,50.84166667,23066
7/17/2010,24442.31405,50.92083333,22589
7/18/2010,24860.82645,50.85,22451
7/19/2010,24610.90909,50.82083333,22501
7/20/2010,24612.89256,50.72916667,22303
7/21/2010,23476.36364,50.8625,22421
7/22/2010,24573.22314,50.90416667,22683
7/23/2010,24547.43802,50.93333333,22538
7/24/2010,24228.09917,50.94166667,22771
7/25/2010,24144.79339,51.09166667,23028
7/26/2010,24105.12397,51.1375,23320
7/27/2010,24626.77686,51.2,23237
7/28/2010,24402.64463,51.39166667,23116
7/29/2010,24589.09091,51.14166667,22087
7/30/2010,24382.80992,51.14583333,22168
7/31/2010,24188.42975,51.22083333,22865
8/1/2010,24267.7686,51.40833333,22771
8/2/2010,24414.54545,51.4,21253
8/3/2010,24848.92562,51.4125,21775
8/4/2010,23877.02479,51.61666667,22595
8/5/2010,23767.93388,51.6875,22545
8/6/2010,23393.05785,51.70833333,22106
8/7/2010,22522.31405,51.8875,22702
8/8/2010,21655.53719,51.86666667,22421
8/9/2010,22038.34711,52.075,22297
8/10/2010,21500.82645,52.2125,22501
8/11/2010,20959.33884,51.5875,22651
8/12/2010,20560.66116,51.71666667,22458
8/13/2010,20280.99174,51.64166667,22570
8/14/2010,19723.63636,51.81666667,22396
8/15/2010,19507.43802,52.02083333,21671
8/16/2010,19785.12397,52.05,20931
8/17/2010,19890.24793,51.62916667,21526
8/18/2010,19511.40496,51.09583333,21459
8/19/2010,18979.83471,50.9875,21199
8/20/2010,18555.3719,51.07916667,21744
8/21/2010,18345.12397,51.10416667,22026
8/22/2010,18277.68595,51.175,20563
8/23/2010,18420.49587,51.2625,21708
8/24/2010,17837.35537,51.0625,22069
8/25/2010,18043.63636,51.20416667,21520
8/26/2010,17724.29752,51.32083333,21526
8/27/2010,17256.19835,51.51666667,22223
8/28/2010,16833.71901,51.48333333,21970
8/29/2010,17087.60331,51.12916667,21593
8/30/2010,17036.03306,51.1875,21763
8/31/2010,16504.46281,51.43333333,22260
9/1/2010,17125.28926,51.68333333,21799
9/2/2010,16756.36364,51.56666667,21763
9/3/2010,16694.87603,51.7625,21635
9/4/2010,16760.33058,51.75416667,21423
9/5/2010,16242.64463,51.9,21417
9/6/2010,15941.15702,51.64166667,21884
9/7/2010,16119.66942,51.4125,21958
9/8/2010,16135.53719,51.4375,21921
9/9/2010,15994.71074,50.6375,22733
9/10/2010,16216.8595,51.025,23160
9/11/2010,16131.57025,50.78333333,22445
9/12/2010,15730.90909,50.6625,21170
9/13/2010,15076.36364,51.0375,22708
9/14/2010,14971.23967,51.70416667,22291
9/15/2010,14715.3719,52.05,21970
9/16/2010,14388.09917,52.0625,21556
9/17/2010,13941.81818,52.09166667,21538
9/18/2010,13598.67769,51.77083333,21128
9/19/2010,13400.33058,51.26666667,20973
9/20/2010,13317.02479,51.075,21477
9/21/2010,13303.1405,51.1625,21896
9/22/2010,13063.1405,51.23333333,21526
9/23/2010,13382.47934,51.64583333,21635
9/24/2010,13184.13223,51.51666667,21659
9/25/2010,13196.03306,51.6,21307
9/26/2010,13055.20661,51.57916667,20937
9/27/2010,13172.2314,51.51666667,20740
9/28/2010,13086.94215,51.82916667,21026
9/29/2010,13122.64463,51.77916667,20973
9/30/2010,13124.6281,51.75,22118
10/1/2010,12690.24793,51.81666667,22057
10/2/2010,12644.6281,52.10833333,22013
10/3/2010,12714.04959,52.15,21702
10/4/2010,12961.98347,52.02916667,21860
10/5/2010,12896.52893,52.16666667,21787
10/6/2010,12960,51.94166667,21989
10/7/2010,12454.21488,52.02083333,21835
10/8/2010,12101.15702,52.01666667,21769
10/9/2010,11863.1405,52.175,21805
10/10/2010,11954.38017,52.50416667,21520
10/11/2010,12021.81818,53.1125,21164
10/12/2010,11807.60331,52.87083333,21050
10/13/2010,12000,52.25833333,21495
10/14/2010,11811.57025,51.85,21404
10/15/2010,11799.66942,51.75833333,21617
10/16/2010,11805.61983,51.79166667,21301
10/17/2010,11960.33058,51.75833333,21152
10/18/2010,12021.81818,51.69583333,21056
10/19/2010,12091.23967,51.55416667,20770
10/20/2010,11926.61157,51.45833333,21074
10/21/2010,11950.41322,51.70833333,21050
10/22/2010,11670.7438,51.625,20937
10/23/2010,11827.43802,51.24583333,20639
10/24/2010,11577.52066,51.04166667,21182
10/25/2010,11736.19835,51.0875,20943
10/26/2010,11845.28926,51.17916667,20457
10/27/2010,11916.69421,51.3,19507
10/28/2010,12015.86777,51.24166667,19288
10/29/2010,12059.50413,51.13333333,18929
10/30/2010,11930.57851,51.2375,18269
10/31/2010,11849.2562,51.44166667,19656
11/1/2010,11984.13223,51.475,18763
11/2/2010,11888.92562,51.99583333,18035
11/3/2010,12126.94215,51.88333333,19131
11/4/2010,11851.23967,51.62916667,19507
11/5/2010,11488.26446,51.6375,19916
11/6/2010,11494.21488,51.42083333,19668
11/7/2010,10861.4876,51.45,19518
11/8/2010,11654.87603,51.85416667,19582
11/9/2010,11660.82645,51.00416667,19875
11/10/2010,11488.26446,50.78333333,20405
11/11/2010,11402.97521,50.74583333,20060
11/12/2010,11478.34711,50.75,20481
11/13/2010,11740.16529,50.82083333,19858
11/14/2010,11668.76033,50.9625,19743
11/15/2010,11418.84298,51.23333333,19582
11/16/2010,11418.84298,51.21666667,19524
11/17/2010,11351.40496,51.19166667,20188
11/18/2010,11579.50413,51.10416667,19847
11/19/2010,11732.2314,51.17916667,19806
11/20/2010,11942.47934,51.05833333,19271
11/21/2010,11613.22314,50.9375,19979
11/22/2010,11851.23967,50.9125,20019
11/23/2010,11769.91736,51.10833333,20094
11/24/2010,11198.67769,50.79583333,20581
11/25/2010,11589.42149,50.74166667,20575
11/26/2010,11583.47107,50.99166667,20907
11/27/2010,11696.52893,51.00833333,21038
11/28/2010,11706.44628,50.95,20399
11/29/2010,11650.90909,50.93333333,20734
11/30/2010,11662.80992,51.00833333,21050
12/1/2010,11948.42975,51.19583333,21014
12/2/2010,11886.94215,51.2625,20961
12/3/2010,12049.58678,51.15416667,21140
12/4/2010,11781.81818,51.25,20651
12/5/2010,11722.31405,51.35833333,20387
12/6/2010,11763.96694,51.3875,21086
12/7/2010,11837.35537,51.40833333,21068
12/8/2010,11460.49587,51.425,20740
12/9/2010,11720.33058,51.54166667,20610
12/10/2010,10617.52066,51.49166667,20370
12/11/2010,13967.60331,51.42916667,20048
12/12/2010,13626.44628,51.40416667,20037
12/13/2010,14074.71074,51.1875,19973
12/14/2010,26338.5124,52.3625,20305
12/15/2010,28226.77686,53.25416667,20293
12/16/2010,27691.23967,53.20416667,19772
12/17/2010,27508.76033,53.17083333,19187
12/18/2010,27040.66116,53.14583333,19288
12/19/2010,26358.34711,53.0125,17473
12/20/2010,26161.98347,52.61666667,17766
12/21/2010,26572.56198,52.2375,19605
12/22/2010,27151.73554,52.14166667,20147
12/23/2010,28911.07438,52.1,20835
12/24/2010,25146.44628,52.40833333,19674
12/25/2010,21237.02479,52.3375,19440
12/26/2010,20759.00826,51.72083333,20340
12/27/2010,21153.71901,51.49583333,20722
12/28/2010,21179.50413,51.53333333,20540
12/29/2010,21290.57851,51.11666667,21392
12/30/2010,27219.17355,50.91666667,20100
12/31/2010,28371.57025,50.825,19333
1/1/2011,28060.16529,50.9125,18548
1/2/2011,27968.92562,50.89583333,19434
1/3/2011,28298.18182,50.9875,20135
1/4/2011,28312.06612,50.79583333,18149
1/5/2011,27437.35537,50.5875,18432
1/6/2011,25737.52066,50.54583333,19910
1/7/2011,24733.8843,50.26666667,20200
1/8/2011,24517.68595,49.975,19651
1/9/2011,21409.58678,49.73333333,20299
1/10/2011,18420.49587,49.69166667,20014
1/11/2011,16573.8843,49.69583333,19119
1/12/2011,16605.61983,49.58333333,19339
1/13/2011,16782.14876,49.5375,19007
1/14/2011,14532.89256,49.55833333,20428
1/15/2011,12303.47107,49.45833333,20925
1/16/2011,12001.98347,49.62916667,20782
1/17/2011,12091.23967,49.34583333,20985
1/18/2011,12011.90083,49.2375,21483
1/19/2011,11861.15702,49.2125,21410
1/20/2011,11516.03306,49.43333333,21038
1/21/2011,11081.65289,49.61666667,21325
1/22/2011,10498.5124,49.75416667,20575
1/23/2011,10262.47934,49.67916667,19887
1/24/2011,9901.487603,49.60416667,19674
1/25/2011,10074.04959,49.60416667,19703
1/26/2011,9490.909091,49.5,19428
1/27/2011,8975.206612,49.47916667,20112
1/28/2011,8358.347107,49.40833333,21092
1/29/2011,7991.404959,49.19166667,21532
1/30/2011,7890.247934,49.0875,21146
1/31/2011,8005.289256,48.9625,21116
2/1/2011,7981.487603,48.97916667,20657
2/2/2011,7884.297521,48.97916667,21074
2/3/2011,7951.735537,48.87083333,20793
2/4/2011,8080.661157,48.98333333,20937
2/5/2011,7959.669421,49.17083333,21338
2/6/2011,8108.429752,49.40833333,20895
2/7/2011,8118.347107,49.40416667,20651
2/8/2011,8066.77686,49.07916667,20387
2/9/2011,7945.785124,48.7875,20633
2/10/2011,7856.528926,48.80416667,21170
2/11/2011,7923.966942,48.9375,21374
2/12/2011,7830.743802,48.82083333,21744
2/13/2011,7933.884298,48.79583333,21447
2/14/2011,7991.404959,48.5625,22217
2/15/2011,7888.264463,48.225,22589
2/16/2011,7793.057851,47.90833333,22733
2/17/2011,7683.966942,47.3875,22192
2/18/2011,7715.702479,47.0625,22069
2/19/2011,7761.322314,46.90833333,20823
2/20/2011,7616.528926,47.10833333,21726
2/21/2011,7771.239669,47.52916667,22205
2/22/2011,7977.520661,47.55416667,22057
2/23/2011,7699.834711,47.70833333,21520
2/24/2011,7719.669421,47.41666667,20680
2/25/2011,7747.438017,47.62916667,20393
2/26/2011,7628.429752,47.44166667,19265
2/27/2011,7426.115702,47.12916667,19835
2/28/2011,7531.239669,47.25416667,20961
3/1/2011,7743.471074,47.28333333,21623
3/2/2011,7689.917355,47.425,21110
3/3/2011,7832.727273,47.70833333,19858
3/4/2011,7594.710744,47.95833333,19685
3/5/2011,7717.68595,48.14583333,18692
3/6/2011,7626.446281,48.18333333,18242
3/7/2011,7612.561983,48.35833333,18537
3/8/2011,7358.677686,48.45416667,18631
3/9/2011,7634.380165,48.43333333,19417
3/10/2011,7606.61157,48.49583333,20770
3/11/2011,7588.760331,48.54583333,21544
3/12/2011,7695.867769,48.50416667,19910
3/13/2011,7560.991736,48.34347826,19610
3/14/2011,8044.958678,48.41666667,19547
3/15/2011,26961.32231,48.29583333,19824
3/16/2011,36416.52893,48.00833333,19473
3/17/2011,48408.59504,47.925,22100
3/18/2011,57722.97521,47.74166667,21295
3/19/2011,71807.60331,47.475,20651
3/20/2011,72366.94215,47.45,21896
3/21/2011,85681.98347,47.61666667,22094
3/22/2011,91735.53719,47.56666667,19887
3/23/2011,74850.24793,47.74166667,19417
3/24/2011,40248.59504,47.6125,17146
3/25/2011,50116.36364,47.41666667,19355
3/26/2011,78543.47107,47.5625,19887
3/27/2011,75205.28926,47.6125,19674
3/28/2011,80709.42149,47.64583333,20112
3/29/2011,94484.6281,47.72916667,19795
3/30/2011,90648.59504,47.97083333,19097
3/31/2011,89464.46281,48.275,18912
4/1/2011,83775.86777,48.45833333,18367
4/2/2011,73775.20661,48.64583333,18664
4/3/2011,64131.57025,49.01666667,19824
4/4/2011,54503.80165,49.0125,20118
4/5/2011,46262.47934,48.83333333,19933
4/6/2011,39722.97521,48.9375,19434
4/7/2011,34637.35537,48.4,20188
4/8/2011,28163.30579,48.425,19605
4/9/2011,26647.93388,49.08333333,19933
4/10/2011,25586.77686,49.2125,20170
4/11/2011,22143.47107,49.14583333,20411
4/12/2011,19166.28099,49.175,20305
4/13/2011,16347.7686,49.66666667,22384
4/14/2011,14066.77686,49.17916667,22199
4/15/2011,12416.52893,49.17083333,22396
4/16/2011,12275.70248,49.57916667,22050
4/17/2011,12224.13223,50.2375,21958
4/18/2011,12119.00826,50.65,21946
4/19/2011,11982.14876,50.28333333,22069
4/20/2011,11857.19008,50.0375,22821
4/21/2011,11744.13223,50.45,22371
4/22/2011,11531.90083,50.72916667,22223
4/23/2011,11565.61983,51.29583333,21787
4/24/2011,11611.23967,51.5125,21720
4/25/2011,11589.42149,51.23333333,22118
4/26/2011,11652.89256,50.37083333,21921
4/27/2011,11658.84298,49.92083333,21514
4/28/2011,11599.33884,51.075,22124
4/29/2011,11815.53719,51.20833333,22488
4/30/2011,11898.84298,50.95,22620
5/1/2011,11779.83471,51.5125,21020
5/2/2011,11656.8595,52.45416667,21056
5/3/2011,14762.97521,52.625,21223
5/4/2011,15193.38843,52.40833333,21495
5/5/2011,14977.19008,53.20416667,20457
5/6/2011,14703.47107,53.20833333,20288
5/7/2011,14437.68595,52,20592
5/8/2011,14491.23967,50.82083333,20229
5/9/2011,14378.18182,50.57916667,21068
5/10/2011,14469.42149,51.25833333,20889
5/11/2011,14737.19008,51.5875,21690
5/12/2011,14905.78512,51.07916667,21295
5/13/2011,14578.5124,51.225,21508
5/14/2011,14780.82645,51.05416667,19973
5/15/2011,14751.07438,50.4625,19316
5/16/2011,14907.7686,49.87916667,20276
5/17/2011,14895.86777,50.16666667,22928
5/18/2011,16801.98347,51.27083333,22316
5/19/2011,16867.43802,52.1375,21860
5/20/2011,18753.71901,53.1875,21629
5/21/2011,18840.99174,53.09583333,21927
5/22/2011,18870.7438,51.92916667,22137
5/23/2011,19449.91736,51.67916667,22846
5/24/2011,18829.09091,51.8,22846
5/25/2011,18844.95868,51.76666667,22044
5/26/2011,18666.44628,50.67916667,21878
5/27/2011,20729.2562,50.94583333,22087
5/28/2011,22010.57851,51.48333333,22013
5/29/2011,22222.80992,51.67083333,21744
5/30/2011,22226.77686,52.59166667,21259
5/31/2011,22034.38017,51.47083333,22445
6/1/2011,22770.24793,51.24583333,21958
6/2/2011,25297.19008,51.86666667,21447
6/3/2011,26630.08264,51.775,21641
6/4/2011,37463.80165,51.79583333,22279
6/5/2011,38050.90909,51.9,22582
6/6/2011,36781.4876,51.75,18432
6/7/2011,33962.97521,52.15416667,20522
6/8/2011,28066.1157,52.69166667,22840
6/9/2011,25412.2314,51.48333333,22865
6/10/2011,21649.58678,50.13333333,22482
6/11/2011,18831.07438,49.875,22242
6/12/2011,18464.13223,49.9,22081
6/13/2011,19699.83471,50.17916667,22242
6/14/2011,23000.33058,50.18333333,22815
6/15/2011,21685.28926,49.45416667,23035
6/16/2011,21685.28926,49.2375,22390
6/17/2011,21832.06612,49.225,22639
6/18/2011,21719.00826,49.2,22708
6/19/2011,21871.73554,49.39583333,22802
6/20/2011,21949.09091,49.45,22721
6/21/2011,22177.19008,49.5,20481
6/22/2011,22179.17355,49.25,22909
6/23/2011,22123.63636,49.3875,22815
6/24/2011,20731.23967,49.48333333,22520
6/25/2011,22331.90083,49.42916667,22433
6/26/2011,22325.95041,49.39166667,22513
6/27/2011,22321.98347,49.4375,22689
6/28/2011,22306.1157,49.6875,22708
6/29/2011,22264.46281,49.1125,22595
6/30/2011,23631.07438,49.50833333,23358
7/1/2011,24850.90909,49.62916667,22396
7/2/2011,24569.2562,49.55833333,23282
7/3/2011,24825.12397,49.62083333,22909
7/4/2011,24967.93388,49.7875,23173
7/5/2011,25543.1405,49.75833333,22451
7/6/2011,25785.12397,49.75416667,21946
7/7/2011,25795.04132,49.79583333,23091
7/8/2011,25775.20661,49.93333333,23148
7/9/2011,24852.89256,49.95833333,22928
7/10/2011,24817.19008,49.93333333,22852
7/11/2011,24801.32231,49.85416667,22303
7/12/2011,24468.09917,49.82916667,21380
7/13/2011,24236.03306,49.59583333,21775
7/14/2011,24412.56198,49.7625,21253
7/15/2011,24245.95041,49.4875,21983
7/16/2011,24172.56198,49.55833333,22106
7/17/2011,24805.28926,49.60833333,22476
7/18/2011,24819.17355,49.46666667,22915
7/19/2011,24817.19008,49.59166667,22783
7/20/2011,23736.19835,50.03333333,22664
7/21/2011,23644.95868,50.2625,22402
7/22/2011,23359.33884,50.26666667,22458
7/23/2011,23361.32231,50.29583333,22458
7/24/2011,23488.26446,50.30833333,22664
7/25/2011,23875.04132,50.34583333,22903
7/26/2011,23972.2314,50.34166667,22928
7/27/2011,23720.33058,50.40833333,22934
7/28/2011,23730.24793,50.5,22959
7/29/2011,23702.47934,50.5625,22972
7/30/2011,23801.65289,50.64166667,22852
7/31/2011,23720.33058,50.59166667,23066
8/1/2011,23771.90083,50.69166667,22972
8/2/2011,23777.85124,50.76666667,22482
8/3/2011,24097.19008,50.8,22607
8/4/2011,23831.40496,50.79166667,22915
8/5/2011,24033.71901,50.82916667,22266
8/6/2011,23688.59504,50.9875,22390
8/7/2011,23242.31405,51.05,22607
8/8/2011,23303.80165,51.04166667,22582
8/9/2011,23204.6281,51.37083333,22796
8/10/2011,23204.6281,51.39583333,22965
8/11/2011,23220.49587,51.39166667,22940
8/12/2011,23222.47934,51.075,23250
8/13/2011,22774.21488,51.06666667,23141
8/14/2011,22526.28099,51.02916667,22953
8/15/2011,22474.71074,50.98333333,23237
8/16/2011,22792.06612,51.0125,23003
8/17/2011,22772.2314,50.95833333,22273
8/18/2011,21806.28099,51.07083333,22865
8/19/2011,22397.35537,51.19166667,22205
8/20/2011,22169.2562,51.125,22273
8/21/2011,22040.33058,51.12083333,22670
8/22/2011,22320,51.225,22192
8/23/2011,22135.53719,51.325,22112
8/24/2011,22058.18182,51.45833333,21989
8/25/2011,21897.52066,51.45416667,21605
8/26/2011,21564.29752,51.4125,22260
8/27/2011,21715.04132,51.675,22353
8/28/2011,21528.59504,51.61666667,22620
8/29/2011,21814.21488,51.5625,22050
8/30/2011,21816.19835,51.64583333,22865
8/31/2011,21812.2314,51.90833333,22758
9/1/2011,21155.70248,52.025,22890
9/2/2011,21302.47934,51.73333333,22997
9/3/2011,21175.53719,51.45416667,22645
9/4/2011,21332.2314,51.6375,22796
9/5/2011,21338.18182,51.6625,22607
9/6/2011,20679.66942,51.70416667,22526
9/7/2011,21296.52893,51.63333333,22702
9/8/2011,20764.95868,51.76666667,23009
9/9/2011,20883.96694,52.0375,22865
9/10/2011,20342.47934,52.04166667,22702
9/11/2011,19842.64463,51.95416667,22953
9/12/2011,19866.44628,51.76666667,22513
9/13/2011,19866.44628,51.84583333,22433
9/14/2011,19457.85124,51.95833333,21915
9/15/2011,19055.20661,51.98333333,21199
9/16/2011,18642.64463,51.8875,22118
9/17/2011,18650.57851,52.025,22476
9/18/2011,18654.54545,51.52083333,22532
9/19/2011,18682.31405,50.85416667,22934
9/20/2011,18370.90909,50.93333333,22689
9/21/2011,18483.96694,50.9875,22445
9/22/2011,18640.66116,51.05416667,22155
9/23/2011,18259.83471,51.09166667,22384
9/24/2011,17880.99174,50.62916667,22316
9/25/2011,17480.33058,50.85833333,22538
9/26/2011,17506.1157,50.80416667,22607
9/27/2011,17468.42975,50.63333333,22291
9/28/2011,17458.5124,50.64583333,21665
9/29/2011,17456.52893,50.925,22520
9/30/2011,17466.44628,51.02083333,22570
10/1/2011,17383.1405,51.00416667,22476
10/2/2011,17053.8843,50.67916667,22248
10/3/2011,16310.08264,50.76666667,22451
10/4/2011,16290.24793,50.61666667,22451
10/5/2011,16266.44628,50.5,22050
10/6/2011,16022.47934,50.84166667,22248
10/7/2011,16095.86777,51.16666667,22777
10/8/2011,16421.15702,51.01666667,22488
10/9/2011,16226.77686,51.1625,22131
10/10/2011,16492.56198,51.225,21726
10/11/2011,16171.23967,51.29583333,21714
10/12/2011,16008.59504,51.40833333,22871
10/13/2011,16496.52893,51.15,22081
10/14/2011,16280.33058,51.17916667,22310
10/15/2011,14491.23967,51.48333333,21896
10/16/2011,12279.66942,51.65416667,21593
10/17/2011,11900.82645,52.075,21170
10/18/2011,11916.69421,52.12916667,21140
10/19/2011,11910.7438,51.9625,20990
10/20/2011,13759.33884,51.92083333,20859
10/21/2011,13896.19835,51.925,21193
10/22/2011,13898.18182,52.05833333,20973
10/23/2011,13888.26446,51.89583333,20793
10/24/2011,13888.26446,51.84583333,21714
10/25/2011,13898.18182,51.84583333,22223
10/26/2011,13939.83471,51.7875,21939
10/27/2011,13943.80165,51.49166667,21587
10/28/2011,13902.14876,51.50833333,21134
10/29/2011,13894.21488,51.6375,20961
10/30/2011,13884.29752,51.6375,20949
10/31/2011,13892.2314,51.75416667,20722
11/1/2011,13878.34711,51.55416667,20770
11/2/2011,13886.28099,51.23333333,20811
11/3/2011,13882.31405,51.32916667,20871
11/4/2011,13914.04959,51.18333333,20847
11/5/2011,13904.13223,51.4625,20746
11/6/2011,13344.79339,51.16666667,20698
11/7/2011,13890.24793,51.03333333,20698
11/8/2011,13898.18182,51.2625,21223
11/9/2011,13878.34711,51.37083333,21750
11/10/2011,13896.19835,51.28333333,21964
11/11/2011,13900.16529,51.4,22347
11/12/2011,13902.14876,51.58333333,22310
11/13/2011,13896.19835,51.55416667,21878
11/14/2011,13900.16529,51.43333333,21946
11/15/2011,13420.16529,51.61666667,21338
11/16/2011,13892.2314,51.57083333,21170
11/17/2011,13896.19835,51.56666667,20575
11/18/2011,13896.19835,51.4,20540
11/19/2011,13904.13223,51.13333333,20270
11/20/2011,13449.91736,51.0625,21211
11/21/2011,13892.2314,51.45,21562
11/22/2011,13896.19835,51.30833333,21641
11/23/2011,13902.14876,51.25833333,21526
11/24/2011,13894.21488,51.2625,21489
11/25/2011,13906.1157,51.575,21253
11/26/2011,13902.14876,51.4375,20895
11/27/2011,12093.22314,51.22083333,21599
11/28/2011,11892.89256,51.39583333,22050
11/29/2011,11928.59504,51.22083333,22396
11/30/2011,11851.23967,51.19166667,21854
12/1/2011,11629.09091,51.01666667,21502
12/2/2011,11535.86777,50.775,20716
12/3/2011,11139.17355,50.7375,20469
12/4/2011,11034.04959,50.59166667,20510
12/5/2011,11109.42149,50.5875,20381
12/6/2011,10738.5124,50.875,20182
12/7/2011,10329.91736,50.82083333,21193
12/8/2011,9937.190083,50.625,21435
12/9/2011,9911.404959,50.53333333,21152
12/10/2011,9722.975207,50.45,20895
12/11/2011,9917.355372,50.3125,21026
12/12/2011,9903.471074,50.15833333,21158
12/13/2011,9907.438017,50.29166667,20716
12/14/2011,9917.355372,50.29583333,20925
12/15/2011,9903.471074,50.34166667,20770
12/16/2011,9909.421488,50.425,20674
12/17/2011,9911.404959,50.3125,20740
12/18/2011,9911.404959,50.34166667,20060
12/19/2011,9911.404959,50.50833333,20159
12/20/2011,9903.471074,50.24166667,20393
12/21/2011,9899.504132,51.5125,20270
12/22/2011,9919.338843,51.7375,20008
12/23/2011,9905.454545,51.49583333,19870
12/24/2011,9901.487603,51.52916667,20153
12/25/2011,9907.438017,51.44583333,19887
12/26/2011,9917.355372,51.34583333,19847
12/27/2011,9901.487603,51.31666667,19400
12/28/2011,9877.68595,51.4,19209
12/29/2011,9895.53719,51.4875,19187
12/30/2011,9919.338843,51.37083333,19333
12/31/2011,9929.256198,51.17083333,19384
1/1/2012,9909.421488,50.83333333,18874
1/2/2012,9923.305785,50.85416667,18443
1/3/2012,9937.190083,50.87916667,18890
1/4/2012,9901.487603,50.79583333,19507
1/5/2012,9889.586777,50.77916667,20065
1/6/2012,9915.371901,50.775,20551
1/7/2012,9899.504132,50.61666667,20060
1/8/2012,9905.454545,50.4375,19288
1/9/2012,9717.024793,50.34166667,19355
1/10/2012,9544.46281,50.325,19153
1/11/2012,9320.330579,50.26666667,19824
1/12/2012,9114.049587,50.11666667,20106
1/13/2012,8929.586777,50.03333333,20627
1/14/2012,8925.619835,49.92083333,20223
1/15/2012,8909.752066,49.78333333,19777
1/16/2012,8919.669421,49.4375,19502
1/17/2012,8913.719008,49.18333333,19651
1/18/2012,8731.239669,49.2625,19789
1/19/2012,8530.909091,49.2125,20434
1/20/2012,8362.31405,48.63333333,20334
1/21/2012,8154.049587,48.54583333,20071
1/22/2012,7959.669421,48.575,20516
1/23/2012,7953.719008,48.4625,20961
1/24/2012,7945.785124,48.4875,21495
1/25/2012,7953.719008,48.675,21319
1/26/2012,7951.735537,49,21817
1/27/2012,7953.719008,49.02083333,22174
1/28/2012,7949.752066,48.84166667,21520
1/29/2012,7943.801653,48.67083333,21128
1/30/2012,7953.719008,48.73333333,21211
1/31/2012,7955.702479,48.74166667,21193
2/1/2012,7757.355372,48.8125,21038
2/2/2012,7568.92562,48.82916667,21086
2/3/2012,7372.561983,48.71666667,21307
2/4/2012,7166.280992,48.5125,20811
2/5/2012,6979.834711,48.5375,20716
2/6/2012,6759.669421,48.5375,20841
2/7/2012,6575.206612,48.5,19639
2/8/2012,7201.983471,48.54166667,19662
2/9/2012,7953.719008,48.61666667,18945
2/10/2012,7961.652893,48.59583333,21301
2/11/2012,7953.719008,48.15833333,21086
2/12/2012,7933.884298,47.97916667,20805
2/13/2012,7939.834711,47.875,20698
2/14/2012,7947.768595,47.75,20865
2/15/2012,7949.752066,47.74166667,21659
2/16/2012,7945.785124,47.73333333,21253
2/17/2012,7957.68595,47.78333333,20311
2/18/2012,7955.702479,47.89583333,19490
2/19/2012,7955.702479,47.81666667,19457
2/20/2012,7959.669421,47.79583333,19893
2/21/2012,7971.570248,47.8375,19968
2/22/2012,9816.198347,47.9,18692
2/23/2012,9897.520661,48.2,19968
2/24/2012,9895.53719,47.89583333,20434
2/25/2012,9719.008264,48.06666667,20323
2/26/2012,9387.768595,47.95416667,20764
2/27/2012,8977.190083,47.70416667,21176
2/28/2012,8937.520661,47.35,20094
2/29/2012,8931.570248,47.45833333,20235
3/1/2012,8540.826446,47.475,21568
3/2/2012,8207.603306,47.30416667,21983
3/3/2012,8021.157025,47.375,22131
3/4/2012,7999.338843,47.60833333,20728
3/5/2012,8003.305785,47.8625,20411
3/6/2012,7997.355372,48.15416667,20698
3/7/2012,8021.157025,47.86666667,21392
3/8/2012,8001.322314,47.62083333,21398
3/9/2012,7995.371901,47.99166667,21714
3/10/2012,7969.586777,48.15,21038
3/11/2012,7937.85124,48.09565217,20967
3/12/2012,7941.818182,48.17916667,20931
3/13/2012,7755.371901,48,21738
3/14/2012,7557.024793,47.6,21866
3/15/2012,7374.545455,47.66666667,23434
3/16/2012,7172.231405,47.7625,22758
3/17/2012,6969.917355,47.94583333,22507
3/18/2012,6765.619835,48.04166667,22211
3/19/2012,6575.206612,47.95833333,21787
3/20/2012,6470.082645,48.12083333,20787
3/21/2012,6468.099174,47.94583333,20205
3/22/2012,6468.099174,47.90833333,20716
3/23/2012,6464.132231,48.03333333,20895
3/24/2012,6462.14876,48.29583333,20129
3/25/2012,6466.115702,48.14166667,19221
3/26/2012,6466.115702,47.93333333,19249
3/27/2012,6468.099174,47.70416667,22038
3/28/2012,6468.099174,47.59583333,22991
3/29/2012,6470.082645,47.80833333,22852
3/30/2012,6476.033058,48.00833333,23460
3/31/2012,6468.099174,48.08333333,22254
4/1/2012,6466.115702,48.51666667,21708
4/2/2012,6466.115702,48.72083333,22695
4/3/2012,6468.099174,48.86666667,21970
4/4/2012,6460.165289,48.9625,21477
4/5/2012,6470.082645,49.0375,20710
4/6/2012,6454.214876,49.06666667,20776
4/7/2012,6466.115702,49.2,20370
4/8/2012,6468.099174,49.4125,19305
4/9/2012,6468.099174,49.51666667,18830
4/10/2012,6450.247934,49.64166667,18603
4/11/2012,6460.165289,49.425,19339
4/12/2012,6468.099174,49.35833333,20411
4/13/2012,6464.132231,49.32916667,21599
4/14/2012,6458.181818,49.30416667,22545
4/15/2012,6458.181818,49.3375,22007
4/16/2012,7205.950413,49.61666667,21307
4/17/2012,8449.586777,50.32083333,18896
4/18/2012,8925.619835,50.4375,18258
4/19/2012,8941.487603,50.4875,19400
4/20/2012,8977.190083,50.60833333,19939
4/21/2012,9875.702479,51.20416667,18680
4/22/2012,9905.454545,51.575,18291
4/23/2012,10909.09091,51.375,21092
4/24/2012,11894.87603,51.22916667,21587
4/25/2012,11922.64463,50.5625,21976
4/26/2012,11877.02479,50.43333333,21532
4/27/2012,11904.79339,50.43333333,21374
4/28/2012,11914.71074,50.27083333,21429
4/29/2012,11904.79339,50.975,21307
4/30/2012,11896.8595,51.87916667,21356
5/1/2012,11886.94215,51.90833333,21841
5/2/2012,11904.79339,51.6625,21465
5/3/2012,12900.49587,51.64166667,21362
5/4/2012,13896.19835,51.30833333,21556
5/5/2012,13884.29752,51.2,20895
5/6/2012,13795.04132,52.15,20657
5/7/2012,14618.18182,53.40833333,21702
5/8/2012,16865.45455,53.0625,21392
5/9/2012,17877.02479,51.5125,21164
5/10/2012,17849.2562,50.72916667,21265
5/11/2012,19761.32231,51.45833333,21989
5/12/2012,19820.82645,51.5625,22488
5/13/2012,19832.72727,51.02916667,21890
5/14/2012,19840.66116,50.95,21756
5/15/2012,19850.57851,50.71666667,21763
5/16/2012,19830.7438,50.87083333,21344
5/17/2012,20832.39669,50.63333333,21593
5/18/2012,20832.39669,50.5875,21933
5/19/2012,20832.39669,51.05416667,21763
5/20/2012,20858.18182,50.90416667,22266
5/21/2012,20856.19835,50.85416667,21356
5/22/2012,20834.38017,50.6375,20534
5/23/2012,20832.39669,50.62083333,19904
5/24/2012,19912.06612,50.75416667,21750
5/25/2012,19840.66116,50.8125,22972
5/26/2012,19826.77686,50.7875,23053
5/27/2012,19832.72727,50.8625,22614
5/28/2012,18920.33058,51.05833333,22137
5/29/2012,18833.05785,51.24583333,22081
5/30/2012,18825.12397,50.88333333,21641
5/31/2012,18839.00826,50.27916667,21659
6/1/2012,18793.38843,50.3,22155
6/2/2012,18844.95868,50.6,22384
6/3/2012,20689.58678,50.42083333,22075
6/4/2012,20852.2314,50.20416667,22303
6/5/2012,20810.57851,49.8125,21841
6/6/2012,20826.44628,50.35,21817
6/7/2012,20852.2314,50.27916667,21841
6/8/2012,20830.41322,50.30416667,22094
6/9/2012,20836.36364,50.225,22223
6/10/2012,20848.26446,50.7375,22211
6/11/2012,20840.33058,50.65,22470
6/12/2012,20848.26446,50.87916667,23041
6/13/2012,21756.69421,50.07916667,22651
6/14/2012,22782.14876,49.7125,22285
6/15/2012,22805.95041,49.76666667,22340
6/16/2012,24704.13223,49.675,22840
6/17/2012,24755.70248,49.69166667,22488
6/18/2012,24747.7686,49.79583333,22063
6/19/2012,24757.68595,49.87916667,22538
6/20/2012,24811.23967,49.85416667,23091
6/21/2012,24648.59504,49.69583333,23454
6/22/2012,24813.22314,49.62916667,22915
6/23/2012,24807.27273,50.325,22526
6/24/2012,27290.57851,50.9875,21841
6/25/2012,27320.33058,51.2125,21593
6/26/2012,27262.80992,51.4,22279
6/27/2012,28105.78512,51.78333333,22353
6/28/2012,28325.95041,51.95833333,22365
6/29/2012,28500.49587,51.87083333,22081
6/30/2012,28419.17355,51.8875,21915
7/1/2012,27931.23967,50.50416667,22143
7/2/2012,27732.89256,50.57083333,22689
7/3/2012,28282.31405,50.5375,23009
7/4/2012,28548.09917,50.66666667,22714
7/5/2012,28323.96694,50.65416667,23250
7/6/2012,28119.66942,50.55833333,22639
7/7/2012,28329.91736,50.86666667,22997
7/8/2012,28327.93388,50.78333333,22953
7/9/2012,28391.40496,51.1125,22614
7/10/2012,28431.07438,50.925,22020
7/11/2012,27857.85124,50.88333333,22236
7/12/2012,27615.86777,51.04166667,22507
7/13/2012,27603.96694,51.06666667,22991
7/14/2012,27738.84298,51.26666667,22582
7/15/2012,28044.29752,51.275,22192
7/16/2012,27996.69421,51.27916667,22260
7/17/2012,28018.5124,51.17083333,22689
7/18/2012,28121.65289,51.37916667,22978
7/19/2012,28113.71901,51.55833333,22359
7/20/2012,28076.03306,51.65416667,22633
7/21/2012,28119.66942,51.92916667,22878
7/22/2012,28068.09917,52.0625,22714
7/23/2012,28169.2562,52.175,23141
7/24/2012,28351.73554,51.62916667,22871
7/25/2012,28335.86777,51.36666667,23224
7/26/2012,28391.40496,51.6625,23072
7/27/2012,28397.35537,51.6125,23104
7/28/2012,28415.20661,51.64583333,22702
7/29/2012,28298.18182,51.77083333,22953
7/30/2012,28365.61983,52.0875,23047
7/31/2012,28244.6281,52.1375,23022
8/1/2012,28270.41322,52.35,23129
8/2/2012,28220.82645,52.54166667,22965
8/3/2012,28147.43802,52.3125,22940
8/4/2012,28159.33884,52.22083333,23141
8/5/2012,28264.46281,52.3375,23575
8/6/2012,28191.07438,52.61666667,23231
8/7/2012,28046.28099,52.37916667,22564
8/8/2012,26409.91736,52.6,22297
8/9/2012,26259.17355,52.0375,21714
8/10/2012,26493.22314,52.09166667,23110
8/11/2012,27310.41322,52.25416667,23237
8/12/2012,25570.90909,52.275,22840
8/13/2012,24821.15702,52.42916667,23575
8/14/2012,24809.2562,52.17083333,23657
8/15/2012,24912.39669,51.70416667,23141
8/16/2012,23980.16529,51.61666667,22896
8/17/2012,24001.98347,51.85,23192
8/18/2012,24700.16529,51.95833333,22790
8/19/2012,24710.08264,52.05,22075
8/20/2012,23984.13223,51.00416667,22174
8/21/2012,24111.07438,50.70416667,22347
8/22/2012,23321.65289,50.65416667,22834
8/23/2012,22811.90083,50.84166667,22802
8/24/2012,22815.86777,50.8125,22670
8/25/2012,22016.52893,50.77083333,22451
8/26/2012,21820.16529,50.7375,22254
8/27/2012,21834.04959,50.64166667,22739
8/28/2012,21893.55372,50.61666667,22764
8/29/2012,21425.45455,51.00416667,22482
8/30/2012,20838.34711,50.99166667,22236
8/31/2012,20830.41322,51.075,21976
9/1/2012,20848.26446,51.08333333,21193
9/2/2012,20840.33058,51.05833333,20925
9/3/2012,19906.1157,51.04583333,21587
9/4/2012,19860.49587,51.19583333,22458
9/5/2012,18910.41322,51.03333333,21665
9/6/2012,18051.57025,51.33333333,20913
9/7/2012,18011.90083,51.53333333,20364
9/8/2012,18025.78512,51.50416667,19835
9/9/2012,16772.2314,51.55,20440
9/10/2012,16803.96694,51.45,21611
9/11/2012,16891.23967,51.37083333,22626
9/12/2012,15957.02479,51.30416667,21866
9/13/2012,15895.53719,51.575,22180
9/14/2012,15867.7686,51.7,22303
9/15/2012,15851.90083,51.84583333,22254
9/16/2012,15879.66942,51.95833333,21732
9/17/2012,15865.78512,51.88333333,22168
9/18/2012,15889.58678,52.025,21756
9/19/2012,15865.78512,52.05833333,21835
9/20/2012,15840,51.8875,22081
9/21/2012,14965.28926,51.78333333,21915
9/22/2012,14887.93388,51.72083333,21720
9/23/2012,14870.08264,51.18333333,21199
9/24/2012,14935.53719,51.48333333,21080
9/25/2012,14897.85124,51.10416667,21562
9/26/2012,13989.42149,51.05,22007
9/27/2012,13892.2314,51.35,22316
9/28/2012,13890.24793,51.54583333,22192
9/29/2012,13900.16529,51.62916667,22396
9/30/2012,13888.26446,51.66666667,22771
10/1/2012,13900.16529,51.53333333,22328
10/2/2012,13918.01653,51.65,21769
10/3/2012,13898.18182,51.81666667,22402
10/4/2012,13428.09917,51.75416667,22038
10/5/2012,13380.49587,51.69166667,22260
10/6/2012,13404.29752,51.67083333,22254
10/7/2012,13396.36364,51.65416667,22408
10/8/2012,12946.1157,51.4125,22236
10/9/2012,12894.54545,51.28333333,21295
10/10/2012,12914.38017,51.33333333,22211
10/11/2012,12924.29752,51.30833333,22303
10/12/2012,12896.52893,51.3625,22013
10/13/2012,12890.57851,51.39166667,21593
10/14/2012,12900.49587,51.525,21380
10/15/2012,12896.52893,51.5,21086
10/16/2012,12888.59504,51.70416667,21140
10/17/2012,12916.36364,52.175,20358
10/18/2012,12910.41322,51.6125,20586
10/19/2012,13394.38017,51.5375,20188
10/20/2012,13422.14876,51.81666667,20358
10/21/2012,13424.13223,51.76666667,20487
10/22/2012,13326.94215,51.64583333,20776
10/23/2012,13402.31405,51.74583333,21032
10/24/2012,13424.13223,51.87083333,21465
10/25/2012,13408.26446,52.22916667,21489
10/26/2012,13404.29752,52.12083333,21008
10/27/2012,13394.38017,52.275,20446
10/28/2012,12922.31405,52.25833333,19674
10/29/2012,12918.34711,52.63333333,19215
10/30/2012,12922.31405,52.6,19271
10/31/2012,12910.41322,52.50833333,19271
11/1/2012,12904.46281,52.40416667,19956
11/2/2012,12906.44628,52.70416667,20452
11/3/2012,12910.41322,53.05,20522
11/4/2012,13428.09917,52.81666667,20663
11/5/2012,12874.71074,52.99166667,20985
11/6/2012,12759.66942,52.925,20651
11/7/2012,12013.8843,52.88333333,19933
11/8/2012,11918.67769,52.77916667,19898
11/9/2012,11948.42975,52.43333333,20147
11/10/2012,11952.39669,52.59166667,20135
11/11/2012,11912.72727,52.72916667,19910
11/12/2012,11926.61157,52.7625,19875
11/13/2012,12152.72727,53.01666667,19674
11/14/2012,12529.58678,53.2125,19288
11/15/2012,12083.30579,53.35416667,20805
11/16/2012,12503.80165,53.28333333,21890
11/17/2012,12539.50413,53.29166667,21574
11/18/2012,12170.57851,53.14583333,21538
11/19/2012,11756.03306,53.15,22347
11/20/2012,11728.26446,53.32083333,22551
11/21/2012,11385.12397,53.55416667,22903
11/22/2012,10851.57025,53.60833333,22384
11/23/2012,10423.1405,53.49583333,22878
11/24/2012,10353.71901,53.62083333,21890
11/25/2012,10339.83471,53.64583333,21301
11/26/2012,10337.85124,53.51666667,21550
11/27/2012,10149.42149,53.45,20692
11/28/2012,9951.07438,53.2375,20422
11/29/2012,9756.694215,53.16666667,19668
11/30/2012,9554.380165,53.67083333,20381
12/1/2012,9360,54.29583333,22279
12/2/2012,9871.735537,54.7125,21970
12/3/2012,9695.206612,54.6,22476
12/4/2012,9409.586777,54.66666667,22248
12/5/2012,9397.68595,54.45833333,21253
12/6/2012,9407.603306,54.0625,22557
12/7/2012,9429.421488,53.5375,21471
12/8/2012,9425.454545,53.12083333,19243
12/9/2012,9155.702479,52.64583333,20100
12/10/2012,9320.330579,52.27083333,21020
12/11/2012,9060.495868,52.35,19473
12/12/2012,9048.595041,52.32083333,19316
12/13/2012,9024.793388,52.05416667,19024
12/14/2012,9030.743802,51.4375,19243
12/15/2012,9074.380165,51.5375,19400
12/16/2012,9028.760331,51.1875,19622
12/17/2012,9028.760331,51.39583333,19956
12/18/2012,9040.661157,50.99583333,20811
12/19/2012,9062.479339,50.48333333,21074
12/20/2012,9062.479339,50.325,20674
12/21/2012,8661.818182,49.93333333,22174
12/22/2012,9260.826446,49.78333333,22733
12/23/2012,9387.768595,49.475,23122
12/24/2012,9433.38843,49.45,22075
12/25/2012,9433.38843,49.4125,21744
12/26/2012,9421.487603,49.1375,21205
12/27/2012,9377.85124,49.16666667,21038
12/28/2012,9240.991736,48.675,21495
12/29/2012,9264.793388,48.60833333,21338
12/30/2012,9215.206612,48.39583333,21158
12/31/2012,9260.826446,48.32083333,21350
1/1/2013,9252.892562,48.1,21152
1/2/2013,9235.041322,47.82083333,21562
1/3/2013,9068.429752,47.69583333,21356
1/4/2013,9040.661157,47.7,21229
1/5/2013,9050.578512,47.88333333,20118
1/6/2013,9064.46281,48.16666667,18686
1/7/2013,9082.31405,48.25416667,19074
1/8/2013,8971.239669,48.45416667,18465
1/9/2013,8802.644628,48.575,18111
1/10/2013,8856.198347,48.42083333,21319
1/11/2013,9068.429752,48.35416667,21301
1/12/2013,9088.264463,48.13333333,20118
1/13/2013,9072.396694,47.68333333,18890
1/14/2013,8868.099174,47.43333333,18835
1/15/2013,8836.363636,47.67916667,18030
1/16/2013,8772.892562,47.9,18675
1/17/2013,8739.173554,48.07083333,19282
1/18/2013,8747.107438,47.99166667,20247
1/19/2013,8812.561983,48.10416667,20498
1/20/2013,8917.68595,47.85416667,19226
1/21/2013,9006.942149,47.60416667,18345
1/22/2013,9042.644628,47.1,19996
1/23/2013,9026.77686,47.25833333,19749
1/24/2013,9056.528926,47.42083333,20299
1/25/2013,9008.92562,47.4875,19316
1/26/2013,9026.77686,47.6,18388
1/27/2013,9066.446281,47.22916667,17867
1/28/2013,9026.77686,47.03333333,18874
1/29/2013,9058.512397,46.65416667,18554
1/30/2013,9038.677686,46.825,19052
1/31/2013,9030.743802,46.61666667,19198
2/1/2013,9054.545455,47.22916667,19559
2/2/2013,9038.677686,47.64583333,19147
2/3/2013,8832.396694,47.99583333,18182
2/4/2013,8705.454545,47.98333333,19485
2/5/2013,8899.834711,47.94166667,18824
2/6/2013,8917.68595,47.70833333,19593
2/7/2013,9074.380165,47.65833333,19772
2/8/2013,8870.082645,47.8875,19473
2/9/2013,8558.677686,47.5625,19237
2/10/2013,8209.586777,47.44166667,18388
2/11/2013,8275.041322,47.59166667,18487
2/12/2013,8110.413223,47.70833333,18554
2/13/2013,7933.884298,47.80833333,18813
2/14/2013,7719.669421,47.99166667,20176
2/15/2013,7721.652893,47.99166667,21301
2/16/2013,7715.702479,48.05,21110
2/17/2013,7709.752066,48.17083333,19731
2/18/2013,7723.636364,47.85,20094
2/19/2013,7741.487603,47.41666667,19875
2/20/2013,7731.570248,47.40833333,19818
2/21/2013,7731.570248,47.20416667,19818
2/22/2013,7737.520661,47.19166667,19305
2/23/2013,7735.53719,47.48333333,19496
2/24/2013,7719.669421,47.575,19198
2/25/2013,7745.454545,47.43333333,19841
2/26/2013,7745.454545,47.67916667,19007
2/27/2013,7769.256198,47.59583333,19570
2/28/2013,7743.471074,47.85416667,19226
3/1/2013,7291.239669,47.97916667,20002
3/2/2013,7699.834711,47.85416667,19559
3/3/2013,7743.471074,47.85416667,19316
3/4/2013,7680,47.84166667,19389
3/5/2013,7715.702479,47.8375,20405
3/6/2013,7689.917355,47.6875,20728
3/7/2013,7678.016529,47.475,21423
3/8/2013,9770.578512,47.175,21447
3/9/2013,10157.35537,47.20416667,18785
3/10/2013,10199.00826,47.63478261,19074
3/11/2013,10145.45455,47.75833333,19777
3/12/2013,9943.140496,47.80416667,19389
3/13/2013,10113.71901,47.85,19372
3/14/2013,10151.40496,47.74166667,19063
3/15/2013,9988.760331,47.85416667,18868
3/16/2013,9742.809917,47.91666667,19541
3/17/2013,9477.024793,47.82083333,18692
3/18/2013,9125.950413,47.87083333,18929
3/19/2013,9048.595041,47.68333333,20557
3/20/2013,8826.446281,47.48333333,20734
3/21/2013,8443.636364,48.075,20014
3/22/2013,8019.173554,48.2125,19097
3/23/2013,8003.305785,48.76666667,18703
3/24/2013,8007.272727,49.6125,17282
3/25/2013,8027.107438,49.99583333,17393
3/26/2013,7670.082645,50.30833333,17214
3/27/2013,7457.85124,50.4125,17654
3/28/2013,7904.132231,50.15,19703
3/29/2013,11256.19835,50.20833333,21350
3/30/2013,11516.03306,50.51666667,21223
3/31/2013,11516.03306,50.875,21122
4/1/2013,11174.87603,50.8125,22260
4/2/2013,11351.40496,50.89166667,22620
4/3/2013,11484.29752,50.88333333,22205
4/4/2013,11464.46281,51.1,22340
4/5/2013,11490.24793,50.825,21556
4/6/2013,11486.28099,50.45833333,21134
4/7/2013,11468.42975,50.325,20123
4/8/2013,11492.2314,50.15833333,20457
4/9/2013,11494.21488,49.96666667,21122
4/10/2013,11484.29752,51.31666667,21259
4/11/2013,11492.2314,51.95,20452
4/12/2013,11395.04132,52.00833333,20364
4/13/2013,10688.92562,52.6875,19950
4/14/2013,10897.19008,52.575,18984
4/15/2013,10986.44628,52.1625,18680
4/16/2013,10960.66116,52.05833333,18291
4/17/2013,10952.72727,52.19166667,19864
4/18/2013,11555.70248,52.50416667,18526
4/19/2013,12384.79339,52.79166667,19939
4/20/2013,13090.90909,52.89166667,19288
4/21/2013,13124.6281,53.075,19322
4/22/2013,13969.58678,53.50833333,20358
4/23/2013,15955.04132,53.15416667,18785
4/24/2013,17397.02479,52.38333333,19058
4/25/2013,19804.95868,52.4,17654
4/26/2013,20764.95868,52.5,19685
4/27/2013,20874.04959,52.51666667,18487
4/28/2013,20953.38843,52.5125,18874
4/29/2013,20921.65289,53.10416667,19114
4/30/2013,20959.33884,52.1625,20411
5/1/2013,20935.53719,51.775,21362
5/2/2013,20957.35537,51.8375,22081
5/3/2013,20951.40496,51.90833333,21884
5/4/2013,20941.4876,51.675,21593
5/5/2013,20957.35537,52.05833333,20182
5/6/2013,20955.3719,51.5375,20633
5/7/2013,22704.79339,51.25416667,20083
5/8/2013,22560,51.36666667,20841
5/9/2013,22563.96694,52.02916667,21829
5/10/2013,23970.24793,52.275,22783
5/11/2013,24000,52.26666667,23041
5/12/2013,23288.92562,52.1625,22512
5/13/2013,22577.85124,52.09583333,21983
5/14/2013,22556.03306,52.4,21811
5/15/2013,22641.32231,52.42083333,21223
5/16/2013,22788.09917,52.0625,20633
5/17/2013,22516.36364,51.87916667,20841
5/18/2013,22587.7686,52.4375,21128
5/19/2013,22619.50413,52.29166667,21002
5/20/2013,22944.79339,52.29166667,20859
5/21/2013,25215.86777,52.1,19789
5/22/2013,24710.08264,51.35833333,18680
5/23/2013,24720,52.1875,19651
5/24/2013,24753.71901,52.77916667,21277
5/25/2013,24777.52066,52.75833333,22470
5/26/2013,24182.47934,52.54166667,21921
5/27/2013,24299.50413,52.22083333,21477
5/28/2013,24287.60331,51.9875,21020
5/29/2013,24224.13223,52.5625,22451
5/30/2013,23323.63636,52.77083333,22057
5/31/2013,23359.33884,52.62083333,22057
6/1/2013,23178.84298,52.74583333,22714
6/2/2013,23192.72727,53.0125,22714
6/3/2013,23168.92562,53.05833333,22921
6/4/2013,23178.84298,52.95833333,22739
6/5/2013,23162.97521,53.09166667,23028
6/6/2013,26209.58678,53.3875,21587
6/7/2013,26790.7438,52.07083333,22211
6/8/2013,26776.8595,52.2375,22414
6/9/2013,26760.99174,52.42916667,22297
6/10/2013,26776.8595,52.1625,22050
6/11/2013,26751.07438,51.85833333,22347
6/12/2013,26770.90909,52.22083333,21995
6/13/2013,26759.00826,51.87916667,22081
6/14/2013,27193.38843,52.04166667,22087
6/15/2013,27211.23967,51.99166667,22044
6/16/2013,27246.94215,51.22916667,20147
6/17/2013,27237.02479,51.6,20823
6/18/2013,27248.92562,51.77083333,23192
6/19/2013,27284.6281,51.51666667,23575
6/20/2013,27290.57851,51.7125,22802
6/21/2013,27286.61157,52.12916667,23358
6/22/2013,27252.89256,52.0125,23250
6/23/2013,27284.6281,51.27916667,23600
6/24/2013,27278.67769,51.3375,23441
6/25/2013,28208.92562,51.16666667,22695
6/26/2013,28206.94215,51.34166667,21550
6/27/2013,27720.99174,51.84583333,20651
6/28/2013,27679.33884,52.25416667,20241
6/29/2013,28064.13223,52.175,21744
6/30/2013,28093.8843,52.27916667,22402
7/1/2013,27955.04132,52.47083333,21921
7/2/2013,27637.68595,52.65,22846
7/3/2013,28107.7686,52.79583333,22802
7/4/2013,28206.94215,52.76666667,21158
7/5/2013,27477.02479,52.95833333,22137
7/6/2013,27667.43802,53.17083333,22118
7/7/2013,27804.29752,53.35833333,22365
7/8/2013,27903.47107,53.49583333,22614
7/9/2013,27205.28926,53.61666667,23262
7/10/2013,26957.35537,53.75416667,22984
7/11/2013,26772.89256,53.85833333,22909
7/12/2013,28264.46281,54.10416667,21587
7/13/2013,28264.46281,54.25416667,22057
7/14/2013,28264.46281,54.49583333,22921
7/15/2013,26604.29752,54.55,22909
7/16/2013,27229.09091,54.1,22589
7/17/2013,27010.90909,53.9,22402
7/18/2013,26947.43802,54.10833333,22458
7/19/2013,26636.03306,54.16666667,23060
7/20/2013,27042.64463,53.775,22865
7/21/2013,27272.72727,53.60833333,22229
7/22/2013,26959.33884,54.04166667,22607
7/23/2013,27100.16529,53.9125,22482
7/24/2013,27064.46281,53.87083333,22815
7/25/2013,27131.90083,53.33333333,23110
7/26/2013,27153.71901,53.3625,23180
7/27/2013,26999.00826,53.52916667,23339
7/28/2013,25923.96694,53.7125,22702
7/29/2013,25289.2562,53.45,22878
7/30/2013,25434.04959,52.22916667,23167
7/31/2013,25338.84298,52.425,22545
8/1/2013,24245.95041,52.66666667,22564
8/2/2013,23502.14876,52.76666667,22859
8/3/2013,23819.50413,52.61666667,22633
8/4/2013,23793.71901,52.35416667,22229
8/5/2013,23823.47107,52.825,22808
8/6/2013,23827.43802,52.575,21671
8/7/2013,22905.12397,52.70833333,22790
8/8/2013,22581.81818,52.83333333,22959
8/9/2013,22385.45455,52.66666667,23122
8/10/2013,22619.50413,52.62083333,22614
8/11/2013,22679.00826,52.60833333,22808
8/12/2013,23036.03306,52.81666667,22365
8/13/2013,23006.28099,53.10833333,21902
8/14/2013,23038.01653,53.35416667,21623
8/15/2013,23024.13223,53.42916667,22001
8/16/2013,21709.09091,53.51666667,22149
8/17/2013,20473.38843,53.29166667,23060
8/18/2013,20622.14876,53.13333333,23116
8/19/2013,20820.49587,52.99166667,22427
8/20/2013,20852.2314,53.07083333,23371
8/21/2013,20850.24793,52.97916667,21933
8/22/2013,20015.20661,53.15,22236
8/23/2013,19120.66116,52.9,22396
8/24/2013,19116.69421,52.8875,22260
8/25/2013,17966.28099,52.70416667,22057
8/26/2013,16544.13223,52.79583333,22112
8/27/2013,16244.6281,53.39166667,21477
8/28/2013,15437.35537,52.60833333,20487
8/29/2013,15240.99174,52.17916667,21823
8/30/2013,14279.00826,52.525,21976
8/31/2013,14161.98347,52.97916667,21556
9/1/2013,14165.95041,52.88333333,22279
9/2/2013,14128.26446,52.73333333,22458
9/3/2013,14140.16529,53.10833333,22371
9/4/2013,14114.38017,52.85,22538
9/5/2013,14175.86777,52.62083333,22626
9/6/2013,14156.03306,52.76666667,22365
9/7/2013,14035.04132,52.5,22402
9/8/2013,14039.00826,52.52916667,22106
9/9/2013,14070.7438,52.87916667,22727
9/10/2013,14251.23967,52.90416667,23028
9/11/2013,14396.03306,53.04166667,22921
9/12/2013,14647.93388,52.88333333,22439
9/13/2013,14386.1157,51.92083333,22582
9/14/2013,14396.03306,52.24166667,23047
9/15/2013,14054.87603,52.88333333,21848
9/16/2013,13882.31405,52.9625,21477
9/17/2013,13888.26446,53.175,21044
9/18/2013,13880.33058,52.7,21193
9/19/2013,14215.53719,52.07916667,21665
9/20/2013,13914.04959,52.48333333,21909
9/21/2013,13880.33058,52.75,22149
9/22/2013,13059.17355,52.6125,22601
9/23/2013,13009.58678,53.12916667,22414
9/24/2013,13269.42149,53.30833333,21902
9/25/2013,13424.13223,53.1125,21259
9/26/2013,13420.16529,53.3375,21392
9/27/2013,12515.70248,53.20833333,21259
9/28/2013,12232.06612,53.05416667,21277
9/29/2013,12232.06612,53.11666667,21890
9/30/2013,12497.85124,53.22083333,22180
10/1/2013,12396.69421,53.89166667,22340
10/2/2013,12384.79339,53.85416667,22796
10/3/2013,12398.67769,53.60416667,22414
10/4/2013,12400.66116,53.49166667,22557
10/5/2013,12390.7438,53.575,21952
10/6/2013,12374.87603,54.025,21332
10/7/2013,12374.87603,54.04583333,21134
10/8/2013,12335.20661,54.1,21332
10/9/2013,12196.36364,54.25416667,21678
10/10/2013,12236.03306,54.07083333,21989
10/11/2013,12206.28099,53.60416667,21829
10/12/2013,12075.3719,53.6875,22677
10/13/2013,12234.04959,53.80416667,22396
10/14/2013,12178.5124,53.82083333,22291
10/15/2013,12120.99174,54.0875,22439
10/16/2013,12120.99174,54.30416667,22884
10/17/2013,12168.59504,54.54166667,22532
10/18/2013,12122.97521,54.73333333,22689
10/19/2013,12132.89256,54.49583333,22414
10/20/2013,12107.10744,54.77916667,21556
10/21/2013,11908.76033,54.93333333,22050
10/22/2013,11801.65289,54.9375,21835
10/23/2013,11787.7686,54.8625,22273
10/24/2013,11801.65289,54.975,22038
10/25/2013,11815.53719,54.84583333,21909
10/26/2013,11710.41322,54.85,21556
10/27/2013,11656.8595,55.0125,21459
10/28/2013,11660.82645,54.71666667,21805
10/29/2013,11690.57851,54.6625,21829
10/30/2013,11658.84298,54.6875,21489
10/31/2013,11668.76033,53.775,21580
11/1/2013,11222.47934,53.3,22161
11/2/2013,10980.49587,53.3,22316
11/3/2013,10206.94215,53.3,21532
11/4/2013,10304.13223,53.3,21556
11/5/2013,9766.61157,53.27916667,21050
11/6/2013,9492.892562,53.53333333,21319
11/7/2013,9179.504132,53.84166667,22026
11/8/2013,9090.247934,53.9875,22777
11/9/2013,9365.950413,53.94583333,22695
11/10/2013,9252.892562,54.0125,22408
11/11/2013,9159.669421,54.16666667,21702
11/12/2013,8881.983471,54.10416667,21313
11/13/2013,8766.942149,54.2375,21520
11/14/2013,8247.272727,54.34166667,21896
11/15/2013,7775.206612,54.3125,22414
11/16/2013,7632.396694,54.00416667,23358
11/17/2013,7521.322314,53.87916667,23205
11/18/2013,7858.512397,53.825,22991
11/19/2013,7929.917355,53.80833333,22601
11/20/2013,7904.132231,54.02083333,22445
11/21/2013,7945.785124,53.90833333,21902
11/22/2013,7945.785124,53.68333333,21386
11/23/2013,7864.46281,53.68333333,21134
11/24/2013,7753.38843,53.54583333,21307
11/25/2013,7761.322314,53.46666667,21635
11/26/2013,7854.545455,53.43333333,21915
11/27/2013,8011.239669,53.375,21738
11/28/2013,7999.338843,53.275,21665
11/29/2013,7949.752066,53.25833333,21626
11/30/2013,7900.165289,53.225,21587
12/1/2013,7717.68595,53.23333333,21763
12/2/2013,7925.950413,53.07916667,22063
12/3/2013,8068.760331,52.88333333,22273
12/4/2013,8064.793388,52.40416667,22390
12/5/2013,8060.826446,51.92083333,22100
12/6/2013,8066.77686,51.42916667,22903
12/7/2013,8046.942149,51.35833333,22796
12/8/2013,7868.429752,51.24166667,22513
12/9/2013,7882.31405,51.025,22783
12/10/2013,7906.115702,50.94166667,22365
12/11/2013,8027.107438,50.99583333,21909
12/12/2013,7914.049587,51.1375,21477
12/13/2013,7920,51.36666667,21356
12/14/2013,7923.966942,52.17916667,21044
12/15/2013,7916.033058,52.5125,20393
12/16/2013,7918.016529,52.60833333,20164
12/17/2013,7914.049587,52.48333333,19708
12/18/2013,7920,52.37916667,19074
12/19/2013,7785.123967,52.1,18835
12/20/2013,7604.628099,51.74166667,19282
12/21/2013,7624.46281,51.64583333,19254
12/22/2013,7622.479339,51.7625,19001
12/23/2013,7612.561983,51.62083333,19904
12/24/2013,7652.231405,51.46666667,20135
12/25/2013,7705.785124,51.32916667,20054
12/26/2013,7578.842975,51.2,20153
12/27/2013,7511.404959,51.15833333,20405
12/28/2013,7525.289256,51.00416667,20446
12/29/2013,7241.652893,50.75,19870
12/30/2013,7196.033058,50.59166667,19927
12/31/2013,7525.289256,50.725,19720
1/1/2014,7495.53719,50.7625,19852
1/2/2014,7200,50.59166667,20293
1/3/2014,7065.123967,50.4375,20346
1/4/2014,6505.785124,50.25,20405
1/5/2014,6162.644628,50.025,19927
1/6/2014,6152.727273,49.69166667,19731
1/7/2014,6144.793388,49.76666667,19187
1/8/2014,6043.636364,49.80416667,18857
1/9/2014,5861.157025,49.72083333,18824
1/10/2014,6033.719008,49.57083333,19277
1/11/2014,5954.380165,49.44166667,19927
1/12/2014,5900.826446,49.30833333,20352
1/13/2014,5908.760331,49.1875,20200
1/14/2014,5855.206612,48.99166667,19806
1/15/2014,5742.14876,49.00833333,19610
1/16/2014,5726.280992,49.24583333,19824
1/17/2014,5728.264463,49.375,20112
1/18/2014,5736.198347,49.4125,20153
1/19/2014,5748.099174,49.40416667,20217
1/20/2014,5738.181818,49.20416667,19968
1/21/2014,5742.14876,48.88333333,19766
1/22/2014,5740.165289,48.6625,19852
1/23/2014,5748.099174,48.6125,19789
1/24/2014,5716.363636,48.68333333,20317
1/25/2014,5644.958678,48.86666667,20217
1/26/2014,5637.024793,49.15416667,19766
1/27/2014,6113.057851,49.14166667,19645
1/28/2014,6648.595041,49.06666667,19616
1/29/2014,6642.644628,48.98333333,19496
1/30/2014,6630.743802,48.97916667,19108
1/31/2014,6640.661157,48.67916667,19400
2/1/2014,6642.644628,48.3625,19639
2/2/2014,6644.628099,48.125,19645
2/3/2014,6624.793388,48.05833333,19754
2/4/2014,6559.338843,47.99166667,19916
2/5/2014,6495.867769,47.8625,19656
2/6/2014,6577.190083,47.85416667,19691
2/7/2014,6765.619835,47.8875,19462
2/8/2014,7356.694215,47.89166667,19378
2/9/2014,6848.92562,47.82916667,20077
2/10/2014,6999.669421,47.77916667,21514
2/11/2014,6569.256198,47.95833333,21970
2/12/2014,6295.53719,48.15833333,22808
2/13/2014,6099.173554,48.25416667,22871
2/14/2014,5938.512397,48.1875,22639
2/15/2014,5732.231405,48.15416667,22297
2/16/2014,5732.231405,48.275,21629
2/17/2014,5730.247934,48.0875,21471
2/18/2014,5740.165289,47.95833333,20740
2/19/2014,5815.53719,47.97916667,22551
2/20/2014,5746.115702,48.22083333,21253
2/21/2014,5456.528926,48.71666667,20504
2/22/2014,5500.165289,48.99166667,19852
2/23/2014,5416.859504,49.225,19800
2/24/2014,5371.239669,49.525,19541
2/25/2014,5379.173554,49.70833333,20014
2/26/2014,5375.206612,49.83333333,20913
2/27/2014,5192.727273,49.89583333,21134
2/28/2014,5331.570248,49.82083333,20913
3/1/2014,5323.636364,49.8125,21350
3/2/2014,5329.586777,49.75,20955
3/3/2014,5045.950413,49.75833333,22155
3/4/2014,5160.991736,49.875,21848
3/5/2014,5172.892562,49.82083333,22260
3/6/2014,5147.107438,49.71666667,21325
3/7/2014,5252.231405,49.98333333,20979
3/8/2014,5043.966942,50.06666667,21295
3/9/2014,5234.380165,50.21304348,20405
3/10/2014,5244.297521,50.35416667,19204
3/11/2014,5238.347107,50.50416667,20504
3/12/2014,5194.710744,49.95,20563
3/13/2014,5218.512397,49.975,20528
3/14/2014,5214.545455,50.18333333,19013
3/15/2014,5295.867769,50.8375,17702
3/16/2014,5323.636364,51.04166667,17916
3/17/2014,5339.504132,51.475,17542
3/18/2014,5230.413223,51.28333333,18399
3/19/2014,5381.157025,51.16666667,20352
3/20/2014,6587.107438,51.52083333,18785
3/21/2014,6279.669421,51.7,18443
3/22/2014,6093.22314,51.625,17862
3/23/2014,6138.842975,51.47083333,17965
3/24/2014,6138.842975,51.54166667,18785
3/25/2014,6103.140496,51.375,19536
3/26/2014,6085.289256,50.84166667,20645
3/27/2014,5821.487603,50.56666667,20188
3/28/2014,5678.677686,50.55416667,21989
3/29/2014,5359.338843,50.5625,22607
3/30/2014,5353.38843,50.1125,21520
3/31/2014,5049.917355,50.15416667,21817
4/1/2014,4962.644628,49.97916667,22620
4/2/2014,5208.595041,49.775,22752
4/3/2014,5281.983471,49.92083333,22915
4/4/2014,5339.504132,50.2625,23116
4/5/2014,5283.966942,50.15416667,22291
4/6/2014,5426.77686,50.6625,21417
4/7/2014,5414.876033,50.8875,22940
4/8/2014,5341.487603,50.90833333,21995
4/9/2014,5349.421488,50.98333333,21659
4/10/2014,5331.570248,51.41666667,20871
4/11/2014,5299.834711,51.89583333,20288
4/12/2014,5107.438017,51.94583333,19485
4/13/2014,4958.677686,52.525,19731
4/14/2014,4936.859504,52.55833333,19378
4/15/2014,4982.479339,52.27916667,19921
4/16/2014,5855.206612,52.15416667,19462
4/17/2014,5986.115702,52.34166667,18996
4/18/2014,7412.231405,52.52916667,18780
4/19/2014,7420.165289,51.93333333,18253
4/20/2014,7434.049587,52.00416667,18383
4/21/2014,7432.066116,51.45,18253
4/22/2014,7307.107438,51.425,18686
4/23/2014,6918.347107,50.9375,18377
4/24/2014,6656.528926,51.06666667,18193
4/25/2014,6688.264463,51.175,19041
4/26/2014,6682.31405,50.95,18818
4/27/2014,7001.652893,51.02083333,19355
4/28/2014,7447.933884,51.46666667,18796
4/29/2014,7531.239669,51.74583333,18675
4/30/2014,8215.53719,52.00416667,18149
5/1/2014,8991.07438,51.9625,18090
5/2/2014,10052.2314,51.85416667,18220
5/3/2014,10052.2314,51.8625,18035
5/4/2014,10048.26446,51.93333333,18177
5/5/2014,10103.80165,51.60833333,18100
5/6/2014,11611.23967,51.55416667,18220
5/7/2014,12769.58678,52.07083333,18708
5/8/2014,12735.86777,52.10833333,19451
5/9/2014,13824.79339,51.65,20270
5/10/2014,13880.33058,51.825,20323
5/11/2014,13878.34711,51.97916667,20346
5/12/2014,13900.16529,53.14166667,19795
5/13/2014,13856.52893,53.24583333,18741
5/14/2014,13862.47934,53.09583333,19428
5/15/2014,13814.87603,52.97083333,19806
5/16/2014,13773.22314,52.95416667,20674
5/17/2014,13876.36364,53.20833333,22645
5/18/2014,13886.28099,53.33333333,23035
5/19/2014,13870.41322,53.0625,22796
5/20/2014,13902.14876,53.075,22564
5/21/2014,14044.95868,53.51666667,22260
5/22/2014,14993.05785,53.625,22439
5/23/2014,15002.97521,53.8125,21799
5/24/2014,14999.00826,53.89166667,21835
5/25/2014,14993.05785,54.06666667,22149
5/26/2014,14991.07438,54.13333333,22495
5/27/2014,15006.94215,54.33333333,22229
5/28/2014,15141.81818,54.17916667,22199
5/29/2014,14856.19835,54.3,21459
5/30/2014,16968.59504,54.69166667,21890
5/31/2014,16855.53719,54.72916667,22645
6/1/2014,16847.60331,54.92083333,22427
6/2/2014,16794.04959,55.375,22538
6/3/2014,16298.18182,54.775,22601
6/4/2014,16353.71901,54.5875,21732
6/5/2014,16351.73554,54.6375,22260
6/6/2014,16371.57025,54.95833333,22564
6/7/2014,16264.46281,54.47083333,23047
6/8/2014,16240.66116,54.12083333,22470
6/9/2014,16232.72727,53.90833333,22236
6/10/2014,16236.69421,54.10416667,20387
6/11/2014,16189.09091,53.86666667,20996
6/12/2014,17022.14876,54.12916667,20895
6/13/2014,16984.46281,53.875,22371
6/14/2014,17036.03306,54.47916667,22777
6/15/2014,17105.45455,54.55,22347
6/16/2014,17113.38843,54.44166667,22727
6/17/2014,17168.92562,54.32083333,22614
6/18/2014,18178.5124,53.92916667,21952
6/19/2014,18148.76033,54.05416667,21182
6/20/2014,20342.47934,53.77083333,19680
6/21/2014,19701.81818,54.5,19662
6/22/2014,19515.3719,54.58333333,20071
6/23/2014,19582.80992,55.36666667,19824
6/24/2014,19685.95041,54.875,21128
6/25/2014,19719.66942,55.24583333,21580
6/26/2014,20118.34711,54.44166667,21140
6/27/2014,19231.73554,54.55416667,21116
6/28/2014,19182.14876,54.59583333,20799
6/29/2014,19140.49587,54.94583333,21062
6/30/2014,18725.95041,55.175,21763
7/1/2014,18335.20661,54.28333333,22433
7/2/2014,18349.09091,54.33333333,21465
7/3/2014,18343.1405,54.70416667,21471
7/4/2014,18351.07438,54.37083333,22217
7/5/2014,18333.22314,54.45833333,22464
7/6/2014,18331.23967,54.35416667,22476
7/7/2014,18372.89256,54.12083333,22464
7/8/2014,18353.05785,54.21666667,21989
7/9/2014,18281.65289,53.9375,21453
7/10/2014,18003.96694,54.05416667,21964
7/11/2014,18255.86777,53.9875,22081
7/12/2014,18416.52893,53.76666667,21696
7/13/2014,18323.30579,53.94583333,21817
7/14/2014,18563.30579,54.29166667,21958
7/15/2014,18289.58678,53.925,21410
7/16/2014,18234.04959,53.8,21726
7/17/2014,18307.43802,54.00833333,22118
7/18/2014,18261.81818,54.0625,22013
7/19/2014,18400.66116,54.39583333,21684
7/20/2014,18396.69421,54.825,21265
7/21/2014,18446.28099,54.77916667,21763
7/22/2014,17928.59504,54.24583333,21635
7/23/2014,18347.10744,53.75,21896
7/24/2014,18440.33058,54.125,21805
7/25/2014,18460.16529,53.96666667,21793
7/26/2014,18416.52893,54.0625,22087
7/27/2014,18400.66116,54.30833333,21623
7/28/2014,18339.17355,54.11666667,22439
7/29/2014,17371.23967,54.6125,22702
7/30/2014,17656.8595,54.825,22013
7/31/2014,17529.91736,54.6125,21008
8/1/2014,16984.46281,54.34583333,21750
8/2/2014,17117.35537,54.55,21671
8/3/2014,17133.22314,54.6375,21247
8/4/2014,17020.16529,54.5875,22100
8/5/2014,17137.19008,54.54583333,21044
8/6/2014,16708.76033,54.39583333,21866
8/7/2014,16675.04132,54.92083333,21708
8/8/2014,16163.30579,55.25833333,21854
8/9/2014,15826.1157,55.07916667,22520
8/10/2014,15841.98347,54.35416667,22285
8/11/2014,15960.99174,54.49166667,21939
8/12/2014,15405.61983,54.8,21714
8/13/2014,15014.87603,54.67083333,21775
8/14/2014,15014.87603,54.80833333,20776
8/15/2014,14580.49587,54.8125,21781
8/16/2014,14640,54.90833333,21958
8/17/2014,14638.01653,55.2875,21684
8/18/2014,14641.98347,55.2625,21738
8/19/2014,14134.21488,55.07916667,21854
8/20/2014,14116.36364,54.77083333,21976
8/21/2014,14167.93388,55.03333333,22601
8/22/2014,14235.3719,54.9375,22347
8/23/2014,14290.90909,55.25,22112
8/24/2014,14312.72727,54.84166667,22651
8/25/2014,14282.97521,55,22057
8/26/2014,14705.45455,55.1625,22161
8/27/2014,14604.29752,54.79583333,21593
8/28/2014,14060.82645,54.15,21684
8/29/2014,14378.18182,54.14583333,21026
8/30/2014,13824.79339,54.52916667,20674
8/31/2014,13691.90083,54.45833333,20823
9/1/2014,13685.95041,54.60416667,20387
9/2/2014,13685.95041,54.64583333,21453
9/3/2014,13067.10744,55.05833333,21435
9/4/2014,13090.90909,55.06666667,21050
9/5/2014,12680.33058,55.27916667,21086
9/6/2014,12198.34711,55.43333333,21574
9/7/2014,12176.52893,55.8125,21453
9/8/2014,12194.38017,56.05833333,21176
9/9/2014,11690.57851,56.25,20883
9/10/2014,11704.46281,56.73333333,21726
9/11/2014,11153.05785,56.21666667,21939
9/12/2014,11178.84298,56.6875,22507
9/13/2014,11285.95041,56.68333333,22921
9/14/2014,11032.06612,56.87916667,21854
9/15/2014,10893.22314,57.38333333,21976
9/16/2014,10907.10744,57.76666667,21520
9/17/2014,10897.19008,57.6375,21750
9/18/2014,11014.21488,58.04166667,22254
9/19/2014,10669.09091,58.3125,22199
9/20/2014,10550.08264,58.53333333,22396
9/21/2014,10563.96694,58.77083333,21939
9/22/2014,10131.57025,58.8125,22458
9/23/2014,10145.45455,59.0875,22291
9/24/2014,9544.46281,59.20833333,22137
9/25/2014,9526.61157,58.99166667,21921
9/26/2014,9006.942149,58.98333333,21217
9/27/2014,8995.041322,59.21666667,19766
9/28/2014,8985.123967,59.49166667,19933
9/29/2014,8999.008264,59.9125,19766
9/30/2014,9070.413223,60.53333333,19582
10/1/2014,8925.619835,60.3,20088
10/2/2014,9217.190083,60.14166667,20853
10/3/2014,8745.123967,60.44166667,20913
10/4/2014,8733.22314,60.69166667,20770
10/5/2014,8717.355372,61.17083333,21325
10/6/2014,8933.553719,61.23333333,22470
10/7/2014,8850.247934,61.27916667,22205
10/8/2014,9008.92562,61.5875,22551
10/9/2014,8905.785124,61.17083333,22322
10/10/2014,8949.421488,60.83333333,22445
10/11/2014,9014.876033,60.50833333,22551
10/12/2014,8995.041322,60.47916667,21793
10/13/2014,8997.024793,60.60416667,22063
10/14/2014,9012.892562,60.56666667,21708
10/15/2014,8967.272727,60.36666667,21952
10/16/2014,9014.876033,60.73333333,21158
10/17/2014,8991.07438,60.46666667,21104
10/18/2014,9000.991736,60.65,20657
10/19/2014,8991.07438,60.75416667,19939
10/20/2014,8995.041322,60.56666667,19114
10/21/2014,8981.157025,60.21666667,18323
10/22/2014,8981.157025,59.62083333,19378
10/23/2014,9004.958678,59.50833333,22217
10/24/2014,8979.173554,60.07083333,21350
10/25/2014,8933.553719,59.9875,21002
10/26/2014,8766.942149,60.10833333,21921
10/27/2014,8824.46281,59.94583333,21829
10/28/2014,8826.446281,60.18333333,21568
10/29/2014,8812.561983,60.25,20323
10/30/2014,8824.46281,60.05,19760
10/31/2014,8931.570248,59.89583333,20817
11/1/2014,8963.305785,59.775,20686
11/2/2014,8965.289256,59.38333333,20008
11/3/2014,9022.809917,59.4625,20895
11/4/2014,9135.867769,59.7,20060
11/5/2014,8915.702479,60.575,19633
11/6/2014,8834.380165,60.575,19462
11/7/2014,8739.173554,60.47916667,19685
11/8/2014,8727.272727,60.35416667,19462
11/9/2014,8715.371901,60.3,19507
11/10/2014,8673.719008,60.05,19428
11/11/2014,8463.471074,59.8125,18122
11/12/2014,8255.206612,59.66666667,18725
11/13/2014,8219.504132,59.75,18554
11/14/2014,8185.785124,59.57083333,19633
11/15/2014,8284.958678,59.44166667,19933
11/16/2014,8152.066116,59.1125,19800
11/17/2014,7963.636364,58.66666667,19378
11/18/2014,7918.016529,58.25416667,19041
11/19/2014,7783.140496,58.24583333,18171
11/20/2014,7791.07438,58.25,17067
11/21/2014,7850.578512,58.16666667,19310
11/22/2014,7912.066116,58.04583333,18984
11/23/2014,7800.991736,57.85,19714
11/24/2014,7852.561983,57.33333333,19697
11/25/2014,7886.280992,57.05833333,19333
11/26/2014,7908.099174,57.0625,19490
11/27/2014,7896.198347,56.975,19428
11/28/2014,7898.181818,56.75,19457
11/29/2014,7904.132231,56.45416667,19490
11/30/2014,7898.181818,56.26666667,19564
12/1/2014,7634.380165,56.08333333,19760
12/2/2014,6842.975207,55.99166667,20188
12/3/2014,6694.214876,55.8875,21104
12/4/2014,6561.322314,55.6875,21259
12/5/2014,6597.024793,55.7875,21793
12/6/2014,6565.289256,55.71666667,22217
12/7/2014,6557.355372,55.42916667,21678
12/8/2014,6339.173554,55.33333333,21896
12/9/2014,6327.272727,55.3,23072
12/10/2014,6081.322314,55.1875,22402
12/11/2014,9367.933884,54.84583333,21176
12/12/2014,8286.942149,54.52083333,20229
12/13/2014,7753.38843,54.35416667,20159
12/14/2014,7660.165289,54.22916667,19041
12/15/2014,7644.297521,54.07916667,19950
12/16/2014,6057.520661,53.76666667,22589
12/17/2014,6073.38843,53.47083333,22670
12/18/2014,6507.768595,53.30833333,22620
12/19/2014,7057.190083,53.2375,21829
12/20/2014,6876.694215,53.24583333,21958
12/21/2014,6555.371901,53.375,21110
12/22/2014,6093.22314,53.7125,21939
12/23/2014,6198.347107,53.7125,21653
12/24/2014,6083.305785,53.47083333,21271
12/25/2014,5998.016529,53.04583333,21805
12/26/2014,6029.752066,52.71666667,20907
12/27/2014,6025.785124,52.36666667,20405
12/28/2014,6033.719008,51.99166667,21289
12/29/2014,6029.752066,51.60833333,20889
12/30/2014,5982.14876,51.13333333,19927
12/31/2014,5932.561983,50.675,19361
1/1/2015,5932.561983,50.56666667,19198
1/2/2015,5882.975207,50.74583333,18149
1/3/2015,5877.024793,50.83333333,19282
1/4/2015,5920.661157,50.92916667,18703
1/5/2015,5884.958678,50.92083333,18780
1/6/2015,5884.958678,50.89166667,17803
1/7/2015,5831.404959,50.80833333,17361
1/8/2015,5831.404959,50.975,17409
1/9/2015,5956.363636,51.1375,17680
1/10/2015,6305.454545,51.14583333,17723
1/11/2015,6283.636364,51.1625,17851
1/12/2015,6307.438017,51.10833333,18166
1/13/2015,6305.454545,50.95,20645
1/14/2015,6291.570248,50.8,22402
1/15/2015,6081.322314,50.63333333,21350
1/16/2015,5773.884298,50.6,20764
1/17/2015,5771.900826,50.65,19616
1/18/2015,5779.834711,50.7375,19125
1/19/2015,5773.884298,50.74166667,21750
1/20/2015,5775.867769,50.64583333,21878
1/21/2015,5688.595041,50.5125,21653
1/22/2015,5684.628099,50.39166667,19001
1/23/2015,5682.644628,50.44166667,20252
1/24/2015,5583.471074,50.525,21732
1/25/2015,5583.471074,50.50416667,19605
1/26/2015,5583.471074,50.6875,17992
1/27/2015,5577.520661,50.8,20428
1/28/2015,5585.454545,50.77916667,18736
1/29/2015,5609.256198,50.64583333,20060
1/30/2015,5912.727273,50.57916667,21122
1/31/2015,6128.92562,50.575,22359
2/1/2015,6128.92562,50.50416667,20123
2/2/2015,6128.92562,50.65833333,18526
2/3/2015,6124.958678,50.65833333,21289
2/4/2015,6124.958678,50.69583333,19350
2/5/2015,6128.92562,50.67083333,20452
2/6/2015,6156.694215,50.73333333,22859
2/7/2015,9387.768595,50.75833333,19593
2/8/2015,8883.966942,50.87916667,16714
2/9/2015,7207.933884,51.43333333,18073
2/10/2015,6190.413223,51.64166667,18095
2/11/2015,6031.735537,51.17916667,20610
2/12/2015,6027.768595,51.2,21593
2/13/2015,6035.702479,51.0375,22670
2/14/2015,6025.785124,51.04166667,20358
2/15/2015,6031.735537,51.20833333,18399
2/16/2015,6025.785124,50.925,20112
2/17/2015,6027.768595,50.65416667,20996
2/18/2015,6031.735537,50.73333333,18526
2/19/2015,6027.768595,50.75833333,19406
2/20/2015,6029.752066,50.88333333,20065
2/21/2015,6025.785124,50.84583333,20457
2/22/2015,5942.479339,50.70416667,20008
2/23/2015,5900.826446,50.34166667,19766
2/24/2015,5926.61157,50.29166667,19277
2/25/2015,6021.818182,50.64166667,19726
2/26/2015,6158.677686,50.89583333,20037
2/27/2015,6077.355372,50.95,20147
2/28/2015,6075.371901,50.925,20118
3/1/2015,6075.371901,50.80833333,18236
3/2/2015,6077.355372,50.45833333,17691
3/3/2015,6134.876033,50.575,18399
3/4/2015,6067.438017,50.67916667,18835
3/5/2015,6071.404959,50.54166667,19766
3/6/2015,6075.371901,50.7375,19339
3/7/2015,6073.38843,50.75,19164
3/8/2015,6073.38843,50.86521739,17883
3/9/2015,6075.371901,51.1,18443
3/10/2015,6053.553719,51.02916667,17997
3/11/2015,6132.892562,50.7625,19035
3/12/2015,6190.413223,50.76666667,19599
3/13/2015,6186.446281,50.49166667,19749
3/14/2015,6188.429752,50.83333333,20042
3/15/2015,6184.46281,50.7,20475
3/16/2015,6158.677686,50.47083333,18454
3/17/2015,6146.77686,50.35833333,18912
3/18/2015,6158.677686,50.89166667,19417
3/19/2015,6150.743802,50.81666667,19046
3/20/2015,5976.198347,50.8125,19651
3/21/2015,5984.132231,50.75833333,19708
3/22/2015,5982.14876,50.84583333,18890
3/23/2015,5982.14876,50.83333333,19052
3/24/2015,5811.570248,50.525,19795
3/25/2015,5454.545455,50.83333333,20211
3/26/2015,5430.743802,50.69583333,21283
3/27/2015,5420.826446,50.95833333,21623
3/28/2015,5418.842975,51.88333333,22470
3/29/2015,5422.809917,51.62083333,20949
3/30/2015,5418.842975,51.3875,21976
3/31/2015,5418.842975,51.74583333,21902
4/1/2015,6059.504132,51.72083333,22112
4/2/2015,6452.231405,51.35833333,21744
4/3/2015,6224.132231,50.8625,20967
4/4/2015,6037.68595,50.94583333,20534
4/5/2015,5875.041322,50.83333333,20311
4/6/2015,5708.429752,50.7,20211
4/7/2015,5444.628099,50.2875,20955
4/8/2015,5393.057851,49.9125,22377
4/9/2015,5879.008264,50.11666667,20805
4/10/2015,5886.942149,50.525,20463
4/11/2015,5888.92562,51.17083333,19777
4/12/2015,5892.892562,51.62916667,18394
4/13/2015,5886.942149,51.50833333,18807
4/14/2015,5884.958678,51.77916667,18531
4/15/2015,5884.958678,51.81666667,18725
4/16/2015,6608.92562,51.525,18912
4/17/2015,7370.578512,51.54166667,19316
4/18/2015,7319.008264,52.3625,19760
4/19/2015,7317.024793,52.45416667,19559
4/20/2015,7317.024793,52.39166667,19933
4/21/2015,8304.793388,52.49583333,20031
4/22/2015,9300.495868,52.98333333,19870
4/23/2015,10552.06612,52.8,18918
4/24/2015,11639.00826,52.49583333,18923
4/25/2015,12422.47934,52.14166667,18377
4/26/2015,13241.65289,51.97916667,19962
4/27/2015,13255.53719,52.55,19622
4/28/2015,13368.59504,52.75,19271
4/29/2015,13275.3719,52.8875,19864
4/30/2015,13249.58678,53.04166667,19743
5/1/2015,13261.4876,53.32083333,20188
5/2/2015,14076.69421,53.175,19074
5/3/2015,14100.49587,52.90833333,19294
5/4/2015,14088.59504,53.1625,18835
5/5/2015,14088.59504,53.12083333,19806
5/6/2015,13975.53719,53.23333333,20002
5/7/2015,14031.07438,53.3125,18225
5/8/2015,14044.95868,53.8125,18907
5/9/2015,14058.84298,53.72083333,19001
5/10/2015,14054.87603,53.375,18929
5/11/2015,14048.92562,53.3125,19852
5/12/2015,14048.92562,53.54583333,19582
5/13/2015,14058.84298,53.52916667,19985
5/14/2015,14126.28099,53.69583333,22921
5/15/2015,14280.99174,54.15833333,19423
5/16/2015,14221.4876,53.41666667,18730
5/17/2015,14161.98347,53.96666667,18410
5/18/2015,14150.08264,54.025,18625
5/19/2015,14217.52066,54.10416667,19473
5/20/2015,14205.61983,54.3625,18014
5/21/2015,14165.95041,53.85833333,18956
5/22/2015,14245.28926,53.9375,20176
5/23/2015,14185.78512,53.77083333,20469
5/24/2015,14088.59504,54.47916667,20077
5/25/2015,14094.54545,54.22916667,19875
5/26/2015,14112.39669,54.31666667,19916
5/27/2015,13717.68595,54.74583333,19662
5/28/2015,13705.78512,54.34166667,20961
5/29/2015,13723.63636,54.38333333,21140
5/30/2015,13719.66942,54.41666667,21140
5/31/2015,13717.68595,54.36666667,21104
6/1/2015,13921.98347,54.3375,20877
6/2/2015,14046.94215,54.43333333,20835
6/3/2015,14039.00826,54.95833333,20329
6/4/2015,13957.68595,55.09166667,21014
6/5/2015,14042.97521,55.02916667,22112
6/6/2015,14050.90909,55.1625,21989
6/7/2015,14056.8595,55.38333333,21671
6/8/2015,13935.86777,55.49583333,22746
6/9/2015,13929.91736,55.75416667,22576
6/10/2015,13945.78512,55.52083333,21605
6/11/2015,13878.34711,55.95416667,21241
6/12/2015,13838.67769,55.95416667,20346
6/13/2015,13830.7438,56.24583333,20853
6/14/2015,13747.43802,56.03333333,20510
6/15/2015,13660.16529,56.07083333,21550
6/16/2015,13644.29752,56.48333333,22094
6/17/2015,13674.04959,56.7,21989
6/18/2015,13753.38843,56.20833333,21750
6/19/2015,13743.47107,55.475,22545
6/20/2015,13743.47107,55.65416667,22266
6/21/2015,13743.47107,55.85,21702
6/22/2015,13737.52066,55.75,22947
6/23/2015,13733.55372,56.02083333,22645
6/24/2015,13731.57025,56.42083333,22702
6/25/2015,13931.90083,55.9625,22482
6/26/2015,13953.71901,55.42083333,22664
6/27/2015,13979.50413,55.25416667,22664
6/28/2015,14001.32231,55.1875,22827
6/29/2015,14029.09091,55.1375,23256
6/30/2015,14044.95868,55.5625,22639
7/1/2015,14072.72727,55.7375,21392
7/2/2015,14092.56198,55.8875,21362
7/3/2015,14100.49587,56.04166667,22087
7/4/2015,14100.49587,55.87083333,22626
7/5/2015,14100.49587,55.85,22291
7/6/2015,14102.47934,55.87916667,22677
7/7/2015,14092.56198,56.2125,22464
7/8/2015,14096.52893,56.3125,21307
7/9/2015,14029.09091,55.44166667,20334
7/10/2015,14013.22314,54.225,20008
7/11/2015,14001.32231,54.3625,20329
7/12/2015,14114.38017,55.125,20498
7/13/2015,14094.54545,55.15,20651
7/14/2015,14076.69421,55.4875,21362
7/15/2015,13937.85124,55.84583333,21665
7/16/2015,13925.95041,55.8125,21587
7/17/2015,13882.31405,55.06666667,21429
7/18/2015,13844.6281,55.05833333,21811
7/19/2015,13852.56198,55.2,20405
7/20/2015,13761.32231,55.425,21447
7/21/2015,13791.07438,55.00416667,19389
7/22/2015,13785.12397,55.42083333,19674
7/23/2015,13785.12397,55.05,20293
7/24/2015,13791.07438,55.00416667,20031
7/25/2015,13787.10744,55.00416667,19800
7/26/2015,13132.56198,54.9125,20510
7/27/2015,13559.00826,55.2,20668
7/28/2015,13787.10744,55.25416667,20129
7/29/2015,13789.09091,55.075,20716
7/30/2015,13668.09917,55.325,20692
7/31/2015,13666.1157,55.125,20627
8/1/2015,13664.13223,54.80416667,20610
8/2/2015,13701.81818,54.80833333,20973
8/3/2015,13719.66942,54.475,21429
8/4/2015,13715.70248,54.775,21410
8/5/2015,13717.68595,54.475,21665
8/6/2015,13717.68595,55.30416667,22081
8/7/2015,13713.71901,55.9875,22334
8/8/2015,13773.22314,55.82083333,22739
8/9/2015,13761.32231,55.64583333,22488
8/10/2015,13656.19835,55.32083333,21520
8/11/2015,13608.59504,54.35833333,20698
8/12/2015,13400.33058,54.02083333,19800
8/13/2015,13404.29752,54.54583333,19058
8/14/2015,13170.24793,54.6125,21265
8/15/2015,13685.95041,54.975,22464
8/16/2015,13676.03306,55.40416667,22013
8/17/2015,13731.57025,55.575,22217
8/18/2015,13723.63636,55.48333333,20937
8/19/2015,13697.85124,55.6625,20716
8/20/2015,13729.58678,55.56666667,19985
8/21/2015,13680,55.78333333,20405
8/22/2015,13681.98347,55.84166667,20907
8/23/2015,13681.98347,56.29583333,20734
8/24/2015,13626.44628,57.09166667,22155
8/25/2015,13695.86777,56.575,22168
8/26/2015,13687.93388,55.99583333,22303
8/27/2015,13697.85124,55.66666667,20961
8/28/2015,13713.71901,55.60416667,21319
8/29/2015,13697.85124,55.40833333,21805
8/30/2015,13701.81818,55.675,21032
8/31/2015,13707.7686,55.4875,20829
9/1/2015,13693.8843,55.16666667,19956
9/2/2015,13687.93388,54.75,19852
9/3/2015,13701.81818,54.85416667,20147
9/4/2015,13703.80165,54.69166667,20686
9/5/2015,13689.91736,54.61666667,21008
9/6/2015,13705.78512,54.45,21854
9/7/2015,13693.8843,54.83333333,22254
9/8/2015,13695.86777,55.14166667,22589
9/9/2015,13703.80165,55.45833333,21976
9/10/2015,13695.86777,55.30833333,22279
9/11/2015,13818.84298,55.0625,21459
9/12/2015,13719.66942,54.85416667,19593
9/13/2015,13699.83471,55.4625,20311
9/14/2015,13691.90083,55.29166667,21562
9/15/2015,13275.3719,54.89166667,21817
9/16/2015,13229.75207,54.7375,21247
9/17/2015,13261.4876,55.0125,20835
9/18/2015,13408.26446,55.7875,20416
9/19/2015,13307.10744,55.86666667,20540
9/20/2015,13307.10744,55.93333333,21217
9/21/2015,13263.47107,55.9625,22100
9/22/2015,13269.42149,56.06666667,21374
9/23/2015,13301.15702,55.89583333,20457
9/24/2015,13156.36364,55.77083333,21283
9/25/2015,13073.05785,55.92083333,21362
9/26/2015,13047.27273,56.05833333,22026
9/27/2015,12993.71901,55.5875,21187
9/28/2015,12981.81818,55.625,20182
9/29/2015,12981.81818,55.54583333,20235
9/30/2015,12975.86777,55.65833333,19714
10/1/2015,12975.86777,55.64166667,20147
10/2/2015,12979.83471,55.925,20317
10/3/2015,12981.81818,56.12083333,20387
10/4/2015,12977.85124,56.25416667,19457
10/5/2015,12981.81818,56.47916667,19513
10/6/2015,12979.83471,56,19714
10/7/2015,12979.83471,56.15416667,20776
10/8/2015,12963.96694,56.19166667,21811
10/9/2015,12902.47934,56.4875,22501
10/10/2015,12960,56.525,22633
10/11/2015,12912.39669,56.1625,21338
10/12/2015,12914.38017,55.80416667,22044
10/13/2015,12910.41322,55.85833333,22229
10/14/2015,12904.46281,55.9875,22192
10/15/2015,12912.39669,56.07916667,21146
10/16/2015,12910.41322,55.53333333,21441
10/17/2015,12904.46281,55.2,21080
10/18/2015,12888.59504,55.2,20252
10/19/2015,13194.04959,55.19583333,20211
10/20/2015,12273.71901,55.27083333,22174
10/21/2015,11728.26446,55.37083333,21211
10/22/2015,11369.2562,55.3375,20317
10/23/2015,10853.55372,55.85416667,20329
10/24/2015,10843.63636,55.8,20428
10/25/2015,10686.94215,55.83333333,20823
10/26/2015,10242.64463,56.12916667,21032
10/27/2015,10242.64463,56.2375,21417
10/28/2015,10246.61157,56.35416667,20428
10/29/2015,10250.57851,56.55,20129
10/30/2015,9651.570248,56.47083333,20865
10/31/2015,9526.61157,56.14583333,21423
11/1/2015,10052.2314,56.0375,21380
11/2/2015,9292.561983,56.16666667,21787
11/3/2015,9318.347107,56.09166667,22488
11/4/2015,9326.280992,55.97083333,21380
11/5/2015,9330.247934,56.06666667,21775
11/6/2015,9330.247934,56.2875,21362
11/7/2015,9324.297521,56.31666667,21026
11/8/2015,9330.247934,56.575,21002
11/9/2015,9326.280992,56.49166667,20955
11/10/2015,9324.297521,56.4125,21665
11/11/2015,9316.363636,56.34166667,21050
11/12/2015,8935.53719,56.5125,20996
11/13/2015,8505.123967,56.73333333,21307
11/14/2015,8509.090909,56.8375,21738
11/15/2015,8231.404959,56.80416667,21805
11/16/2015,7840.661157,56.56666667,20651
11/17/2015,7822.809917,56.46666667,21623
11/18/2015,8011.239669,56.60416667,21417
11/19/2015,8094.545455,56.67916667,21459
11/20/2015,8003.305785,56.71666667,21211
11/21/2015,8039.008264,56.60833333,20528
11/22/2015,8040.991736,56.65416667,20106
11/23/2015,8054.876033,56.575,19697
11/24/2015,8040.991736,56.34583333,19921
11/25/2015,8021.157025,56.00833333,20223
11/26/2015,7967.603306,55.40833333,19760
11/27/2015,7957.68595,54.95416667,19468
11/28/2015,7943.801653,54.88333333,19468
11/29/2015,7925.950413,54.775,19074
11/30/2015,7925.950413,54.6,18990
12/1/2015,7923.966942,54.47083333,19605
12/2/2015,7925.950413,54.53333333,19316
12/3/2015,7920,54.525,20352
12/4/2015,7927.933884,54.46666667,21235
12/5/2015,8048.92562,53.74583333,21665
12/6/2015,8346.446281,53.55,21164
12/7/2015,8352.396694,53.80833333,21092
12/8/2015,8356.363636,53.78333333,21939
12/9/2015,8338.512397,53.6625,21574
12/10/2015,8253.22314,53.6,21392
12/11/2015,8310.743802,53.20416667,20557
12/12/2015,8314.710744,52.87083333,19457
12/13/2015,8209.586777,52.5125,18769
12/14/2015,8205.619835,52.20416667,18658
12/15/2015,8243.305785,51.91666667,18730
12/16/2015,8255.206612,51.7875,19530
12/17/2015,8273.057851,52.89166667,20135
12/18/2015,8273.057851,53.5125,20025
12/19/2015,8275.041322,53.37083333,19939
12/20/2015,8273.057851,53.05,19703
12/21/2015,8271.07438,52.95,19080
12/22/2015,8237.355372,52.57916667,19232
12/23/2015,7713.719008,52.37916667,20164
12/24/2015,7203.966942,52.16666667,20241
12/25/2015,6614.876033,52.00833333,21872
12/26/2015,6107.107438,51.72916667,21140
12/27/2015,6113.057851,51.32083333,20153
12/28/2015,6132.892562,51.19166667,21008
12/29/2015,6214.214876,51.12916667,21325
12/30/2015,6150.743802,51.1,21915
12/31/2015,6154.710744,50.75416667,22396
1/1/2016,6190.413223,50.24583333,22451
1/2/2016,6190.413223,49.96666667,21927
1/3/2016,6190.413223,49.91666667,21562
1/4/2016,6186.446281,49.86666667,21465
1/5/2016,6101.157025,49.80416667,21283
1/6/2016,6109.090909,49.59166667,22589
1/7/2016,6130.909091,49.30833333,22118
1/8/2016,6120.991736,49.24583333,22137
1/9/2016,6105.123967,49.1875,21176
1/10/2016,6051.570248,49.14166667,20610
1/11/2016,6077.355372,49.18333333,21684
1/12/2016,6079.338843,48.95,22347
1/13/2016,6085.289256,48.825,22796
1/14/2016,6015.867769,48.58333333,22683
1/15/2016,6124.958678,48.21666667,22513
1/16/2016,6188.429752,48.23333333,21014
1/17/2016,5976.198347,48.375,20340
1/18/2016,5938.512397,48.52083333,19726
1/19/2016,5890.909091,48.80833333,20925
1/20/2016,5912.727273,49.08333333,22266
1/21/2016,5898.842975,48.5875,22168
1/22/2016,5896.859504,48.34166667,20967
1/23/2016,5815.53719,48.69166667,21176
1/24/2016,5873.057851,49.01666667,19288
1/25/2016,6039.669421,49.175,19001
1/26/2016,6043.636364,48.7625,20008
1/27/2016,6041.652893,48.62916667,21690
1/28/2016,6041.652893,48.18333333,21811
1/29/2016,6075.371901,48.07916667,21708
1/30/2016,6037.68595,48.075,21182
1/31/2016,5948.429752,47.76666667,20358
2/1/2016,5898.842975,47.5125,20528
2/2/2016,5896.859504,47.65,20112
2/3/2016,5890.909091,47.62916667,20704
2/4/2016,5888.92562,47.64166667,19893
2/5/2016,5894.876033,47.45416667,18554
2/6/2016,5938.512397,47.55833333,17240
2/7/2016,5942.479339,47.80833333,17015
2/8/2016,5934.545455,48.02083333,17830
2/9/2016,5974.214876,47.92916667,19350
2/10/2016,6083.305785,47.86666667,21295
2/11/2016,6089.256198,47.65416667,22464
2/12/2016,6051.570248,47.57916667,21952
2/13/2016,6053.553719,47.64166667,21915
2/14/2016,6059.504132,47.65416667,22273
2/15/2016,6057.520661,47.86666667,22796
2/16/2016,6059.504132,47.71666667,22439
2/17/2016,6059.504132,47.5875,21593
2/18/2016,6049.586777,47.46666667,19812
2/19/2016,6057.520661,47.66666667,20776
2/20/2016,6059.504132,48.12916667,21459
2/21/2016,6063.471074,48.01666667,22513
2/22/2016,6051.570248,48.12083333,21995
2/23/2016,6081.322314,48.32083333,22708
2/24/2016,6132.892562,48.62083333,22390
2/25/2016,6186.446281,48.82916667,22199
2/26/2016,6190.413223,48.92083333,22620
2/27/2016,6184.46281,48.875,22859
2/28/2016,6186.446281,48.70833333,22739
2/29/2016,6186.446281,48.6625,22827
3/1/2016,6184.46281,48.71666667,22470
3/2/2016,6184.46281,48.76666667,22161
3/3/2016,6186.446281,48.78333333,20258
3/4/2016,6130.909091,49.00833333,18879
3/5/2016,6273.719008,49.05416667,19029
3/6/2016,6269.752066,49.47916667,18515
3/7/2016,6273.719008,49.575,20734
3/8/2016,6166.61157,49.21666667,20919
3/9/2016,6000,49.14583333,21793
3/10/2016,6130.909091,49.03333333,22570
3/11/2016,8368.264463,49.29583333,21976
3/12/2016,8953.38843,49.49166667,20811
3/13/2016,9141.818182,49.78695652,21325
3/14/2016,8933.553719,50.0375,19518
3/15/2016,9120,50.28333333,18421
3/16/2016,9306.446281,50.65416667,18046
3/17/2016,9306.446281,50.77916667,19950
3/18/2016,35702.47934,50.29583333,21952
3/19/2016,37436.03306,49.95,22254
3/20/2016,36874.71074,49.51666667,22001
3/21/2016,36767.60331,49.03333333,21976
3/22/2016,36809.2562,48.90833333,21750
3/23/2016,31860.49587,49.25,21453
3/24/2016,26233.38843,49.86666667,20782
3/25/2016,21086.28099,50.05833333,19153
3/26/2016,16962.64463,50.39166667,20123
3/27/2016,14154.04959,50.925,19662
3/28/2016,9699.173554,50.79166667,19875
3/29/2016,9689.256198,50.55,19372
3/30/2016,9449.256198,51.025,20147
3/31/2016,9802.31405,51.28333333,21702
4/1/2016,9899.504132,51.4,21116
4/2/2016,9681.322314,51.65,18703
4/3/2016,9756.694215,51.64166667,20065
4/4/2016,9600,51.8125,20141
4/5/2016,9377.85124,51.575,20042
4/6/2016,9100.165289,51.8625,21146
4/7/2016,9112.066116,52.8125,22451
4/8/2016,9098.181818,52.97916667,22664
4/9/2016,9088.264463,52.42916667,22557
4/10/2016,9100.165289,51.95,22972
4/11/2016,9100.165289,51.30416667,22727
4/12/2016,9147.768595,51.0875,22464
4/13/2016,9240.991736,51.3625,21665
4/14/2016,9213.22314,51.475,21989
4/15/2016,9219.173554,51.62916667,21744
4/16/2016,9211.239669,51.6625,21495
4/17/2016,9217.190083,52.10416667,21726
4/18/2016,9219.173554,52.725,22303
4/19/2016,9219.173554,53.15,21970
4/20/2016,9223.140496,53.15833333,21678
4/21/2016,9256.859504,53.2375,20522
4/22/2016,9260.826446,52.97083333,20387
4/23/2016,9256.859504,52.02083333,21140
4/24/2016,9260.826446,52.5375,21350
4/25/2016,9260.826446,52.66666667,21671
4/26/2016,9102.14876,52.8125,21952
4/27/2016,9300.495868,53.61666667,21708
4/28/2016,9356.033058,53.64166667,21338
4/29/2016,9361.983471,53.68333333,20740
4/30/2016,9407.603306,53.96666667,20841
5/1/2016,10270.41322,54.3625,21170
5/2/2016,10298.18182,54.55416667,21128
5/3/2016,10298.18182,54.42916667,21769
5/4/2016,11250.24793,53.88333333,21471
5/5/2016,11297.85124,54.00833333,21483
5/6/2016,11289.91736,54.225,22414
5/7/2016,11416.8595,53.39583333,22921
5/8/2016,11587.43802,53.04166667,22526
5/9/2016,11807.60331,53.30416667,22155
5/10/2016,12370.90909,54.10416667,22551
5/11/2016,12380.82645,52.875,22223
5/12/2016,12378.84298,52.87083333,21878
5/13/2016,12295.53719,52.7125,21417
5/14/2016,12283.63636,52.79166667,21014
5/15/2016,12285.61983,52.7,20569
5/16/2016,12283.63636,52.64583333,20164
5/17/2016,12287.60331,52.625,20645
5/18/2016,12281.65289,51.725,20865
5/19/2016,12279.66942,51.80833333,21946
5/20/2016,12283.63636,51.32083333,22075
5/21/2016,12283.63636,50.8,21860
5/22/2016,12283.63636,50.61666667,21020
5/23/2016,12281.65289,50.975,21587
5/24/2016,12285.61983,51.62916667,22777
5/25/2016,12281.65289,51.84166667,22614
5/26/2016,12355.04132,52.14166667,22143
5/27/2016,12382.80992,52.12916667,22689
5/28/2016,12380.82645,52.04166667,21665
5/29/2016,12378.84298,52,22334
5/30/2016,12382.80992,52.41666667,21441
5/31/2016,12384.79339,52.54583333,22488
6/1/2016,14066.77686,52.4875,22445
6/2/2016,14931.57025,52.44166667,22626
6/3/2016,15026.77686,52.5125,22470
6/4/2016,15102.14876,52.16666667,21854
6/5/2016,15161.65289,51.45,21995
6/6/2016,15161.65289,51.35416667,21556
6/7/2016,15127.93388,51.19583333,21568
6/8/2016,15116.03306,51.21666667,21909
6/9/2016,15110.08264,51.05833333,21939
6/10/2016,15110.08264,51.4625,21623
6/11/2016,15110.08264,51.33333333,21958
6/12/2016,15108.09917,51.12916667,21835
6/13/2016,15129.91736,51.03333333,21050
6/14/2016,15211.23967,51.24583333,21164
6/15/2016,15161.65289,50.9875,21038
6/16/2016,15157.68595,51.26666667,21350
6/17/2016,15155.70248,51.3375,21471
6/18/2016,16651.23967,51.2,21781
6/19/2016,17412.89256,51.79166667,22236
6/20/2016,17404.95868,51.9125,22143
6/21/2016,17408.92562,52.05416667,22106
6/22/2016,17434.71074,51.92083333,21817
6/23/2016,17440.66116,51.58333333,21283
6/24/2016,17428.76033,51.56666667,21939
6/25/2016,17432.72727,51.70416667,22570
6/26/2016,17430.7438,51.67916667,22439
6/27/2016,17240.33058,51.40416667,22334
6/28/2016,17240.33058,51.0125,22316
6/29/2016,17234.38017,51.08333333,21635
6/30/2016,17238.34711,51.0875,21587
7/1/2016,18642.64463,50.9375,21787
7/2/2016,18624.79339,51.02083333,21933
7/3/2016,18618.84298,51.20416667,21641
7/4/2016,18618.84298,51.3125,22161
7/5/2016,18620.82645,51.18333333,22451
7/6/2016,18664.46281,51.31666667,22044
7/7/2016,18620.82645,51.26666667,21946
7/8/2016,19937.85124,51.725,21489
7/9/2016,20007.27273,51.3375,20973
7/10/2016,20007.27273,51.55833333,21896
7/11/2016,19995.3719,51.875,22328
7/12/2016,20009.2562,51.42083333,22347
7/13/2016,20007.27273,51.37916667,22796
7/14/2016,20017.19008,51.64583333,21732
7/15/2016,20013.22314,51.73333333,22316
7/16/2016,20078.67769,51.92916667,22396
7/17/2016,20013.22314,51.8625,22396
7/18/2016,20005.28926,51.9875,22758
7/19/2016,20013.22314,52.05,22464
7/20/2016,20005.28926,51.91666667,22291
7/21/2016,20011.23967,51.4875,22576
7/22/2016,20013.22314,51.6,22721
7/23/2016,20013.22314,51.60416667,22802
7/24/2016,20009.2562,51.57916667,22433
7/25/2016,20003.30579,51.575,22334
7/26/2016,19921.98347,51.86666667,22340
7/27/2016,19767.27273,51.75416667,21866
7/28/2016,20134.21488,51.60833333,22001
7/29/2016,20207.60331,51.70833333,22488
7/30/2016,20209.58678,51.7875,22359
7/31/2016,20207.60331,52.04583333,22316
8/1/2016,20209.58678,51.975,22582
8/2/2016,20211.57025,52.0625,22595
8/3/2016,20217.52066,52.06666667,22488
8/4/2016,20205.61983,51.9625,22131
8/5/2016,20209.58678,51.95416667,22211
8/6/2016,20211.57025,52.17916667,21902
8/7/2016,20144.13223,52.1875,21927
8/8/2016,19975.53719,52.24166667,22199
8/9/2016,19999.33884,52.58333333,22664
8/10/2016,19761.32231,52.2625,22733
8/11/2016,19929.91736,51.975,21927
8/12/2016,20205.61983,52.25416667,21793
8/13/2016,20207.60331,52.0875,22702
8/14/2016,20150.08264,51.99583333,22746
8/15/2016,19981.4876,52.07916667,21884
8/16/2016,20106.44628,52.09583333,22279
8/17/2016,20150.08264,52.25833333,22507
8/18/2016,20207.60331,52.17083333,22903
8/19/2016,20205.61983,52.0125,22808
8/20/2016,20106.44628,51.62916667,22651
8/21/2016,20108.42975,51.55833333,22921
8/22/2016,20171.90083,51.58333333,22739
8/23/2016,20112.39669,51.85,22607
8/24/2016,20112.39669,51.75,22614
8/25/2016,20058.84298,51.63333333,21841
8/26/2016,20100.49587,51.30833333,22013
8/27/2016,20104.46281,51.45833333,21568
8/28/2016,20114.38017,51.42083333,21781
8/29/2016,20223.47107,51.36666667,22063
8/30/2016,20156.03306,51.3625,22310
8/31/2016,20102.47934,51.47916667,22371
9/1/2016,18775.53719,51.58333333,22714
9/2/2016,18676.36364,51.625,22796
9/3/2016,18721.98347,51.62083333,22149
9/4/2016,18718.01653,51.6,21659
9/5/2016,18745.78512,51.66666667,22427
9/6/2016,17882.97521,51.125,22501
9/7/2016,17867.10744,50.74583333,23060
9/8/2016,17930.57851,51.0125,23028
9/9/2016,17024.13223,51.70416667,22607
9/10/2016,16950.7438,51.55,23091
9/11/2016,16948.76033,51.47083333,23135
9/12/2016,16952.72727,51.8625,22582
9/13/2016,16948.76033,51.72916667,22576
9/14/2016,16952.72727,51.74583333,22626
9/15/2016,16948.76033,51.92083333,21989
9/16/2016,16946.77686,51.8125,22174
9/17/2016,16948.76033,51.85,22266
9/18/2016,16944.79339,50.89583333,22186
9/19/2016,16958.67769,51.29166667,22708
9/20/2016,15873.71901,51.375,22038
9/21/2016,15855.86777,51.5,21750
9/22/2016,14899.83471,51.02916667,21896
9/23/2016,14854.21488,51.05416667,21678
9/24/2016,14858.18182,50.92916667,21781
9/25/2016,14864.13223,51.45416667,22390
9/26/2016,14874.04959,51.325,21896
9/27/2016,14860.16529,51.8,22273
9/28/2016,14536.8595,51.92083333,22285
9/29/2016,14610.24793,51.92083333,22614
9/30/2016,14608.26446,51.81666667,22921
10/1/2016,14614.21488,51.49166667,22859
10/2/2016,14610.24793,51.42916667,22205
10/3/2016,14576.52893,50.94583333,22322
10/4/2016,13925.95041,50.9375,22607
10/5/2016,13910.08264,51.36666667,22614
10/6/2016,13416.19835,51.5625,22827
10/7/2016,13390.41322,52.175,21544
10/8/2016,13400.33058,52.19166667,21247
10/9/2016,13390.41322,51.89583333,20776
10/10/2016,12912.39669,51.9375,20399
10/11/2016,12902.47934,52.04166667,21092
10/12/2016,12965.95041,52.02916667,21641
10/13/2016,12981.81818,51.9875,21176
10/14/2016,12975.86777,51.92916667,20979
10/15/2016,12930.24793,51.87083333,20025
10/16/2016,12922.31405,51.94583333,20581
10/17/2016,12930.24793,52.06666667,21170
10/18/2016,12360.99174,52.62083333,21514
10/19/2016,12341.15702,53.0375,20545
10/20/2016,12347.10744,52.67916667,20493
10/21/2016,11444.6281,52.63333333,21362
10/22/2016,10899.17355,52.62083333,22075
10/23/2016,10895.20661,52.58333333,22365
10/24/2016,10798.01653,52.41666667,22595
10/25/2016,10603.63636,51.66666667,21946
10/26/2016,9695.206612,51.375,21983
10/27/2016,9693.22314,52.13333333,22414
10/28/2016,9697.190083,51.98333333,21014
10/29/2016,9697.190083,51.64583333,19305
10/30/2016,9647.603306,51.80833333,21241
10/31/2016,9647.603306,51.74166667,21958
11/1/2016,9818.181818,52.725,22260
11/2/2016,10208.92562,52.10833333,21799
11/3/2016,9962.975207,52.10416667,21550
11/4/2016,9582.14876,52.36666667,21313
11/5/2016,9601.983471,52.44166667,20877
11/6/2016,9601.983471,52.49583333,20817
11/7/2016,9601.983471,52.50833333,20323
11/8/2016,9600,52.05,19944
11/9/2016,9627.768595,52.03333333,19760
11/10/2016,9651.570248,52.3875,19176
11/11/2016,9651.570248,52.43333333,18449
11/12/2016,9651.570248,52.35416667,18394
11/13/2016,9649.586777,52.375,19058
11/14/2016,9645.619835,52.20833333,19513
11/15/2016,9479.008264,52.22083333,20282
11/16/2016,9649.586777,52.0875,21164
11/17/2016,9651.570248,51.89166667,21325
11/18/2016,9647.603306,51.99583333,20463
11/19/2016,9651.570248,52.08333333,20311
11/20/2016,9643.636364,52.125,20728
11/21/2016,9649.586777,52.5625,20422
11/22/2016,9647.603306,52.59583333,21259
11/23/2016,9647.603306,52.41666667,22248
11/24/2016,9651.570248,52.5125,21520
11/25/2016,9641.652893,52.4125,21653
11/26/2016,9548.429752,52.475,21659
11/27/2016,9550.413223,52.23333333,22266
11/28/2016,9540.495868,52.0875,22303
11/29/2016,9552.396694,52.12083333,21939
11/30/2016,9552.396694,52.06666667,22205
12/1/2016,9552.396694,52.00416667,21020
12/2/2016,9584.132231,51.775,20651
12/3/2016,9603.966942,51.82916667,20551
12/4/2016,9600,51.9,20416
12/5/2016,9601.983471,51.72083333,19587
12/6/2016,9601.983471,51.47083333,18537
12/7/2016,9596.033058,51.14166667,18008
12/8/2016,9590.082645,51.19166667,19310
12/9/2016,9600,51.34583333,20434
12/10/2016,9598.016529,51.4,21520
12/11/2016,9594.049587,52.10416667,20793
12/12/2016,9601.983471,52.31666667,19541
12/13/2016,9600,52.1875,19400
12/14/2016,9603.966942,52.2125,20176
12/15/2016,9911.404959,52.1,20835
12/16/2016,9810.247934,51.7375,21459
12/17/2016,9697.190083,51.275,21623
12/18/2016,9701.157025,50.95416667,21756
12/19/2016,9699.173554,50.43333333,21641
12/20/2016,9659.504132,50.34583333,20516
12/21/2016,19251.57025,50.69583333,19108
12/22/2016,19541.15702,50.8625,19576
12/23/2016,19344.79339,50.62916667,20200
12/24/2016,19362.64463,50.2125,21946
12/25/2016,19358.67769,49.93333333,21933
12/26/2016,19362.64463,49.76666667,22266
12/27/2016,19487.60331,49.8,21835
12/28/2016,19515.3719,49.58333333,20979
12/29/2016,19509.42149,49.5125,20645
12/30/2016,16913.05785,49.55416667,21332
12/31/2016,14231.40496,49.47083333,22316
1/1/2017,12255.86777,49.24583333,21958
1/2/2017,11857.19008,48.80833333,21939
1/3/2017,10520.33058,48.44583333,22614
1/4/2017,9433.38843,48.15833333,22205
1/5/2017,9473.057851,48.04583333,20889
1/6/2017,9504.793388,47.94166667,20293
1/7/2017,18904.46281,48.15416667,20393
1/8/2017,25848.59504,48.34166667,22582
1/9/2017,26457.52066,48.32916667,22513
1/10/2017,26735.20661,47.97083333,22229
1/11/2017,31830.7438,48.00833333,20405
1/12/2017,63665.45455,48.79166667,20153
1/13/2017,64272.39669,49.49583333,22334
1/14/2017,64230.7438,49.39583333,21502
1/15/2017,63582.14876,49.18333333,22439
1/16/2017,63139.83471,49.075,21032
1/17/2017,63445.28926,48.89166667,21593
1/18/2017,56973.22314,48.55833333,22254
1/19/2017,51395.70248,48.11666667,22620
1/20/2017,51506.77686,47.90416667,21884
1/21/2017,52474.71074,48.02916667,20949
1/22/2017,51367.93388,47.725,19428
1/23/2017,50810.57851,47.875,21386
1/24/2017,51443.30579,47.9,18703
1/25/2017,50427.7686,47.82083333,20776
1/26/2017,53059.83471,47.82916667,22377
1/27/2017,52018.5124,47.76666667,21544
1/28/2017,44062.80992,47.70833333,21205
1/29/2017,42934.21488,47.38333333,21386
1/30/2017,43219.83471,47.2625,21122
1/31/2017,43164.29752,47.19583333,21520
2/1/2017,43378.5124,47.12083333,21817
2/2/2017,43531.23967,46.9625,20299
2/3/2017,44267.10744,47.04583333,22106
2/4/2017,44519.00826,46.8625,22161
2/5/2017,44864.13223,46.81666667,21623
2/6/2017,54999.66942,46.89166667,22032
2/7/2017,51268.76033,47.41666667,21532
2/8/2017,42368.92562,46.95,19288
2/9/2017,34282.31405,47.47916667,20847
2/10/2017,76585.78512,47.55,18647
2/11/2017,97249.58678,47.37916667,21896
2/12/2017,117580.1653,47.35833333,22050
2/13/2017,133761.3223,47.09583333,21193
2/14/2017,146709.4215,46.79166667,23016
2/15/2017,129715.0413,46.90833333,21044
2/16/2017,91483.63636,47.23333333,20123
2/17/2017,106567.9339,47.1125,20522
2/18/2017,90493.8843,47.39166667,21562
2/19/2017,90103.1405,47.0875,19662
2/20/2017,52399.33884,47.32916667,20434
2/21/2017,59162.97521,47.09583333,21750
2/22/2017,113894.876,47.07083333,21435
2/23/2017,132003.9669,47.1125,19294
2/24/2017,134945.4545,47.20833333,21235
2/25/2017,136127.6033,47.30416667,20829
2/26/2017,136673.0579,47.32083333,21289
2/27/2017,135445.2893,47.31666667,20782
2/28/2017,135756.6942,47.32083333,20311
3/1/2017,131633.0579,47.425,19697
3/2/2017,112097.8512,47.525,21271
3/3/2017,93498.84298,47.5875,20581
3/4/2017,79630.41322,47.57083333,21702
3/5/2017,66394.71074,47.2875,20188
3/6/2017,55888.26446,47.09583333,21866
3/7/2017,45631.73554,47.00833333,21253
3/8/2017,37602.64463,47.10833333,20551
3/9/2017,31632.39669,47.08333333,21187
3/10/2017,27092.2314,47.22083333,21338
3/11/2017,24178.5124,47.29166667,21211
3/12/2017,21738.84298,47.34347826,20919
3/13/2017,19104.79339,47.37916667,20440
3/14/2017,18646.61157,47.35833333,19996
3/15/2017,16083.96694,47.3125,22328
3/16/2017,15861.81818,47.17083333,21714
3/17/2017,15724.95868,47.34166667,21374
3/18/2017,15584.13223,47.32916667,20931
3/19/2017,15266.77686,47.34166667,21562
3/20/2017,15266.77686,47.3375,22254
3/21/2017,15276.69421,47.475,22815
3/22/2017,15502.80992,47.72083333,23288
3/23/2017,17740.16529,47.69166667,22482
3/24/2017,18031.73554,47.80833333,22714
3/25/2017,18130.90909,47.75833333,21946
3/26/2017,17627.10744,48.55833333,22972
3/27/2017,17625.12397,48.51666667,22928
3/28/2017,17633.05785,49.06666667,22340
3/29/2017,17635.04132,49.39583333,22733
3/30/2017,17631.07438,49.88333333,21952
3/31/2017,17214.54545,50.4875,20704
4/1/2017,17329.58678,50.9,19812
4/2/2017,17111.40496,51.02916667,20510
4/3/2017,17186.77686,50.9625,20487
4/4/2017,17244.29752,50.96666667,20985
4/5/2017,17244.29752,50.6875,22094
4/6/2017,17238.34711,50.49166667,22377
4/7/2017,17950.41322,50.08333333,21635
4/8/2017,17478.34711,49.29166667,21599
4/9/2017,17395.04132,49.9375,21380
4/10/2017,17252.2314,50.1625,20919
4/11/2017,17726.28099,50.275,21002
4/12/2017,22375.53719,50.23333333,21708
4/13/2017,35016.19835,49.45416667,21259
4/14/2017,41563.63636,49.64166667,21532
4/15/2017,44739.17355,50.02916667,21927
4/16/2017,44548.76033,49.99583333,21708
4/17/2017,44530.90909,49.65,22266
4/18/2017,50721.32231,49.81666667,20829
4/19/2017,53266.1157,49.69583333,20657
4/20/2017,52318.01653,49.825,19973
4/21/2017,52268.42975,50.13333333,20919
4/22/2017,53353.38843,50.23333333,21508
4/23/2017,55600.66116,50.1125,21301
4/24/2017,55628.42975,49.80833333,22520
4/25/2017,44931.57025,49.79583333,21116
4/26/2017,36678.34711,50.37916667,21374
4/27/2017,30698.18182,50.71666667,22377
4/28/2017,25644.29752,51.57916667,21629
4/29/2017,22195.04132,52.01666667,21338
4/30/2017,19963.63636,52.71666667,22408
5/1/2017,17986.1157,52.825,22651
5/2/2017,15443.30579,52.99583333,22396
5/3/2017,12491.90083,52.76666667,22199
5/4/2017,10314.04959,51.7125,21404
5/5/2017,9578.181818,51.9625,21550
5/6/2017,9453.22314,52.14583333,21854
5/7/2017,23278.01653,51.32083333,20645
5/8/2017,24507.7686,51.94583333,19829
5/9/2017,24154.71074,51.84583333,20877
5/10/2017,24257.85124,51.82916667,21193
5/11/2017,24162.64463,51.52083333,20440
5/12/2017,24622.80992,51.17083333,19485
5/13/2017,25297.19008,51.17916667,18388
5/14/2017,24097.19008,51.46666667,19367
5/15/2017,24013.8843,52.1875,20487
5/16/2017,24267.7686,51.8125,20446
5/17/2017,25170.24793,50.95416667,21068
5/18/2017,25166.28099,51.7375,21909
5/19/2017,25166.28099,51.43333333,21593
5/20/2017,25174.21488,50.8375,21092
5/21/2017,25172.2314,50.57083333,20949
5/22/2017,24009.91736,50.66666667,20164
5/23/2017,23153.05785,50.76666667,19968
5/24/2017,21782.47934,50.76666667,20323
5/25/2017,20181.81818,50.98333333,20071
5/26/2017,19967.60331,51.00416667,19570
5/27/2017,19971.57025,51.0125,21605
5/28/2017,20217.52066,51.3875,21738
5/29/2017,20195.70248,51.17916667,21068
5/30/2017,20187.7686,51.20416667,21659
5/31/2017,19525.28926,51.03333333,22057
6/1/2017,19920,51.37916667,22359
6/2/2017,20969.2562,51.35416667,21176
6/3/2017,20963.30579,51.1875,21259
6/4/2017,20868.09917,51.32916667,20889
6/5/2017,20774.87603,51.3625,21641
6/6/2017,20860.16529,51.43333333,21374
6/7/2017,20887.93388,51.37916667,20540
6/8/2017,19311.07438,51.2,21374
6/9/2017,19003.63636,51.17083333,21380
6/10/2017,19015.53719,51.325,20627
6/11/2017,18872.72727,51.37083333,21659
6/12/2017,18997.68595,51.38333333,21787
6/13/2017,18908.42975,51.59166667,21332
6/14/2017,18900.49587,51.85416667,21344
6/15/2017,18930.24793,52.29166667,22451
6/16/2017,18914.38017,51.8,21884
6/17/2017,18761.65289,51.75833333,21404
6/18/2017,18230.08264,51.4125,21983
6/19/2017,18505.78512,51.3125,22155
6/20/2017,18924.29752,50.8875,21265
6/21/2017,18922.31405,50.98333333,21538
6/22/2017,18848.92562,50.95833333,21823
6/23/2017,18743.80165,50.83333333,22180
6/24/2017,18914.38017,50.87083333,22020
6/25/2017,18835.04132,51.025,21122
6/26/2017,18775.53719,50.90833333,21933
6/27/2017,18777.52066,51.175,22026
6/28/2017,18688.26446,51.38333333,21562
6/29/2017,18753.71901,51.17916667,21835
6/30/2017,18604.95868,51.125,22402
7/1/2017,18648.59504,51.23333333,22764
7/2/2017,18809.2562,51.2375,22106
7/3/2017,18785.45455,51.37916667,22279
7/4/2017,18791.40496,51.30416667,21970
7/5/2017,18769.58678,51.32916667,21241
7/6/2017,18696.19835,51.30416667,21277
7/7/2017,19122.64463,51.35,22334
7/8/2017,20152.06612,51.20833333,21878
7/9/2017,20104.46281,51.3,21738
7/10/2017,19487.60331,51.27083333,21854
7/11/2017,19031.40496,51.37083333,22433
7/12/2017,19259.50413,51.45833333,21841
7/13/2017,19594.71074,51.62083333,21562
7/14/2017,19670.08264,51.64166667,21970
7/15/2017,19678.01653,51.57916667,22026
7/16/2017,19525.28926,51.625,21453
7/17/2017,19237.68595,51.6375,22501
7/18/2017,19557.02479,51.83333333,22063
7/19/2017,19582.80992,51.9,21514
7/20/2017,19578.84298,51.73333333,21647
7/21/2017,19525.28926,51.51666667,21866
7/22/2017,19378.5124,51.55416667,22063
7/23/2017,19390.41322,51.39166667,20996
7/24/2017,19289.2562,51.5125,21253
7/25/2017,19063.1405,51.53333333,21223
7/26/2017,18840.99174,51.47916667,21744
7/27/2017,18999.66942,51.68333333,21617
7/28/2017,18712.06612,51.94583333,20498
7/29/2017,18398.67769,51.44166667,22087
7/30/2017,18551.40496,51.22083333,22211
7/31/2017,18700.16529,51.03333333,22639
8/1/2017,19017.52066,51.0875,21896
8/2/2017,19277.35537,51.14166667,21726
8/3/2017,19315.04132,51.325,21696
8/4/2017,18880.66116,51.27916667,21477
8/5/2017,18513.71901,51.5875,21556
8/6/2017,18650.57851,51.66666667,22131
8/7/2017,18644.6281,51.69583333,21799
8/8/2017,18662.47934,51.77916667,22044
8/9/2017,18731.90083,51.78333333,21878
8/10/2017,19021.4876,51.76666667,22796
8/11/2017,19158.34711,52.0625,22063
8/12/2017,18969.91736,52.07916667,22044
8/13/2017,18926.28099,52.1125,22044
8/14/2017,19053.22314,52.225,22322
8/15/2017,19033.38843,52.075,22118
8/16/2017,19019.50413,51.95,22764
8/17/2017,18981.81818,51.975,22865
8/18/2017,18751.73554,52.1125,22390
8/19/2017,18704.13223,52.15,21659
8/20/2017,18904.46281,52.02916667,21775
8/21/2017,19019.50413,51.9875,22143
8/22/2017,19245.61983,51.85416667,22947
8/23/2017,19247.60331,52.00833333,22607
8/24/2017,19670.08264,51.875,22168
8/25/2017,20126.28099,51.8625,21187
8/26/2017,20074.71074,51.69583333,21526
8/27/2017,19935.86777,51.72916667,21193
8/28/2017,19935.86777,51.74166667,20598
8/29/2017,17071.73554,51.8,21989
8/30/2017,16659.17355,51.86666667,22229
8/31/2017,16663.1405,51.98333333,21629
9/1/2017,16726.61157,51.57083333,22063
9/2/2017,16774.21488,51.6875,22050
9/3/2017,16863.47107,51.77083333,21514
9/4/2017,16857.52066,51.62083333,21817
9/5/2017,16871.40496,51.57083333,22322
9/6/2017,16869.42149,52.04166667,21787
9/7/2017,16871.40496,52.2,20598
9/8/2017,16807.93388,51.10416667,20475
9/9/2017,16567.93388,50.51666667,20990
9/10/2017,16615.53719,50.82916667,21817
9/11/2017,16665.12397,50.83333333,21738
9/12/2017,16671.07438,51.12083333,21538
9/13/2017,16671.07438,51.25833333,20674
9/14/2017,16488.59504,51.1875,20847
9/15/2017,16567.93388,51.1875,20317
9/16/2017,16565.95041,50.85833333,20698
9/17/2017,16550.08264,50.8875,20716
9/18/2017,16615.53719,51.29583333,21344
9/19/2017,16675.04132,50.97083333,22155
9/20/2017,16669.09091,50.95416667,21896
9/21/2017,16673.05785,50.89166667,21104
9/22/2017,16675.04132,50.775,21187
9/23/2017,16651.23967,50.86666667,21170
9/24/2017,16573.8843,50.89166667,22433
9/25/2017,16736.52893,51.13333333,22137
9/26/2017,16774.21488,51.40416667,21671
9/27/2017,16776.19835,51.20833333,21068
9/28/2017,16776.19835,51.40833333,21386
9/29/2017,16752.39669,51.3,21338
9/30/2017,16663.1405,51.30833333,21526
10/1/2017,14893.8843,51.37916667,22112
10/2/2017,14592.39669,51.20416667,22377
10/3/2017,15290.57851,51.2,22384
10/4/2017,14322.64463,51.34166667,21587
10/5/2017,15282.64463,51.775,21866
10/6/2017,16072.06612,51.85833333,22620
10/7/2017,15951.07438,52.07916667,22414
10/8/2017,14705.45455,52.15833333,21574
10/9/2017,14679.66942,51.775,22155
10/10/2017,14677.68595,51.63333333,21319
10/11/2017,14683.63636,51.40416667,21641
10/12/2017,14693.55372,51.30416667,22310
10/13/2017,14665.78512,51.60416667,22273
10/14/2017,14669.75207,51.60416667,22334
10/15/2017,14679.66942,51.86666667,22513
10/16/2017,14703.47107,51.78333333,22576
10/17/2017,14683.63636,52.01666667,22451
10/18/2017,14685.61983,52.17083333,21970
10/19/2017,14663.80165,52.20416667,22340
10/20/2017,14762.97521,52.27083333,22260
10/21/2017,14749.09091,52.25,21599
10/22/2017,14759.00826,52.29166667,21002
10/23/2017,14751.07438,52.57083333,21489
10/24/2017,14757.02479,52.725,21423
10/25/2017,14747.10744,52.3,22273
10/26/2017,14842.31405,52.34166667,22174
10/27/2017,14780.82645,52.43333333,22087
10/28/2017,14786.77686,52.35833333,22260
10/29/2017,14772.89256,52.37083333,22242
10/30/2017,14872.06612,52.35,22279
10/31/2017,14868.09917,52.4625,22328
11/1/2017,14747.10744,52.24583333,21599
11/2/2017,14685.61983,52.275,21756
11/3/2017,14677.68595,52.3125,22137
11/4/2017,14681.65289,52.47083333,22001
11/5/2017,12073.38843,52.475,21989
11/6/2017,10714.71074,52.5,22365
11/7/2017,10817.85124,52.26666667,21793
11/8/2017,10318.01653,52.32916667,22340
11/9/2017,10302.14876,52.45833333,22582
11/10/2017,10318.01653,52.74583333,22340
11/11/2017,10304.13223,52.9,22081
11/12/2017,10314.04959,53.05833333,22211
11/13/2017,9859.834711,52.92083333,22026
11/14/2017,9510.743802,52.81666667,20919
11/15/2017,9125.950413,52.7,20317
11/16/2017,8846.280992,53.0125,21368
11/17/2017,8959.338843,53.01666667,21259
11/18/2017,8939.504132,52.7,20734
11/19/2017,8838.347107,52.7125,20680
11/20/2017,8840.330579,52.7875,21301
11/21/2017,8832.396694,52.70833333,20937
11/22/2017,8834.380165,52.91666667,21152
11/23/2017,8840.330579,53.17916667,20498
11/24/2017,8844.297521,53.16666667,20147
11/25/2017,8838.347107,53.03333333,20106
11/26/2017,8830.413223,53.025,20205
11/27/2017,8796.694215,53.06666667,20627
11/28/2017,8790.743802,52.70416667,21508
11/29/2017,8792.727273,52.39583333,21495
11/30/2017,8786.77686,52.55833333,21659
12/1/2017,8792.727273,52.48333333,22057
12/2/2017,8792.727273,52.45833333,21483
12/3/2017,8782.809917,52.2,20522
12/4/2017,8804.628099,52.06666667,20510
12/5/2017,8782.809917,51.96666667,21635
12/6/2017,8780.826446,52.07083333,22044
12/7/2017,8788.760331,52.25,21835
12/8/2017,8776.859504,52.275,21787
12/9/2017,8790.743802,52.16666667,21229
12/10/2017,8792.727273,51.975,21098
12/11/2017,8786.77686,51.88333333,20996
12/12/2017,8790.743802,51.82916667,20793
12/13/2017,8794.710744,51.7,22365
12/14/2017,8802.644628,51.8,21890
12/15/2017,8802.644628,51.87916667,21976
12/16/2017,8780.826446,51.7375,22595
12/17/2017,8794.710744,51.47916667,22414
12/18/2017,8850.247934,51.4875,21684
12/19/2017,8866.115702,51.475,21970
12/20/2017,8885.950413,51.28333333,21362
12/21/2017,8850.247934,50.925,21182
12/22/2017,8854.214876,50.74583333,20990
12/23/2017,8862.14876,50.90833333,20758
12/24/2017,8840.330579,50.97916667,21187
12/25/2017,8832.396694,50.7875,21026
12/26/2017,8840.330579,50.72083333,20704
12/27/2017,8828.429752,50.6625,20540
12/28/2017,8822.479339,50.55416667,20375
12/29/2017,8840.330579,50.4625,20551
12/30/2017,8832.396694,51.2375,20907
12/31/2017,8828.429752,51.90833333,21098
