Date,Wind_msec,AirTemp_degF,SolRad_Wm2,Storage_AF,Tdew_degC,KES_AddlInflow_AF,KES_Outflow_af,KES_Storage_AF,OutflowTemp_degF,SPP_Inflow_AF,SPP_InflowTemp_degF,SHD_OutflowTemp_degF,SHA_Outflow_AF
1/1/2000,2.08,40.514,88.97,20740,-1.88,-512.958,9917.355372,20740,51.9875,910.4132231,47.80416667,52.7375,9519.900207
1/2/2000,1.27,38.948,57.57,21158,-2.38,-94.95805824,9982.809917,21158,51.775,468.0991736,47.75,52.60833333,9683.106501
1/3/2000,1,44.24,103.19,21104,0.27,-222.3957572,9917.355372,21104,51.67083333,476.0330579,47.63333333,52.45,9414.831777
1/4/2000,1.91,42.53,35.19,21008,3.41,-69.50946295,9917.355372,21008,51.65,13.88429752,47.83333333,52.29166667,9764.35942
1/5/2000,3.45,38.822,122.03,21050,-1.36,181.1116544,9538.512397,21050,51.725,0,47.73333333,52.18333333,9706.922012
1/6/2000,1.07,40.136,89.1,21235,-3.32,16.59038469,9141.818182,21235,51.525,0,47.85833333,51.95,9168.971651
1/7/2000,1.46,45.176,118.82,21134,-1.17,-128.1534692,8925.619835,21134,51.5125,0,47.9375,51.84166667,8966.539809
1/8/2000,0.93,46.004,98.32,21146,1.41,-28.91997429,8925.619835,21146,51.47083333,0,47.85,51.72083333,8990.35532
1/9/2000,1.83,44.222,51.72,20907,1.29,-303.7354853,8925.619835,20907,51.44166667,0,47.67916667,51.60833333,8763.407511
1/10/2000,6.7,44.636,41.36,21062,5.38,317.2123237,8925.619835,21062,51.3875,0,47.375,51.35416667,8979.848477
1/11/2000,6.54,45.086,64.69,21062,4.48,-54.22864229,8925.619835,21062,51.35,541.4876033,47.4375,51.12083333,8547.667002
1/12/2000,3.14,42.26,89.72,20094,2.73,-1131.534771,8528.92562,20094,50.94583333,420.4958678,47.325,51.1625,7090.718107
1/13/2000,6.76,44.96,52.63,20411,5.87,1334.711645,8171.900826,20411,50.53333333,236.0330579,47.2875,51.0375,8348.737441
1/14/2000,5.86,48.686,61.25,20692,8.39,-131.8696724,7933.884298,20692,50.45833333,3828.099174,47.1,50.84166667,5381.60498
1/15/2000,5.8,48.884,63.57,20616,8.55,-1351.819856,7933.884298,20616,49.69166667,4343.801653,47.10416667,50.775,3311.056455
1/16/2000,8.13,46.346,85.93,20540,4.84,203.0261896,7914.049587,20540,49,3927.272727,47.1,50.36666667,1240.507929
1/17/2000,1.83,43.466,49.99,20060,4.97,2266.268931,7975.53719,20060,48.72083333,1664.132231,47.09166667,50.65,6163.314099
1/18/2000,1.26,45.752,31.13,20276,6.95,364.0908597,7975.53719,20276,49.35416667,1039.338843,47.27083333,50.825,7834.602591
1/19/2000,3.5,47.462,47.53,21122,7.97,-52.40424389,8025.123967,21122,49.34583333,4185.123967,46.7625,50.62916667,4008.010373
1/20/2000,2.51,46.634,101.24,22291,5.88,1000.989627,8058.842975,22291,49.3125,4323.966942,46.7875,50.48333333,4587.28765
1/21/2000,3.63,45.032,87.27,21429,5.11,-1714.411617,8499.173554,21429,49.1625,3312.396694,47.05,50.06666667,3727.827893
1/22/2000,1.54,44.798,95.93,21580,5.25,1609.948967,12769.58678,21580,48.99166667,4899.173554,46.7,50.1625,7951.578776
1/23/2000,3.4,46.94,66.38,22464,7.66,802.8344471,12892.56198,22464,48.85833333,5276.033058,46.83333333,50.26666667,8321.419649
1/24/2000,3.89,49.46,70.95,21038,8.49,-2130.890723,15907.43802,21038,48.80833333,5355.371901,46.81666667,50.2625,8586.892549
1/25/2000,1.15,47.624,87.75,18747,6.57,-325.8264333,23141.15702,18747,49.39583333,5375.206612,46.92916667,50.1625,17041.39888
1/26/2000,1.83,45.968,139.77,18686,3.69,663.5515332,27229.09091,18686,49.4,6128.92562,46.82083333,50.05416667,23012.08752
1/27/2000,2.55,41.774,149.86,21726,0.78,1128.077769,27641.65289,21726,49.35416667,5236.363636,46.92083333,50.53333333,25795
1/28/2000,1.75,41.36,151.97,19153,-1.65,-5962.710744,32479.33884,19153,49.92916667,5890.909091,46.80416667,50.60416667,24218.97355
1/29/2000,1.73,42.422,151.34,20129,-1.23,3345.456202,38439.66942,20129,50.075,4760.330579,46.67916667,50.5,35983.83588
1/30/2000,5.88,42.476,74.04,18857,3.84,-3576.497037,39042.64463,18857,49.73333333,5851.239669,46.7,49.98333333,33129.47686
1/31/2000,3.87,43.25,49.06,19541,5.56,745.9280987,34074.04959,19541,49.375,4859.504132,46.73333333,49.73333333,30850.89285
2/1/2000,2.2,46.958,67.14,21976,7.34,798.6526045,33322.31405,21976,49.30833333,5097.520661,46.63333333,49.97083333,31426.66784
2/2/2000,1.39,50.738,91.19,20416,8.49,-4761.874452,28686.94215,20416,49.55833333,5692.561983,46.6125,49.60416667,24097.79463
2/3/2000,4.92,50.108,119.22,19708,7.11,-1811.414465,25342.80992,19708,49.1,5752.066116,46.72083333,49.425,19181.29257
2/4/2000,3.45,47.318,86.28,21909,6.54,2610.451232,24793.38843,21909,48.81666667,5871.07438,46.675,49.47916667,21247.63835
2/5/2000,6.05,47.21,78,21678,7.35,-2556.3243,24793.38843,21678,48.95833333,5018.181818,46.67083333,49.11666667,19286.361
2/6/2000,1.69,49.046,133.27,21140,6.84,-49.15438843,21413.55372,21140,48.375,8310.743802,46.53333333,48.99166667,12876.48631
2/7/2000,2.74,51.584,140.02,19271,7.95,-1642.676393,21413.55372,19271,48.40416667,5910.743802,46.57083333,49.075,14678.76012
2/8/2000,2.35,53.42,88.16,19979,8.88,1532.049797,21413.55372,19979,48.72083333,3213.22314,46.86666667,49.44166667,20332.1421
2/9/2000,3.51,52.826,109.28,20592,8.83,-1518.811521,29587.43802,20592,49.40833333,3252.892562,46.8625,50.02916667,29054.2227
2/10/2000,2.69,47.768,79.45,19898,7.97,-3413.677245,29047.93388,19898,49.75833333,4760.330579,46.825,49.99166667,26158.53677
2/11/2000,4.74,44.546,80.25,19731,6.14,-2037.933464,33199.33884,19731,49.65,4819.834711,46.92083333,49.675,28508.56732
2/12/2000,4.95,43.124,69.09,20217,5.13,356.9368122,40099.83471,20217,49.19166667,8152.066116,46.725,49.525,32815.67249
2/13/2000,6.62,46.328,47.72,22347,7.49,1262.096105,36694.21488,22347,49.14166667,8251.239669,46.7125,49.37916667,30146.23391
2/14/2000,9.28,48.056,101.24,20805,7.23,-3245.258703,44544.79339,20805,49.26666667,8231.404959,46.8375,49.18333333,31105.15845
2/15/2000,1.49,45.338,105.2,21319,5.16,5722.22998,71049.91736,21319,49.22083333,8489.256198,46.86666667,49.54583333,67092.49661
2/16/2000,1.28,46.328,129.23,21520,5.33,-4330.835453,80118.34711,21520,49.225,8390.082645,46.89166667,49.59583333,70135.97879
2/17/2000,0.86,44.15,101.1,20586,4.45,658.2856728,78587.10744,20586,49.275,7517.355372,47.17916667,49.47083333,71854.89831
2/18/2000,1.65,46.112,193.73,20123,3.73,-1248.146244,79898.18182,20123,49.2875,6823.140496,47.25416667,49.43333333,74326.10778
2/19/2000,1.82,48.074,189.34,20949,3.89,-425.0664577,80336.52893,20949,49.35833333,1059.173554,47.68333333,49.28333333,80939.81521
2/20/2000,3.29,48.236,116.5,20955,7.01,-1656.459838,71972.2314,20955,49.37916667,1800.991736,47.69166667,49.45416667,71850.69557
2/21/2000,2.82,47.876,121.73,21086,6.62,-1548.455901,60406.61157,21086,49.425,2618.181818,47.56666667,49.52916667,70421.76492
2/22/2000,8.85,46.4,104.49,21890,6.44,-11829.33517,68372.2314,21890,49.175,2856.198347,47.51666667,49.34583333,62118.55713
2/23/2000,1.89,42.116,140.04,20799,2.2,2306.475928,71147.10744,20799,48.8625,8727.272727,47.27916667,49.07916667,61626.13643
2/24/2000,2.03,41.216,139.62,19812,2.07,-193.3017193,78961.98347,19812,48.98333333,7120.661157,47.22916667,49.17916667,66848.73785
2/25/2000,3.66,43.43,88.11,22161,5.37,7341.584464,79128.59504,22161,48.87916667,8310.743802,47.10833333,49.09583333,74747.08195
2/26/2000,8.68,44.834,67.63,21763,6.29,-4327.23071,67963.63636,21763,49.05,7279.338843,47.12083333,49.05416667,58479.68718
2/27/2000,5.85,45.5,114.62,20692,5.75,1133.610341,66366.94215,20692,49.02916667,8132.231405,47.24166667,49.22916667,61806.85413
2/28/2000,3.33,46.706,141.45,20399,6.4,-3865.143386,74310.7438,20399,48.87083333,8370.247934,47.25416667,49.46666667,70767.08983
2/29/2000,4.57,45.23,119.33,22161,4.88,-3064.593962,79983.47107,22161,48.84583333,8330.578512,47.27916667,49.25,77941.16222
3/1/2000,1.48,46.058,175.37,21532,4.46,-6917.269658,94337.85124,21532,48.75416667,8330.578512,47.2625,48.77916667,89535.11324
3/2/2000,1.73,46.094,66.54,20205,6.67,-4854.840513,93701.15702,20205,48.80416667,4006.61157,47.54583333,48.82083333,94855.07807
3/3/2000,2.33,49.442,209.83,21229,5.74,-4136.532615,93841.98347,21229,49.0625,2479.338843,47.6625,48.8875,99148.17412
3/4/2000,1.09,47.282,71.34,21398,6.92,-7616.529492,97846.61157,21398,48.89583333,3570.247934,48.07083333,48.8375,96030.44357
3/5/2000,1.27,46.22,120.85,22081,6.67,-1071.079934,82857.52066,22081,48.95,3530.578512,47.89166667,48.87083333,82843.65516
3/6/2000,2.55,45.014,119.52,20031,5.03,-5566.713011,68241.32231,20031,48.99166667,4343.801653,47.59166667,48.9875,67905.0258
3/7/2000,5.04,44.816,125.22,20375,4.71,-3663.505139,69520.66116,20375,48.85416667,3173.553719,47.64583333,48.89166667,71086.49786
3/8/2000,4.73,43.196,167.43,21271,3.6,-3843.390422,70510.41322,21271,48.66666667,5831.404959,47.42083333,49.23333333,69695.39184
3/9/2000,4.77,42.746,125.93,20031,4.43,-6256.383576,71404.95868,20031,48.65416667,6446.280992,47.45416667,48.90416667,64858.04133
3/10/2000,2.77,45.554,80.84,21568,6.58,1637.636356,70690.90909,21568,48.76666667,3431.404959,47.46666667,49.02083333,70580.76848
3/11/2000,1.9,48.938,176.81,19973,5.78,-4916.264348,60240,19973,48.9375,3133.884298,47.70416667,48.55416667,57213.26237
3/12/2000,2.24,50.63,177.78,20764,5.57,683.8533325,51205.28926,20764,49.03333333,3173.553719,47.85416667,48.7,50883.2397
3/13/2000,1.15,55.958,190.55,20346,7.75,-3269.504163,43705.78512,20346,49.1375,2995.041322,47.9375,48.79166667,42177.26959
3/14/2000,3.23,55.904,240.81,21259,7.19,-553.5257883,37025.45455,21259,49.35,2003.305785,48.1875,48.75833333,38161.5542
3/15/2000,2.98,52.88,231.26,20446,3.74,-3952.40544,31499.50413,20446,49.03333333,2618.181818,48.225,48.6875,29840.13455
3/16/2000,3.43,52.844,200.29,21050,4.82,-354.812236,26776.8595,21050,49.1375,4105.785124,48.29166667,48.81666667,25656.30967
3/17/2000,3.4,47.804,252.99,20031,1.19,-4004.23529,23182.80992,20031,49.11666667,5315.702479,48.94166667,48.55,17189.89559
3/18/2000,1.78,53.924,158.22,20434,6.14,1080.211848,19598.67769,20434,49.10416667,5355.371901,48.6875,48.325,13732.44379
3/19/2000,5.15,51.53,253.17,20853,3.18,929.8619951,20481.32231,20853,49.175,6208.264463,49.00833333,48.3375,13553.82746
3/20/2000,5.02,44.852,260.05,21289,-0.6,1155.230391,20774.87603,21289,49.00833333,4859.504132,49.1625,48.6375,15254.53511
3/21/2000,3.4,50.864,270.71,21152,1.78,523.8367908,19892.2314,21152,49.0625,4958.677686,48.7625,48.70833333,14452.51276
3/22/2000,2.08,54.392,153.08,21915,6.31,1244.040959,17047.93388,21915,49.20833333,5732.231405,48.625,48.35,11858.023
3/23/2000,2.23,55.562,261.54,21763,5.67,-694.3205207,14632.06612,21763,49.29166667,5196.694215,48.56666667,48.1375,8753.601124
3/24/2000,2.31,53.186,275.3,22526,5.56,1444.770777,12769.58678,22526,49.22083333,7061.157025,48.85416667,48.14583333,5946.873133
3/25/2000,2.59,54.914,238.34,22464,8.32,-300.4433809,12243.96694,22464,49.14583333,6525.619835,48.675,48.5,5681.400234
3/26/2000,1.5,57.362,277.5,22482,9,54.94687344,12069.42149,22482,49.3125,6644.628099,48.7,48.45,5077.60699
3/27/2000,2.57,53.816,163.74,21793,7.27,-341.8136016,12174.54545,21793,49.3625,6763.636364,48.87083333,49.3,4581.684001
3/28/2000,3.31,49.478,284.81,21665,2.09,701.2250899,11829.42149,21665,49.44166667,5395.041322,48.80833333,50.14166667,6391.66282
3/29/2000,3.57,51.224,276.71,21763,2.63,140.7173453,11537.85124,21763,49.61666667,5970.247934,48.9125,50.94583333,6058.245669
3/30/2000,4.29,51.566,293.06,20877,1.61,-1376.642363,11049.91736,20877,50.125,5553.719008,48.825,50.66666667,5490.175691
3/31/2000,3.73,54.374,294.68,20569,3.13,-301.9773439,10325.95041,20569,50.6125,4145.454545,48.57916667,51.36666667,7560.724217
4/1/2000,3.29,58.838,285.19,21313,6.02,-636.2283492,10399.33884,21313,50.76666667,6386.77686,48.77083333,51.42916667,6276.788003
4/2/2000,2.17,64.238,290.71,21860,9.17,-1717.22602,10202.97521,21860,50.97826087,7080.991736,48.83043478,51.06521739,4420.579075
4/3/2000,2.59,65.462,295.4,21702,11.29,-1456.595604,9469.090909,21702,50.87916667,6684.297521,48.9375,49.38333333,3880.527345
4/4/2000,4.06,61.088,297.34,21447,10.83,-1350.733957,9828.099174,21447,51.05,4958.677686,48.775,48.99166667,5677.197496
4/5/2000,2.04,60.962,300.8,21205,9.61,-1049.776008,9806.280992,21205,50.875,6882.644628,48.82916667,48.54166667,2890.082279
4/6/2000,2.36,59.936,297.7,21283,8.08,111.5540846,10056.19835,21283,50.49583333,5811.570248,48.90833333,49.02083333,4924.907538
4/7/2000,1.5,62.402,303.85,21247,8,-716.2794388,10153.38843,21247,50.91666667,4859.504132,49.17916667,49.6875,6151.406343
4/8/2000,3.45,56.876,166.42,20704,8.97,-1400.522045,12981.81818,20704,50.35833333,6842.975207,48.94166667,49.97083333,6386.05917
4/9/2000,1.46,57.362,258.3,19766,8.26,-1185.216195,16321.98347,19766,51.00416667,515.7024793,49.45833333,51.73333333,14921.11796
4/10/2000,1.77,62.024,308.46,20569,8.77,1688.163032,16859.50413,20569,52.25,515.7024793,49.28333333,52.40416667,17021.08565
4/11/2000,2.46,65.066,302.97,21080,11.13,-166.2839971,16859.50413,21080,52.97916667,535.5371901,49.22083333,51.025,17086.92853
4/12/2000,5.83,62.474,225.32,21271,11.84,-571.9615879,16635.3719,21271,51.98333333,501.8181818,49.30416667,51.05833333,16217.66239
4/13/2000,6.49,52.484,171.79,22020,9,664.891329,16635.3719,22020,51.57916667,1277.355372,49.225,50.28333333,17253.6371
4/14/2000,3.01,51.566,182.84,21756,8.05,-2159.620571,16998.34711,21756,50.95833333,519.6694215,49.36666667,50.8,15945.18492
4/15/2000,4.12,50.234,156.3,21344,7.18,121.492766,16786.1157,21344,51.425,485.9504132,49.44583333,50.37083333,15546.62535
4/16/2000,4.44,50.27,199.93,20937,7.8,346.5399393,16663.1405,20937,51.1625,491.9008264,49.45,50.44583333,15258.73785
4/17/2000,3.56,51.35,182.56,21471,8.94,1446.501819,16702.80992,21471,50.4125,7616.528926,49.275,49.69166667,8581.288899
4/18/2000,2.15,49.964,136.63,22476,7.24,1509.992093,16710.7438,22476,50.3,8509.090909,49.4875,49.50833333,8402.672568
4/19/2000,1.04,53.726,170.65,21520,7.49,-1157.019675,16924.95868,21520,50.22916667,8290.909091,49.5875,50.77916667,7594.346114
4/20/2000,0.93,58.46,256.74,20746,8.9,265.7034728,16893.22314,20746,50.67916667,2697.520661,49.50416667,53.08333333,12940.22783
4/21/2000,2.31,62.996,330.33,20835,9.69,1344.474649,17045.95041,20835,52.575,2519.008264,49.45416667,51.40416667,14021.7322
4/22/2000,3.09,56.966,197.51,21404,7.51,1074.209949,17851.23967,21404,52.58333333,2915.702479,49.72083333,49.33333333,15189.39268
4/23/2000,3.45,51.854,322.62,21550,3.36,-107.8554899,17662.80992,21550,50.98333333,2935.53719,50.02083333,48.725,14835.6623
4/24/2000,2.05,53.816,302.88,21787,4.19,128.6104273,17730.24793,21787,49.96666667,2459.504132,49.96666667,48.88333333,15254.53511
4/25/2000,1.76,61.286,271.5,20955,7.51,-815.7913083,17728.26446,20955,50.04166667,1257.520661,50.15416667,48.75,15597.75865
4/26/2000,1.62,63.914,337.22,21271,8.64,1188.985152,17646.94215,21271,50.09166667,1894.214876,50.25416667,48.875,15943.78401
4/27/2000,3.81,58.838,153.92,21325,9.2,-137.0567373,17900.82645,21325,50.0375,7100.826446,50.25416667,48.52916667,10859.87292
4/28/2000,4.05,52.088,345.25,20793,2.23,-591.87292,17900.82645,20793,49.95833333,5593.38843,51.07916667,48.69583333,13424.24306
4/29/2000,2.2,55.454,350.8,21775,4.07,-134.8050435,21732.89256,21775,50.075,7338.842975,50.97916667,48.79583333,15141.76166
4/30/2000,1.65,64.238,344.28,21902,8.67,-620.7120732,21818.18182,21902,50.14583333,6823.140496,50.75833333,48.7625,14456.7155
5/1/2000,1.7,65.858,322.26,21617,9.63,253.3258223,22440.99174,21617,50.29583333,6466.115702,50.89583333,48.8875,15213.2082
5/2/2000,1.7,64.868,310.21,20592,10.67,-263.3321669,25937.85124,20592,50.15416667,6604.958678,50.87083333,49.69166667,16505.54988
5/3/2000,3.19,63.608,329.02,21338,10.08,3573.342682,26271.07438,21338,50.66666667,7140.495868,50.85416667,49.92083333,19291.96464
5/4/2000,2.63,62.816,340.7,21769,8.52,269.6138724,26396.03306,21769,50.8,6426.446281,50.99166667,49.34166667,18903.21145
5/5/2000,2.73,58.712,347.44,21611,4.67,908.3753269,27675.3719,21611,50.29583333,6446.280992,50.94583333,49.5875,20070.17148
5/6/2000,4.5,55.274,183.32,22551,6.05,2098.919429,26677.68595,22551,50.375,6942.14876,51.02083333,49.45,18845.77405
5/7/2000,3.6,50.792,96.02,22695,9.25,1033.76314,25021.4876,22695,50.15,7457.85124,51.0375,49.2125,16541.27315
5/8/2000,3.51,57.56,240.48,22414,10.81,741.3632136,21038.67769,22414,50.15833333,7259.504132,51.05833333,49.2375,13656.79452
5/9/2000,3.82,57.02,163.69,21423,9.46,-868.6209663,19134.54545,21423,50.34583333,2181.818182,50.95,49.69166667,15157.1717
5/10/2000,2.79,49.73,276.45,20241,2.02,613.5555727,19011.57025,20241,50.62916667,2161.983471,51.0375,49.05,15399.52954
5/11/2000,2.13,52.322,355.26,21629,2.12,2838.057237,16960.66116,21629,50.07916667,4800,51.1375,49.2875,12983.65611
5/12/2000,2.25,55.112,320.72,22513,3.54,61.00504702,16625.45455,22513,50.43333333,3332.231405,51.37083333,49.08333333,13738.04744
5/13/2000,3.26,59.738,262.74,22168,8.39,-789.8242995,16617.52066,22168,50.27083333,3233.057851,51.16666667,49.44583333,12642.53394
5/14/2000,6.3,58.352,247.5,21104,9.74,-322.0711301,17644.95868,21104,50.15,3193.38843,51.2,49.39583333,13053.00128
5/15/2000,2.98,55.382,229.68,21756,8.95,2050.568968,19011.57025,21756,50.17916667,5176.859504,51.25833333,51.62083333,14275.9978
5/16/2000,2.48,58.37,325.72,21915,9.91,-282.2870562,16867.43802,21915,50.92916667,4938.842975,51.10833333,50.55416667,11475.57392
5/17/2000,3.31,61.502,354.91,22501,9.66,1039.021121,15867.7686,22501,51.69166667,3391.735537,51.25,48.98333333,12568.98604
5/18/2000,3.58,64.994,367.58,21392,9.37,-1201.952982,17285.95041,21392,51.34583333,4006.61157,51.0875,48.52083333,11431.44517
5/19/2000,3.3,69.854,364.44,18962,10.71,-582.106327,21818.18182,18962,50.4625,3867.768595,50.82916667,48.26666667,15548.72672
5/20/2000,2.79,74.3,353.35,20025,11.51,3464.686503,25785.12397,20025,49.82083333,4700.826446,51.01666667,48.26666667,21650.40067
5/21/2000,2.02,78.44,367.27,21860,13.46,1268.896851,25955.70248,21860,49.78333333,5652.892562,51.1375,48.24166667,21737.95769
5/22/2000,3.26,77.144,346.73,21964,13.41,-1331.147773,26338.5124,21964,49.80833333,5514.049587,51.14583333,48.25,20231.27641
5/23/2000,3.26,77.342,363.7,21187,14.91,-183.8136001,26300.82645,21187,49.9125,4641.322314,51.08333333,48.36666667,20457.52376
5/24/2000,3.34,74.786,361.34,20288,13.93,302.9803722,28504.46281,20288,49.8625,4938.842975,51.23333333,48.45416667,21928.48178
5/25/2000,2.66,68.054,286.65,20639,10.55,1988.138055,23660.82645,20639,50.09583333,4621.487603,51.30416667,48.35833333,19542.02751
5/26/2000,1.43,68.144,207.77,20305,11.53,-836.688667,24805.28926,20305,50.125,5395.041322,51.44166667,48.3125,18370.86474
5/27/2000,1.7,71.852,248.19,20865,12.67,1599.383194,24969.91736,20865,50.10416667,5355.371901,51.64166667,48.24166667,19427.15269
5/28/2000,2.8,68.054,345,21593,9.56,915.3927645,25453.8843,21593,49.875,5474.380165,51.64166667,48.30416667,19933.58252
5/29/2000,3.69,63.77,387.71,22501,5.86,953.9216122,24228.09917,22501,49.825,5613.22314,51.82083333,48.24166667,18660.85361
5/30/2000,5.23,59.576,390.38,22402,3.3,-144.9775769,24390.7438,22402,50.15833333,6287.603306,52.02916667,48.375,17425.94933
5/31/2000,5.26,59.72,393.85,21878,3.04,153.1911659,23740.16529,21878,50.12083333,5494.214876,52.00833333,48.48333333,18013.63208
6/1/2000,2.49,66.956,386.92,21958,6.27,312.3183332,23232.39669,21958,50.18333333,4879.338843,52.13333333,48.56666667,18120.80188
6/2/2000,2.6,72.284,379.04,21659,8.68,-66.74402876,23190.7438,21659,50.27916667,4958.677686,52.1,48.33333333,17868.63765
6/3/2000,1.55,74.48,383.62,20919,10.28,-376.5715343,23771.90083,20919,50.2,4561.983471,52.06666667,48.05,18153.02286
6/4/2000,3.51,74.498,379.64,21933,11.32,2070.894495,22748.42975,21933,50.0875,6823.140496,52.10833333,47.95833333,16830.56156
6/5/2000,3.65,69.494,376.35,21939,10.33,-899.2723038,21046.61157,21939,50.14166667,5454.545455,52.14583333,47.93333333,15615.97051
6/6/2000,1.74,71.15,380.03,22081,9.63,118.0956057,20915.70248,22081,49.925,4601.652893,52.14166667,48.30416667,16660.3507
6/7/2000,4.31,66.542,282.15,21617,10.78,-810.3011132,20806.61157,21617,50.30416667,6327.272727,52.41666667,48.52083333,14151.3166
6/8/2000,3.15,61.142,234.09,21793,11.44,504.022243,20804.6281,21793,50.49166667,6029.752066,52.35833333,48.62916667,14299.81331
6/9/2000,3.34,61.484,281.26,21775,9.98,457.0627231,20909.75207,21775,50.3625,6803.305785,52.49166667,48.4125,14423.0936
6/10/2000,2.81,62.276,366.86,21265,6.76,-826.647319,20822.47934,21265,50.6875,6009.917355,52.57916667,47.92916667,14565.98667
6/11/2000,2.49,64.976,307.03,21465,8.19,446.5753135,20995.04132,21465,50.1875,5256.198347,52.64583333,48.03333333,16215.56102
6/12/2000,1.75,68.612,164.87,21229,12.21,-712.7180448,25953.71901,21229,50.05,5395.041322,52.6375,48.2625,20884.10159
6/13/2000,4.86,75.002,385.16,20716,13.04,-838.423904,27542.47934,20716,50.04583333,5474.380165,52.55833333,48.34166667,22821.56343
6/14/2000,4.29,80.906,387.87,21380,13.64,-89.46425645,28177.19008,21380,50.32083333,6228.099174,52.5875,48.35,23154.98058
6/15/2000,4.88,79.61,384.31,20877,12.64,-1708.889671,27556.36364,20877,50.09166667,4046.280992,52.59583333,48.47083333,25044.81141
6/16/2000,4.69,75.614,389.75,21307,9.05,-1104.728765,27619.83471,21307,50,3927.272727,52.65833333,48.65,26463.93567
6/17/2000,2.96,76.316,382.26,21235,9.4,-2843.373687,27738.84298,21235,50.34583333,5454.545455,52.6125,48.45,22960.25376
6/18/2000,2.88,77.306,381.21,21098,12.81,-812.9562393,26842.31405,21098,50.22916667,5613.22314,52.67916667,48.43333333,22057.36572
6/19/2000,3.56,75.2,389.34,21020,11.1,-906.2748109,27072.39669,21020,50.4625,5930.578512,52.6875,48.43333333,21857.03525
6/20/2000,3.27,76.172,390.22,21423,9.25,-312.2170682,27637.68595,21423,50.34583333,5890.909091,52.825,48.45416667,23508.01051
6/21/2000,1.75,81.464,387.3,21866,10.36,-1318.23365,27933.22314,21866,50.24583333,5752.066116,52.79583333,48.52916667,23480.69272
6/22/2000,1.62,82.742,379.23,22328,12.15,-837.5356952,26866.1157,22328,50.375,5613.22314,52.90416667,48.52083333,22476.23853
6/23/2000,1.93,82.328,380.86,21769,13.33,-1782.345968,27421.4876,21769,50.45833333,5712.396694,52.97916667,48.425,21995.72557
6/24/2000,1.87,81.698,381.83,21684,13.52,-371.6346609,27050.57851,21684,50.3375,5732.231405,53.01666667,48.475,22797.74792
6/25/2000,1.33,83.462,370.86,21915,13.73,-1248.400813,27048.59504,21915,50.3625,5752.066116,53.12083333,48.46666667,22998.0784
6/26/2000,2.18,84.236,380.54,22639,13.08,-977.5494744,27356.03306,22639,50.4,5573.553719,53.22083333,48.5375,23780.48797
6/27/2000,1.82,84.974,386.42,21502,11.54,-3135.008631,28042.31405,21502,50.475,5613.22314,53.275,48.53333333,22289.21672
6/28/2000,1.86,85.838,379.83,21927,11.15,564.8741891,27764.6281,21927,50.5125,6148.760331,53.35833333,48.95416667,24173.4439
6/29/2000,1.81,83.822,379.49,21769,11.29,-2715.576131,28165.28926,21769,50.99166667,6684.297521,53.42083333,49.22916667,23375.62429
6/30/2000,3.06,80.942,382.41,21970,11.93,-1693.632554,27871.73554,21970,51.07916667,5335.53719,53.46666667,49.55833333,24919.42975
7/1/2000,2.51,75.434,382.4,22155,10.29,-2198.231403,28647.27273,22155,51.325,5811.570248,53.5125,50.14166667,24250.49408
7/2/2000,1.92,73.652,379.52,21915,9.86,-1654.791601,28556.03306,21915,51.64166667,5851.239669,53.64166667,50.15416667,24002.53259
7/3/2000,3.23,69.332,375.03,21623,7.35,-1589.739202,28187.10744,21623,51.71666667,6466.115702,53.7,50.35,23238.33487
7/4/2000,2.71,68.036,299.03,20692,7.74,-2448.343134,29153.05785,20692,51.8875,6386.77686,53.75833333,50.83333333,24236.48496
7/5/2000,2.29,69.998,309.39,20645,9.38,-1517.203968,28240.66116,20645,51.96666667,6049.586777,53.77083333,50.94583333,24826.26908
7/6/2000,3.09,70.574,367.47,21325,9.78,-1955.1947,29393.05785,21325,52.16666667,5831.404959,53.8,51.03333333,25872.75064
7/7/2000,2.77,71.078,226.77,20925,10.92,-2711.097747,29242.31405,20925,52.15833333,6069.421488,53.79166667,50.975,24568.5012
7/8/2000,1.94,73.094,377.71,21447,10.44,-873.608638,28938.84298,21447,52.16666667,5553.719008,53.70416667,51.20416667,25602.37455
7/9/2000,1.82,77.216,378.78,22192,9.95,-1472.250583,29049.91736,22192,52.55416667,6664.46281,53.57083333,51.00833333,24987.374
7/10/2000,1.56,78.962,378.26,21946,9.97,-2847.919455,29484.29752,21946,52.24166667,6684.297521,53.49166667,50.425,24236.48496
7/11/2000,2.18,78.584,377.28,20889,10.92,-2493.48496,29365.28926,20889,51.80416667,5930.578512,53.3625,50.34583333,24272.20822
7/12/2000,2.32,78.908,378.33,20223,10.8,-1503.497476,29097.52066,20223,51.84166667,6089.256198,53.34166667,50.3125,24618.23359
7/13/2000,3,77.774,378.21,21182,9.58,-650.9691272,29170.90909,21182,51.75416667,6386.77686,53.39166667,50.3375,26126.31578
7/14/2000,1.47,78.062,377.25,19864,9.16,-4660.183549,29236.36364,19864,51.73333333,5990.082645,53.36666667,50.575,23828.11899
7/15/2000,2.04,79.826,376.31,21872,8.66,1426.162002,29155.04132,21872,52.06666667,6228.099174,53.48333333,50.95,27065.62755
7/16/2000,3.51,76.118,245.79,21964,11.17,-4046.685401,29658.84298,21964,52.2125,6267.768595,53.51666667,51.0375,25425.85958
7/17/2000,2.83,74.48,369.78,21872,12.29,-2126.7852,29678.67769,21872,52.2875,6466.115702,53.55416667,51.12083333,24796.84992
7/18/2000,1.87,76.766,368.29,21860,11.47,-1596.287937,29676.69421,21860,52.3875,6505.785124,53.5875,51.225,24691.08103
7/19/2000,2.08,80.06,369.18,22044,11.73,-1336.171939,29561.65289,22044,52.51666667,6624.793388,53.6375,51.125,24623.83723
7/20/2000,1.72,82.742,370.32,22371,10.94,-1359.977726,29668.76033,22371,52.53333333,6723.966942,53.64166667,50.65416667,24878.10284
7/21/2000,3.27,80.492,364.1,21848,10.02,-2456.309452,29531.90083,21848,52.1125,6505.785124,53.7375,49.4875,24296.02373
7/22/2000,2.37,77.864,370.12,22260,9.52,-857.9080275,29575.53719,22260,51.0375,5395.041322,53.69166667,49.31666667,26084.98887
7/23/2000,2.62,80.114,371.86,22507,8.48,-1657.493002,29752.06612,22507,50.9,5355.371901,53.7375,49.29166667,26001.63458
7/24/2000,1.87,82.922,355.92,22414,8.19,-1697.940365,29567.60331,22414,50.9375,5276.033058,53.72083333,50.2625,25549.13987
7/25/2000,3.19,80.366,362.33,22777,8.41,-894.5696221,29730.24793,22777,52.1125,7080.991736,53.70416667,51.4,24274.30959
7/26/2000,2.48,78.134,365.83,23154,7.97,-1248.053392,30670.41322,23154,52.84166667,7299.173554,53.81666667,50.88333333,24826.26908
7/27/2000,3.04,77.702,360.53,21289,8.95,-3320.029411,31537.19008,21289,52.26666667,6624.793388,53.8,49.79166667,24367.47027
7/28/2000,1.87,81.842,360.06,23428,11.28,2683.926424,30714.04959,23428,51.4625,6604.958678,53.72916667,49.57916667,27754.17599
7/29/2000,1.97,85.874,359.69,22242,10.98,-4831.085081,31414.21488,22242,51.43333333,6783.471074,53.74166667,49.6125,23454.77584
7/30/2000,1.41,87.26,349.48,21338,10.65,271.9679617,29319.66942,21338,51.36666667,5157.024793,53.7625,50.2625,24949.54937
7/31/2000,2.4,88.34,345.77,22242,11.16,117.0952581,29202.64463,22242,52.0625,7080.991736,53.72083333,50.95833333,25016.79316
8/1/2000,2.67,88.322,351.76,22044,12.14,-3093.140267,29561.65289,22044,52.45,6922.31405,53.68333333,50.225,24773.03441
8/2/2000,2.83,89.06,347.13,23180,11.78,-997.695567,30154.71074,23180,51.8375,7537.190083,53.68333333,49.85416667,24282.71507
8/3/2000,5.04,84.812,342.72,22427,12.52,-2418.194409,29627.10744,22427,51.79583333,7080.991736,53.65416667,50.6625,23829.5199
8/4/2000,3.83,82.67,342.05,22279,12.42,-1431.404198,28470.7438,22279,52.525,7001.652893,53.6625,51.09166667,22636.643
8/5/2000,2.11,84.308,347.07,22821,11.07,-625.5520909,27709.09091,22821,52.55,5593.38843,53.70416667,50.44166667,23854.03587
8/6/2000,2.09,85.64,345.92,23035,10.23,-1524.333391,28117.68595,23035,51.89166667,5950.413223,53.67916667,49.96666667,23166.88834
8/7/2000,3.24,83.498,345.53,22896,9.84,-1138.615613,27923.30579,22896,51.72083333,6485.950413,53.69166667,50.54166667,22773.93241
8/8/2000,3.47,78.89,345.12,21374,11.01,-2858.577038,26066.77686,21374,52.52916667,6842.975207,53.72083333,50.4875,18035.34622
8/9/2000,4.28,77.864,344.92,21520,8.78,1334.455433,24323.30579,21520,52.60833333,6723.966942,53.78333333,49.80833333,18224.4694
8/10/2000,2.85,75.56,341.45,21781,7.24,-364.130557,24103.1405,21781,51.84166667,6803.305785,53.8125,49.35,17991.91794
8/11/2000,2.16,80.168,343.43,22273,7.38,-200.0832293,23956.36364,22273,51.62916667,7259.504132,53.7875,48.98333333,18019.93619
8/12/2000,2.2,82.634,343.22,22347,5.31,-1249.076686,24148.76033,22347,51.33333333,6902.479339,53.8375,49.1375,17632.58391
8/13/2000,3.26,79.106,344.17,21884,3.8,-849.3029183,23980.16529,21884,51.48333333,6624.793388,53.8125,49.26666667,17196.1997
8/14/2000,3.05,78.188,343.21,22001,4.16,276.1722008,23674.71074,22001,51.4375,6168.595041,53.78333333,49.375,18986.56574
8/15/2000,3.19,79.232,341.32,22589,4.36,-892.4500375,22343.80165,22589,51.62916667,6287.603306,53.75833333,49.4,17527.51548
8/16/2000,2.94,80.978,341.13,22513,3.74,-1547.317133,21774.54545,22513,51.79166667,7378.512397,53.75,49.3375,14732.69524
8/17/2000,3.44,79.61,339.8,22007,0.64,-842.6621821,21153.71901,22007,51.80416667,6485.950413,53.56666667,49.21666667,14639.53457
8/18/2000,3.16,75.074,336.94,21295,1.14,-683.765975,19846.61157,21295,51.69583333,6862.809917,53.475,49.1875,12779.1229
8/19/2000,2.4,74.678,332.08,21313,4.27,222.6787529,19918.01653,21313,51.65833333,5454.545455,53.39166667,49.325,14677.3592
8/20/2000,2.28,75.848,329.04,21927,3.67,400.1118744,19785.12397,21927,51.42083333,5454.545455,53.12916667,49.35,15103.93703
8/21/2000,2.45,78.242,327.17,21952,4.53,-748.3585176,19854.54545,21952,51.38333333,5613.22314,53.06666667,49.37083333,14532.36477
8/22/2000,2.53,80.888,323.01,22100,6.91,-143.042456,19816.8595,22100,51.6375,6267.768595,53.02083333,49.47083333,14418.89087
8/23/2000,3.55,79.07,290.2,22112,9.02,-857.7999609,18842.97521,22112,51.61666667,5851.239669,53.075,49.45416667,13567.13613
8/24/2000,1.78,80.42,318.54,22087,8.73,-600.4005928,18842.97521,22087,51.87916667,6624.793388,53.05,49.57083333,12116.49134
8/25/2000,2.26,81.806,311.37,22013,5.84,27.69047818,18842.97521,22013,52.05833333,7200,53.08333333,49.3625,11667.49891
8/26/2000,3.74,80.312,317.41,21872,5.66,-165.5237034,18842.97521,21872,52.05833333,7219.834711,53.075,49.4875,11582.74371
8/27/2000,2.28,81.104,314.78,20645,5.71,-1186.603214,19812.89256,20645,51.89166667,5573.553719,53.11666667,49.60416667,13257.53449
8/28/2000,2.7,82.166,310.35,22658,5.74,2994.804353,19834.71074,22658,51.77083333,7100.826446,53.0125,49.69583333,14949.13621
8/29/2000,3.11,80.816,299.37,22081,7.17,-2792.251912,19652.2314,22081,51.67083333,6942.14876,53.0375,49.63333333,12183.73513
8/30/2000,4.57,76.1,298.84,21653,7.68,98.34751463,19049.2562,21653,51.57916667,6664.46281,53.02083333,49.99583333,12019.12793
8/31/2000,2.1,68.396,165.36,22495,10.89,1207.665458,16984.46281,22495,51.89166667,6505.785124,52.95833333,50.33333333,11179.28094
9/1/2000,5.05,60.314,167.77,23104,11.12,-91.60325405,15955.04132,23104,52.0375,6604.958678,52.99166667,50.85416667,9593.448107
9/2/2000,4.67,59.666,221.61,22739,8.89,-608.3654624,15431.40496,22739,52.15833333,6783.471074,52.96666667,51.31666667,8338.931054
9/3/2000,2.4,63.59,239.9,21690,7.3,-739.9971697,14503.1405,21690,52.6,6981.818182,53.09583333,51.275,6510.740374
9/4/2000,2.79,63.77,225.72,22205,5.25,1525.58194,14663.80165,22205,52.99583333,6783.471074,53.0875,51.42083333,8860.770923
9/5/2000,3.07,62.654,298.76,22727,4.39,-458.4403445,14874.04959,22727,53.04166667,6128.92562,52.94583333,50.8125,9029.580867
9/6/2000,3.95,66.884,273.31,21775,5.68,-1236.4569,14465.45455,21775,53.02083333,3847.933884,52.73333333,50.65,9482.075572
9/7/2000,1.94,73.508,295.72,20990,5.56,350.4450892,13685.95041,20990,52.30833333,3986.77686,52.60416667,50.3375,9134.649297
9/8/2000,1.92,73.13,281.21,21665,5.28,1239.524257,13660.16529,21665,52.2875,2836.363636,52.55833333,50.4875,12223.66114
9/9/2000,2.05,73.022,290.84,21483,3.88,-1581.859487,13461.81818,21483,52.0375,2975.206612,52.50416667,50.51666667,10443.10148
9/10/2000,1.53,77.036,285.15,22254,5,814.5100902,13608.59504,22254,52.12916667,3530.578512,52.69166667,50.29166667,10623.81918
9/11/2000,1.33,80.51,277.09,21199,9.11,-1600.802651,13727.60331,21199,52.17916667,2558.677686,52.84166667,50.52083333,9865.225113
9/12/2000,1.49,79.808,211.64,20949,10.07,1053.700507,13727.60331,20949,52.11666667,3074.380165,52.88333333,50.4625,10050.14555
9/13/2000,2.03,85.244,180.26,21026,10.04,680.0775905,13844.6281,21026,52.14166667,3074.380165,53.05833333,50.43333333,10957.23633
9/14/2000,5.21,78.584,170.49,22607,11.99,1394.011604,13844.6281,22607,51.98333333,3411.570248,52.93333333,50.725,11836.30886
9/15/2000,2.11,75.65,264.99,21647,12.34,-2363.251009,13844.6281,21647,51.89166667,3451.239669,53.00416667,50.51666667,9214.501304
9/16/2000,1.73,76.946,267.15,21958,10.81,1489.887126,13695.86777,21958,52.475,2995.041322,53.23333333,50.78333333,10810.14053
9/17/2000,3.43,78.242,269.81,22260,7.95,192.6859163,13695.86777,22260,52.45416667,2955.371901,53.24583333,50.7,11034.28651
9/18/2000,2.92,82.94,267.54,21623,6.7,-930.7906422,16054.21488,21623,52.39583333,2776.859504,53.225,50.92916667,13035.48987
9/19/2000,3.34,83.678,261.78,21441,8.11,59.8655019,17333.55372,21441,52.53333333,2876.033058,53.17916667,50.90833333,14039.94406
9/20/2000,2.39,83.354,261.7,22285,6.96,1261.576601,17575.53719,22285,52.475,2657.85124,53.47083333,50.98333333,15858.32836
9/21/2000,3.77,76.28,255.82,21665,7.29,-1560.64241,17527.93388,21665,52.425,3808.264463,53.53333333,50.79166667,13142.65967
9/22/2000,2.88,67.136,222.68,21453,9.6,365.0097515,16030.41322,21453,52.47916667,3074.380165,54,51.08333333,12229.26479
9/23/2000,1.23,67.496,258.4,21116,5.3,389.7682679,15794.38017,21116,52.25,3391.735537,53.47083333,51.04583333,11830.70521
9/24/2000,2.12,69.692,258.78,21611,1.27,1066.939418,15814.21488,21611,52.225,3252.892562,53.69166667,51.22916667,13031.28713
9/25/2000,1.5,73.13,252.85,21392,3.56,-688.964816,15707.10744,21392,52.275,2895.867769,53.80416667,51.35,12473.724
9/26/2000,2.03,73.76,248.99,21235,5.33,180.5156694,13918.01653,21235,52.575,3074.380165,53.88333333,51.4,10409.47958
9/27/2000,2.5,73.67,232.12,21465,6.94,664.1567836,13025.45455,21465,53.07916667,6208.264463,53.75416667,51.17083333,6651.53207
9/28/2000,2.75,72.302,237.13,21617,8.83,317.6580126,12757.68595,21617,53.28333333,6247.933884,53.8625,51.475,6423.183349
9/29/2000,4.08,73.958,215.32,21623,5.9,92.56871712,12610.90909,21623,53.43333333,3133.884298,54.05416667,51.33333333,9301.357872
9/30/2000,3.8,76.514,236.88,21714,4.23,266.6669214,12624.79339,21714,53.2625,2102.479339,54.50833333,51.37083333,10510.34527
10/1/2000,3.05,75.146,235.11,21732,5,29.96877959,12634.71074,21732,52.9625,2023.140496,54.28333333,51.54583333,10431.19372
10/2/2000,2.07,72.122,234.25,21520,2.88,-31.62347207,12606.94215,21520,53.05833333,2023.140496,54.08333333,51.63333333,10486.52976
10/3/2000,2.13,70.322,236.36,21538,1.98,115.2718929,12434.38017,21538,52.97083333,1983.471074,54.30833333,51.75416667,10412.98186
10/4/2000,1.86,70.988,231.5,21562,4.41,61.92723091,12684.29752,21562,52.95833333,1983.471074,54.51666667,51.70416667,10847.96516
10/5/2000,1.47,72.824,230.49,21854,4.96,144.8612863,12581.15702,21854,53.04583333,2142.14876,54.7125,51.7625,11783.07419
10/6/2000,1.5,75.938,227.05,21933,3.14,-1265.065926,12485.95041,21933,53.02916667,1967.603306,54.54583333,52.0625,10768.81361
10/7/2000,2.22,76.046,224.49,22303,2.53,119.5334974,12392.72727,22303,53.01666667,2102.479339,54.6875,52.17083333,10649.73606
10/8/2000,2.13,72.932,223.51,22377,1.64,-285.4881261,12315.3719,22377,53.25416667,2102.479339,55.02916667,52.30833333,10190.93725
10/9/2000,2.28,57.596,80.88,22137,7.37,-218.044688,12553.38843,22137,53.325,2042.975207,54.95833333,52.53333333,10198.64226
10/10/2000,1.78,57.218,146.93,21811,6.45,-14.22903686,12430.41322,21811,53.24583333,1906.115702,54.64583333,52.69166667,9875.0315
10/11/2000,1.21,52.142,78.35,22273,6.94,1111.266021,12529.58678,22273,53.25833333,2102.479339,54.60833333,52.64166667,10693.16434
10/12/2000,1.77,52.718,133.38,21568,6.61,-971.056902,12448.26446,21568,53.25833333,2142.14876,54.93333333,52.79166667,9248.123201
10/13/2000,1.66,57.812,172.73,21253,6.44,742.9925015,12448.26446,21253,53.51666667,2023.140496,55.37083333,52.87916667,9772.064438
10/14/2000,1.73,62.456,204.18,22001,6.4,1401.059529,12422.47934,22001,53.725,1352.727273,55.44166667,52.84583333,11752.95457
10/15/2000,1.17,63.752,204.47,21205,5.12,-1479.202504,12422.47934,21205,53.67083333,0,55.28333333,52.94166667,12068.86032
10/16/2000,2.14,64.238,201.37,21295,3.44,443.6190188,12402.64463,21295,53.55833333,0,54.2875,53.15833333,12059.05393
10/17/2000,1.56,65.03,201.69,21550,2.23,598.5906981,12422.47934,21550,53.65833333,0,54.2,53.1,12454.11123
10/18/2000,1.9,66.128,196.51,21684,2.43,102.3681088,11906.77686,21684,53.74583333,0,54.325,53.25416667,11800.58559
10/19/2000,2.11,66.434,183.21,21502,3.31,-75.8087305,11504.13223,21502,53.80416667,0,54.29583333,53.475,10953.03359
10/20/2000,1.26,53.132,52.5,21550,7.03,599.0986414,11115.3719,21550,53.84583333,0,54.31666667,53.57916667,10614.01279
10/21/2000,5.31,52.322,194.23,22303,0.52,1254.359111,10710.7438,22303,53.8875,0,54.3125,53.67916667,11254.93021
10/22/2000,4.51,52.34,195.31,21477,-5.06,-1370.186408,10585.78512,21477,53.75416667,0,54.29166667,53.70416667,9276.141449
10/23/2000,1.71,55.49,190.92,21465,-4.34,1297.643675,10482.64463,21465,53.83333333,0,54.45416667,53.82916667,10484.42839
10/24/2000,2.81,59,184.64,21277,0,-189.7837619,10688.92562,21277,53.8875,245.9504132,54.34166667,53.775,10476.72337
10/25/2000,4.04,51.314,95.67,21344,6.1,33.25183661,10482.64463,21344,54.075,476.0330579,54.32916667,53.91666667,9861.722832
10/26/2000,1.11,51.008,93.68,21508,7.94,308.8887382,10506.44628,21508,53.97916667,493.8842975,54.36666667,54.17083333,9907.252485
10/27/2000,2.4,55.976,171.01,21946,7.04,543.3094985,12650.57851,21946,54.03333333,483.9669421,54.37083333,53.91666667,10496.33615
10/28/2000,6.61,49.73,56.37,21217,8.04,941.2754202,10506.44628,21217,54.275,489.9173554,54.3625,53.82916667,8979.848477
10/29/2000,4.53,48.002,123.51,21995,5.77,1814.680449,10911.07438,21995,54.17916667,525.6198347,54.59166667,54.29583333,11633.87702
10/30/2000,1.61,46.49,92.14,22094,6.57,-1149.422475,10710.7438,22094,54.075,499.8347107,54.49583333,54.57916667,9369.302124
10/31/2000,1.99,50.36,169.1,22396,4.39,1143.606967,10710.7438,22396,54.3,472.0661157,54.75,54.50833333,10748.50038
11/1/2000,1.23,52.43,95.67,21860,3.17,-1045.822694,10565.95041,21860,54.56666667,0,54.66666667,54.4375,9345.486613
11/2/2000,2.42,56.318,118.54,21659,5.76,1019.4638,10425.12397,21659,54.775,0,54.5875,54.52916667,9990.606773
11/3/2000,2.4,56.876,164.19,21665,5.22,440.5171939,10133.55372,21665,54.77916667,0,54.7125,54.6125,10312.11617
11/4/2000,1.02,58.136,160,21217,4.88,-626.562451,10341.81818,21217,54.92916667,0,54.7125,54.38333333,9867.326481
11/5/2000,2.47,54.122,75.11,21374,3.84,631.4917008,10139.50413,21374,54.94166667,0,54.7125,54.62916667,10395.47046
11/6/2000,4.54,51.26,158.65,21599,0.34,-30.96632777,10232.72727,21599,54.6,0,54.82916667,54.7875,10693.16434
11/7/2000,2.97,49.208,128.13,21205,-0.01,-854.4370673,10726.61157,21205,54.5625,0,54.7625,54.625,10623.81918
11/8/2000,2.91,50.864,103.44,20931,1.09,-171.2076098,11024.13223,20931,54.76666667,0,54.76666667,54.55,10833.95604
11/9/2000,1.41,43.34,68.81,20758,-1.48,17.1761914,10770.24793,20758,54.49583333,0,54.70833333,54.52916667,10842.36151
11/10/2000,1.68,43.25,133.76,21062,-0.73,231.8864239,11208.59504,21062,54.26666667,0,54.79166667,54.575,11421.63879
11/11/2000,1.05,41.45,151.93,20604,-2.4,-671.0437487,10649.2562,20604,54.125,0,54.675,54.725,10455.00923
11/12/2000,1.02,39.542,129.31,20557,-3.69,147.2469683,10682.97521,20557,54.03333333,0,54.775,54.5,11248.62611
11/13/2000,1.16,37.184,54.19,22727,-1.03,1604.349097,10558.01653,22727,53.94166667,0,54.875,54.52916667,13595.15437
11/14/2000,1.78,41.27,76.69,22507,2.72,-3257.137841,10794.04959,22507,53.775,0,54.89166667,54.4875,11088.22164
11/15/2000,1.07,42.404,71.54,21976,2.27,-825.1720532,10560,21976,53.69583333,0,54.77083333,54.53333333,10614.01279
11/16/2000,2.24,44.114,144.31,22564,-0.97,533.98721,10823.80165,22564,53.85416667,67.43801653,54.50416667,54.26666667,11607.96014
11/17/2000,1.6,43.016,144.28,22087,-3.51,-1328.596504,10843.63636,22087,53.91666667,0,54.37083333,54.32083333,10457.1106
11/18/2000,1.03,44.726,143.3,21386,-3.83,-314.4742364,10746.44628,21386,53.8125,0,54.10416667,54.20416667,10109.68433
11/19/2000,0.75,46.292,120.84,22273,-2.86,1523.761951,10827.7686,22273,53.8625,0,53.89166667,54.00416667,11858.023
11/20/2000,1.67,48.722,129.62,20481,-3.55,-2822.254405,10853.55372,20481,53.72916667,277.6859504,53.625,54.12083333,8995.958969
11/21/2000,2.17,48.398,89.93,20859,1.14,1957.9088,10853.55372,20859,53.52916667,495.8677686,53.45,54.05,10983.15321
11/22/2000,1.54,47.408,134.67,21104,2.72,-380.4672596,10653.22314,21104,53.625,501.8181818,53.26666667,54.00416667,10651.13697
11/23/2000,0.64,44.078,45.27,21720,1.46,116.2679887,10885.28926,21720,53.575,509.7520661,52.975,53.93333333,11274.54299
11/24/2000,3.35,47.102,124.56,21958,1.86,-661.0057999,10805.95041,21958,53.5125,495.8677686,52.5625,53.6875,11036.38788
11/25/2000,1.31,47.156,123.23,21983,-0.33,-701.3052354,10792.06612,21983,53.3875,515.7024793,51.86666667,53.44166667,10895.59618
11/26/2000,1.41,50.342,94.68,20399,1.06,-2203.232544,10686.94215,20399,53.2875,525.6198347,50.7625,53.375,8867.075029
11/27/2000,0.8,50.972,72.72,21193,3.52,2088.247285,10815.86777,21193,53.1,509.7520661,50.46666667,53.4,11598.15375
11/28/2000,1.8,52.394,108.73,21247,5.36,-1238.038048,10982.47934,21247,53.2625,495.8677686,50.57916667,53.22083333,10800.33414
11/29/2000,6.61,48.002,72.58,21495,6.23,-65.72256975,10982.47934,21495,53.22916667,507.768595,50.44166667,53.33333333,10780.72137
11/30/2000,1.78,45.968,108.96,22310,4.38,508.9893738,10946.77686,22310,53.14166667,491.9008264,50.7125,53.44166667,11423.74016
12/1/2000,0.87,46.724,117.28,21835,2.86,-1443.864127,10909.09091,21835,53.025,499.8347107,50.8375,54.11666667,10270.0888
12/2/2000,1.06,49.622,121.02,21350,1.24,-345.8326017,10520.33058,21350,52.98333333,0,50.73333333,54.94166667,10397.57182
12/3/2000,0.83,49.496,118.44,21835,1.81,607.7587585,10560,21835,53.74583333,0,50.20833333,54.75416667,11409.73103
12/4/2000,1.69,50.45,120.61,22777,1.42,92.26897,10569.91736,22777,54.425,0,50.02916667,54.77916667,11890.24399
12/5/2000,1.81,48.164,123.01,22633,-0.35,-1464.326635,10135.53719,22633,54.49166667,0,50.10416667,54.47083333,10397.57182
12/6/2000,1.51,48.308,122.23,22783,-0.89,-112.0346299,10139.50413,22783,54.40416667,0,50.08333333,54.27083333,10663.04472
12/7/2000,0.57,50.558,108.44,22069,0.03,-1237.540588,9883.636364,22069,54.275,0,50.07916667,54.2375,9550.019823
12/8/2000,1.18,50.594,113.32,23035,1.62,1299.616541,9949.090909,23035,54.25,0,50.125,54.07916667,11681.50804
12/9/2000,1.53,48.272,39.76,22645,5.22,-2122.417131,10107.7686,22645,54.00416667,0,50.1,54.00833333,10036.13643
12/10/2000,0.77,49.082,116.99,21915,4.86,-658.367835,9941.157025,21915,54.02083333,0,50.1875,53.85833333,9543.715717
12/11/2000,1.76,43.214,46.17,22365,3.84,847.4413078,9923.305785,22365,53.85833333,0,50.30416667,53.54583333,11223.40968
12/12/2000,1.23,42.656,90.54,21653,3.14,-2012.103895,9949.090909,21653,53.65833333,0,50.22083333,53.49166667,9827.400478
12/13/2000,6.01,42.638,58.22,22758,4.65,1226.690431,9554.380165,22758,53.46666667,0,50.325,53.3375,11006.96872
12/14/2000,4.32,45.086,37.49,22057,6.36,-2153.588555,9155.702479,22057,53.22083333,517.6859504,50.22083333,53.1,8158.213355
12/15/2000,1.03,46.994,59.92,20859,6.04,-718.1968261,9080.330579,20859,52.87083333,833.0578512,50.12083333,53.17916667,7082.312632
12/16/2000,1.63,48.38,113.39,20943,3.26,1248.960095,8909.752066,20943,52.65416667,884.6280992,50.19583333,53.22083333,8193.936621
12/17/2000,3.83,45.644,117.13,21587,-1.3,475.1873459,8993.057851,21587,52.51666667,890.5785124,50.12083333,53.13333333,8908.401944
12/18/2000,2.37,41.252,115.84,21471,-4.73,-921.9226052,9104.132231,21471,52.35416667,144.7933884,50.24583333,53.14583333,8926.613806
12/19/2000,0.8,44.654,71.6,22032,-1.28,593.725037,9167.603306,22032,52.48333333,0,50.14166667,52.8125,9702.719275
12/20/2000,1.02,47.138,46.86,21799,1.19,-768.1159692,9169.586777,21799,52.675,0,49.59583333,52.57916667,9311.864715
12/21/2000,4.2,42.458,56.9,22470,1.73,528.7220619,9143.801653,22470,52.50416667,0,48.98333333,52.43333333,10155.21398
12/22/2000,2.65,46.472,66.22,22746,6.36,-735.4123271,9120,22746,52.22083333,2062.809917,48.84166667,52.3,7545.31418
12/23/2000,0.69,46.004,53.35,22934,5.46,-300.1240974,9141.818182,22934,51.64166667,1983.471074,48.80833333,52.2375,7291.04858
12/24/2000,3.32,43.628,113.56,22746,1.48,-320.7014726,9108.099174,22746,51.4625,2062.809917,48.89583333,52.175,6780.416011
12/25/2000,3.24,40.892,110.83,21641,-3.29,-840.1267548,9114.049587,21641,50.99166667,2062.809917,48.85833333,52.25416667,5931.463097
12/26/2000,1.55,43.088,112.76,21435,-3.71,913.7765724,9163.636364,21435,50.77916667,2221.487603,48.75,52.1375,6790.922854
12/27/2000,1.22,44.636,93.03,21417,-2.11,133.2259063,9139.834711,21417,50.7125,2102.479339,48.57083333,51.8375,7001.059713
12/28/2000,1.82,43.754,117.25,20937,-3.36,-443.7043411,9074.380165,20937,50.9,499.8347107,48.625,51.69166667,8160.314723
12/29/2000,1.34,44.654,115.81,21032,-2.73,509.2307315,9076.363636,21032,51,9.917355372,48.50416667,51.69583333,9345.486613
12/30/2000,1.98,46.364,122.71,20811,-1.95,-500.040332,9217.190083,20811,51.1375,0,48.25,51.6625,9146.557052
12/31/2000,2.52,51.278,9.61,20686,1.08,-54.36696936,9147.768595,20686,51.24166667,0,48.26666667,51.62083333,9236.215446
1/1/2001,2.48,45.14,106.86,20853,-1.85,78.55314904,9129.917355,20853,51.26666667,0,48.425,51.575,9591.346739
1/2/2001,1.72,48.704,86.34,20955,-0.53,-359.4293836,9062.479339,20955,51.28333333,0,48.50833333,51.475,9277.542362
1/3/2001,0.6,50.504,114.41,21187,-0.62,16.93697684,9040.661157,21187,51.27083333,529.5867769,48.12083333,51.29583333,8920.3097
1/4/2001,1.18,51.926,107.78,20907,-1.63,-689.2353198,8695.53719,20907,51,474.0495868,48.08333333,51.25833333,8055.246293
1/5/2001,1.72,51.998,119.69,20651,-1.46,-89.75868969,8304.793388,20651,50.80416667,501.8181818,48.03333333,51.15833333,7953.680145
1/6/2001,0.81,51.368,106.14,20645,0.67,-156.7049384,7933.884298,20645,50.69166667,515.7024793,48.09583333,51.02916667,7890.639087
1/7/2001,3.22,47.57,100.41,20746,0.11,-371.4572688,7900.165289,20746,50.54583333,517.6859504,47.95833333,50.97916667,8067.154049
1/8/2001,2.72,41.72,32.27,21835,4.05,404.3252898,7945.785124,21835,50.525,519.6694215,47.775,51.025,8642.929045
1/9/2001,4.13,40.658,89.84,22620,3.23,-431.8133425,7979.504132,22620,50.30833333,499.8347107,47.775,50.92083333,8402.672568
1/10/2001,6.38,42.134,57.06,23009,4.87,-534.0031465,7985.454545,23009,50.18333333,1162.31405,47.46666667,50.71666667,6875.678054
1/11/2001,2.38,42.008,76.21,22896,4.51,-165.5375581,8092.561983,22896,49.81666667,1596.694215,47.2875,50.62916667,6206.742383
1/12/2001,1.09,44.708,127.22,22359,3.54,-247.8746144,7945.785124,22359,49.55,1309.090909,47.2625,50.58333333,6032.32879
1/13/2001,1.36,43.232,72.4,20996,2.37,-758.6345751,7920,20996,49.52083333,487.9338843,47.40416667,50.49583333,6125.489464
1/14/2001,2.96,39.236,131.04,22545,-1.41,2855.576652,7925.950413,22545,49.57083333,509.7520661,47.2,50.38333333,9188.584424
1/15/2001,3.53,35.6,124.78,22651,-5.29,-1666.386077,7925.950413,22651,49.55416667,323.3057851,47.02916667,50.35416667,7475.26856
1/16/2001,2.57,34.7,135.42,22340,-6.13,-183.6239319,7910.082645,22340,49.3875,478.0165289,46.92083333,50.16666667,7185.98015
1/17/2001,2.19,35.168,136.63,22934,-6.36,840.0859657,7957.68595,22934,49.2875,499.8347107,46.79166667,50.17083333,8428.589448
1/18/2001,1.42,40.1,95.8,23066,-3.46,-838.7382083,8027.107438,23066,49.17916667,1245.619835,46.59583333,49.97083333,7539.010075
1/19/2001,0.58,45.878,100.17,21459,-1.27,-2364.522472,7975.53719,21459,49.24583333,495.8677686,46.61666667,49.72916667,5923.057622
1/20/2001,2.29,43.088,99.62,22507,-1.09,2604.611799,7931.900826,22507,49.20833333,489.9173554,46.50416667,49.69166667,8703.868734
1/21/2001,1.52,43.142,120.48,22815,-1.31,-953.8852629,7967.603306,22815,49.16666667,464.1322314,46.425,49.67916667,7915.85551
1/22/2001,1.48,45.932,117.69,23205,-1,-22.38443562,7939.834711,23205,49.17083333,497.8512397,46.27916667,49.60416667,7874.528594
1/23/2001,4.35,40.388,47.78,22532,1.98,-1105.545123,7937.85124,22532,49.16666667,521.6528926,46.09166667,49.4375,6431.588823
1/24/2001,2.64,41.252,97.06,22408,3.15,860.6095241,7763.305785,22408,48.84166667,3114.049587,45.85,49.32083333,4958.529436
1/25/2001,6.12,39.092,58.21,21854,2.92,-863.2732377,7574.876033,21854,48.0625,2261.157025,45.81666667,48.92916667,3805.578532
1/26/2001,2.52,39.146,88.98,22328,2.52,1982.140476,7410.247934,22328,47.35833333,3153.719008,45.67083333,49.0375,4344.929805
1/27/2001,3.57,38.804,150.93,22001,-0.38,-415.4008794,7380.495868,22001,47.09583333,3530.578512,45.4,49.14166667,3142.246511
1/28/2001,2.04,39.308,150.03,20663,-1.68,-630.3291556,7382.479339,20663,46.6625,2618.181818,45.46666667,49.00833333,3088.311383
1/29/2001,2.79,39.92,119.21,21289,0.01,2301.986138,6963.966942,21289,47.075,2995.041322,45.3625,48.92916667,4539.656629
1/30/2001,3.66,37.292,144.93,20799,-4.28,-1060.731009,6932.231405,20799,46.97083333,3054.545455,45.4375,48.81666667,3078.504997
1/31/2001,2.39,38.336,158.46,21489,-4.33,1489.180953,6948.099174,21489,46.8375,2558.677686,45.375,49.15,4936.815294
2/1/2001,1.29,42.044,135.02,21140,-2.27,-896.3938064,6979.834711,21140,47.10416667,483.9669421,45.5125,49.16666667,5861.417477
2/2/2001,0.79,44.636,50.66,21032,1.93,526.4502916,6952.066116,21032,47.72916667,474.0495868,45.5,49.14166667,6024.623771
2/3/2001,1.5,48.398,88.65,21211,3.97,632.3927579,6946.115702,21211,48.36666667,493.8842975,45.52083333,49.17083333,6167.516836
2/4/2001,2,51.854,161.07,21750,4.91,823.714569,6942.14876,21750,48.72083333,533.553719,45.5375,49.17916667,6582.186906
2/5/2001,3.24,50.324,165.63,21696,2.04,-227.5918647,6999.669421,21696,48.96666667,513.7190083,45.72916667,49.11666667,6182.926872
2/6/2001,5.34,42.116,157.49,21392,-2.92,-0.976458777,6799.338843,21392,48.94166667,503.8016529,45.91666667,49.10416667,5857.915196
2/7/2001,5.43,37.508,174.55,21471,-6.4,516.6219941,6575.206612,21471,48.575,499.8347107,45.79583333,48.99166667,6191.332347
2/8/2001,2.31,37.85,142.26,21763,-6.3,176.0395538,6497.85124,21763,48.29583333,517.6859504,45.575,48.89166667,5837.601966
2/9/2001,6.27,38.948,105.64,22174,1.54,553.5633233,6480,22174,47.825,1259.504132,45.29166667,48.63333333,4932.612556
2/10/2001,4.34,38.606,96.78,22038,2.09,151.8833118,6478.016529,22038,46.79166667,4601.652893,44.84166667,48.11666667,890.9802857
2/11/2001,4.84,38.48,114.86,22131,0.92,1078.383351,6487.933884,22131,45.76666667,4403.305785,44.775,47.95416667,1097.614865
2/12/2001,2.49,37.022,122.28,22359,0.37,1215.013234,6543.471074,22359,45.72083333,5018.181818,44.65416667,48.35,990.445066
2/13/2001,4.53,37.652,187.95,21593,-3.82,-231.1558098,6519.669421,21593,45.33333333,4244.628099,44.77083333,48.0625,996.7491718
2/14/2001,1.46,38.048,187.72,21848,-5.33,1533.292151,6472.066116,21848,45.15,3292.561983,44.63333333,48.03333333,3013.36257
2/15/2001,2.78,41.45,178.95,22242,-1.01,560.1415622,6454.214876,22242,45.5375,668.4297521,45.00416667,47.975,6324.419025
2/16/2001,3.65,44.852,72.3,20985,4.48,-1795.633901,6563.305785,20985,46.3625,606.9421488,44.91666667,47.9625,4531.95161
2/17/2001,4.56,44.78,86.21,20014,5.24,453.4120264,6517.68595,20014,46.80833333,668.4297521,44.84166667,47.89166667,4436.689567
2/18/2001,3.22,44.15,73.89,20752,5.67,2150.566631,6525.619835,20752,47.19166667,761.6528926,44.67916667,47.9375,6105.87669
2/19/2001,4.8,42.404,98.86,21429,4.64,335.0902521,6531.570248,21429,47.37083333,545.4545455,44.72916667,47.79583333,5736.736273
2/20/2001,6.75,43.34,87.68,22959,5.11,1779.379429,6501.818182,22959,47.07916667,4879.338843,44.3,47.77916667,1061.891598
2/21/2001,7.63,45.068,107.44,22984,5.53,585.5877408,6785.454545,22984,45.85416667,3550.413223,44.18333333,47.67916667,2.101368598
2/22/2001,4.66,42.08,140.09,21538,3.62,1786.939954,6622.809917,21538,46.25,3490.909091,44.43333333,47.37083333,621.3046489
2/23/2001,1.55,41.27,153.03,21344,2.7,2316.596178,6446.280992,21344,45.82083333,5355.371901,44.21666667,47.24166667,142.8930647
2/24/2001,4.7,41.738,74.95,21562,4.35,1166.016026,6513.719008,21562,45.8375,4522.31405,44.3625,47.01666667,1264.32344
2/25/2001,3.77,43.286,140.98,21890,3.73,1055.081519,6466.115702,21890,45.82083333,4919.008264,44.29583333,47.50833333,2.101368598
2/26/2001,4.16,44.474,204.05,22365,1.21,2020.006069,6392.727273,22365,45.76666667,4284.297521,44.4375,47.51666667,1585.832836
2/27/2001,3.66,44.348,220.26,21259,-0.56,-583.4030839,6321.322314,21259,45.91666667,4383.471074,44.475,47.84166667,2.101368598
2/28/2001,2.63,42.764,224.25,22303,-3.37,2979.749871,6489.917355,22303,45.85833333,3371.900826,44.65416667,47.475,3610.851708
3/1/2001,2.01,42.35,167.85,23173,-1.05,377.1648209,6468.099174,23173,45.81666667,4938.842975,44.9125,47.48333333,1863.913947
3/2/2001,2.42,41.522,128.53,22526,2.42,-981.6577487,6458.181818,22526,45.90416667,2995.041322,45.1,47.34583333,2108.37316
3/3/2001,1.67,42.224,185.59,22075,1.13,903.7673359,6337.190083,22075,46.09166667,1735.53719,45.00833333,47.28333333,3675.994135
3/4/2001,8.18,46.886,107.72,22365,7.01,1215.658758,6495.867769,22365,46.27083333,1687.933884,45.06666667,47.4375,2799.022973
3/5/2001,2.24,46.85,136.63,22878,6.4,2521.910911,6833.057851,22878,46.31666667,4879.338843,44.9,47.59583333,2.101368598
3/6/2001,2.29,52.322,226.96,22273,6.25,1346.61764,6712.066116,22273,46.28333333,4363.636364,44.99583333,47.84166667,2.101368598
3/7/2001,1.39,57.434,229.33,21562,7.9,1635.328383,6491.900826,21562,46.49583333,4323.966942,45.29166667,48.08333333,2.101368598
3/8/2001,3.3,53.852,228.62,20829,5.77,1432.832516,6480,20829,46.6625,4403.305785,45.60833333,47.95833333,2.101368598
3/9/2001,5.77,44.87,208.91,20522,0.17,1767.592846,7303.140496,20522,47.1125,4680.991736,45.92916667,47.69166667,976.435942
3/10/2001,4.29,46.076,243.81,21811,0.79,2934.712818,12983.80165,21811,47.02083333,7497.520661,46.00416667,47.39166667,5903.444849
3/11/2001,3.82,48.002,245.58,21495,1.03,-733.1638573,12981.81818,21495,47.45,6902.479339,45.9375,47.2875,4990.049965
3/12/2001,2.44,51.368,246.07,21946,2.75,1540.288878,12934.21488,21946,47.57916667,3728.92562,45.79166667,47.54583333,9188.584424
3/13/2001,1.49,55.796,248.28,21068,4.94,-861.2951678,11940.49587,21068,47.7375,2360.330579,45.90416667,48.11666667,8114.78507
3/14/2001,3.39,51.224,212.79,20799,1.25,1196.380219,11512.06612,20799,47.90416667,1059.173554,46.02083333,48.82916667,9638.97776
3/15/2001,1.46,50.576,116.34,20925,2.82,939.914802,11153.05785,20925,48.25833333,319.338843,46.02083333,48.84583333,10593.69956
3/16/2001,2.76,50.252,206.6,20925,2.09,240.0194483,10800,20925,49.075,321.322314,46.0875,48.8,10062.0533
3/17/2001,1.49,52.07,85.41,20883,4.58,374.624386,10423.1405,20883,49.13333333,1598.677686,46.1,48.775,8295.50277
3/18/2001,1.64,58.91,237.26,20399,8.34,44.96003992,9953.057851,20399,49.25,305.4545455,46.21666667,48.95833333,8703.868734
3/19/2001,1.42,63.77,159.33,22094,10.08,2638.734572,9514.710744,22094,49.37083333,2082.644628,46.11666667,49.07916667,8736.089719
3/20/2001,1.66,65.57,200.97,22192,11.87,-1206.023603,8919.669421,22192,49.9375,628.7603306,46.19166667,49.56666667,7868.224488
3/21/2001,1.26,64.112,208.86,21952,11.33,182.6846029,8695.53719,21952,49.84583333,487.9338843,46.16666667,49.65416667,7358.292375
3/22/2001,2.15,62.87,243.46,21128,11.68,25.31093079,8334.545455,21128,50.00416667,2241.322314,46.10833333,49.49583333,5010.363195
3/23/2001,3.35,61.7,252.79,20973,12.55,927.8599455,8146.115702,20973,50.01666667,1108.760331,46.40416667,49.21666667,6828.047032
3/24/2001,6.58,58.442,198.7,20740,10.87,-23.6916601,8324.628099,20740,50.4,747.768595,46.4125,48.77083333,7249.021208
3/25/2001,3.28,56.03,200.06,21386,8.04,973.8382961,8296.859504,21386,50.04166667,2122.31405,46.48333333,48.55416667,6624.214278
3/26/2001,3.86,52.808,279.33,21140,3.92,-695.6688235,8338.512397,21140,49.625,2439.669421,47.14583333,49.3,5427.134633
3/27/2001,2.78,54.626,206.68,20829,5.16,160.7083422,8158.016529,20829,49.4375,1598.677686,47.54583333,50.37916667,6800.72924
3/28/2001,2.66,59.666,232.13,20323,9.7,-747.390397,8314.710744,20323,49.80833333,2023.140496,46.24166667,49.9,5682.801146
3/29/2001,3.96,58.586,285.7,20370,7.34,655.7691019,8197.68595,20370,50.65,521.6528926,46.5,48.93333333,7800.980693
3/30/2001,4.03,58.712,284.47,20211,5.96,-283.9476351,8233.38843,20211,51.17083333,591.0743802,46.50416667,47.89583333,7832.501222
3/31/2001,3.22,60.476,285.7,20996,7.49,594.8128276,8300.826446,20996,50.6875,499.8347107,46.72916667,47.75416667,8762.006599
4/1/2001,3.24,57.74,291.14,20853,4.5,-1104.014863,8177.85124,20853,50.28695652,593.0578512,46.82173913,47.75652174,7844.408977
4/2/2001,3.73,44.528,224.37,21659,-1.66,546.3844114,8306.77686,21659,49.625,676.3636364,46.99166667,47.77916667,9019.77448
4/3/2001,2.94,42.872,264.14,21562,-3.04,-1486.361257,11591.40496,21562,48.8625,708.0991736,47.16666667,48.03333333,11121.84353
4/4/2001,2.95,47.084,298.22,21374,-2.38,-426.5377449,12061.4876,21374,48.72916667,569.2561983,47.27083333,48.67083333,11177.17957
4/5/2001,2.54,49.892,301.65,21319,-0.55,260.051835,11771.90083,21319,49.14583333,553.3884298,47.4125,49.60416667,11322.17401
4/6/2001,4.78,46.364,149.82,21623,4.77,200.3383867,11942.47934,21623,49.60833333,515.7024793,47.38333333,49.675,11443.35293
4/7/2001,3.98,43.664,201.62,22044,0.66,404.4239295,11779.83471,22044,50.25,515.7024793,47.6875,50,11661.89526
4/8/2001,1.99,41.522,153.5,21793,-2.05,-648.7630286,11928.59504,21793,49.575,499.8347107,47.9125,50.40833333,11042.69198
4/9/2001,4.2,45.23,317.84,21140,-1.54,-266.9316494,12097.19008,21140,50.3125,553.3884298,47.76666667,51.3375,10498.43752
4/10/2001,1.95,47.21,193.67,21247,-1.06,1152.364133,11962.31405,21247,50.8375,515.7024793,47.82916667,51.22916667,11497.28806
4/11/2001,3.47,49.82,183.13,20704,2.35,-593.6764898,12128.92562,20704,51.39583333,422.4793388,48.03333333,49.97083333,10836.05741
4/12/2001,1.38,49.046,216.71,22846,0.8,3012.388871,12027.7686,22846,51.19166667,614.8760331,47.8875,51.125,13590.95164
4/13/2001,1.86,51.854,304.84,21939,0.71,-3085.059078,12027.7686,21939,51.3375,606.9421488,48,50.48333333,10234.36553
4/14/2001,2.65,50.162,315.59,22254,1.27,1501.460916,12017.85124,22254,51.34166667,606.9421488,48.05416667,50.34583333,11564.53185
4/15/2001,3.32,51.062,195.63,22242,4.91,-165.6227591,12023.80165,22242,51.3,599.0082645,48.1875,50.8,11336.18313
4/16/2001,4.78,52.25,162.8,21775,7.08,-378.3897416,12033.71901,21775,51.47916667,569.2561983,48.47916667,50.73333333,10833.95604
4/17/2001,2.72,55.706,191.87,22236,8.09,1091.50677,12033.71901,22236,51.75416667,545.4545455,48.28333333,50.0375,11616.36561
4/18/2001,2.4,56.156,209.12,21453,7.92,-911.1011472,12033.71901,21453,51.4125,630.7438017,48.45416667,49.74583333,10540.46489
4/19/2001,3.29,50.36,220.45,21605,5.41,1014.510317,12033.71901,21605,50.97916667,630.7438017,48.19166667,47.21666667,11469.26981
4/20/2001,4.3,47.174,199.23,21841,4.76,169.7053966,12033.71901,21841,48.95,606.9421488,48.55833333,47.17916667,11667.49891
4/21/2001,2.84,53.942,335.56,21817,5.03,-264.7220505,12037.68595,21817,47.8375,599.0082645,49.1125,47.225,10964.94135
4/22/2001,1.5,57.74,290.24,22464,5.8,1120.736336,11998.01653,22464,48.0125,1477.68595,48.675,47.27083333,11596.05238
4/23/2001,2.51,62.618,331.13,20164,8.51,-3375.721801,12033.71901,20164,48.65833333,1174.214876,49.1,47.32916667,7765.257427
4/24/2001,1.77,66.974,319.52,22972,10.14,5902.246705,13923.96694,22972,48.72916667,368.9256198,48.9375,47.33333333,16207.15554
4/25/2001,2.09,70.16,333.7,22476,12.59,-3148.114218,14913.71901,22476,48.75416667,545.4545455,48.88333333,47.28333333,13376.61204
4/26/2001,2.37,69.098,334.77,21726,11.21,241.6524228,14951.40496,21726,48.69166667,553.3884298,49.16666667,47.325,13188.18932
4/27/2001,3.83,64.238,340.71,21134,8.88,617.8272089,14957.35537,21134,48.775,599.0082645,48.89583333,47.25416667,13275.74635
4/28/2001,2.98,55.724,225.35,21854,5.22,1802.600757,14971.23967,21854,48.84166667,646.6115702,49.36666667,47.25416667,14780.32626
4/29/2001,2.04,55.868,213.22,21690,4.17,-619.6981608,14971.23967,21690,48.325,668.4297521,49.125,47.35,13911.06012
4/30/2001,2.31,62.582,244.47,22174,8.3,875.7497974,15000.99174,22174,48.36666667,485.9504132,49.45416667,47.37083333,15629.97963
5/1/2001,5.96,57.074,350.14,21983,2.18,-1305.938308,16702.80992,21983,48.73333333,676.3636364,49.44583333,47.44166667,15335.78803
5/2/2001,5.77,53.24,360.95,21995,-0.28,702.658251,16794.04959,21995,48.4375,577.1900826,49.42083333,47.3375,15810.69733
5/3/2001,3.45,57.704,352.75,22396,1.7,807.1621741,16764.29752,22396,48.37083333,545.4545455,49.6375,47.6625,15973.20317
5/4/2001,1.72,64.76,289.39,22551,4.61,400.6398052,16794.04959,22551,48.56666667,593.0578512,49.54583333,47.44166667,15768.66996
5/5/2001,3.95,64.526,358.79,21878,4.55,-240.6782245,16593.71901,21878,48.91666667,610.9090909,49.42083333,47.08333333,14760.71349
5/6/2001,2.64,67.964,355.31,21841,5.46,1185.096427,17617.19008,21841,48.65833333,1719.669421,49.54166667,47.04583333,15232.82097
5/7/2001,2.52,72.608,351.92,22248,9.01,1071.699691,17502.14876,22248,48.51666667,438.3471074,49.775,47.25416667,17467.9767
5/8/2001,2.62,75.02,346.56,22242,9.11,-410.1750471,17637.02479,22242,48.75,1164.297521,49.65416667,47.49583333,15969.00043
5/9/2001,2.73,73.688,348.56,22223,8.35,484.7268427,17621.15702,22223,48.78333333,507.768595,49.675,47.47083333,16394.17735
5/10/2001,3.49,72.77,365.44,21744,8.31,240.2110798,18545.45455,21744,48.85833333,1279.338843,49.69583333,47.5,16326.93355
5/11/2001,2.76,75.146,350.51,21344,10.18,539.1821525,18626.77686,21344,48.77083333,499.8347107,49.88333333,47.85,17485.48811
5/12/2001,4.73,71.204,346.29,21465,11.8,762.4540388,18583.1405,21465,49.08333333,896.5289256,49.70833333,47.80416667,17605.26612
5/13/2001,4.65,67.118,360.64,21653,10.74,269.3454502,18511.73554,21653,49.11666667,537.5206612,49.84166667,47.9125,17686.51904
5/14/2001,1.8,58.46,93.69,21235,10.17,-130.304164,19904.13223,21235,48.96666667,585.1239669,49.7625,48.40833333,18855.58043
5/15/2001,2.79,56.948,98.52,21128,12.47,356.4278345,22528.26446,21128,48.85416667,577.1900826,49.76666667,49.025,21328.89127
5/16/2001,2.99,63.644,366.49,21562,9.61,1056.18311,20959.33884,21562,49.6375,152.7272727,50.54583333,49.04583333,20767.1254
5/17/2001,3.51,67.712,360.26,20252,7.68,-1270.51383,20679.66942,20252,50.08333333,339.1735537,50.14583333,48.64583333,19851.62915
5/18/2001,4.41,69.458,372.69,20123,8.38,359.8667178,20840.33058,20123,50.075,507.768595,49.925,49.2625,21153.77722
5/19/2001,3.93,73.202,369.3,20002,9.17,-942.2152365,20897.85124,20002,50.2125,614.8760331,50.10416667,49.10833333,20760.8213
5/20/2001,4.41,73.148,369.35,20100,9.83,-379.8460934,20919.66942,20100,50.39166667,523.6363636,50.07083333,48.99583333,21296.67029
5/21/2001,3.46,74.876,375.24,21623,9.64,622.3627679,21090.24793,21623,50.325,1430.082645,50.125,47.98333333,21833.21974
5/22/2001,2.71,77.306,375.33,21629,11.05,-2167.054451,20927.60331,21629,49.58333333,2400,50.33333333,47.7625,19391.42943
5/23/2001,2.13,79.16,369.97,21678,13.18,-814.8261242,20925.61983,21678,49.20833333,1951.735537,50.32916667,47.7375,19736.75433
5/24/2001,1.88,80.492,368.48,23192,11.91,751.1299675,20925.61983,23192,49.15833333,1576.859504,50.40833333,48.00416667,20114.30022
5/25/2001,2.06,78.602,340.56,21289,11.96,-2668.539889,20372.2314,21289,49.39166667,2042.975207,50.39166667,48.38333333,16701.67762
5/26/2001,4.13,73.742,367,20071,12.22,409.5785783,21752.72727,20071,49.60416667,823.1404959,50.4,48.89583333,20191.3504
5/27/2001,3.73,69.314,348.04,20668,9.92,1335.236377,21750.7438,20668,50.125,1392.396694,50.55416667,49.15416667,22478.3399
5/28/2001,2.83,68.234,356.55,21665,6.37,-1122.992793,21834.04959,21665,50.27083333,3014.876033,50.4875,49.0125,20550.68444
5/29/2001,5.24,67.586,372.08,21866,4.59,-1530.510886,21960.99174,21866,50.35416667,2082.644628,50.675,48.90833333,20344.04986
5/30/2001,4.51,74.444,379.63,22626,8.59,294.2972474,21893.55372,22626,50.4125,507.768595,50.725,49.34166667,22702.48588
5/31/2001,2.08,80.78,380.37,22871,10.67,-1071.700756,22032.39669,22871,50.82916667,1410.247934,50.72083333,48.95416667,21029.09602
6/1/2001,3.74,75.974,373.32,22081,8.98,-1196.94726,21879.66942,22081,50.57083333,2677.68595,51.06666667,48.70416667,18472.43089
6/2/2001,4.37,65.552,384.81,21002,4.63,-349.4474189,21885.61983,21002,50.24166667,1519.338843,51.40833333,49.14583333,19450.9682
6/3/2001,5.28,60.242,391.52,22903,1.6,2816.312792,21891.57025,22903,50.25416667,555.3719008,51.27916667,49.68333333,23928.98469
6/4/2001,2.52,64.346,363.19,22347,2.96,-3148.786343,21907.43802,22347,50.87916667,1705.785124,51.52916667,48.3375,19899.26017
6/5/2001,2.36,66.002,266.38,21587,5.98,-457.6072774,23827.43802,21587,49.97083333,2836.363636,51.4625,48.125,20905.81573
6/6/2001,2.28,70.376,371.03,21410,8.01,-91.74134983,25598.67769,21410,49.63333333,2737.190083,51.80833333,48.375,22934.33688
6/7/2001,2.25,74.894,379.69,22303,9.6,820.1507233,25586.77686,22303,49.65,1892.231405,51.61666667,48.5125,25064.42418
6/8/2001,2.89,75.74,380.33,22721,9.21,-951.8787255,25570.90909,22721,49.825,2142.14876,52,49.225,24223.17629
6/9/2001,2.3,71.834,387.12,22106,7.49,-1409.415959,27407.60331,22106,50.65,2419.834711,52.34166667,50.1125,24822.06634
6/10/2001,3.14,72.104,372.21,21611,6.75,-329.297745,27377.85124,21611,51.45833333,2280.991736,52.39166667,50.3875,25795
6/11/2001,3.38,69.8,353.13,21229,8.19,-1080.140496,27215.20661,21229,51.6625,2320.661157,52.67083333,50.1625,25689.93157
6/12/2001,4.5,67.388,394.8,21550,4.52,-474.3861155,27385.78512,21550,51.44166667,2122.31405,52.56666667,50.4625,26789.6478
6/13/2001,4.05,66.38,394.89,22390,3.11,-686.1767256,27381.81818,22390,51.71666667,2082.644628,53.02083333,51.04583333,26861.09434
6/14/2001,2.43,73.994,389.64,22254,5.92,-1697.920786,27879.66942,22254,51.775,2995.041322,53.0875,50.52083333,26033.15511
6/15/2001,2.57,76.856,387.54,21939,7.97,-1463.527011,28008.59504,21939,52.47083333,4165.289256,53.75,50.4,24427.00904
6/16/2001,2.38,79.448,386.19,21629,6.98,-893.7032549,28613.55372,21629,53.1,4244.628099,53.70416667,50.275,25681.5261
6/17/2001,3.81,77.072,386.28,20194,5.33,-2747.60048,28688.92562,20194,53.1,3074.380165,53.73333333,50.68333333,25479.09425
6/18/2001,4.08,73.814,392.68,22359,4.69,2300.451205,28744.46281,22359,53.1,3788.429752,54.05416667,51.275,28240.29259
6/19/2001,2.62,77.756,379.58,21793,7.24,-3850.259532,28811.90083,21793,52.85833333,3649.586777,54.36666667,50.94166667,25461.58285
6/20/2001,3.07,82.22,384.8,21726,9.49,-366.2688004,28389.42149,21726,52.6,4244.628099,54.32916667,49.4625,25133.76935
6/21/2001,2.71,84.542,383.91,20534,10.47,-2180.975962,28930.90909,20534,50.88333333,3669.421488,54.4875,49.27083333,26716.0999
6/22/2001,2.52,83.786,382.77,21629,9.25,-359.6122967,29095.53719,21629,50.82916667,3966.942149,54.30833333,49.42083333,28238.19122
6/23/2001,3.97,79.466,365.97,22482,8.15,-2256.596179,28195.04132,22482,50.8875,3709.090909,54.59583333,49.49583333,26059.07199
6/24/2001,2.54,70.88,311.17,22242,6.04,-1813.121577,28244.6281,22242,50.86666667,3570.247934,54.75416667,49.55416667,25657.71059
6/25/2001,2.8,63.608,146.78,21866,9.8,-1359.330425,28244.6281,21866,50.89583333,4085.950413,54.8625,49.53333333,25451.77646
6/26/2001,4.75,60.17,112.14,21872,13.62,-1287.098774,28278.34711,21872,50.55,3550.413223,54.9375,50.67083333,25652.10694
6/27/2001,4.75,55.94,108.72,22626,11.95,-170.1730557,28278.34711,22626,51.53333333,3689.256198,54.9875,52.48333333,26219.47646
6/28/2001,1.32,67.91,384.87,21976,11.5,-2280.385551,28149.42149,21976,53.05833333,5414.876033,54.90833333,52.1125,23913.57465
6/29/2001,1.99,75.542,383.71,21289,10.45,-1866.029195,28062.14876,21289,53.49583333,4006.61157,54.82916667,50.31666667,24859.89097
6/30/2001,2.15,78.386,357.63,21423,10.11,-670.3537799,28020.49587,21423,52.26666667,3252.892562,55.08333333,50.14166667,27051.61842
7/1/2001,2.66,80.78,376.37,22026,10.51,-1681.015114,27923.30579,22026,51.51666667,3451.239669,55.02916667,50.35,26521.37308
7/2/2001,2.58,84.956,382.67,23053,10.39,-1022.306964,28466.77686,23053,51.8,4046.280992,54.78333333,50.46666667,26075.18248
7/3/2001,2.08,89.42,267.63,22118,12.27,-2589.686612,28107.7686,22118,52.05416667,4998.347107,54.92083333,50.45416667,23077.22995
7/4/2001,2.39,91.94,325.14,21229,13.08,-856.8084624,28171.23967,21229,51.99583333,4938.842975,54.975,50.625,24343.65476
7/5/2001,3.53,88.682,361.88,20704,12.23,-1636.258066,28827.7686,20704,52.275,5077.68595,55.1375,50.84166667,25263.35375
7/6/2001,3.6,82.652,379.78,21044,9.97,-1173.271105,29242.31405,21044,52.24583333,4601.652893,55.17916667,51.05416667,27497.80902
7/7/2001,4.35,79.16,354.53,21532,8.79,-2369.147863,29353.38843,21532,52.475,4919.008264,55.11666667,51.18333333,27111.1572
7/8/2001,1.82,82.904,378.17,20949,9.94,-3259.777035,28841.65289,20949,52.49583333,5018.181818,55.2,51.325,26733.61131
7/9/2001,1.5,85.01,369.08,22106,11.23,-1753.140236,28922.97521,22106,52.77083333,4859.504132,55.25833333,51.06666667,26398.79324
7/10/2001,3.95,81.77,372.23,22211,12.34,-2230.322166,29010.24793,22211,52.43333333,4919.008264,55.31666667,51.21666667,26281.1166
7/11/2001,3.42,78.638,373.87,21176,11.23,-3224.876931,29351.40496,21176,52.6125,4899.173554,55.21666667,51.6,22107.09811
7/12/2001,1.86,79.7,359.38,21380,10.63,2549.133295,29668.76033,21380,52.2875,4899.173554,55.17083333,51.39583333,25846.83376
7/13/2001,1.31,82.346,369.63,22285,9.43,-172.2469831,29742.14876,22285,52.3625,4899.173554,55.20416667,50.99583333,27708.64634
7/14/2001,2,81.986,374.14,22796,8.93,-2354.671133,30099.17355,22796,52.47916667,4859.504132,55.2375,51.075,27766.08375
7/15/2001,2.24,79.394,362.71,23022,8.38,-2300.414329,30327.27273,23022,52.59583333,4958.677686,55.34166667,51.40833333,27754.17599
7/16/2001,2.95,75.11,371.39,22959,7.68,-2448.580949,29760,22959,52.89583333,4958.677686,55.34166667,51.52083333,26721.70355
7/17/2001,1.97,73.832,374.04,22260,6.57,-2619.381236,29432.72727,22260,52.97083333,4899.173554,55.0375,51.0375,26106.70301
7/18/2001,2.23,75.488,371.29,21854,7.94,-1979.149291,29466.44628,21854,52.38333333,5057.85124,55.17083333,50.575,23966.80932
7/19/2001,3.01,78.008,368.66,22840,8.64,1427.785721,29656.8595,22840,52.29583333,5196.694215,55.3375,50.77916667,26082.8875
7/20/2001,3.36,74.75,370.47,22260,8.17,-2202.722211,29553.71901,22260,52.60833333,5831.404959,55.02916667,50.7375,25711.64571
7/21/2001,2.7,75.848,369.42,22081,7.2,-2168.33166,29817.52066,22081,52.6625,5950.413223,55.025,51.125,25635.99644
7/22/2001,1.51,80.042,372.31,21976,5,-1873.889002,29305.78512,21976,52.80833333,5871.07438,54.97916667,51.1125,25751.57172
7/23/2001,2.8,82.634,368.62,22236,6.41,-2056.860976,29857.19008,22236,52.79583333,5890.909091,54.95,49.60833333,26114.40803
7/24/2001,2.3,86.594,369.34,19680,6.56,-4704.127038,29781.81818,19680,51.15833333,5871.07438,54.87083333,48.20833333,22378.87512
7/25/2001,2.44,88.664,367.94,22890,6.76,4741.868682,29756.03306,22890,50.36666667,5910.743802,54.81666667,49.48333333,29947.30435
7/26/2001,1.96,87.8,367.53,22013,7.25,-6979.015094,30009.91736,22013,51.775,5910.743802,54.65416667,50.18333333,26396.69188
7/27/2001,2.79,86.432,364.99,22396,7.01,-1914.518326,29662.80992,22396,51.87083333,5930.578512,54.62916667,50.15416667,27013.79379
7/28/2001,2.16,83.714,365.46,23377,5.02,-2300.562385,29674.71074,23377,51.99166667,5831.404959,54.53333333,50.375,27488.00263
7/29/2001,2.92,81.338,360.59,23148,5.74,-3873.696845,27869.75207,23148,52.05833333,4899.173554,54.525,50.2,24770.93304
7/30/2001,2.28,77.126,254.6,22997,9.18,-1951.354528,27925.28926,22997,52.09583333,4978.512397,54.54166667,50.39583333,24022.14536
7/31/2001,1.35,79.898,360.33,22310,6.92,-1762.3685,27457.19008,22310,52.09166667,4879.338843,54.57083333,50.4875,23714.64509
8/1/2001,3.28,83.048,354.92,21720,6.7,-1726.79385,25687.93388,21720,52.26666667,4859.504132,54.55416667,49.89583333,22277.30897
8/2/2001,3.8,82.616,356.45,21958,6.9,-1210.879218,25509.42149,21958,51.85833333,4839.669421,54.52083333,49.85833333,22307.42858
8/3/2001,4.06,79.502,354.47,22664,6.04,-931.6765139,24829.09091,22664,51.7,4919.008264,54.5875,49.61666667,22712.29227
8/4/2001,4.21,77.288,350.56,22607,7.62,-2859.209625,24743.80165,22607,52.00833333,4839.669421,54.55,49.75,20808.45232
8/5/2001,2.66,80.87,348.26,22570,8.01,-941.3200886,24731.90083,22570,51.95,4879.338843,54.54166667,48.7,21521.51673
8/6/2001,1.71,86.63,353.07,21483,5.7,-2755.954747,24795.3719,21483,50.9,4919.008264,54.55833333,48.55416667,20147.92212
8/7/2001,1.86,91.922,347.4,22421,6.06,666.4415164,24833.05785,22421,50.925,5395.041322,54.625,48.72083333,21316.98352
8/8/2001,2.16,94.964,325.6,22771,8.12,-1528.966991,23879.00826,22771,50.9125,4938.842975,54.56666667,48.8375,21148.17357
8/9/2001,4.6,91.274,340.7,21902,8.52,-3077.008281,24795.3719,21902,51.12083333,4938.842975,54.59583333,48.83333333,17932.37916
8/10/2001,4.15,86.486,342.34,21763,7.46,1785.149766,24803.30579,21763,51.07083333,4919.008264,54.56666667,48.88333333,19907.66564
8/11/2001,2.15,86.702,319.38,21896,3.21,109.6318807,23472.39669,21896,51.10416667,4919.008264,54.625,48.9625,18823.35945
8/12/2001,4.55,87.116,331.08,22476,1.86,310.0289798,23369.2562,22476,51.10416667,4958.677686,54.59166667,49.07916667,19698.9297
8/13/2001,3.04,83.48,341.82,22651,3.63,-1113.351188,23389.09091,22651,51.225,4919.008264,54.63333333,49.17916667,18559.98792
8/14/2001,3.15,85.478,339.51,21696,4.53,-1044.905275,23438.67769,21696,51.27083333,4879.338843,54.57916667,49.175,21523.6181
8/15/2001,2.65,86.846,339.85,21122,3.96,-3538.279257,22044.29752,21122,51.5125,5117.355372,54.65833333,49.19166667,20608.12184
8/16/2001,2.12,88.304,335.14,22013,3.93,-2790.179691,21921.32231,22013,51.50833333,4899.173554,54.55,49.38333333,17880.5454
8/17/2001,2.69,88.07,329.5,21410,2.27,-1461.39664,21843.96694,21410,51.62916667,4899.173554,54.5125,49.3125,16215.56102
8/18/2001,2.36,84.524,335.41,22118,0.8,1437.232368,20550.7438,22118,51.525,4919.008264,54.62916667,49.45416667,16268.79569
8/19/2001,2.78,82.76,333.49,22620,0.59,-135.0601528,20403.96694,22620,51.82083333,5117.355372,54.50833333,49.55416667,15373.61267
8/20/2001,3.89,80.294,332.07,21696,0.71,-1011.0011,20336.52893,21696,51.87083333,5077.68595,54.46666667,49.60416667,22670.96535
8/21/2001,2.27,76.1,295.53,22513,2,-6595.122375,18850.90909,22513,51.96666667,4919.008264,54.48333333,49.72916667,14271.79506
8/22/2001,3.38,74.462,258.49,22821,6.51,-31.89423355,18434.38017,22821,52.10416667,5295.867769,54.36666667,49.60416667,13889.34598
8/23/2001,2.49,75.2,316.41,22840,7.16,-731.8335833,18442.31405,22840,52.07083333,5137.190083,54.36666667,49.2375,13154.56743
8/24/2001,1.95,78.62,320.44,22081,5.24,-608.4434631,19184.13223,22081,51.97083333,4938.842975,54.32083333,49.20833333,13448.05857
8/25/2001,2.08,85.424,316.34,22488,4.73,1204.230686,19755.3719,22488,51.64166667,4899.173554,54.27916667,49.27916667,15035.99278
8/26/2001,1.98,89.024,315.31,23326,5.01,658.2055671,20009.2562,23326,51.5125,4919.008264,54.19583333,49.50416667,16554.58182
8/27/2001,4.05,88.988,315.66,22758,3.91,-2032.333886,20088.59504,22758,51.82916667,4958.677686,54.24583333,49.52916667,14726.39114
8/28/2001,3.91,87.152,314.62,22972,2.14,617.5262154,18676.36364,22972,51.82916667,4958.677686,54.17916667,49.575,13887.24461
8/29/2001,2.75,87.458,309.33,23091,5.68,-50.55865959,18464.13223,23091,51.92916667,4938.842975,54.1625,49.56666667,13331.08239
8/30/2001,4.64,83.102,305.19,23135,7.96,238.2068662,18446.28099,23135,51.84166667,4938.842975,54.02916667,49.67083333,14030.13767
8/31/2001,1.95,82.202,296.09,23473,7.59,-184.6996535,18614.87603,23473,51.97083333,4958.677686,53.875,49.5375,14522.55838
9/1/2001,1.83,83.678,281.36,23460,6.88,-879.3600329,18642.64463,23460,51.825,4899.173554,53.8625,49.74166667,13614.76715
9/2/2001,3.14,84.344,302.62,22266,4.09,-1065.296076,18587.10744,22266,51.86666667,4125.619835,53.82083333,49.82083333,13757.66021
9/3/2001,2.45,83.48,301.36,21702,3.59,139.8273933,18495.86777,21702,51.86666667,4046.280992,53.83333333,49.95416667,13997.91669
9/4/2001,2.43,83.462,299.59,22340,2.78,1089.670087,18503.80165,22340,51.8875,4046.280992,53.77083333,49.92083333,14921.11796
9/5/2001,3.75,77.828,301.37,22664,-0.43,-139.5972988,18503.80165,22664,51.90416667,3986.77686,53.72083333,50.02916667,14304.01605
9/6/2001,3.98,72.914,300.96,22595,-6.59,144.0087434,18497.85124,22595,51.99583333,3986.77686,53.69583333,50.07916667,14280.20054
9/7/2001,3.33,78.89,299.01,22557,-3.95,192.8738402,17754.04959,22557,52.05,4105.785124,53.9,50.32083333,12833.05803
9/8/2001,2.56,80.906,294.87,22633,-2.36,891.2064328,17668.76033,22633,52.05833333,4125.619835,53.9,50.6375,13037.59124
9/9/2001,3,81.266,293.72,22607,-1.8,479.5492559,17740.16529,22607,52.125,4125.619835,53.975,50.64166667,12966.14471
9/10/2001,3.48,77.702,279.3,22038,2.87,79.40074455,16843.63636,22038,52.18333333,4046.280992,53.90416667,50.76666667,12180.23285
9/11/2001,1.2,77.738,215.8,21392,5.4,-28.8774781,15889.58678,21392,52.24166667,4085.950413,53.9125,50.71666667,10794.73049
9/12/2001,1.7,79.88,264.2,20752,5.74,368.9058736,15889.58678,20752,52.14583333,4085.950413,53.86666667,50.8625,10691.06297
9/13/2001,1.6,78.098,274.17,21032,6.13,1392.573394,15933.22314,21032,52.42916667,4125.619835,53.84166667,51.35833333,11701.82127
9/14/2001,1.35,81.05,263.4,21199,7.6,272.7820358,15978.84298,21199,52.77916667,3947.107438,53.5,51.32916667,11693.41579
9/15/2001,1.88,81.464,264.34,22001,6.91,1140.319747,15972.89256,22001,52.94166667,3034.710744,53.57916667,51.65833333,13380.81478
9/16/2001,1.08,81.32,263.56,22168,5.43,-275.6329618,15964.95868,22168,53.0125,3034.710744,53.79583333,51.85416667,12630.62619
9/17/2001,0.72,80.132,268.32,22852,5.06,983.6217439,15972.89256,22852,53.3,3014.876033,53.55,52.09166667,13220.41031
9/18/2001,1.86,80.618,267.61,22254,3.76,-860.3937811,16448.92562,22254,53.26666667,3014.876033,53.65,52.22916667,12307.01542
9/19/2001,2.02,79.592,265.89,21562,4.25,435.0341668,16932.89256,21562,53.475,2280.991736,53.49583333,52.37916667,13399.02664
9/20/2001,2.9,78.296,263.71,21983,4.81,1673.874186,16964.6281,21983,53.55833333,2757.024793,53.3375,52.46666667,14190.54214
9/21/2001,1.98,78.674,262.98,22408,2.68,442.0611658,16948.76033,22408,53.64583333,2895.867769,53.39166667,52.62083333,14188.44078
9/22/2001,2.22,79.79,260.7,22279,0.64,-264.548218,16926.94215,22279,53.6,3034.710744,53.62083333,52.77916667,13251.93084
9/23/2001,4.12,78.17,243.11,21946,0.31,307.300565,16956.69421,21946,53.74166667,3034.710744,53.725,52.95416667,13063.50812
9/24/2001,4.05,74.048,215.5,21684,4.02,596.4753511,16903.1405,21684,53.725,3054.545455,53.79166667,53.20416667,13064.90903
9/25/2001,2.4,60.926,133.27,21580,10.8,679.6860113,16974.54545,21580,53.85833333,2915.702479,53.88333333,53.175,13230.21669
9/26/2001,1.92,67.928,234.94,21235,7.99,483.6262852,16113.71901,21235,53.94166667,3094.214876,53.85,53.64583333,12374.25922
9/27/2001,2.32,70.592,235.68,21164,6.11,574.2449122,15123.96694,21164,54.25,3847.933884,53.50833333,53.42916667,10597.9023
9/28/2001,1.22,69.494,168.77,20598,4.03,112.1307579,15018.84298,20598,54.3,3649.586777,53.5,53.775,10097.77657
9/29/2001,2.93,73.418,243.94,20835,4.04,1508.479628,15042.64463,20835,54.35,3867.768595,53.61666667,53.81666667,10438.89874
9/30/2001,2.04,79.682,240.34,20817,4.49,717.9772931,15094.21488,20817,54.55,3907.438017,53.60833333,53.90416667,10226.66051
10/1/2001,1.78,84.866,236.44,20358,4.44,501.1163495,15108.09917,20358,54.66666667,3947.107438,53.63333333,53.875,10071.85969
10/2/2001,1.34,84.434,235.44,19881,3.32,612.1320455,15167.60331,19881,54.825,4958.677686,53.775,52.97083333,9043.589991
10/3/2001,1.61,82.202,236.04,20399,2.78,1683.335629,15296.52893,20399,54.69166667,5038.016529,53.87916667,52.43333333,9954.883506
10/4/2001,2.58,78.008,231.52,20817,3.38,721.6288907,15167.60331,20817,54.02083333,4978.512397,53.875,52.5625,9827.400478
10/5/2001,3.15,71.492,221.89,20907,4.97,451.6904311,13604.6281,20907,53.8,4819.834711,53.87083333,52.84583333,8168.019742
10/6/2001,1.99,69.026,225.34,21671,6.85,1380.773646,12122.97521,21671,53.9375,4938.842975,53.9625,52.94583333,7700.115
10/7/2001,2.45,70.178,170.78,21684,6.2,-502.9827686,11928.59504,21684,54.0625,4958.677686,53.99166667,53.45833333,6957.631429
10/8/2001,3.64,67.892,224.66,21514,-0.53,-157.7140736,11936.52893,21514,54.225,4958.677686,54.07916667,53.775,6743.291832
10/9/2001,4.15,61.574,223.5,20985,-5.69,-294.4405923,11930.57851,20985,54.29583333,5732.231405,54.05,54.45833333,5903.444849
10/10/2001,2.28,66.128,190.57,21623,-3.14,932.9022584,11557.68595,21623,54.275,4919.008264,54.0125,54.35,7267.233069
10/11/2001,3.52,67.676,174.23,23053,3.51,801.444617,11180.82645,23053,54.55833333,4958.677686,53.79166667,54.84583333,6762.904606
10/12/2001,4.58,65.804,212.54,23060,-0.04,-533.7558457,10764.29752,23060,54.70416667,4125.619835,53.79166667,54.7625,6141.599957
10/13/2001,4.18,69.278,211.99,22501,2.17,-61.92227105,10716.69421,22501,54.9,4125.619835,53.66666667,55.025,5476.867023
10/14/2001,3.13,71.78,209.6,22168,-1.63,781.2073572,10752.39669,22168,55.12083333,4145.454545,53.50833333,55.06666667,5701.013007
10/15/2001,1.91,74.228,189.16,21714,-1.28,451.9291418,10734.54545,21714,54.95416667,3728.92562,53.55416667,54.54166667,6153.507712
10/16/2001,3.61,71.096,123,21568,2.5,706.1121227,10712.72727,21568,55.00833333,3808.264463,53.60416667,54.8375,5430.636914
10/17/2001,1.36,69.836,149.59,21374,5.59,1279.825896,10714.71074,21374,54.84166667,3808.264463,53.69166667,54.9875,6465.210721
10/18/2001,1.77,69.134,200.44,21526,2.65,593.23556,10750.41322,21526,54.85833333,3748.760331,53.54583333,54.98333333,6736.987726
10/19/2001,1.97,70.214,199.46,21726,-1.25,464.6651666,10756.36364,21726,54.84166667,3768.595041,53.65416667,54.85416667,6715.273584
10/20/2001,1.62,71.06,134.55,21970,-1.04,516.495011,11160.99174,21970,54.84583333,4006.61157,53.79583333,55.02916667,6641.725683
10/21/2001,2.42,67.298,171.88,21714,-0.18,256.6544823,11646.94215,21714,54.89166667,3947.107438,53.85,55.05,6564.675501
10/22/2001,2.54,63.554,111.16,21829,2.23,1250.15921,11654.87603,21829,54.9625,4105.785124,53.97083333,55.02916667,6776.91373
10/23/2001,4.87,60.494,191.52,21805,-0.05,748.1771791,11706.44628,21805,54.97916667,3986.77686,54.05,55.20416667,6776.91373
10/24/2001,4.15,58.064,187.46,22149,-6.8,1286.755691,11658.84298,22149,54.7625,4006.61157,53.97916667,55.225,7314.864091
10/25/2001,2.04,63.95,185.01,22377,-4.9,565.367314,11456.52893,22377,54.61666667,4145.454545,54.00833333,55.28333333,7531.305056
10/26/2001,2.75,65.336,182.73,22727,-1.24,129.7693242,11402.97521,22727,54.8,4165.289256,53.5625,55.52916667,7255.325314
10/27/2001,4.14,63.32,135.56,21738,2.09,-1006.639364,11700.49587,21738,54.62083333,3907.438017,52.89166667,56.85,5792.072313
10/28/2001,4.11,62.636,133.04,21295,6.33,1557.985538,12148.76033,21295,54.58333333,3887.603306,52.59166667,56.325,6744.692744
10/29/2001,3.57,56.57,58.71,20889,11.4,1110.464281,11575.53719,20889,55.26666667,0,53.22916667,54.975,10284.09792
10/30/2001,5.59,54.356,91.5,20633,10.33,1035.43927,11597.35537,20633,55.65,0,53.575,55.15833333,10459.21197
10/31/2001,2.46,54.896,79.62,19973,9.21,478.1434019,11644.95868,19973,55.35,0,53.57916667,55.32916667,10149.61033
11/1/2001,1.68,59.612,125.99,20563,7.4,2085.348348,11317.68595,20563,55.25,0,52.95833333,55.2125,10780.72137
11/2/2001,1,59.666,145.81,21325,5.89,1298.96458,11190.7438,21325,55.38333333,0,52.77916667,55.05,11191.1887
11/3/2001,0.75,62.312,165.2,22087,5.8,761.5551017,10879.33884,22087,55.2,0,52.77916667,55.31666667,10711.3762
11/4/2001,0.87,64.724,161.85,21769,4.78,-150.037357,10863.47107,21769,55.22083333,0,52.87916667,55.69583333,9553.522104
11/5/2001,3.08,63.734,158.33,21086,3.83,626.9489704,10825.78512,21086,55.47083333,0,52.80416667,55.8875,9428.840901
11/6/2001,3.29,57.632,152.6,20776,1.98,1086.944223,10512.39669,20776,55.65416667,0,52.74166667,55.7625,9603.254494
11/7/2001,3.05,51.53,162.31,20428,-3.22,561.1422002,10197.02479,20428,55.7125,0,53.05416667,55.79583333,9464.564167
11/8/2001,1.59,56.642,159.47,20457,-2.58,761.4606264,10212.89256,20457,55.50416667,0,53.42083333,55.57083333,10127.19573
11/9/2001,1.61,59.99,153.07,21146,-0.28,774.696832,10187.10744,21146,55.53333333,0,53.725,55.46666667,10748.50038
11/10/2001,3.69,59.18,117.74,21423,4.11,-284.392942,10115.70248,21423,55.4625,0,53.98333333,56.27083333,9914.957503
11/11/2001,4.7,50.792,51.89,21332,9.32,109.7449763,10107.7686,21332,55.57083333,0,54.24166667,56.7,9484.17694
11/12/2001,5.24,50.648,63.41,22075,9.51,1366.591655,9836.033058,22075,55.6125,0,54.65,56.46666667,9550.019823
11/13/2001,4.5,49.028,46.77,21756,8.47,-32.98676515,9469.090909,21756,55.675,0,54.9625,56.7125,8584.79118
11/14/2001,1.98,52.394,52.7,21756,10.22,884.2997291,9054.545455,21756,55.7125,0,54.34583333,55.92916667,8884.586434
11/15/2001,2.59,54.176,67.23,21799,10.51,212.9590205,9008.92562,21799,55.69583333,0,53.15416667,55.92083333,8581.288899
11/16/2001,2.7,54.824,49.52,21392,10.83,20.63672083,8764.958678,21392,55.71666667,0,53.15416667,56.11666667,7914.454597
11/17/2001,0.87,52.448,138.3,21056,7.15,514.5040807,8663.801653,21056,55.625,0,53.1,56.02083333,7922.159616
11/18/2001,1.18,50.684,60.24,20686,5.89,371.6420369,8550.743802,20686,55.4125,0,53.16666667,55.95,7717.626405
11/19/2001,3.19,51.098,42.81,20787,7.81,934.1173967,8673.719008,20787,55.40416667,0,53.375,56.06666667,8703.868734
11/20/2001,3.62,50.288,70.99,21574,8.35,756.8502743,8233.38843,21574,55.45,0,53.18333333,55.68333333,8848.863167
11/21/2001,5.48,51.098,46.82,22384,9.8,194.5252628,8068.760331,22384,55.46666667,0,53.28333333,56.00833333,7795.377044
11/22/2001,3.89,51.098,83.39,21756,5.16,-354.6167134,8068.760331,21756,55.32083333,0,53.28333333,56.04583333,6534.555885
11/23/2001,1.32,47.444,131.8,20913,1.36,691.2044456,8191.735537,20913,55.025,0,53.2625,56.33333333,6860.268017
11/24/2001,3.37,45.59,62.69,21854,6.11,2272.46752,7925.950413,21854,54.59583333,0,53.275,56.05416667,7886.436349
11/25/2001,3.54,43.916,79.37,20841,3.12,-973.4859358,7995.371901,20841,54.50833333,0,53.3125,55.80416667,6250.871124
11/26/2001,1.52,42.17,100.23,20270,0.74,1173.500777,7957.68595,20270,54.525,0,53.25833333,55.825,7118.035899
11/27/2001,2.21,38.786,119.45,20481,-2.52,1050.650051,7904.132231,20481,54.37083333,0,53.22916667,55.64166667,7798.879325
11/28/2001,8.45,39.65,39.46,20973,2.55,597.2529064,7463.801653,20973,54.34166667,0,53.1625,55.16666667,7424.135258
11/29/2001,2.63,42.062,53.7,21593,3.96,659.6663949,7148.429752,21593,53.94166667,0,53.0375,55.0375,6768.508255
11/30/2001,2.88,40.892,62.05,21386,3.32,172.9214971,7489.586777,21386,53.8125,0,52.8625,55.14166667,6832.249769
12/1/2001,7.95,43.214,43.12,22242,5.48,1513.337008,7600.661157,22242,53.21666667,0,52.5375,54.72083333,5379.503612
12/2/2001,9.38,44.15,65.58,22495,5.07,2474.157545,7572.892562,22495,53.15416667,0,52.17916667,54.825,5627.465106
12/3/2001,2.74,42.26,69.53,20907,3.34,357.427456,7547.107438,20907,53.27083333,0,51.97916667,54.5625,4765.903981
12/4/2001,2.23,41.468,71.51,21593,1.89,3467.203457,7547.107438,21593,53.36666667,0,51.69583333,54.1,7505.388177
12/5/2001,6.69,44.726,35.97,20955,6.21,-596.280739,7547.107438,20955,53.3875,0,51.50416667,53.7625,5774.560908
12/6/2001,2.21,46.85,58.86,21556,6.65,2373.54653,7553.057851,21556,53.32916667,0,51.45,53.55833333,6836.452506
12/7/2001,3.09,45.032,115.93,22180,3.24,1340.605345,7555.041322,22180,53.10416667,0,51.0125,53.20416667,7263.030332
12/8/2001,1.61,46.976,75,21811,3.58,-76.98900969,7555.041322,21811,52.98333333,0,50.9125,52.86666667,6256.474773
12/9/2001,6.21,43.376,116.97,21514,0.79,1001.566549,7505.454545,21514,52.71666667,0,51.075,52.54583333,6790.922854
12/10/2001,3.72,40.712,102.43,21259,-1.42,459.5316915,7519.338843,21259,52.30833333,0,50.81666667,52.32916667,6677.448949
12/11/2001,1.6,42.35,82.3,20877,-0.24,459.889894,7559.008264,20877,51.8875,0,50.90833333,51.98333333,6648.029789
12/12/2001,0.86,43.88,87.46,20823,1.07,856.9784755,7525.289256,20823,51.49166667,0,50.82916667,51.84583333,7148.155515
12/13/2001,4.61,41.882,40.1,21182,3.75,736.1337412,7545.123967,21182,51.25,0,50.5125,51.62083333,7187.381062
12/14/2001,4.32,40.316,96.66,21927,-0.16,1102.742905,7564.958678,21927,50.9875,0,50.075,51.44583333,7094.220388
12/15/2001,1.21,37.832,52.78,21502,-1.37,45.73828969,7555.041322,21502,50.8875,29.75206612,50.07916667,51.29583333,6298.502145
12/16/2001,3.76,39.704,34.64,21447,2.67,1171.787111,7547.107438,21447,50.79166667,0,49.92083333,51.20416667,6816.139277
12/17/2001,2.09,43.34,56.27,21350,5.27,633.968161,7549.090909,21350,50.7625,345.1239669,49.5125,51.0375,6312.511269
12/18/2001,4.16,43.502,37.15,21532,5.7,1073.455673,7545.123967,21532,50.75833333,737.8512397,49.0625,51.55,6489.026232
12/19/2001,4.62,45.05,38.12,21283,6.47,69.24649527,7543.140496,21283,50.5125,1918.016529,48.8125,52.20416667,4327.4184
12/20/2001,4.05,42.566,72.41,22464,4.7,2478.705567,7560.991736,22464,50.11666667,2856.198347,48.54583333,52.06666667,4134.792945
12/21/2001,1.67,43.754,75.56,22439,4.77,545.0004434,7678.016529,22439,49.85833333,5474.380165,48.375,51.88333333,696.9539184
12/22/2001,4.79,41.756,45.84,22984,4.64,2051.682445,7305.123967,22984,49.47083333,4958.677686,48.47083333,51.4125,486.1166024
12/23/2001,2.16,41.702,104.46,21939,3.64,815.3296786,7380.495868,21939,49.52916667,4462.809917,48.4,51.32083333,2.101368598
12/24/2001,1.81,39.182,114.31,21241,0.04,2217.584582,7229.752066,21241,49.2,4502.479339,48.32916667,51.125,841.9483517
12/25/2001,0.87,42.17,60.04,20919,2.3,1563.324376,7164.297521,20919,49.1375,4561.983471,48.225,50.9,1442.939771
12/26/2001,0.96,47.03,83.25,20985,5.23,1225.374279,7241.652893,20985,49.01666667,4482.644628,48.2,50.78333333,1863.913947
12/27/2001,3.8,46.94,37.26,20704,6.73,614.0943175,7245.619835,20704,48.96666667,4343.801653,48.1,50.55,1790.366046
12/28/2001,2.45,46.598,47.17,20422,7.33,829.4521358,7243.636364,20422,48.925,4442.975207,48.02916667,50.80833333,1456.948895
12/29/2001,1.37,46.904,36.05,22266,7.66,3187.712262,7249.586777,22266,48.8875,4800,47.87916667,51.21666667,3182.172514
12/30/2001,2.48,50.432,44.41,21738,9.32,-1260.585737,7235.702479,21738,49.0375,2697.520661,47.89583333,51.30833333,2478.91449
12/31/2001,2.03,53.996,7.14,21307,10.64,1628.267328,7229.752066,21307,49.47916667,3252.892562,47.91666667,51.30416667,1966.881008
1/1/2002,5.13,50.63,32.28,21781,9.63,2483.978496,7249.586777,21781,49.60833333,4601.652893,48,50.91666667,1308.452181
1/2/2002,5.44,51.314,64.7,19046,9.71,-1395.518297,15276.69421,19046,49.775,3094.214876,47.99583333,51.2375,5553.917205
1/3/2002,0.9,46.904,117.28,19052,5.75,6634.562134,28786.1157,19052,50.625,7557.024793,47.82916667,51.475,20441.41327
1/4/2002,1.33,44.564,98.18,20793,2.87,2528.677639,26233.38843,20793,50.30416667,7834.710744,47.87916667,51.5375,19444.6641
1/5/2002,3.29,42.926,46.36,20071,5.02,-1767.986414,22339.83471,20071,50.25416667,7854.545455,47.91666667,51.4125,13214.1062
1/6/2002,3.59,46.922,32.3,21205,7.63,2405.183056,21822.14876,21205,50.0875,7894.214876,47.925,51.2,14482.63238
1/7/2002,3.3,48.92,50.85,21659,8.24,-100.6984957,21782.47934,21659,50.41666667,5355.371901,47.90833333,51.025,16380.16822
1/8/2002,1.44,50.054,70.65,20129,8.47,-1483.060782,21923.30579,20129,50.29583333,4680.991736,48.10416667,50.8875,15121.44843
1/9/2002,2.7,46.742,124.04,21187,5.46,3178.86562,19158.34711,21187,50.5375,1795.041322,48.26666667,51,17868.63765
1/10/2002,2.15,47.03,107.01,21229,3.76,-463.3318649,18948.09917,21229,50.5625,1564.958678,48.23333333,50.95833333,16941.9341
1/11/2002,1.26,50.9,111.75,20859,4.56,71.20639587,17053.8843,20859,50.45416667,2261.157025,48.29166667,50.62916667,14067.96231
1/12/2002,2.24,49.334,122.38,20973,4.2,838.7649627,15960.99174,20973,50.25,1848.595041,48.29166667,50.43333333,13877.43822
1/13/2002,2.65,42.476,130.51,21332,0.28,593.9584742,15004.95868,21332,50.04166667,1602.644628,48.2375,50.61666667,13402.52892
1/14/2002,3.61,38.444,120.87,21781,-2.46,448.7851296,14017.19008,21781,50.09166667,1184.132231,48.19166667,50.3375,12980.15383
1/15/2002,3.67,35.762,134.21,21471,-3.11,-457.0959788,13005.61983,21471,49.90416667,1045.289256,48.05833333,50.29166667,11451.7584
1/16/2002,2.61,35.762,134.6,21110,-4.25,147.5721785,13053.22314,21110,49.51666667,1136.528926,47.83333333,50.24166667,10230.86325
1/17/2002,2.1,37.184,135.42,21404,-2.77,1979.830965,11551.73554,21404,49.5375,1723.636364,47.74166667,50.04583333,9557.724841
1/18/2002,2.55,35.042,134.87,21738,-4.51,604.3743326,11129.2562,21738,49.29583333,916.3636364,47.725,49.96666667,9970.293543
1/19/2002,2.76,36.554,125.17,21508,-3.93,12.59901898,10821.81818,21508,49.2875,616.8595041,47.65833333,49.84166667,9726.534785
1/20/2002,1.12,37.058,61.32,20793,-2.42,-236.5761073,10393.38843,20793,49.31666667,485.9504132,47.59583333,49.59166667,8872.678678
1/21/2002,3.78,39.164,58.45,21386,0.88,1627.759339,9990.743802,21386,49.30833333,511.7355372,47.49583333,49.19166667,9871.529219
1/22/2002,2.34,37.67,109.68,22057,-2.62,278.4790455,9528.595041,22057,48.9875,547.4380165,47.25,49.10833333,9984.302667
1/23/2002,1.78,36.806,135.63,22396,-3.53,-664.1456422,9125.950413,22396,48.525,557.3553719,47.00833333,49.1,8591.095286
1/24/2002,2.03,38.534,134.68,21726,-1.27,-692.5002447,8739.173554,21726,48.4,541.4876033,46.89583333,49.0875,7058.497122
1/25/2002,3.53,39.992,56.11,21386,2.51,799.1888284,8314.710744,21386,48.42916667,525.6198347,46.81666667,49.01666667,7044.487998
1/26/2002,3.57,41.504,73.37,21665,2.76,1023.602911,7931.900826,21665,48.525,910.4132231,46.57083333,48.88333333,6917.705426
1/27/2002,1.29,37.454,120.46,21665,-3.01,103.7821773,7925.950413,21665,48.25833333,495.8677686,46.4875,48.75833333,7044.487998
1/28/2002,1.16,34.592,102.18,22297,-2.97,1017.594647,7933.884298,22297,48.10416667,446.2809917,46.39583333,48.625,7888.537718
1/29/2002,2.64,33.962,154.25,22328,-3.78,-369.9344122,7945.785124,22328,47.8875,495.8677686,46.12916667,48.67083333,7072.506246
1/30/2002,2.5,35.204,134.92,22353,-5.87,402.4111094,7993.38843,22353,47.7625,448.2644628,46.01666667,48.63333333,7296.65223
1/31/2002,1.47,37.598,109.56,22310,-3.33,205.4717369,7941.818182,22310,47.66666667,535.5371901,45.85,48.42083333,7284.744474
2/1/2002,1.19,40.154,78.3,21538,0.25,-650.4634823,7943.801653,21538,47.78333333,499.8347107,45.87083333,48.35,6627.716559
2/2/2002,0.98,40.856,151.46,21423,-0.45,701.2503831,7914.049587,21423,47.82916667,495.8677686,45.72083333,48.275,7132.045023
2/3/2002,1.78,43.826,153.46,21720,1.29,583.1367952,7918.016529,21720,47.94166667,600.9917355,45.44583333,48.18333333,7338.679601
2/4/2002,1.77,43.736,166.66,22069,-0.2,327.3451924,7921.983471,22069,47.96666667,529.5867769,45.26666667,48.2125,7487.176316
2/5/2002,0.56,44.672,143.52,21520,-0.41,-643.7796218,7912.066116,21520,47.85833333,178.5123967,45.35416667,48.11666667,7199.288818
2/6/2002,1.92,43.196,58.2,21532,1.45,546.264901,7912.066116,21532,47.8875,265.785124,45.175,48.05,7693.810895
2/7/2002,7.24,46.04,79.54,21872,6.7,292.4700967,8007.272727,21872,47.84583333,515.7024793,44.62916667,47.875,7282.643106
2/8/2002,2.49,43.79,167.53,22118,1.86,454.9271419,7945.785124,22118,47.775,835.0413223,45.13333333,47.75,6957.631429
2/9/2002,3.32,42.782,173.39,20787,-0.01,-1177.887627,7937.85124,20787,47.575,1317.024793,45.11666667,47.92916667,4746.291207
2/10/2002,1.54,46.652,175.14,21338,-0.15,2425.535239,7914.049587,21338,47.3,545.4545455,45.41666667,47.98333333,7293.149949
2/11/2002,1.7,50.954,136.21,21193,3.09,-69.55490768,7955.702479,21193,47.675,511.7355372,45.44166667,47.90833333,6612.306523
2/12/2002,3.07,49.676,85.15,21568,4.6,1206.660419,7957.68595,21568,47.85833333,513.7190083,45.4625,48,7207.694292
2/13/2002,0.81,51.404,123.93,21350,5.13,18.27265015,7933.884298,21350,47.9,513.7190083,45.47083333,47.89583333,7034.681611
2/14/2002,2.08,51.998,182.99,21611,5.44,646.4836783,8011.239669,21611,47.9,535.5371901,45.40833333,47.85833333,7338.679601
2/15/2002,2.55,48.164,161.43,21550,4.26,76.02287834,7945.785124,21550,47.91666667,501.8181818,45.34583333,47.83333333,7163.565552
2/16/2002,2.91,46.868,81.16,21410,6.18,140.4013901,7945.785124,21410,47.93333333,551.4049587,45.14166667,47.6875,6887.585809
2/17/2002,1.34,45.05,96.36,21140,4.71,236.7943563,7876.363636,21140,47.8375,569.2561983,44.95416667,47.56666667,6685.153967
2/18/2002,4.05,45.86,118.63,21271,5.77,752.953471,8044.958678,21271,47.8625,575.2066116,45.15833333,47.52083333,7086.51537
2/19/2002,6.41,45.824,58.84,21489,7.01,601.2366961,7767.272727,21489,47.75416667,1156.363636,45.19166667,47.46666667,6137.397219
2/20/2002,1.96,47.822,41.96,21921,8.08,905.5118719,7933.884298,21921,47.34166667,3252.892562,45.29166667,47.6875,3423.829903
2/21/2002,1.23,53.834,124.19,21140,9.25,476.1618325,7878.347107,21140,47.1625,2300.826446,45.4875,47.85,3960.379352
2/22/2002,3.8,56.102,179.27,20907,9.77,1384.141309,7935.867769,20907,47.57083333,2261.157025,45.65416667,48.0375,4503.933362
2/23/2002,4.67,51.782,94.01,20805,7.61,1068.777382,7939.834711,20805,48.4,1664.132231,45.7375,47.70833333,5361.29175
2/24/2002,2.39,50.432,207.05,20996,4.8,1105.410729,7739.504132,20996,48.4,1783.140496,45.64583333,47.99583333,5528.000326
2/25/2002,3.34,48.632,210.91,21544,2.68,976.3633104,7562.975207,21544,48.4,499.8347107,46.04166667,48.10833333,6770.609624
2/26/2002,2.42,47.498,113.56,21629,2.92,377.5308719,7598.677686,21629,48.4,1184.132231,45.90833333,48.25416667,5907.647586
2/27/2002,3.55,48.092,210.05,21593,1.92,470.8978685,12245.95041,21593,48.43333333,1277.355372,46.075,48.55,10711.3762
2/28/2002,4.22,46.454,221.64,21805,-1.84,469.2188413,12410.57851,21805,48.43333333,2161.983471,46.00833333,48.575,8995.958969
3/1/2002,4.3,40.298,224.09,21738,-3.69,1185.636072,12468.09917,21738,48.2875,761.6528926,46.08333333,48.51666667,10933.42082
3/2/2002,2.94,41.882,227.49,21933,-2.39,968.025461,12404.6281,21933,48.47083333,523.6363636,46.08333333,48.42083333,11693.41579
3/3/2002,1.35,44.69,228.84,21176,-2.08,-569.4240545,12392.72727,21176,48.55416667,1213.884298,46.09166667,48.3375,9910.754766
3/4/2002,1.47,47.606,222.43,21435,0.51,1527.088209,12394.71074,21435,48.51666667,517.6859504,46.14583333,48.38333333,11764.86233
3/5/2002,3.75,45.482,94.92,21629,4.57,306.1624634,12400.66116,21629,48.575,537.5206612,46.0625,48.25,11685.71078
3/6/2002,6.02,46.706,121.24,21380,6.4,-71.57028413,12378.84298,21380,48.5,725.9504132,46.20416667,48.10416667,10879.48569
3/7/2002,4.39,43.538,155.72,21374,2.34,767.406872,12313.38843,21374,48.4875,916.3636364,46.375,48.19166667,11231.1147
3/8/2002,1.99,38.012,199.87,21398,-4.39,189.9100934,12345.12397,21398,48.0625,1051.239669,46.89583333,48.07083333,11282.94846
3/9/2002,5.3,41.954,124.36,21574,2.39,186.9358375,11940.49587,21574,47.95416667,517.6859504,46.89583333,48.05416667,11435.64791
3/10/2002,3.82,44.42,78.99,22223,6.03,636.1620074,11551.73554,22223,48.4,501.8181818,46.55416667,48.02083333,11381.71278
3/11/2002,2.24,48.614,82.68,22371,7.58,-183.7954246,11135.20661,22371,48.4,539.5041322,46.58333333,48.12916667,10557.97629
3/12/2002,3.04,50.342,138.84,21909,5.96,-424.2738107,10954.71074,21909,48.33333333,523.6363636,46.6125,48.125,10057.85057
3/13/2002,2.53,41.522,159.48,21410,-0.75,-125.7761898,11121.32231,21410,48.06666667,517.6859504,47.08333333,48.08333333,9988.505404
3/14/2002,3.63,41.216,251.84,21140,-2.04,345.1309596,11127.27273,21140,47.84166667,364.9586777,47.425,48.1875,10197.24135
3/15/2002,2.25,41.126,115.07,21933,-0.94,1358.0727,11137.19008,21933,47.77916667,481.9834711,47.56666667,48.26666667,10986.65549
3/16/2002,3.04,40.568,138.79,22921,-1.07,656.5511216,10730.57851,22921,47.96666667,654.5454545,47.60416667,48.25,10174.82675
3/17/2002,3.16,40.748,173.88,21635,-0.92,-1384.793692,10680.99174,21635,47.87916667,2638.016529,47.72083333,48.09583333,6101.673953
3/18/2002,2.51,41.882,224.96,21235,-2.13,1541.301254,10776.19835,21235,47.64166667,658.5123967,47.74166667,48.24166667,9383.311248
3/19/2002,1.1,52.052,248.74,21835,3.14,1334.374702,10807.93388,21835,47.8125,517.6859504,47.59583333,48.38333333,10335.93168
3/20/2002,2.55,55.328,252.23,22347,7.35,466.3162539,10407.27273,22347,48.36666667,476.0330579,47.49166667,48.63333333,9823.898197
3/21/2002,2.97,56.516,202.21,22174,8.96,-65.65852758,10022.47934,22174,48.55416667,468.0991736,47.33333333,48.46666667,8676.550942
3/22/2002,5.73,50.576,150.26,22482,7.85,1185.829223,9379.834711,22482,48.75,555.3719008,47.10833333,48.29583333,8285.696383
3/23/2002,4.2,48.758,181.95,22482,6.62,538.7664269,9127.933884,22482,48.4625,599.0082645,47.04583333,48.09583333,7376.504236
3/24/2002,1.37,49.694,205.89,22168,4.23,838.4213838,8721.322314,22168,48.17916667,551.4049587,47.1375,48.23333333,6834.351138
3/25/2002,1.16,49.604,251.65,22168,3.51,1335.566217,8342.479339,22168,48.39583333,497.8512397,47.28333333,48.50416667,6872.175773
3/26/2002,1.73,52.916,279.27,22488,4.32,1292.452326,7791.07438,22488,48.78333333,507.768595,47.27083333,48.825,6860.268017
3/27/2002,4.22,54.266,280.82,22507,4.7,442.0377681,7918.016529,22507,49.24166667,543.4710744,47.2625,49.24166667,6591.993293
3/28/2002,4.5,56.66,281.44,21884,5.56,159.5521615,8021.157025,21884,49.47916667,1164.297521,47.37916667,49.8,5406.821403
3/29/2002,2.94,59.666,286.12,21556,7.03,1122.038101,8035.041322,21556,49.57916667,1025.454545,47.41666667,49.39166667,5851.61109
3/30/2002,2.32,62.15,292.06,21659,7.06,1260.975687,8031.07438,21659,50.05416667,1535.206612,47.3625,47.9375,5774.560908
3/31/2002,2.39,63.302,293.95,21702,7.21,764.3068606,7868.429752,21702,50.03333333,1086.942149,47.45,47.89166667,6320.216287
4/1/2002,2.98,64.166,294.09,22044,8.25,803.2713163,8025.123967,22044,49.7625,501.8181818,47.46666667,48.025,7078.810351
4/2/2002,2.32,66.38,291.5,21909,9.84,309.4954341,8044.958678,21909,49.68333333,481.9834711,47.35416667,47.72083333,6874.277141
4/3/2002,0.98,66.992,291.21,21787,12.47,566.6980656,8068.760331,21787,49.31666667,509.7520661,47.3625,47.8,6846.258893
4/4/2002,2.55,66.362,289.79,21617,14.8,542.7493715,8037.024793,21617,49.08333333,541.4876033,47.35416667,47.94583333,6756.6005
4/5/2002,4.84,59.18,162.69,21520,12.82,641.9366901,8035.041322,21520,48.93333333,491.9008264,47.45416667,47.84166667,6613.707435
4/6/2002,2.41,59,299.55,21386,9.46,795.4330609,8042.975207,21386,49.0875,505.785124,47.44166667,48.15,6455.404334
4/7/2002,2.62,59.936,294.7,21568,7.76,1263.785749,8035.041322,21568,49.15652174,563.3057851,47.46086957,48.08695652,6792.323766
4/8/2002,3.19,61.43,244.39,21732,10.41,843.4117712,7999.338843,21732,49.21666667,495.8677686,47.50416667,47.94166667,6782.517379
4/9/2002,4.9,52.682,108.14,21671,9.99,659.9536954,7981.487603,21671,49.1,495.8677686,47.59166667,47.77083333,6601.79968
4/10/2002,2.63,55.652,242.46,22118,8.97,1330.820155,7963.636364,22118,49.175,515.7024793,47.50833333,47.87916667,6820.342014
4/11/2002,2.01,59.27,140.57,22192,10.52,701.5918703,7927.933884,22192,49.33333333,434.3801653,47.50416667,47.89166667,6977.244203
4/12/2002,2.55,62.546,306.8,22526,10.11,850.309516,7957.68595,22526,50.1,485.9504132,47.54583333,48.05416667,6957.631429
4/13/2002,2.14,64.634,160.11,22174,11.9,162.1041082,8733.22314,22174,50.10416667,493.8842975,47.61666667,47.975,7044.487998
4/14/2002,2.6,63.14,235.9,21659,10.52,679.850845,9974.876033,21659,50.52916667,545.4545455,47.66666667,47.84166667,7616.760713
4/15/2002,5.01,48.596,279.44,21769,1.21,1922.660775,10998.34711,21769,50.1125,176.5289256,48.67083333,48.025,9664.89464
4/16/2002,3.27,46.13,122.21,21307,2.77,694.9235418,10960.66116,21307,49.275,0,49.19583333,48.85,9136.750665
4/17/2002,2.79,45.464,248.68,21453,2.09,1969.910492,10944.79339,21453,49.73333333,0,49.65416667,49.1,10266.58652
4/18/2002,3.78,46.904,281.21,21429,1,654.2068684,10952.72727,21429,50.0375,0,49.89583333,49.57083333,9970.293543
4/19/2002,4.18,50.396,327.87,22038,1.84,1591.43373,11972.2314,22038,50.4625,0,50.15833333,49.50833333,11402.02601
4/20/2002,2.25,54.104,305.43,21714,3.12,246.205395,11789.75207,21714,51.10833333,0,50.57083333,48.22916667,10389.16635
4/21/2002,1.51,58.1,332.52,21404,5.36,1090.585716,11964.29752,21404,50.57916667,0,50.77916667,48.14166667,10804.53688
4/22/2002,0.86,62.582,332.49,21635,6.4,1390.760641,12809.2562,21635,49.87916667,0,50.85,48.54166667,12394.57245
4/23/2002,3.41,63.59,337.17,21217,6.31,-3.316251653,13929.91736,21217,50.20833333,0,50.65416667,48.7625,13220.41031
4/24/2002,2.72,60.998,338.07,20776,5.38,268.5070454,13925.95041,20776,50.21666667,0,50.54583333,48.85,13164.37381
4/25/2002,1.47,64.436,335.31,21471,9.65,1456.576603,14887.93388,21471,50.4875,0,50.70833333,48.58333333,15335.78803
4/26/2002,3.98,58.424,329.23,21146,6.38,-772.8541457,14925.61983,21146,50.0875,0,50.41666667,48.76666667,13932.77426
4/27/2002,3.26,51.764,236.42,20805,4.62,651.8455747,15855.86777,20805,49.94583333,0,49.26666667,50.12083333,15000.26951
4/28/2002,2.39,52.466,280.24,21635,5.44,1685.598259,15935.20661,21635,50.49583333,0,49.19166667,50.74583333,16225.3674
4/29/2002,2.9,47.93,185.68,21823,4.94,-102.1607884,15885.61983,21823,51.17083333,0,49.19166667,49.7125,15314.07389
4/30/2002,1.25,44.15,139.84,23085,4.5,1833.545945,15913.38843,23085,51,0,49.2125,48.72083333,16513.2549
5/1/2002,1.1,54.986,287.38,20493,8.51,-3191.86647,15770.57851,20493,49.78333333,0,49.2875,48.23333333,12854.77217
5/2/2002,2.44,60.908,347.46,21817,9.63,4239.806342,15185.45455,21817,49.91666667,0,49.4375,48.9,16122.40034
5/3/2002,1.5,61.916,349.86,21983,8.51,-770.9457945,14909.75207,21983,50.23333333,0,49.52916667,48.725,14607.31358
5/4/2002,2.72,63.95,354.16,21653,6.96,-27.56151388,16218.84298,21653,50.45833333,0,49.67916667,49.18333333,14603.8113
5/5/2002,4.13,61.898,345.53,21890,5.67,1852.031675,16226.77686,21890,50.37083333,0,49.72083333,48.85833333,14853.87417
5/6/2002,3.76,59.378,356.54,21702,5.19,1184.90269,16183.1405,21702,50.38333333,0,49.78333333,48.625,15542.42261
5/7/2002,5.58,53.078,368.65,21665,0.69,603.7178859,16218.84298,21665,50.21666667,0,49.79166667,49.075,12187.93787
5/8/2002,2.58,55.4,367.62,22777,0.41,5142.905105,16224.79339,22777,50.04583333,0,49.84166667,49.25833333,16908.3122
5/9/2002,2.86,59.216,364.82,22112,2.07,-1348.518812,15847.93388,22112,50.44166667,642.6446281,49.76666667,48.30416667,13897.051
5/10/2002,5.41,54.932,364.19,21829,2.62,1025.238256,15832.06612,21829,50.00833333,1459.834711,50.04583333,48.43333333,13728.24105
5/11/2002,2.02,59.972,366.56,21453,4.84,267.990355,16790.08264,21453,49.60833333,2082.644628,49.72916667,48.5125,14278.09917
5/12/2002,2.42,66.092,346.95,20551,7.29,-472.6611535,16748.42975,20551,49.7375,1705.785124,49.9625,48.325,14194.74488
5/13/2002,2.51,65.804,308.41,22451,8.94,2747.899748,16877.35537,22451,49.74166667,0,50.62083333,49.06666667,18291.71319
5/14/2002,4.52,63.248,364.17,22050,6.96,-1815.357818,20052.89256,22050,50.21666667,0,50.40833333,49.7375,19383.72441
5/15/2002,4.84,64.004,360.35,20176,5.73,-1204.831848,21867.7686,20176,50.82083333,3014.876033,49.79166667,48.95833333,17487.58948
5/16/2002,3.49,65.138,367.83,20740,6.2,1929.303082,20560.66116,20740,50.28333333,1715.702479,50.0375,50.71666667,19020.18764
5/17/2002,2.47,68.27,350.9,22168,7.82,1252.771038,20550.7438,22168,51.80833333,3312.396694,50.05833333,51.275,18069.66858
5/18/2002,4.61,66.506,338.72,22044,8.91,-955.3214726,20538.84298,22044,52.4375,2638.016529,50.2125,50.79166667,17760.06694
5/19/2002,5.46,51.566,164.33,21635,8.21,-268.2404937,20380.16529,21635,51.82083333,4105.785124,50.12083333,50.4875,16060.7602
5/20/2002,5.62,49.856,237.87,21763,6.06,341.6199653,20568.59504,21763,51.475,805.2892562,50.59166667,51.54166667,19464.97733
5/21/2002,3.1,51.278,220.45,21502,6.1,37.32845512,19051.23967,21502,51.80416667,2757.024793,50.38333333,50.85,15951.48903
5/22/2002,1.65,56.714,361.95,22620,5.45,1460.725846,18938.18182,22620,52.17083333,1676.033058,50.75,50.425,17541.5246
5/23/2002,3.09,61.412,378.33,22445,5.4,-454.3758397,18837.02479,22445,52.23333333,1505.454545,50.79583333,48.95,16896.40444
5/24/2002,1.63,68.756,349.42,23326,6.73,1316.165808,18928.26446,23326,51.21666667,39.66942149,51.13333333,48.725,19530.11975
5/25/2002,1.92,72.5,328.42,21714,9.54,-2253.524709,19733.55372,21714,50.45416667,527.6033058,51.00833333,48.52916667,16696.07397
5/26/2002,2.89,70.628,342.33,22094,11.2,2889.876443,20959.33884,22094,50.14583333,1507.438017,51.025,48.60833333,19272.35187
5/27/2002,3.87,63.59,197.34,22408,12.67,493.5489564,20961.32231,22408,50.01666667,2657.85124,50.925,48.62083333,18108.89412
5/28/2002,1.87,68.036,216.72,22322,15.3,108.5769544,20905.78512,22322,49.9375,2439.669421,51.02083333,48.27083333,17938.68327
5/29/2002,2.4,75.83,344.99,22721,15.93,926.4324325,20935.53719,22721,50.02083333,1941.818182,51.14166667,48.0625,18786.23527
5/30/2002,2.29,78.152,368.6,22408,14.93,-105.5162617,20945.45455,22408,49.75416667,2796.694215,50.90416667,47.79166667,17245.93209
5/31/2002,2.37,78.53,366.3,21983,13.22,477.8282406,20933.55372,21983,49.525,1775.206612,51.17916667,47.725,18313.42733
6/1/2002,3.44,73.724,329.45,21684,13.46,545.9197774,20759.00826,21684,49.45,2677.68595,51.30416667,47.76666667,17912.76639
6/2/2002,3.53,68.288,384.45,22532,9.04,1016.555924,20915.70248,22532,49.46666667,2380.165289,51.61666667,47.79166667,19141.36656
6/3/2002,4.52,68.36,364.74,22607,8.53,-530.8293699,20933.55372,22607,49.39583333,2280.991736,51.62083333,47.87083333,18510.25553
6/4/2002,4.4,72.266,377.46,22451,10.08,-13.69354653,21328.26446,22451,49.575,2479.338843,51.95,47.78333333,18615.32396
6/5/2002,3.9,76.1,378.99,22285,12.24,67.60165983,20751.07438,22285,49.6,2757.024793,52.0125,47.88333333,17537.32187
6/6/2002,4.76,73.31,385.46,22545,9.73,716.7277168,20919.66942,22545,49.8375,2776.859504,52,48.14583333,17603.16475
6/7/2002,5.33,68.63,387.58,21902,6.03,-103.3548326,21861.81818,21902,49.8875,2320.661157,52.19166667,48.59166667,18454.21903
6/8/2002,7.6,59.504,393.98,22303,0.57,1487.937995,21883.63636,22303,50.03333333,2519.008264,52.30833333,48.79583333,18740.00516
6/9/2002,5.18,59,389.09,22371,3.56,692.6229392,21881.65289,22371,50.20416667,2499.173554,52.275,48.975,17715.9382
6/10/2002,4.06,65.75,389.17,22248,6.4,1543.541139,21901.4876,22248,50.65416667,2598.347107,52.30416667,48.72916667,19308.07514
6/11/2002,2.12,71.69,389.11,22260,6.99,7.065355868,22928.92562,22260,50.55,2935.53719,52.4875,49.02916667,20423.90186
6/12/2002,2.26,75.56,388.57,22266,8.14,-424.5134302,23385.12397,22266,50.825,3986.77686,52.68333333,49.87916667,19004.07715
6/13/2002,2.72,75.956,385.71,21933,10.62,61.26995744,24807.27273,21933,51.57916667,3014.876033,52.7125,51.2625,21405.94145
6/14/2002,1.89,75.578,385.63,21702,11.4,155.4552442,26189.75207,21702,52.39166667,3490.909091,52.80833333,49.82083333,23754.57109
6/15/2002,1.81,78.35,385.54,21447,11.24,-1310.728115,26677.68595,21447,51.34166667,3272.727273,52.89166667,49.70833333,22467.83305
6/16/2002,1.98,76.766,388.15,21702,7.52,1192.125628,26838.34711,21702,51.25,3272.727273,52.97916667,49.70833333,24699.4865
6/17/2002,2.36,73.562,274.01,21890,9.71,-945.8666653,26818.5124,21890,51.3,3471.07438,53.15,49.825,23228.52849
6/18/2002,2.51,73.256,266.57,21562,12.51,-209.0904735,27742.80992,21562,51.24583333,3649.586777,53.14166667,49.95416667,23831.62127
6/19/2002,4.06,71.402,383.93,21946,7.74,645.6018705,27748.76033,21946,51.49583333,3590.082645,53.29166667,49.85416667,23781.88888
6/20/2002,2.36,74.606,377.48,21738,7.28,168.788806,27836.03306,21738,51.5,4026.446281,53.3375,49.74583333,23619.38304
6/21/2002,2.8,75.416,383.21,21495,10.71,-52.79626314,27830.08264,21495,51.41666667,4046.280992,53.6,50.0875,24139.822
6/22/2002,2.62,74.12,375.15,20698,13.38,-1153.020347,28633.38843,20698,51.67083333,3847.933884,53.64166667,50.37083333,25271.05876
6/23/2002,2.22,75.56,361.34,21080,11.84,-103.6042145,28730.57851,21080,51.75833333,4462.809917,53.8625,50.22083333,23840.02675
6/24/2002,1.7,80.294,382.48,22291,12.08,1638.741845,28720.66116,22291,50.9,4522.31405,53.9125,49.49583333,25451.77646
6/25/2002,1.66,83.984,379.29,22242,12.66,-1302.429353,28700.82645,22242,50.9,4264.46281,54.02083333,49.125,23840.02675
6/26/2002,3.01,82.112,349.6,22248,14.09,602.3368864,28680.99174,22248,51.10416667,4998.347107,54.13333333,49.85833333,22240.18479
6/27/2002,2.05,79.358,378.42,22248,13.34,1442.459838,28671.07438,22248,51.6625,4165.289256,54.1375,50.4,20175.23991
6/28/2002,2.45,77.846,310.46,22790,12.68,4872.545214,28728.59504,22790,51.95416667,3709.090909,54.20833333,49.7375,26388.2864
6/29/2002,1.99,76.676,291.89,22607,13.67,-1551.782268,27881.65289,22607,51.66666667,5514.049587,54.34583333,49.37083333,21800.99875
6/30/2002,3.19,78.71,385.19,22013,11.81,-27.39544421,27863.80165,22013,51.42083333,4284.297521,54.44583333,49.51666667,22762.02466
7/1/2002,3.4,80.114,381.44,22248,11.28,1052.479472,27828.09917,22248,51.22916667,4026.446281,54.45416667,49.3625,23885.5564
7/2/2002,2.94,82.436,378.36,22408,10.9,76.09649256,27996.69421,22408,51.2375,4383.471074,54.4625,49.55416667,24092.19098
7/3/2002,2.64,77.792,377.14,22727,12.58,-159.9678395,27838.01653,22727,51.29166667,4125.619835,54.60416667,49.82916667,24659.5605
7/4/2002,3.26,76.622,380.96,22965,9.48,-709.1638058,28798.01653,22965,51.44583333,3887.603306,54.9375,49.78333333,24056.46771
7/5/2002,2.74,76.514,380.28,22764,7.43,652.9455131,28800,22764,51.375,3709.090909,54.9625,49.67916667,24012.33897
7/6/2002,2.36,79.988,377.39,22991,10.32,1305.570121,28740.49587,22991,51.43333333,4423.140496,54.93333333,49.89166667,23391.03432
7/7/2002,3.11,79.574,368.45,22564,10.99,499.3210519,28361.65289,22564,51.58333333,4561.983471,54.94583333,50.1125,22291.31809
7/8/2002,3.88,76.496,385.71,22414,7.89,1358.351331,28746.44628,22414,51.73333333,4819.834711,54.95833333,49.96666667,22166.63689
7/9/2002,2.36,85.388,382.17,22273,8.6,1618.97468,28776.19835,22273,51.7375,4085.950413,55.06666667,49.95416667,23288.06726
7/10/2002,2.62,92.516,377.35,21483,11.41,612.1806739,28752.39669,21483,51.64166667,4165.289256,54.99583333,50.17916667,23057.61717
7/11/2002,2.72,93.272,352.64,22871,13.28,2917.490268,28726.61157,22871,51.8125,3986.77686,55.0625,50.45833333,25598.17181
7/12/2002,3.24,88.79,290,22347,15.93,-1382.337099,29702.47934,22347,52.025,3867.768595,55.12916667,50.49583333,26255.19972
7/13/2002,3.28,87.728,358.94,21781,16.24,-986.4889762,29708.42975,21781,51.94166667,4284.297521,55.98333333,50.52083333,26142.42628
7/14/2002,2.87,86.702,369.96,21205,14,-1294.294049,29684.6281,21205,52.09583333,4561.983471,55.18333333,50.61666667,23899.56552
7/15/2002,4.08,83.228,360.07,21038,11.35,1056.079108,29869.09091,21038,52.225,4561.983471,55.34583333,50.825,25991.82819
7/16/2002,3.36,78.908,377.33,21465,8.47,-257.720752,29708.42975,21465,52.1875,4165.289256,55.79583333,50.95833333,26880.70711
7/17/2002,1.65,81.248,373.95,21253,8.21,-1549.566614,29734.21488,21253,52.32916667,4085.950413,55.4375,51.0625,26664.26614
7/18/2002,1.92,82.274,369.68,21417,9.9,-852.0016772,29664.79339,21417,52.43333333,4224.793388,55.33333333,50.94166667,26344.85812
7/19/2002,1.71,82.292,369.16,21805,9.8,-516.85812,29613.22314,21805,52.45833333,4185.123967,55.37083333,51.0625,26769.33457
7/20/2002,1.79,85.712,369.8,21325,9.77,-1821.235396,29674.71074,21325,52.8,4938.842975,55.29166667,51.06666667,25525.32436
7/21/2002,3.28,85.442,353.91,21678,13.89,-436.4565914,29406.94215,21678,52.8,4323.966942,55.36666667,51.28333333,26723.80492
7/22/2002,2.56,82.22,350.81,21217,13.7,-2101.829713,29585.45455,21217,52.79166667,4224.793388,55.3125,51.24583333,25128.1657
7/23/2002,3.36,81.464,365.16,21647,12.01,662.495457,29569.58678,21647,52.5125,4165.289256,55.32083333,50.77916667,26261.50383
7/24/2002,3.18,79.88,366.54,21805,10.53,-699.2063093,29549.75207,21805,52.05,4204.958678,55.33333333,50.525,26239.78969
7/25/2002,1.2,82.22,369.06,21350,6.42,-1349.996302,29619.17355,21350,52.11666667,4165.289256,55.49583333,50.76666667,26332.95036
7/26/2002,2.91,84.074,365.15,21690,7.66,-539.0660625,28754.38017,21690,52.25416667,4264.46281,55.44166667,50.85,25519.02026
7/27/2002,3.9,84.164,361.93,22161,10.61,-558.1029046,28758.34711,22161,52.525,4680.991736,55.43333333,51.00833333,24881.60512
7/28/2002,3.43,84.146,366.75,21599,6.6,-1366.249748,28708.76033,21599,52.575,3966.942149,55.6,51.04583333,24731.00703
7/29/2002,2.42,87.26,359.5,21532,8.99,-56.18884818,28734.54545,21532,52.57083333,4185.123967,55.55833333,51.08333333,23758.07337
7/30/2002,2.39,87.08,342.81,22020,10.95,1279.348118,27742.80992,22020,52.52083333,3986.77686,55.62083333,50.92916667,23355.31106
7/31/2002,1.91,86.144,291.83,22445,11.17,825.7219979,26723.30579,22445,52.46666667,4006.61157,55.6,50.275,23826.01762
8/1/2002,2.48,85.37,354.37,22223,9.47,-1331.323405,27014.87603,22223,51.94583333,4462.809917,55.52916667,50.14583333,21874.54665
8/2/2002,1.66,84.434,352.19,22020,10.25,474.5194657,26770.90909,22020,52.0125,4085.950413,55.5375,50.35,21737.95769
8/3/2002,4.76,81.338,350.6,22458,9.57,1385.000988,26776.8595,22458,52.1125,4046.280992,55.58333333,50.44583333,23160.58423
8/4/2002,2.78,73.922,297.49,22069,5.85,-819.0057176,26778.84298,22069,52.14166667,4145.454545,55.62916667,50.51666667,22716.495
8/5/2002,3.5,70.988,355.4,22106,3.53,-46.10657025,26782.80992,22106,52.04166667,4581.818182,55.7125,50.44166667,22500.05404
8/6/2002,3.2,70.754,355.95,22131,2.76,-274.0623045,26757.02479,22131,52.1375,4621.487603,55.63333333,50.675,22743.8128
8/7/2002,3.56,73.544,357.73,22069,0.6,-670.2756099,25824.79339,22069,52.40416667,4006.61157,55.60833333,50.7375,22205.86243
8/8/2002,3.14,79.808,353.1,21939,-0.27,-517.6806118,24892.56198,21939,52.45416667,4026.446281,55.34166667,50.20833333,21330.99264
8/9/2002,2.4,85.73,353.58,21128,0.06,-1275.876938,23900.82645,21128,52.00833333,3431.404959,55.325,49.5625,19826.41272
8/10/2002,1.84,90.374,347.64,21380,2.46,895.0087676,23884.95868,21380,51.50416667,4780.165289,55.0625,49.35833333,20105.89475
8/11/2002,1.16,92.102,346.21,21495,3.21,-886.1013616,23863.1405,21495,51.62083333,4284.297521,54.95833333,49.35416667,19719.24293
8/12/2002,1.09,92.174,346.52,21902,3.63,266.6000452,23847.27273,21902,51.38333333,4204.958678,54.82083333,49.50416667,20663.45788
8/13/2002,1.93,93.038,343.5,21392,4.18,-1531.14383,23894.87603,21392,51.44583333,4204.958678,54.89166667,49.5,19822.20999
8/14/2002,1.61,94.208,337.09,21574,6.66,49.70736537,23871.07438,21574,51.56666667,4165.289256,54.84166667,50.18333333,20224.9723
8/15/2002,1.9,93.362,336.69,21976,6.96,-117.187176,22930.90909,21976,52.2,4224.793388,54.9625,50.55416667,19373.21756
8/16/2002,1.41,91.31,335.5,22501,5.59,-142.1018575,22859.50413,22501,52.25833333,4264.46281,55.1125,50.17083333,19743.05844
8/17/2002,1.41,89.798,333.4,22322,3.64,-1327.017118,21915.3719,22322,52.41666667,4621.487603,55.04166667,49.82916667,17753.76283
8/18/2002,2.49,86.882,334.31,22439,2.81,-342.8785325,21933.22314,22439,51.82083333,3451.239669,55.08333333,50.72083333,17696.32542
8/19/2002,2.67,82.832,333.36,21769,2.31,115.6580511,21929.2562,21769,52.14583333,4026.446281,54.975,50.1625,17849.02487
8/20/2002,3.19,75.974,332.46,22217,1.07,501.7850474,20130.24793,22217,52.2625,3808.264463,54.89166667,49.84166667,17065.21439
8/21/2002,1.91,74.498,327.82,22414,0.93,-546.2309189,19057.19008,22414,52.0875,4185.123967,55.00416667,49.29166667,15703.52754
8/22/2002,2.81,77.072,326.57,22859,0.52,-386.4614243,17773.8843,22859,51.75833333,4165.289256,55.06666667,49.225,13976.20255
8/23/2002,2.79,76.442,324.7,22396,1.9,-830.6075087,16099.83471,22396,52.05416667,4760.330579,54.89583333,48.4125,10508.2439
8/24/2002,2.16,78.512,324.83,22834,0.5,1269.260232,15558.34711,22834,51.69166667,4224.793388,54.9,48.39583333,10961.43906
8/25/2002,2.46,78.944,317.75,22340,2.55,-121.885341,15564.29752,22340,51.55,4403.305785,54.86666667,48.38333333,10367.45221
8/26/2002,4.3,77.684,319.64,21678,2.36,131.5395255,16062.14876,21678,51.3625,4185.123967,54.9875,48.04166667,10733.09034
8/27/2002,4.16,79.79,316.55,21902,3.48,1367.934453,18271.73554,21902,50.55416667,4542.14876,54.54583333,47.99166667,13442.45492
8/28/2002,2.41,83.39,312.7,22063,4.25,448.1318569,18878.67769,22063,49.875,4105.785124,54.43333333,47.9875,14204.55127
8/29/2002,3.83,84.596,309.29,22328,3.72,833.341292,17034.04959,22328,49.62916667,4125.619835,54.325,48.1125,12805.03978
8/30/2002,3.15,81.086,308.03,22223,5.31,-1.610027934,15030.7438,22223,49.94583333,4026.446281,54.30833333,47.9125,10857.77155
8/31/2002,1.33,83.876,308.69,22538,2.46,461.5259707,14893.8843,22538,50.4625,4859.504132,54.32916667,48.1375,10514.54801
9/1/2002,1.57,89.096,307.83,21989,0.04,-1029.167845,14893.8843,21989,50.4375,4383.471074,54.42083333,48.125,9440.748656
9/2/2002,3.1,89.654,303.98,22013,1.04,1093.664567,14909.75207,22013,50.24166667,4204.958678,54.5125,48.425,10238.56827
9/3/2002,4.58,83.444,302.7,21744,0.81,197.2251184,14878.01653,21744,50.525,4819.834711,54.55833333,48.11666667,9003.663988
9/4/2002,4.52,76.712,302.54,21684,-0.62,994.5178302,14334.54545,21684,50.75833333,4661.157025,54.5875,48.1375,8995.958969
9/5/2002,3.88,69.458,304.02,21338,-2.48,331.4294608,14324.6281,21338,50.22916667,2400,54.42916667,48.85833333,11310.26625
9/6/2002,3.61,65.03,296.56,21860,-0.53,1136.361849,15857.85124,21860,49.9375,2459.504132,54.525,49.3125,13426.34443
9/7/2002,2.39,66.38,296.53,22285,0.52,397.0026774,15929.2562,22285,51,2538.842975,54.7125,49.37916667,11223.40968
9/8/2002,2.25,70.034,294.22,22353,-2.03,2235.003543,15865.78512,22353,51,2519.008264,54.6375,49.39583333,12983.65611
9/9/2002,1.96,77.396,294.01,22322,-3.91,332.1207495,15877.68595,22322,51.2875,2519.008264,54.63333333,49.4375,12040.84207
9/10/2002,2.01,82.184,292.1,22192,-4.6,1187.835616,15861.81818,22192,51.2875,2479.338843,54.59583333,49.19166667,13029.18577
9/11/2002,1.46,84.758,288.25,21915,-4.22,76.29356884,15861.81818,21915,51.475,2499.173554,54.68333333,49.0875,12785.42701
9/12/2002,2.07,84.704,286.36,22106,-4.1,768.2176181,15966.94215,22106,51.0875,2439.669421,54.77083333,49.12916667,12959.8406
9/13/2002,3.3,82.49,286.57,22057,-5.95,518.4321273,15937.19008,22057,51.05,2439.669421,54.77916667,49.1625,12823.25164
9/14/2002,3.41,79.178,264.11,22223,-5.26,840.2690212,15935.20661,22223,50.9375,2419.834711,54.6375,49.225,12910.10821
9/15/2002,3.64,74.642,256.43,22846,-6.15,1228.263691,15895.53719,22846,51.02083333,2439.669421,54.52083333,49.5625,12773.51925
9/16/2002,2.33,72.032,268.35,22727,2.27,563.3485186,15887.60331,22727,50.90416667,2439.669421,54.54583333,49.10416667,13345.09151
9/17/2002,3.62,70.376,204.15,22476,5.56,-148.1576257,15879.66942,22476,51.20416667,2419.834711,54.5625,49.11666667,11925.96725
9/18/2002,4.4,73.04,269.1,22421,4.24,1478.867461,15752.72727,22421,51.05,2499.173554,54.72916667,49.15,12964.04334
9/19/2002,2.58,78.962,268.57,22168,0.18,36.51037901,15171.57025,22168,51.04166667,2459.504132,54.78333333,49.05416667,11933.67227
9/20/2002,1.83,83.084,267.25,22020,-0.53,630.3938457,15090.24793,22020,50.8125,2479.338843,54.80416667,49.2875,11479.0762
9/21/2002,1.69,84.272,265.62,22570,-2.19,1681.832891,15066.44628,22570,50.9125,27.76859504,55.10833333,49.60833333,13890.74689
9/22/2002,1.79,84.074,265.66,22328,-3.97,905.930796,15072.39669,22328,50.69166667,27.76859504,54.9625,49.72916667,14250.08092
9/23/2002,1.57,83.48,262.86,22273,-4.27,739.5471792,15102.14876,22273,50.8,27.76859504,54.92916667,49.79583333,13890.74689
9/24/2002,1.65,82.778,262.69,22551,-8.29,1461.633275,15112.06612,22551,50.85833333,27.76859504,54.85833333,50.07916667,14972.95172
9/25/2002,1.42,80.546,261.61,22764,-10.32,324.3458007,15090.24793,22764,51.15,27.76859504,54.88333333,50.46666667,14532.36477
9/26/2002,2.31,77.846,258.77,22192,-8.19,-41.88543116,15096.19835,22192,51.3375,27.76859504,54.88333333,49.925,13978.30392
9/27/2002,1.99,72.356,252.8,22758,-1.56,1656.125832,15082.31405,22758,51.09166667,27.76859504,54.875,50.72083333,14402.78037
9/28/2002,1.99,68.468,247.47,22959,1.63,852.7650845,14013.22314,22959,51.3625,27.76859504,54.86666667,50.75416667,13277.84772
9/29/2002,2.52,66.002,241.04,21995,2.84,-256.3931745,13900.16529,21995,51.67083333,27.76859504,54.81666667,50.70416667,12431.69663
9/30/2002,4.48,60.476,246.99,22192,-2.16,1637.700064,13937.85124,22192,51.5125,27.76859504,54.8875,50.5625,13450.15994
10/1/2002,5,56.804,245.71,22180,-4.87,447.9227046,13912.06612,22180,51.82083333,4919.008264,54.75833333,50.43333333,8829.250394
10/2/2002,4.11,57.704,243.99,21799,-7.68,-217.1925428,12283.63636,21799,52.42916667,5157.024793,54.55416667,50.04166667,6463.109352
10/3/2002,3.26,62.888,175.21,21787,-4.2,651.5022182,12194.38017,21787,52.42916667,5910.743802,54.57916667,50.325,5834.099685
10/4/2002,2.81,68,229.81,21738,5.22,400.5366786,11807.60331,21738,52.87083333,5930.578512,54.50416667,50.52083333,5311.55936
10/5/2002,2.91,70.826,226.87,22001,4.6,828.4654334,11789.75207,22001,52.59166667,1769.256198,54.82916667,50.7,9636.876392
10/6/2002,2.73,74.894,227.69,21580,4.24,-37.38052423,11797.68595,21580,52.4,1580.826446,54.60416667,50.77083333,9107.331505
10/7/2002,2.65,77.252,227.34,22026,0.16,1555.527999,11789.75207,22026,52.37083333,1949.752066,54.49166667,50.93333333,9676.802395
10/8/2002,2.36,76.73,227.51,21696,-6.37,-166.802395,11783.80165,21696,52.3,1983.471074,54.16666667,51.14166667,8593.196655
10/9/2002,2.35,74.174,200.28,21890,-8.29,1401.133924,11914.71074,21890,52.1625,41.65289256,54.17083333,51.52916667,11271.04071
10/10/2002,2.8,71.042,169.96,21152,-4.24,-135.9828588,12194.38017,21152,52.23333333,2042.975207,53.74583333,51.4,8813.139901
10/11/2002,4.03,61.43,224.82,21933,-7.9,2119.265058,12190.41322,21933,52.59166667,1777.190083,53.9,51.7375,10424.88962
10/12/2002,2.83,62.69,224.03,22620,-12.28,675.3335205,13900.16529,22620,52.45416667,4284.297521,53.97916667,51.51666667,9555.623473
10/13/2002,1.74,66.488,217.35,22501,-8.24,-58.7557044,14001.32231,22501,52.69166667,4680.991736,54.04583333,51.85416667,8327.023299
10/14/2002,1.44,70.538,212.87,22223,-6.38,715.3072795,13967.60331,22223,52.71666667,4680.991736,53.8875,52.1125,7967.689269
10/15/2002,1.58,69.62,211.38,21538,-6.4,633.9223012,13965.61983,21538,52.95,4800,53.9625,51.85833333,7808.685711
10/16/2002,1.8,68.108,211.33,21964,-6.7,1782.934124,13989.42149,21964,53.00833333,4899.173554,53.81666667,51.87916667,8781.619372
10/17/2002,1.51,67.388,207.19,21854,-4.44,198.6285619,14959.33884,21854,52.89166667,4919.008264,53.4875,52.12083333,8966.539809
10/18/2002,1.83,64.166,194.44,21647,-2.83,866.7907695,15004.95868,21647,52.90416667,5157.024793,53.33333333,53.67916667,9176.676669
10/19/2002,1.41,64.238,196.85,22168,-1.21,1192.257215,14971.23967,22168,53.10416667,6505.785124,53.20416667,54.425,8420.183973
10/20/2002,3.76,63.734,196.84,20170,-1.11,-1952.729428,14999.00826,20170,54.12916667,1935.867769,53.3875,54.65833333,10369.55358
10/21/2002,3.57,61.646,192.83,21726,0.75,4249.586916,14921.65289,21726,54.62916667,497.8512397,53.9,54.2,15171.18082
10/22/2002,1.9,62.582,191.9,22607,-0.16,133.6208329,14824.46281,22607,54.74166667,27.76859504,55.34583333,53.09583333,15237.02371
10/23/2002,2.73,58.136,191.08,21927,-2.13,-1120.329495,15002.97521,21927,53.5375,31.73553719,54.14583333,53.1625,13120.94553
10/24/2002,3.06,55.058,174.48,22032,-0.54,1955.294139,15028.76033,22032,53.45833333,59.50413223,53.15,53.35416667,14045.54771
10/25/2002,1.41,58.676,171.42,21989,1.16,880.7084883,14953.38843,21989,53.54166667,33.71900826,53.225,53.46666667,13894.94963
10/26/2002,2.68,58.73,183.69,22683,-1.74,1718.719791,14979.17355,22683,53.8375,27.76859504,53.975,53.64166667,14682.96285
10/27/2002,2.08,60.206,172.3,22557,-2.18,142.4421087,15576.19835,22557,53.90416667,27.76859504,53.7625,53.89583333,14353.74844
10/28/2002,3.42,62.672,171.84,22081,-5.94,718.6813121,14943.47107,22081,54.08333333,1069.090909,53.55833333,53.875,12515.05092
10/29/2002,3.46,54.32,119.17,22149,-7.6,1427.329245,14959.33884,22149,53.97083333,1047.272727,53.5625,54.17083333,12872.98403
10/30/2002,2.4,53.258,177.5,22589,-5.83,1479.082086,14963.30579,22589,53.975,1535.206612,53.27083333,54.35416667,13170.67792
10/31/2002,3,51.098,168.27,22044,-13.45,-287.5787464,14955.3719,22044,53.99166667,1499.504132,53.3625,54.31666667,12156.41734
11/1/2002,2.56,48.02,162.96,22978,-17.8,2233.450429,14987.10744,22978,53.87083333,63.47107438,53.65833333,54.40416667,14940.73073
11/2/2002,1.21,53.564,170.05,22903,-25.26,-92.09436636,14941.4876,22903,53.9625,27.76859504,53.45416667,54.45,13775.87207
11/3/2002,1.66,56.912,167.15,22940,-19.39,1174.846938,14913.71901,22940,54.14583333,702.1487603,53.53333333,54.55833333,13861.32773
11/4/2002,1.34,57.038,167.92,21580,-14.86,-1009.757482,14923.63636,21580,54.26666667,1201.983471,53.43333333,56.31666667,11598.15375
11/5/2002,2.64,54.338,165.02,21958,-16.59,2501.499143,13812.89256,21958,54.77916667,960,53.9,56.64583333,12685.96223
11/6/2002,3.85,44.096,64.6,21647,-0.79,-144.069668,12166.61157,21647,55.3625,2657.85124,53.65,56.63333333,8631.021289
11/7/2002,10.08,47.75,50.68,21726,7.79,956.7390416,11984.13223,21726,55.6375,2181.818182,54.1375,56.19583333,9071.608239
11/8/2002,7.86,50.288,95.41,21829,7,833.7058106,11956.36364,21829,55.8375,2419.834711,54.27916667,56.34166667,8960.235703
11/9/2002,5.27,44.996,71.84,21556,5.61,303.2932226,11982.14876,21556,55.60416667,819.1735537,54.58333333,55.68333333,10304.41115
11/10/2002,3.33,46.922,67.33,21995,6.69,1297.564057,11964.29752,21995,55.725,27.76859504,54.2875,55.5,9730.737523
11/11/2002,1.04,50.414,111.16,22180,6.76,2390.791403,11982.14876,22180,55.44166667,339.1735537,53.90833333,55.62916667,11086.12027
11/12/2002,1.99,48.956,35.9,21848,7.73,224.8549366,11984.13223,21848,55.27083333,533.553719,53.85416667,55.34166667,10691.06297
11/13/2002,1.78,52.808,121.24,21611,8.46,522.5155424,11589.42149,21611,55.14166667,470.0826446,53.85,55.32916667,10412.98186
11/14/2002,2.84,51.872,141.59,21223,3.48,318.356983,11202.64463,21223,55.0875,507.768595,53.9,55.275,9835.805952
11/15/2002,1.79,52.736,135.49,21247,1.75,883.0700811,10805.95041,21247,55.00416667,539.5041322,53.72083333,55.14166667,9921.261609
11/16/2002,3.06,51.404,133.21,21368,3.62,466.184672,10337.85124,21368,54.92083333,557.3553719,53.45833333,54.95833333,9567.531228
11/17/2002,2.56,51.89,141.5,21805,2.89,649.9646398,10391.40496,21805,54.78333333,505.785124,53.42083333,55.00416667,9710.424293
11/18/2002,1.54,52.34,133.71,22100,0.87,470.1955417,10389.42149,22100,54.675,454.214876,53.55,54.87916667,11271.04071
11/19/2002,2.29,55.688,134.93,22168,1.59,-1267.834098,10401.32231,22168,54.74583333,793.3884298,53.40416667,54.925,9265.634606
11/20/2002,1.79,58.946,135.53,21338,4.86,-487.7007217,9889.586777,21338,54.7375,339.1735537,53.23333333,54.85,8537.160159
11/21/2002,1.3,60.224,127.97,21423,6.43,1098.253064,9498.842975,21423,54.925,27.76859504,53.13333333,54.7875,9115.036523
11/22/2002,0.57,58.46,72.67,21878,5.95,811.0378572,9137.85124,21878,54.7625,27.76859504,53.00416667,54.65,8763.407511
11/23/2002,1.18,56.642,132.61,21568,4.92,36.67513363,9120,21568,54.52916667,27.76859504,53.00416667,54.6,8369.050671
11/24/2002,2.79,53.33,98.13,21532,4.45,687.180734,9084.297521,21532,54.51666667,27.76859504,52.7625,54.66666667,8680.053223
11/25/2002,3.66,48.542,134.53,21781,-1.16,625.4757026,9100.165289,21781,54.275,27.76859504,52.8625,54.81666667,9210.298566
11/26/2002,2.88,47.048,132.48,21872,-4.44,-46.90187179,9133.884298,21872,53.85833333,27.76859504,53.07916667,54.61666667,9026.078586
11/27/2002,2.38,50.576,128.96,22470,-3.83,678.0371165,9145.785124,22470,53.8625,39.66942149,52.90416667,54.51666667,9210.298566
11/28/2002,1.4,52.952,127.61,23211,-1.63,636.8171365,10272.39669,23211,53.89166667,27.76859504,52.94583333,54.275,10431.19372
11/29/2002,1.62,51.134,127.25,22488,-0.83,-909.5656208,10381.4876,22488,54.02083333,27.76859504,52.6875,53.95833333,9202.593548
11/30/2002,1.45,48.704,126.06,22739,-1.03,1402.12546,10345.78512,22739,53.70416667,27.76859504,52.5375,53.82916667,10143.30622
12/1/2002,0.83,47.444,103.15,22526,1.64,-38.28969107,10365.61983,22526,53.4875,27.76859504,52.39166667,53.79166667,9779.769457
12/2/2002,0.89,49.694,123.02,22365,1.99,397.0817827,10347.7686,22365,53.32916667,27.76859504,52.325,53.68333333,9755.953946
12/3/2002,1.14,48.74,120,21958,1.74,157.046054,10375.53719,21958,53.2875,27.76859504,52.3125,54.00833333,9609.5586
12/4/2002,1.18,53.564,106.91,22032,4.82,812.209995,10397.35537,22032,53.35833333,27.76859504,52.20833333,53.75,10040.33916
12/5/2002,1.26,53.978,118.97,22377,4.06,674.2476169,10403.30579,22377,53.3625,27.76859504,52.22083333,54.36666667,10226.66051
12/6/2002,0.72,51.332,69.74,22595,3.68,366.8766801,10008.59504,22595,53.4,27.76859504,52.275,54.66666667,9788.174931
12/7/2002,1.06,49.406,119.03,22007,2.7,-395.3484847,9980.826446,22007,54,27.76859504,52.0875,54.53333333,8916.807419
12/8/2002,1.48,46.94,112.79,21684,1.13,713.2504322,9972.892562,21684,54.1625,27.76859504,52.02083333,54.4,9198.390811
12/9/2002,3.63,45.464,40.96,22075,5.38,1137.733156,9980.826446,22075,54.00416667,27.76859504,51.95833333,54.3,9841.409602
12/10/2002,3.31,47.858,60.07,22408,6.5,444.6482492,10008.59504,22408,54,27.76859504,51.85,54.18333333,9635.475479
12/11/2002,1.74,46.904,48.5,22582,6.4,519.3509673,9808.264463,22582,54.09583333,27.76859504,51.77083333,54.01666667,9297.855591
12/12/2002,5.54,48.02,30.03,22242,7.91,142.6402768,9611.900826,22242,54.02083333,27.76859504,51.69166667,53.9125,8505.63963
12/13/2002,7.69,49.514,33.24,22783,8.95,1619.492601,9393.719008,22783,53.80416667,27.76859504,51.69166667,53.68333333,8727.684245
12/14/2002,12.58,50.972,43.62,22495,9.46,350.2661682,9272.727273,22495,53.37916667,4085.950413,51.6125,53.40833333,1945.166866
12/15/2002,11.27,45.392,41.55,22377,6.74,3123.609994,9167.603306,22377,52.325,6287.603306,51.46666667,53.1,149.1971705
12/16/2002,8.58,45.374,50.85,19507,5.57,-139.1971705,9034.710744,19507,51.86666667,1814.876033,51.71666667,53.25833333,795.7182426
12/17/2002,3.1,41.828,82.91,20895,2.87,7812.116468,8570.578512,20895,52.0125,6386.77686,51.06666667,53.61666667,3444.143133
12/18/2002,3.23,41.252,76.03,20680,2.56,-1475.34148,8324.628099,20680,51.47083333,6069.421488,50.82916667,53.09166667,1830.292049
12/19/2002,8.14,42.062,53.12,21720,4.36,1464.914563,8163.966942,21720,51.04166667,5593.38843,50.575,52.525,2822.838484
12/20/2002,9.11,41.99,54.41,22421,4.65,448.7400284,7953.719008,22421,50.29583333,3471.07438,50.45,51.89166667,1266.424809
12/21/2002,2.95,42.296,57.24,21983,4.48,2778.219819,8070.743802,21983,50.46666667,5018.181818,50.22916667,52.15833333,976.435942
12/22/2002,2.91,40.424,113.27,20985,1.56,1078.126041,7959.669421,20985,50.32083333,3887.603306,50.16666667,51.93333333,2280.685385
12/23/2002,1.62,38.534,115.79,21122,-1.24,1928.380731,7939.834711,21122,50.13333333,573.2231405,50.25,51.9375,7082.312632
12/24/2002,1.56,38.192,30.75,20943,0.37,105.2989382,7935.867769,20943,50.21666667,1499.504132,49.8,51.62916667,5720.625781
12/25/2002,2.49,40.352,52.85,21044,2.88,816.7378554,7963.636364,21044,50.575,1519.338843,49.475,51.49166667,6004.310542
12/26/2002,4.83,40.658,38.73,18907,3.77,-1697.013021,13414.21488,18907,50.5625,539.5041322,48.8,51.34166667,10321.92255
12/27/2002,10.42,50.216,37.87,21453,9.38,5098.788194,19870.41322,21453,50.76666667,3847.933884,48.44583333,51.73333333,14716.58475
12/28/2002,8.99,46.976,60.42,20118,6.94,-29.10541116,20064.79339,20118,50.07916667,8528.92562,48.5,51.675,6153.507712
12/29/2002,4.3,41.864,55.78,20487,4.38,5751.360057,19902.14876,20487,50.20416667,8449.586777,48.31666667,51.775,9726.534785
12/30/2002,8.35,43.052,37.52,22702,5.29,3941.027198,17230.41322,22702,49.975,8449.586777,48.22916667,51.57916667,7567.028322
12/31/2002,4.84,43.358,4.03,21671,5.44,182.7981243,23518.01653,21671,49.88333333,7656.198347,48.19583333,51.1625,10859.87292
1/1/2003,1.09,43.052,35.12,20799,5.16,4129.945262,29135.20661,20799,50.30416667,8528.92562,48.0125,51.2125,19065.71729
1/2/2003,2.12,46.112,53.01,20722,6.06,1463.563702,28962.64463,20722,50.325,6961.983471,48.00416667,51.10833333,21305.07576
1/3/2003,1.28,49.856,101.62,21295,7.4,1268.585397,27903.47107,21295,50.6,2935.53719,47.90833333,50.97083333,25056.71917
1/4/2003,2.11,52.448,56.27,20823,8.51,-560.7852857,24422.47934,20823,50.77916667,1394.380165,48.14583333,50.8,21904.66627
1/5/2003,3.07,52.232,114.84,20734,7.76,1034.432904,23732.2314,20734,50.6,499.8347107,48.26666667,50.7625,21392.63279
1/6/2003,2.75,48.794,121.79,21769,3.55,2874.763904,23829.42149,21769,50.6,1555.041322,48.04583333,50.78333333,20159.82988
1/7/2003,2.11,46.58,124.42,21544,2.26,1889.550285,20812.56198,21544,50.52083333,1023.471074,48.12083333,50.57916667,18924.9256
1/8/2003,1.11,47.678,108.25,21356,3.19,676.1653091,17704.46281,21356,50.2625,1346.77686,48.025,50.425,15594.25637
1/9/2003,1.37,46.076,55.17,21429,6.34,836.4295804,15260.82645,21429,50.20833333,2479.338843,48.025,50.30833333,12344.84006
1/10/2003,3.28,46.526,66.96,21605,6.99,612.6475433,13249.58678,21605,50.00416667,1086.942149,48.2625,50.16666667,11473.47255
1/11/2003,3.07,47.48,43.87,21344,7.85,428.1720781,12918.34711,21344,49.8125,3768.595041,47.875,50.26666667,7926.362353
1/12/2003,6.09,51.872,37.26,21319,10.46,1198.389713,12906.44628,21319,49.66666667,3550.413223,47.71666667,50.10416667,6413.376962
1/13/2003,2.99,52.79,55.24,20557,10.98,2180.656096,19553.05785,20557,49.62916667,6089.256198,47.60416667,49.9125,10045.94281
1/14/2003,1.52,48.992,46.53,20229,8.63,3089.858843,29563.63636,20229,49.67916667,8509.090909,47.52916667,49.92083333,20733.5035
1/15/2003,2.02,45.896,121.49,20680,5.35,772.0419545,29228.42975,20680,49.4625,6862.809917,47.6,50.05416667,22853.08396
1/16/2003,1.71,48.884,129.76,20734,5.15,-433.4641253,28986.44628,20734,49.75,3907.438017,48.0625,50.12083333,25306.78203
1/17/2003,1.74,51.674,130.62,20604,6.24,-357.7737655,28835.70248,20604,49.9375,1606.61157,48.04583333,50.14166667,27315.69041
1/18/2003,1.74,52.52,130.78,22186,6.96,1495.400499,28425.12397,22186,50.03333333,1719.669421,48.25,49.84166667,28967.36613
1/19/2003,0.94,51.872,133.32,21732,6.67,-2715.911585,28595.70248,21732,49.77083333,2082.644628,48.275,49.53333333,26926.23676
1/20/2003,1.22,48.668,106.37,21170,6.3,-975.1789088,28212.89256,21170,49.41666667,1721.652893,48.1625,49.34166667,27180.50236
1/21/2003,3.09,46.346,58.79,21538,6.91,-321.2626906,29432.72727,21538,49.2625,1301.157025,48.225,49.3,28925.33876
1/22/2003,4.88,49.73,42,21890,9.24,-441.7685121,29113.38843,21890,49.27083333,1822.809917,48.0375,49.225,28367.77562
1/23/2003,1.65,51.566,71.99,21020,9.11,-1947.197108,35702.47934,21020,49.2375,2300.826446,48.1125,49.28333333,32429.02067
1/24/2003,1.2,50.36,66.09,21423,9.16,1375.632223,37059.17355,21423,49.35833333,1910.082645,48.03333333,49.44583333,35370.9367
1/25/2003,1.36,52.376,69.38,22273,10.03,628.1542091,35861.15702,22273,49.55416667,1983.471074,48.20833333,49.4375,35408.06088
1/26/2003,1.63,51.188,56.35,22601,9.44,-1202.37493,35698.5124,22601,49.55833333,1632.396694,48.2375,49.3875,35461.99601
1/27/2003,1.69,45.176,71.39,21056,4.45,-2940.880308,35139.17355,21056,49.42083333,1646.280992,48.37083333,49.22083333,33836.23717
1/28/2003,1.5,46.544,149.39,21044,4.51,-355.344608,35071.73554,21044,49.33333333,501.8181818,48.50416667,49.45833333,35616.79683
1/29/2003,0.7,48.812,83.37,20925,5.54,-1165.879475,30946.1157,20925,49.47916667,493.8842975,48.56666667,49.24166667,31132.47624
1/30/2003,0.64,53.294,103.19,19950,7.86,-1655.244835,27167.60331,19950,49.2125,1749.421488,48.69166667,48.97916667,24735.20977
1/31/2003,1.53,55.67,91.09,20710,10.04,1442.972048,26511.07438,20710,49.04166667,1013.553719,48.92916667,48.89583333,26720.30264
2/1/2003,4.18,50.738,107.98,21787,6.1,-145.7819788,23496.19835,21787,48.9375,2479.338843,48.42083333,48.82083333,21955.79957
2/2/2003,3.77,41.414,158.66,21514,0.51,-1211.940066,20267.10744,21514,48.72083333,2717.355372,48.4375,48.8375,16822.85654
2/3/2003,2.88,42.818,163.43,19996,0.36,-791.1044739,17160.99174,19996,48.72916667,3114.049587,48.44583333,49.275,12316.82181
2/4/2003,3.42,41.072,166.58,20276,-1.66,2010.120339,14616.19835,20276,48.87916667,2578.512397,48.42083333,49.15,12247.47665
2/5/2003,2.99,38.516,168.68,21671,-3.53,1185.2093,12900.49587,21671,48.80416667,2102.479339,48.5,49.32083333,11914.0595
2/6/2003,3.37,38.156,170.72,21690,-3.78,-1097.042971,11968.26446,21690,48.65,3054.545455,48.275,49.60416667,8700.366453
2/7/2003,2.77,37.67,173.77,21526,-4.42,49.35255526,11765.95041,21526,48.65,2380.165289,48.24166667,49.45,9150.759789
2/8/2003,1.58,38.984,168.55,21915,-4.47,624.025335,11777.85124,21915,48.80416667,2340.495868,47.95,49.225,9684.507413
2/9/2003,1.12,41.468,175.43,22032,-3.57,-130.1520411,11956.36364,22032,48.92083333,2261.157025,48.04166667,48.93333333,9559.82621
2/10/2003,1.31,44.024,178.58,21605,-1.18,-291.6195984,12462.14876,21605,48.77916667,2459.504132,47.75,48.6375,9571.733965
2/11/2003,1.93,45.824,179.9,22526,0.13,1351.910663,23097.52066,22526,48.58333333,2618.181818,47.67916667,48.70416667,21545.33224
2/12/2003,1.73,49.676,153,22545,5.4,-1046.993397,23718.34711,22545,48.6,2360.330579,47.35416667,48.69583333,21291.06664
2/13/2003,1.9,49.91,102.46,22551,9.06,72.94988893,23702.47934,22551,48.64583333,2300.826446,47.28333333,48.56666667,21543.23087
2/14/2003,1.49,53.024,167.36,20996,9.03,-1696.577977,23763.96694,20996,48.55416667,2360.330579,46.83333333,48.4375,20110.09749
2/15/2003,5.9,48.308,78.48,21247,8,1544.538874,23795.70248,21247,48.44166667,2439.669421,46.83333333,48.22083333,21622.38242
2/16/2003,5.21,45.716,125.48,22100,4.9,586.6506379,21141.81818,22100,48.10833333,3352.066116,46.775,48.09583333,18150.9215
2/17/2003,1.05,44.204,186.54,21989,1.64,-472.1694339,18057.52066,21989,47.99583333,4046.280992,47.0625,48.30416667,13771.66934
2/18/2003,0.67,45.662,168.43,18874,2.11,-2875.429671,20925.61983,18874,48.2125,2915.702479,47.40833333,48.36666667,15218.81185
2/19/2003,1.71,43.286,87.36,20835,4.15,4752.105505,25808.92562,20835,48.29166667,4879.338843,47.14583333,48.55,22885.30495
2/20/2003,3.53,42.98,162.99,22137,1.78,-653.7181731,24852.89256,22137,48.35833333,4145.454545,46.97083333,48.64166667,21948.09455
2/21/2003,2.35,46.454,192.7,21629,2.62,-1748.656533,24696.19835,21629,48.65833333,3371.900826,47.625,48.70416667,21031.19739
2/22/2003,3.18,46.49,190.3,21176,1.02,-159.8998693,21669.42149,21176,48.74583333,4383.471074,47.84166667,48.69583333,16840.36795
2/23/2003,1.38,49.388,126.79,20188,2.52,-542.4175368,21207.27273,20188,48.65416667,4859.504132,47.60833333,48.70833333,14994.66586
2/24/2003,1.88,50.486,140.38,21958,6.04,3123.102735,21256.8595,21958,48.625,5851.239669,47.275,48.57916667,17021.08565
2/25/2003,3.24,46.382,211.44,21241,2.21,-2332.465815,18696.19835,21241,48.5875,2479.338843,47.52083333,48.7875,15262.94059
2/26/2003,2.16,43.574,163.94,22001,0.19,1713.918914,15960.99174,22001,48.73333333,2003.305785,47.47083333,48.60833333,14357.25072
2/27/2003,2.13,45.176,200.22,22896,2.14,495.4352304,13945.78512,22896,48.57083333,1670.082645,47.52083333,48.55833333,12611.01341
2/28/2003,1.36,45.086,131.95,22217,1.86,-1014.310931,12000,22217,48.4625,2499.173554,47.52083333,48.40416667,8547.667002
3/1/2003,2.55,47.588,179.07,22607,2.97,1343.159444,11579.50413,22607,48.5125,1874.380165,47.47083333,48.22916667,9886.939255
3/2/2003,1.77,46.94,223.66,21933,1.96,-855.8152881,11028.09917,21933,48.4375,1271.404959,47.4625,48.225,8895.093277
3/3/2003,1.17,45.104,168.75,22211,1.31,1139.600938,10805.95041,22211,48.65833333,1386.446281,47.46666667,48.19583333,9288.049205
3/4/2003,1.74,45.518,226.81,21946,1.25,-133.5450728,10250.57851,21946,48.7,1543.140496,47.54583333,48.03333333,8281.493646
3/5/2003,1.98,47.354,227.81,21684,2.85,163.9443705,10008.59504,21684,48.61666667,1580.826446,47.7875,48.11666667,7798.879325
3/6/2003,2.06,49.712,229.2,21659,3.43,603.88927,9605.950413,21659,48.51666667,1697.85124,47.91666667,48.1375,7636.373486
3/7/2003,1.97,51.602,217.64,21946,3.69,558.7256876,9062.479339,21946,48.65,1428.099174,47.65833333,48.025,7677.700402
3/8/2003,2.59,51.44,229.81,22445,4.8,455.6797633,8887.933884,22445,48.75833333,27.76859504,48.05,48.1625,8662.541818
3/9/2003,2.4,48.452,79.57,22752,7.29,504.6234713,8457.520661,22752,48.9375,27.76859504,48.01666667,48.1125,8265.383153
3/10/2003,0.8,51.17,105.48,22007,8.67,-580.6310869,7971.570248,22007,48.95,2142.14876,47.57916667,47.975,4815.636371
3/11/2003,1.22,53.816,120.94,21872,9.43,878.7851166,7921.983471,21872,48.775,2241.322314,47.60416667,47.8375,5367.595856
3/12/2003,4.38,58.046,204.46,21835,10.75,276.065301,7937.85124,21835,48.90833333,2122.31405,47.59166667,47.87916667,5625.363738
3/13/2003,10.83,55.346,151.84,21848,9.63,203.1734521,7969.586777,21848,48.73333333,2023.140496,47.55416667,48.14583333,5644.976511
3/14/2003,8.35,47.984,88.75,22223,7.66,676.46977,7902.14876,22223,48.77916667,872.7272727,47.74166667,48.43333333,6865.871667
3/15/2003,6.63,49.784,157.3,22796,7.03,736.5498206,8217.520661,22796,49.26666667,3332.231405,47.5875,48.47916667,3021.067588
3/16/2003,2.28,47.012,134.81,22260,4.67,1328.221668,7959.669421,22260,49.3,4204.958678,47.9,48.71666667,2473.31084
3/17/2003,3.9,46.274,224.53,21514,1.92,535.3999038,7969.586777,21514,49.29166667,4304.132231,47.90833333,48.83333333,2433.384837
3/18/2003,3,46.688,246.63,21325,1.23,1043.069708,7949.752066,21325,49.1625,4264.46281,48.19583333,49.125,3094.615489
3/19/2003,2.61,47.21,149.6,21283,3.61,548.6737672,7945.785124,21283,49.05833333,4363.636364,47.9375,49.23333333,3221.398061
3/20/2003,1.75,49.388,190.51,21319,5.91,396.7506993,7908.099174,21319,49.09166667,4323.966942,47.95416667,49.23333333,3277.434557
3/21/2003,0.84,51.584,91.09,21289,7,276.6976744,7914.049587,21289,49.45416667,4085.950413,48.175,49.125,3483.36868
3/22/2003,4.9,51.422,116.12,21623,8.77,678.7304936,7751.404959,21623,49.40416667,4026.446281,48.15,49.1125,3634.667219
3/23/2003,1.58,50.36,213.03,21860,6.44,327.2914587,7555.041322,21860,49.725,4046.280992,48.4625,49.27916667,3406.318498
3/24/2003,1.67,52.898,264.91,22050,5.8,292.4418326,7350.743802,22050,49.67916667,4026.446281,48.50833333,49.3125,3080.606365
3/25/2003,2.34,51.962,81.19,22589,7.78,782.6911557,7434.049587,22589,49.69583333,4026.446281,48.35,49.325,3064.495873
3/26/2003,3.13,51.476,174.98,22645,6.19,399.1074328,7445.950413,22645,49.9875,4026.446281,48.52916667,49.05,2689.751806
3/27/2003,4.11,47.552,283,22601,1.48,685.7523262,7414.214876,22601,50.1125,4026.446281,49.0375,49.075,2600.093412
3/28/2003,3.77,50.72,282.71,22458,2.58,644.675183,7404.297521,22458,50.39583333,4006.61157,48.79583333,49.1375,2759.09697
3/29/2003,2.16,57.65,270.95,22291,5.79,471.5889804,7443.966942,22291,50.4625,4006.61157,48.83333333,49.40416667,2804.626623
3/30/2003,2.11,61.664,249.46,21587,9.65,-71.2712511,7225.785124,21587,50.37083333,2717.355372,49.02916667,49.25,3096.716858
3/31/2003,3.11,59.198,123.5,22248,11.91,2072.712894,7086.942149,22248,50.57083333,2677.68595,49.1125,49.58333333,4486.421957
4/1/2003,3.17,54.392,222.24,22168,6.66,-157.1657587,7124.628099,22168,50.91666667,2737.190083,49.4875,49.29166667,3575.128442
4/2/2003,4.68,43.988,187.28,21483,1.78,127.3095745,7051.239669,21483,50.875,2757.024793,49.425,48.89166667,2848.755363
4/3/2003,5.2,41.54,159.34,21374,1.96,1336.459513,6969.917355,21374,50.5375,2876.033058,49.32916667,48.79166667,3027.371694
4/4/2003,3.56,43.052,190.43,22217,2.01,1909.512604,6983.801653,22217,50.4625,2816.528926,49.4375,49.125,4094.866942
4/5/2003,2.17,44.996,195.6,22303,1.33,158.4057853,6963.966942,22303,50.30833333,2737.190083,49.71666667,49.50833333,3505.783278
4/6/2003,2.56,47.642,95.67,22589,4.8,1006.993582,6961.983471,22589,49.99565217,2836.363636,49.46956522,49.46956522,3358.687476
4/7/2003,1.84,53.654,271.53,22557,6.97,734.9323587,6971.900826,22557,50.2,2737.190083,49.45416667,49.70416667,3182.172514
4/8/2003,3.79,57.776,277.18,22192,9.32,687.5382298,6991.735537,22192,50.4375,2757.024793,49.41666667,49.52083333,3004.957096
4/9/2003,2.49,60.746,262.86,22057,9.95,1094.753648,6981.818182,22057,50.725,27.76859504,50.1125,50.16666667,5351.485364
4/10/2003,4.43,57.29,234.34,22131,9.14,1676.564223,6815.206612,22131,51.04583333,27.76859504,50.03333333,50.16666667,6000.808261
4/11/2003,4.55,55.652,223.96,21970,8.58,625.6297555,6799.338843,21970,51.51666667,27.76859504,49.975,50.13333333,5934.965378
4/12/2003,8.07,48.776,185,22390,7.02,1256.60487,6741.818182,22390,51.43333333,27.76859504,49.82916667,49.30833333,6206.742383
4/13/2003,6.3,46.454,192.25,23085,5.31,1202.307204,6946.115702,23085,51.54166667,27.76859504,49.80416667,49.62916667,5953.177239
4/14/2003,2.03,47.12,237.02,22458,3.55,338.1698684,6987.768595,22458,50.8125,27.76859504,49.8,50.14583333,4837.350513
4/15/2003,3.79,47.822,263.02,21158,2.46,822.649487,6952.066116,21158,50.4375,27.76859504,49.95,49.90833333,4527.748873
4/16/2003,2.12,47.732,195.1,21193,5.84,2431.548648,8860.165289,21193,50.7375,1467.768595,49.75416667,50.325,6517.04448
4/17/2003,1.96,50.558,256.77,20949,4.76,631.3522142,8905.785124,20949,50.725,1483.636364,49.87083333,50.5,6248.769755
4/18/2003,3.61,49.28,285.96,21714,1.91,1938.379005,8866.115702,21714,51.27083333,1477.68595,50.1125,50.30833333,7229.408434
4/19/2003,2.5,52.592,314.65,22396,4.09,841.0213181,10909.09091,22396,51.64583333,1061.157025,49.97916667,50.7375,9676.802395
4/20/2003,3.44,56.192,278.33,22112,7.19,-112.8685107,10948.76033,22112,51.7875,1475.702479,49.95416667,50.58333333,8305.309157
4/21/2003,4.27,50.9,206.17,21520,6.44,575.7486942,10913.05785,21520,51.9125,1489.586777,49.95833333,50.15833333,8009.716641
4/22/2003,2.17,50.936,262.22,20937,7.13,830.7544334,14733.22314,20937,51.50416667,1009.586777,50.03333333,50.57083333,12185.8365
4/23/2003,5.98,49.766,116.93,20112,8.53,712.7998636,19491.57025,20112,51.53333333,1644.297521,49.9625,50.27083333,16417.99286
4/24/2003,6.18,48.326,231.98,19355,5.64,672.2798673,29212.56198,19355,50.525,3907.438017,49.7625,50.08333333,24483.04554
4/25/2003,7.08,43.952,151.2,20282,4.15,1749.078427,29216.52893,20282,50.27916667,3907.438017,49.6625,50.27916667,25142.17482
4/26/2003,3.65,46.292,248.02,20823,3.56,707.9160891,27891.57025,20823,50.37916667,3927.272727,49.79583333,50.39583333,23911.47328
4/27/2003,4.21,48.74,215.29,20710,5.28,-60.17575934,27685.28926,20710,50.80833333,545.4545455,50.05416667,50.87916667,26495.4562
4/28/2003,7.39,47.066,208.16,21726,5.9,1660.378511,27237.02479,21726,51.14166667,761.6528926,50.025,50.31666667,26442.22153
4/29/2003,6.26,47.606,180.92,22316,6.12,623.1503708,56203.63636,22316,49.88333333,589.0909091,50.08333333,49.5,52046.69744
4/30/2003,1.23,51.188,247.91,21152,5.8,2403.848015,58835.70248,21152,50.325,497.8512397,50.2625,50.325,55113.29468
5/1/2003,2.21,55.454,299.65,20853,7,2925.55656,58663.1405,20853,50.96666667,474.0495868,50.38333333,50.80416667,56858.13108
5/2/2003,3.47,56.948,229.55,20668,9.6,1145.959829,57982.80992,20668,50.66666667,551.4049587,50.3,50.56666667,56965.30088
5/3/2003,3.34,55.76,200.14,20440,9.79,238.1040787,59077.68595,20440,50.525,497.8512397,50.29583333,50.4125,58219.81793
5/4/2003,3.09,53.798,199.59,21205,7.43,1125.016781,54279.66942,21205,50.41666667,491.9008264,50.4125,50.12916667,54648.89222
5/5/2003,2.35,54.86,356.92,21074,4.45,-992.123625,49614.54545,21074,50.4875,2499.173554,50.41666667,50.51666667,47262.5816
5/6/2003,2.57,56.048,275.29,19881,6.52,-1340.209699,41892.89256,19881,50.875,3927.272727,50.20416667,51.025,37778.40466
5/7/2003,3.18,55.688,290.04,20740,7.19,1046.215175,35700.49587,20740,51.43333333,3927.272727,50.25833333,51.09166667,33927.29648
5/8/2003,2.9,50.036,187.61,19547,3.33,-3347.07334,31850.57851,19547,51.25416667,4780.165289,50.8875,51.20416667,26904.52262
5/9/2003,2.44,52.862,322.67,21489,4.88,2107.890603,27361.98347,21489,51.35,4601.652893,50.81666667,51.52083333,25157.58486
5/10/2003,2.21,56.066,329.48,22075,6.82,-1811.254281,23289.91736,22075,51.96666667,4542.14876,50.725,51.9375,19208.61036
5/11/2003,2.03,59.54,284.77,21696,8.69,-839.841765,20243.30579,21696,52.39166667,4145.454545,50.82916667,52.05,15473.07745
5/12/2003,0.91,63.536,251.15,19680,10.03,-1391.22621,19344.79339,19680,52.4625,4046.280992,50.9,51.39166667,13478.17819
5/13/2003,1.63,67.694,359.37,21550,11.51,3690.334207,24860.82645,21550,52.37916667,3966.942149,50.93333333,51.0375,22533.67594
5/14/2003,1.9,68.792,361.33,20758,12.35,-2431.791642,28333.8843,20758,51.6375,3689.256198,50.72916667,50.14166667,23653.00494
5/15/2003,3.12,62.978,362.9,21140,10.61,1373.623159,28579.83471,21140,51.075,4641.322314,50.87083333,49.79583333,24714.89654
5/16/2003,4.38,56.948,374.27,20247,3.56,-1669.384143,28462.80992,20247,50.65416667,5395.041322,50.9125,49.56666667,22766.22739
5/17/2003,6.06,53.51,380.87,19656,1.09,-289.458795,28314.04959,19656,50.4375,3748.760331,51.0375,50.1,25046.91278
5/18/2003,5.66,53.456,381.17,19103,1.57,-1034.623524,27988.76033,19103,50.90416667,3471.07438,50.95,50.6625,25050.41506
5/19/2003,3.36,60.062,375.9,18990,4.7,-645.7291096,27990.7438,18990,51.22916667,3808.264463,51.15416667,50.3125,25266.85603
5/20/2003,2.31,67.37,369,19367,7.85,-707.3766912,28040.33058,19367,50.94166667,4145.454545,51.05,49.34166667,25235.3355
5/21/2003,2.23,71.96,367.7,19582,11.73,-1125.459467,28083.96694,19582,50.1125,3927.272727,51.175,48.66666667,25078.43331
5/22/2003,2.6,74.318,372.28,19743,13.17,-760.7390951,28282.31405,19743,49.84583333,3986.77686,51.09166667,48.775,25308.8834
5/23/2003,2.32,76.19,373.3,19530,13.2,-1226.34621,28210.90909,19530,50.05416667,4621.487603,51.10416667,48.85833333,24232.98268
5/24/2003,2.75,73.994,349.59,20586,14.64,412.4388076,25301.15702,20586,50.15416667,4621.487603,51.08333333,48.89166667,21943.89182
5/25/2003,3.53,67.352,286.35,20522,13.94,-1328.222399,25192.06612,20522,50.1,4581.818182,51.4375,48.87916667,20949.94447
5/26/2003,2.66,69.404,345.27,20575,13.52,-286.6965361,26836.36364,20575,50.1125,4244.628099,51.22083333,48.9625,23288.06726
5/27/2003,2.34,75.47,373.43,20811,13.62,-460.3317228,26852.2314,20811,50.175,4700.826446,51.69166667,48.90833333,23182.99883
5/28/2003,1.28,80.204,355.32,21550,15.03,-292.5938713,26657.85124,21550,50.27916667,4224.793388,51.7375,48.77916667,23686.62684
5/29/2003,3.22,79.664,350.6,21441,15.91,-1362.568989,26757.02479,21441,50.01666667,4145.454545,51.825,48.65833333,23017.69117
5/30/2003,4.47,71.996,332.04,21014,15.63,-833.1209221,26072.72727,21014,49.77916667,3728.92562,51.725,48.5875,22281.5117
5/31/2003,3.65,73.328,354.71,21970,12.42,1018.289953,24059.50413,21970,49.95416667,4046.280992,51.90833333,48.65416667,21098.44118
6/1/2003,4.1,71.654,375.1,22997,9.73,-58.2180395,24023.80165,22997,50.27916667,4145.454545,52.09583333,48.54583333,20965.35451
6/2/2003,4.28,73.742,380.09,22953,10.65,-1131.007403,25852.56198,22953,50.37916667,5355.371901,52.275,48.6,20779.03316
6/3/2003,3.07,77.18,382.58,22482,12.36,-752.8430774,25866.44628,22482,50.35833333,4482.644628,52.60416667,48.60416667,21346.40268
6/4/2003,3.58,77.702,383.5,21690,12.52,-754.6010271,26023.1405,21690,50.33333333,3907.438017,52.54583333,48.63333333,21036.80104
6/5/2003,3.17,77.792,388.56,21289,11.44,677.9014393,25866.44628,21289,50.25833333,3689.256198,52.53333333,48.50416667,22166.63689
6/6/2003,2.34,80.078,383.44,20937,12.76,-341.4468074,26074.71074,20937,50.04583333,3788.429752,52.8625,48.19583333,22261.89893
6/7/2003,1.5,79.862,380.62,20949,15.47,36.38206174,25481.65289,20949,49.75,2816.528926,52.7375,48.34166667,22809.65568
6/8/2003,1.72,79.754,381.7,22007,15.65,913.4682869,25814.87603,22007,50.22916667,5553.719008,52.56666667,48.25833333,21693.82895
6/9/2003,2.44,76.55,381.45,22365,14.81,-1074.671925,25820.82645,22365,50.0125,3709.090909,52.8625,48.30416667,22515.46407
6/10/2003,2.76,73.202,382.28,22149,14.87,-619.7285328,25771.23967,22149,50.00416667,3986.77686,52.79166667,48.30833333,23674.71908
6/11/2003,2.01,71.78,380.62,21417,13.08,-2622.25627,27772.56198,21417,50.0875,4284.297521,52.89166667,48.39583333,23516.41598
6/12/2003,2.42,70.16,378.09,21122,11.77,-323.1515172,27683.30579,21122,49.9375,3748.760331,52.94583333,48.5,24306.53058
6/13/2003,1.55,70.016,368.69,20955,10.43,-538.9851255,27693.22314,20955,49.9625,3828.099174,52.96666667,48.5625,24492.85193
6/14/2003,2.46,71.87,386.84,20728,9.49,-854.7279631,27667.43802,20728,50.05833333,4006.61157,52.925,48.55,24409.49764
6/15/2003,3.77,73.634,387.98,20475,10.16,-1001.671194,27756.69421,20475,50.10833333,4085.950413,52.9875,48.55833333,24366.06935
6/16/2003,3.57,78.134,385.92,20722,12.51,-448.3255483,27780.49587,20722,50.17083333,4085.950413,52.99583333,48.62083333,23938.79107
6/17/2003,2.35,82.202,383.02,20895,13.5,-71.24561545,27915.3719,20895,50.26666667,4204.958678,53.17083333,48.64166667,24145.42565
6/18/2003,2.91,77.558,366.2,20973,14.07,-357.0124269,27778.5124,20973,50.20833333,3867.768595,53.17083333,48.6875,24623.83723
6/19/2003,3.08,72.392,374.75,21374,11.41,-312.0934283,27010.90909,21374,50.27916667,3828.099174,53.375,48.66666667,22704.58725
6/20/2003,2.75,69.584,382.98,21447,9,551.2226674,26056.8595,21447,50.39166667,3748.760331,53.46666667,48.60416667,18708.48463
6/21/2003,3.16,67.802,390.94,21989,7.46,4141.614544,24864.79339,21989,50.45833333,3986.77686,53.5375,48.67916667,20227.07367
6/22/2003,3.75,66.308,392.64,22714,5.66,1375.942859,23932.56198,22714,50.56666667,3530.578512,53.81666667,48.70833333,21646.19793
6/23/2003,5.1,64.814,391.81,21890,5.27,-2068.214459,22930.90909,21890,50.6,3966.942149,53.93333333,48.56666667,17306.87178
6/24/2003,3.52,68.198,391.64,22421,6.46,2188.095162,22917.02479,22421,50.61666667,4601.652893,53.82916667,48.62916667,17732.04869
6/25/2003,2.09,75.398,390.94,22915,7.04,1077.323211,22905.12397,22915,50.5625,2082.644628,53.68333333,48.87083333,21372.31956
6/26/2003,1.51,81.788,390.34,22137,7.83,-1327.840221,22919.00826,22137,50.65416667,2082.644628,53.65,48.775,20281.0088
6/27/2003,1.94,85.388,387.04,21253,8.81,-328.6451636,23498.18182,21253,50.62083333,1983.471074,53.68333333,48.875,20701.28252
6/28/2003,2.15,84.812,385.38,21435,10.21,995.4282238,23962.31405,21435,50.425,2003.305785,53.87916667,49,21691.72758
6/29/2003,4.17,78.008,387.59,21702,10.14,534.2806845,24565.28926,21702,50.51666667,2023.140496,54.44583333,49.075,24252.59545
6/30/2003,4,72.716,349,22626,10.35,-786.4466897,24712.06612,22626,50.53333333,2042.975207,54.1,49.1375,24352.06023
7/1/2003,3.1,74.102,383.26,22464,9.69,-1844.969321,23884.95868,22464,50.55833333,1719.669421,54.1375,49.0125,20636.14009
7/2/2003,2.05,75.362,383.52,22482,8.21,1547.149166,22827.7686,22482,50.54583333,1912.066116,54.0125,49.02083333,21012.98553
7/3/2003,2.32,75.794,387.31,21574,6.67,-1005.283051,22873.38843,21574,50.5875,1955.702479,54.10833333,48.9875,20292.91655
7/4/2003,1.58,78.062,387.97,21946,6.81,996.7694004,23894.87603,21946,50.46666667,1892.231405,54.06666667,49.1875,22428.60751
7/5/2003,2.65,78.962,384.72,22285,8.8,-86.9628819,23831.40496,22285,50.65833333,1931.900826,53.97916667,49.1875,22233.88068
7/6/2003,2.08,79.556,383.8,21989,9.87,-630.3765478,23813.55372,21989,50.7625,1860.495868,54.05833333,49.2375,21890.65714
7/7/2003,3.08,77.576,381.45,21696,10.32,-230.5992888,23831.40496,21696,50.79166667,2003.305785,54.34583333,48.71666667,21731.65359
7/8/2003,1.75,76.676,383.82,22124,8.66,524.4455836,24840.99174,22124,50.15833333,1904.132231,54.31666667,48.43333333,23290.16863
7/9/2003,2.03,80.33,385.43,22328,9.49,-149.3091259,26560.66116,22328,50.12916667,4066.115702,54.33333333,48.46666667,23609.57666
7/10/2003,2.59,81.392,382.74,22414,8.49,-1029.031205,28292.2314,22414,50.17083333,4224.793388,54.34583333,48.54583333,24929.23614
7/11/2003,2.61,80.942,379.97,22069,9.38,-1206.798123,28617.52066,22069,50.24166667,3530.578512,54.35,48.6625,25302.57929
7/12/2003,2.38,80.258,378.56,22223,9.26,-61.63714124,28577.85124,22223,50.5125,5018.181818,54.47083333,48.69166667,24218.97355
7/13/2003,2.51,78.368,378.79,22118,9.1,-764.3041285,28589.75207,22118,50.67083333,4978.512397,54.6,48.74583333,24117.4074
7/14/2003,3.33,79.826,376.32,21647,10.78,-977.1677306,28427.10744,21647,50.64166667,4998.347107,54.69166667,49.125,23416.9512
7/15/2003,2.05,82.4,374.35,22013,10.56,377.8091306,28464.79339,22013,50.8125,2439.669421,54.58333333,49.72916667,26906.62399
7/16/2003,1.78,82.472,373.48,22106,10.55,-788.5000231,28472.72727,22106,50.96666667,2181.818182,54.74166667,49.69166667,26793.15008
7/17/2003,1.97,85.334,373.78,21848,10.61,-760.2409891,28571.90083,21848,51.12083333,3014.876033,54.825,49.675,25771.18449
7/18/2003,2.14,88.772,369.69,22334,11.64,271.8403034,28585.78512,22334,51.08333333,3074.380165,54.75416667,49.67916667,26162.03905
7/19/2003,2.57,86.54,316.66,22727,13.44,-257.6340913,28470.7438,22727,51.2125,2876.033058,54.70833333,49.7375,26003.73595
7/20/2003,2.43,86.522,283.65,22758,13.6,-378.0252062,28575.86777,22758,51.3,3054.545455,54.8125,49.79166667,25823.01825
7/21/2003,1.87,89.132,361.53,19412,13.58,-3647.695936,28391.40496,19412,51.30833333,2895.867769,54.88333333,49.72916667,22464.33077
7/22/2003,1.89,90.986,361.95,20622,13.94,4241.20642,28276.36364,20622,51.22916667,2796.694215,54.88333333,49.9,27341.60729
7/23/2003,2.17,91.454,329.55,21605,14.74,-878.9378685,28548.09917,21605,51.47916667,3133.884298,55.17916667,49.975,27127.26769
7/24/2003,2.5,85.406,161.72,20305,14.71,-3013.052814,28500.49587,20305,51.025,3074.380165,55.15833333,49.9125,24963.55849
7/25/2003,3.74,83.57,335.78,20493,12.28,650.5572125,28286.28099,20493,51.15833333,2816.528926,54.94583333,49.99583333,26080.78613
7/26/2003,2.8,82.4,362.39,21074,10.97,-30.03406388,29553.71901,21074,51.52916667,3907.438017,55.325,50.09166667,27023.60017
7/27/2003,1.55,86.216,359.11,20758,10.59,-1693.319178,29742.14876,20758,51.62916667,3768.595041,55.55833333,50.08333333,26470.23978
7/28/2003,1.94,89.204,360.4,21471,11.05,216.313939,29884.95868,21471,51.6625,4641.322314,55.4375,50.14583333,26769.33457
7/29/2003,2.78,90.878,357.76,22702,12.1,-294.6982064,29823.47107,22702,51.5,1775.206612,55.44583333,50.30833333,29767.28711
7/30/2003,2.25,91.886,349.33,23116,12.96,-1305.022647,30051.57025,23116,51.39583333,3094.214876,55.72916667,50.3125,27823.52115
7/31/2003,4.54,83.588,301.06,22664,13.46,-1318.165778,29454.54545,22664,51.94166667,2280.991736,56.07916667,50.32916667,27436.86933
8/1/2003,1.63,82.634,323.1,22683,15.31,-244.315611,29159.00826,22683,52.24583333,5990.082645,55.775,50.22916667,24389.88486
8/2/2003,1.79,77,129.95,22211,16.8,-1692.95924,28387.43802,22211,51.8375,5018.181818,55.6875,50.22083333,23379.12657
8/3/2003,1.35,78.008,286.54,21829,16.07,-391.8703717,28206.94215,21829,51.7625,4919.008264,55.80416667,50.2875,23464.58222
8/4/2003,4.35,79.232,345.47,21829,14.99,-176.6483357,27935.20661,21829,52.10833333,5038.016529,55.89166667,50.32083333,23107.34956
8/5/2003,4.61,73.544,316.24,22570,13.33,530.8405226,27818.18182,22570,52.17916667,5018.181818,56.11666667,49.92083333,23923.38104
8/6/2003,4.94,73.508,347.54,22714,11.78,-979.38104,27449.2562,22714,51.69583333,5018.181818,56.39166667,49.49583333,23069.52493
8/7/2003,3.78,72.59,347.86,22501,10.29,-851.4505498,25747.43802,22501,51.6625,4978.512397,56.15416667,49.40833333,20517.06254
8/8/2003,3.12,74.84,347.46,21134,8.7,-1115.13692,23071.73554,21134,51.56666667,4958.677686,56.11666667,49.12083333,17027.38975
8/9/2003,2.95,76.694,345.64,22069,8.92,2020.668101,20284.95868,22069,51.4625,4998.347107,56.42916667,49.19166667,15709.13118
8/10/2003,2.95,76.208,348.73,22273,6.6,-218.5196098,19898.18182,22273,51.95,5038.016529,56.4,49.2,15030.38913
8/11/2003,2.21,76.082,347.44,22439,5.57,-4.223840744,19884.29752,22439,51.75416667,3213.22314,56.08333333,49.35833333,16899.90672
8/12/2003,2.59,75.398,346.87,22414,5.28,-253.8323398,19880.33058,22414,51.61666667,3867.768595,55.8625,49.45,15852.02425
8/13/2003,1.67,79.106,345.99,22947,3.04,693.5377335,19852.56198,22947,51.70833333,3947.107438,55.7625,49.6,16525.16266
8/14/2003,3.79,78.314,339.88,23003,1.96,-563.7081145,19864.46281,23003,51.6125,3927.272727,55.65416667,49.55,16146.21585
8/15/2003,1.4,78.314,348.11,22168,0.19,-1044.025767,19834.71074,22168,51.72083333,3966.942149,55.89166667,49.675,15215.30956
8/16/2003,2.5,80.834,337.7,22708,2.31,1192.459035,17882.97521,22708,51.74166667,3828.099174,55.95,49.60416667,14478.42964
8/17/2003,1.83,83.57,336.34,22677,3.83,-454.5536069,17738.18182,22677,51.8,3808.264463,55.70416667,49.67083333,13700.2228
8/18/2003,1.92,85.928,333.15,22081,6.46,-366.3054446,17702.47934,22081,52.00833333,3828.099174,55.86666667,49.8125,13172.07883
8/19/2003,2.99,84.236,329.3,21489,8.73,110.3013353,17730.24793,21489,52.29583333,4760.330579,55.91666667,49.775,12086.37172
8/20/2003,2.05,83.786,327.68,21617,8.34,1011.545635,17720.33058,21617,52.425,4760.330579,55.97916667,49.74166667,12713.98048
8/21/2003,3.65,81.77,291.92,22402,10.79,1031.01952,16446.94215,22402,52.70833333,5851.239669,55.9125,49.75,10590.19728
8/22/2003,4.64,76.298,269.77,22310,13.94,-86.49480066,16274.38017,22310,53.4,5851.239669,55.78333333,49.75,9493.983327
8/23/2003,1.55,76.532,298.81,22161,12.09,780.1571689,16254.54545,22161,53.4,5732.231405,55.67083333,49.82083333,9587.844458
8/24/2003,1.47,82.094,319.39,21453,9.5,226.4695916,16258.5124,21453,53.4,5791.735537,55.56666667,49.83333333,8932.217455
8/25/2003,2.01,83.858,321.07,21787,7.14,1868.559405,16932.89256,21787,53.35,5950.413223,55.4875,49.97083333,10939.02447
8/26/2003,2.19,83.696,274.94,22297,6.46,553.4548688,17742.14876,22297,52.72916667,5890.909091,55.43333333,49.96666667,12062.55621
8/27/2003,2.62,82.274,314.08,22421,6.69,-87.31654058,17646.94215,22421,52.375,4938.842975,55.27916667,49.96666667,12668.45082
8/28/2003,2.52,80.24,314.51,22026,5.37,-355.3516464,17686.61157,22026,52.325,5018.181818,55.28333333,49.99166667,11860.12437
8/29/2003,1.86,81.302,312.79,21319,5.06,101.3053821,17611.23967,21319,52.59166667,4998.347107,55.25,50.1125,11824.4011
8/30/2003,2.59,84.128,314.89,21781,3.76,1250.491462,17543.80165,21781,52.30833333,4919.008264,55.2625,50.1,12634.82893
8/31/2003,1.33,84.2,308.12,22322,4.95,530.9644584,17521.98347,22322,52.36666667,4899.173554,55.17083333,50.19166667,12515.05092
9/1/2003,1.32,86.648,308.42,22303,4.57,88.75899736,17668.76033,22303,52.46666667,4879.338843,55.07916667,50.20833333,12052.74982
9/2/2003,2.01,87.458,304.26,21726,5.14,159.6716676,17734.21488,21726,52.45,4899.173554,54.95416667,50.29166667,11820.89882
9/3/2003,1.05,86.684,219.39,21946,9.56,1234.142502,16958.67769,21946,52.38333333,3867.768595,54.94583333,50.25,12582.99517
9/4/2003,2.14,86,293,21921,10.9,482.9139209,15966.94215,21921,52.40833333,3966.942149,54.90416667,50.29583333,10988.75686
9/5/2003,3.25,82.76,276.49,21921,10.34,1011.24314,14753.05785,21921,52.35,3986.77686,54.80416667,50.4125,10043.84144
9/6/2003,4.25,77.648,296.43,22236,7.31,1037.439552,13927.93388,22236,52.7,4006.61157,55.00416667,50.33333333,9458.260061
9/7/2003,3.33,73.634,277.51,22746,6.25,973.062253,13906.1157,22746,52.55,4006.61157,54.70416667,50.35416667,9714.62703
9/8/2003,2.92,67.532,292.55,21829,2.91,-732.1228978,13931.90083,21829,52.45416667,3867.768595,54.85416667,50.32916667,8543.464265
9/9/2003,2.3,67.37,123.21,22570,5.41,2261.667966,13862.47934,22570,52.2875,4085.950413,54.8375,50.4375,10002.51453
9/10/2003,3.86,69.71,261.38,22359,6,-436.9856044,13874.38017,22359,52.44166667,3986.77686,54.99166667,50.54583333,8762.006599
9/11/2003,4.02,76.964,282.71,22155,5.46,921.5967068,15399.66942,22155,52.6375,3966.942149,54.79166667,50.45416667,10284.09792
9/12/2003,4.34,78.386,284.59,21665,3.85,658.6293527,16343.80165,21665,52.66666667,4026.446281,54.775,50.68333333,11288.55211
9/13/2003,3.83,75.47,286.11,21259,-0.67,622.8032619,16853.55372,21259,52.57916667,3927.272727,54.64166667,50.65416667,11794.98194
9/14/2003,2.12,76.748,286,21532,-3.99,1404.299052,16784.13223,21532,52.27916667,3966.942149,54.70416667,50.65,12362.35146
9/15/2003,2.87,76.442,280.2,22032,-2.53,954.8386226,16821.81818,22032,52.2875,4978.512397,54.57083333,50.75416667,11399.92465
9/16/2003,3.1,69.926,263.81,21952,1.33,363.3811351,15125.95041,21952,52.65416667,4958.677686,54.525,50.85,9269.837343
9/17/2003,4.84,65.408,269.96,22802,-1.93,1747.435384,14915.70248,22802,52.83333333,4998.347107,54.37916667,50.87916667,10052.24692
9/18/2003,2.43,71.924,275.58,22451,-4.87,-485.8915481,14889.91736,22451,52.71666667,4879.338843,54.36666667,50.825,8995.958969
9/19/2003,1.63,77.432,269.25,21823,-4.12,386.6195434,14919.66942,21823,52.77916667,4998.347107,54.28333333,50.87083333,8469.916364
9/20/2003,2.44,78.872,270.41,21062,-3.68,690.40595,14931.57025,21062,52.88333333,4859.504132,54.35833333,50.96666667,8714.375577
9/21/2003,2.38,81.59,272.16,22427,-6.44,2722.690539,14935.53719,22427,52.85833333,4819.834711,54.3125,50.94583333,10857.77155
9/22/2003,1.91,84.164,266.42,22199,-3.84,-970.0690707,14925.61983,22199,52.7375,4879.338843,54.15833333,51.00416667,9041.488622
9/23/2003,1.93,85.622,261.18,22013,-1.79,818.7923697,14933.55372,22013,52.82916667,4899.173554,54.09166667,50.97083333,8783.720741
9/24/2003,1.13,84.488,257.34,22482,0.88,1719.659424,14931.57025,22482,52.87916667,5117.355372,54.05416667,51.075,9555.623473
9/25/2003,1.29,83.444,260.58,22026,-0.85,-197.408597,14881.98347,22026,52.7875,5077.68595,53.83333333,51.05833333,8525.252403
9/26/2003,2.2,82.688,258.07,22359,-4.85,1612.045118,14921.65289,22359,52.75416667,5018.181818,53.70833333,50.9875,9180.879406
9/27/2003,2.24,81.554,251.21,22328,0.88,691.5916684,14907.7686,22328,52.65416667,5057.85124,53.5375,51.05,8940.62293
9/28/2003,2.23,80.816,244.94,22377,5.6,958.2944254,14923.63636,22377,52.65416667,5038.016529,53.60416667,51.36666667,9035.884973
9/29/2003,3.13,74.714,242.2,22075,6.46,547.7348617,14911.73554,22075,52.7625,5117.355372,53.50833333,51.375,8747.997475
9/30/2003,2.44,73.544,241.62,21781,4.76,752.3826903,13953.71901,21781,52.87916667,4998.347107,53.52083333,51.49583333,7872.427225
10/1/2003,2.24,73.526,236.9,21508,3.53,809.9446758,13929.91736,21508,52.89166667,4998.347107,53.5,51.42083333,7803.082062
10/2/2003,2.18,73.112,235.31,21896,4.02,1516.488186,13921.98347,21896,52.97916667,5097.520661,53.5875,51.46666667,8384.460707
10/3/2003,1.99,75.29,218.76,22334,5.32,878.0021029,13925.95041,22334,52.93333333,5038.016529,53.46666667,51.47083333,7330.274127
10/4/2003,3.6,74.3,222.71,22273,5.47,1496.659757,13904.13223,22273,52.95416667,4998.347107,53.4,51.5875,8357.142915
10/5/2003,1.82,72.932,225.16,21952,6.68,227.642209,13902.14876,21952,52.975,5057.85124,53.3,51.6125,7882.233612
10/6/2003,2.3,75.002,222.32,21909,5.19,919.0639087,13918.01653,21909,53.02083333,4998.347107,53.35416667,51.775,8251.374029
10/7/2003,2.59,72.896,211.4,22137,4.26,896.2953925,13031.40496,22137,53.025,4958.677686,53.3625,51.9375,7598.548851
10/8/2003,2.13,71.438,222.47,22328,1.94,665.1784217,12961.98347,22328,53.15,4958.677686,53.36666667,51.80416667,7328.873215
10/9/2003,4.17,62.906,224.96,21872,-0.58,218.4325701,12975.86777,21872,53.24166667,5018.181818,53.1625,51.7875,6844.157525
10/10/2003,4.95,57.29,223.39,21696,-3.85,937.5284254,12950.08264,21696,53.08333333,4958.677686,53.1625,51.7375,7243.417558
10/11/2003,2.37,63.644,209.85,22161,-4.09,1212.987401,12977.85124,22161,52.87083333,4938.842975,53.25,51.67916667,7775.063814
10/12/2003,4.76,61.718,213.76,21989,-3.23,91.94445046,12956.03306,21989,52.9,4879.338843,52.925,51.95416667,7277.039456
10/13/2003,2.63,62.492,217.58,21829,-9.77,639.6547589,12952.06612,21829,52.74166667,5077.68595,53.05416667,51.7875,6881.982159
10/14/2003,1.69,67.28,214.94,21593,-8.98,756.3980063,12950.08264,21593,52.8,4998.347107,52.975,51.75,6893.889915
10/15/2003,1.76,65.714,200.35,21970,-2.38,1434.845622,12965.95041,21970,52.65416667,2856.198347,52.60833333,51.9375,9730.737523
10/16/2003,1.95,67.586,199.99,22285,1.91,694.0145431,12987.7686,22285,52.52916667,3034.710744,52.7,52.09166667,9414.831777
10/17/2003,1.92,70.016,202.01,22846,2.72,1099.226074,13124.6281,22846,52.75833333,3054.545455,52.54166667,52.05,9589.24537
10/18/2003,3.74,69.278,198.71,22576,1.77,210.8372746,13503.47107,22576,52.85416667,2995.041322,52.49166667,52.1,9176.676669
10/19/2003,1.65,68.018,176.71,22273,2.88,1028.753083,13529.2562,22273,52.79583333,5038.016529,52.35416667,52.2625,7197.887905
10/20/2003,0.76,72.716,189.17,21995,4.75,1015.351764,13533.22314,21995,52.84583333,5038.016529,52.3375,52.27083333,7445.8494
10/21/2003,2.8,73.4,187.65,21441,2.91,495.3572116,13553.05785,21441,52.875,4998.347107,52.47083333,52.40416667,7189.482431
10/22/2003,2,65.462,122.43,21775,1.08,1699.228313,13424.13223,21775,52.95833333,4998.347107,52.42916667,52.3125,7967.689269
10/23/2003,4.87,62.312,194.99,22439,-1.35,1122.095855,13537.19008,22439,52.97916667,5018.181818,52.2375,52.64583333,8333.327405
10/24/2003,3.59,64.994,188.11,21866,-7.09,-387.3191405,13539.17355,21866,52.85416667,4978.512397,52.275,52.49583333,7019.271575
10/25/2003,3.46,69.62,186.41,21756,-8.15,1431.389582,13545.12397,21756,53.05833333,4978.512397,52.30416667,52.3125,7765.257427
10/26/2003,2.49,72.194,184.04,21958,-5.45,1003.354143,14106.44628,21958,52.99166667,5038.016529,52.2875,52.575,8543.464265
10/27/2003,2.03,73.526,183.54,21781,-2.51,347.9654871,13533.22314,21781,53.1125,192.3966942,52.7875,52.60416667,12428.19435
10/28/2003,2.31,74.282,175.81,22050,0.96,1181.632096,13937.85124,22050,53.42916667,31.73553719,52.65,52.50833333,13279.94909
10/29/2003,4.91,62.312,183.18,22032,-5.57,608.1666125,13963.63636,22032,53.34166667,29.75206612,52.64583333,52.67083333,13323.37737
10/30/2003,2.33,48.812,167.98,21793,-6.16,371.5069275,13951.73554,21793,53.0625,27.76859504,52.37916667,52.65416667,12975.95109
10/31/2003,1.25,49.496,122.6,22174,-3.94,1329.015852,13923.96694,22174,52.8375,148.7603306,52.25,52.76666667,13551.72609
11/1/2003,1.7,46.256,172.78,21921,-5.47,-29.51947843,13916.03306,21921,52.60833333,2102.479339,52.25416667,52.79166667,10969.14408
11/2/2003,2.46,43.952,50.45,21635,-2.27,558.409639,13900.16529,21635,52.65833333,27.76859504,52.45,52.81666667,12890.49544
11/3/2003,1.73,45.554,155.31,21896,1.94,1242.901254,13564.95868,21896,52.68333333,27.76859504,52.25833333,52.99166667,12884.89179
11/4/2003,1.11,46.58,96.58,21970,1.83,726.2982926,13860.49587,21970,52.93333333,2280.991736,52.125,52.89583333,10845.86379
11/5/2003,0.64,48.128,72.83,21720,3.11,483.6403422,13562.97521,21720,53,2380.165289,52.32916667,53.1375,10204.94637
11/6/2003,1.16,48.164,74.54,22390,5.24,1647.863547,12813.22314,22390,53.00416667,2895.867769,52.32083333,53.275,9802.184055
11/7/2003,2.86,48.632,70.96,22582,7.99,307.1713169,12027.7686,22582,52.92916667,2816.528926,52.35416667,53.10416667,8807.536252
11/8/2003,4.65,48.47,73.35,22155,8.1,-23.29658258,12150.7438,22155,52.875,5196.694215,52.25,53.30833333,5748.644029
11/9/2003,5.49,51.134,73.51,21939,7.92,989.4055578,11942.47934,21939,52.89583333,2300.826446,52.44166667,53.45833333,8583.390268
11/10/2003,1.45,52.376,133.51,21946,6.49,1065.262625,11880.99174,21946,52.96666667,5414.876033,52.36666667,53.58333333,6254.373405
11/11/2003,3.21,51.728,149.68,21823,4.33,88.74229748,11551.73554,21823,53.025,5216.528926,52.56666667,53.33333333,6020.421034
11/12/2003,3.16,51.818,150.99,21489,3.07,-19.21442243,11143.1405,21489,53.18333333,4482.644628,52.39166667,53.7375,6639.624314
11/13/2003,2.71,50.126,148.61,21659,2.3,190.8715538,11155.04132,21659,52.98333333,4026.446281,52.27083333,53.5,7225.205697
11/14/2003,4.07,48.74,44.03,21793,6.97,37.38934432,11135.20661,21793,53.00416667,4482.644628,52.12083333,53.7125,6832.249769
11/15/2003,3.4,46.292,74.32,21884,6.18,-88.68778553,10758.34711,21884,52.84583333,4383.471074,52.12083333,53.59166667,5682.801146
11/16/2003,3.44,48.056,66.16,22063,7.76,871.0748871,10712.72727,22063,52.97916667,2300.826446,52.30833333,53.74166667,8634.52357
11/17/2003,1.02,51.872,77.99,21538,8.55,-747.6227436,10583.80165,21538,53.2125,1453.884298,52.30833333,53.44166667,8577.086162
11/18/2003,1.1,52.214,139.43,20728,5.83,-257.1688066,10337.85124,20728,53.34583333,854.8760331,52.64583333,53.77916667,8374.65432
11/19/2003,2.4,53.618,118.3,20776,6.03,1156.320887,9968.92562,20776,53.25,1441.983471,52.17916667,53.73333333,8488.128225
11/20/2003,2.73,52.574,138.71,21386,3.07,648.8139238,9923.305785,21386,53.38333333,936.1983471,52.2875,53.65416667,9416.933145
11/21/2003,2.93,40.928,82.15,21635,-3.04,-180.825707,9933.22314,21635,53.1875,1003.636364,52.60833333,53.825,9319.569733
11/22/2003,3.38,37.346,137.58,21793,-6.31,-231.9829561,9921.322314,21793,52.88333333,1176.198347,52.1375,53.46666667,8817.342638
11/23/2003,1.43,38.75,135.29,21338,-6.3,-527.2186711,9927.272727,21338,52.71666667,1174.214876,52.225,53.525,8048.942188
11/24/2003,1.45,41.576,132.59,21104,-4.45,470.1156632,9947.107438,21104,52.64583333,1207.933884,52.11666667,53.55833333,8333.327405
11/25/2003,1.82,42.386,96,21008,-2.47,309.8461487,9994.710744,21008,52.7125,1021.487603,52.19166667,53.51666667,8712.274209
11/26/2003,1.77,46.04,89.82,20931,0.24,183.9489315,9955.041322,20931,52.65833333,1114.710744,51.96666667,53.35,8705.970103
11/27/2003,2.32,43.268,110.48,21356,-1.53,559.3604755,9947.107438,21356,52.6125,1065.123967,51.60416667,53.67083333,9283.846467
11/28/2003,4,46.022,40.21,21253,2.47,-504.8629959,9925.289256,21253,52.65833333,1019.504132,51.39166667,53.62083333,8691.960979
11/29/2003,1.82,44.726,31.91,21890,6.16,850.824145,9923.305785,21890,52.82083333,1055.206612,50.89166667,53.41666667,9440.748656
11/30/2003,2.16,46.886,51.05,22131,7.47,-331.6494824,9941.157025,22131,52.8875,1051.239669,50.64583333,53.34166667,9012.069462
12/1/2003,3.66,48.056,49.6,21805,8.13,-448.1521066,9907.438017,21805,52.775,1106.77686,50.55,53.15,7777.165182
12/2/2003,2.84,50.09,40.33,21441,9.16,659.495975,9532.561983,21441,52.775,1140.495868,50.45,53.33333333,7658.087628
12/3/2003,1.32,51.26,84.23,21835,8.37,1127.978488,9197.355372,21835,52.69166667,1047.272727,50.23333333,53.3625,8406.174849
12/4/2003,3.42,46.652,48.46,22149,6.61,57.90779563,9183.471074,22149,52.62916667,1001.652893,50.2,53.22916667,8247.871748
12/5/2003,4.23,47.426,34.95,22266,7.94,50.94643382,9030.743802,22266,52.7,1045.289256,49.9375,53.22083333,7667.894015
12/6/2003,6.45,48.794,35.6,22433,8.51,484.5605305,9266.77686,22433,52.63333333,1937.85124,49.93333333,53.15833333,5308.057079
12/7/2003,3.04,45.284,74.81,21909,3.96,1496.868541,8830.413223,21909,52.3625,3193.38843,50.23333333,53.2625,4489.924238
12/8/2003,1.84,43.232,116.73,21459,1.24,697.1005554,8776.859504,21459,51.85416667,958.0165289,50.58333333,53.06666667,6967.437816
12/9/2003,5.16,44.294,61.08,21520,4.31,912.4051592,8915.702479,21520,51.94166667,1386.446281,50.30416667,53.4,7217.500679
12/10/2003,3.6,42.71,38.99,21690,4.71,481.7555193,9008.92562,21690,51.85833333,1047.272727,50.04166667,53.30416667,7239.214821
12/11/2003,0.83,40.334,83.91,20961,1.43,-6.561928438,9040.661157,20961,52.1375,1086.942149,49.92916667,53.2,6530.353147
12/12/2003,3.89,41,31.31,21647,3.99,2109.365861,9022.809917,21647,52.3125,1015.53719,49.79583333,53.0875,8029.329414
12/13/2003,6.56,45.716,31.25,22645,6.84,975.9433133,9044.628099,22645,52.26666667,1055.206612,49.61666667,52.98333333,7870.325857
12/14/2003,3.37,47.516,104.89,22488,3.61,-37.9043694,9445.289256,22488,51.73333333,4046.280992,49.51666667,52.73333333,3336.973334
12/15/2003,0.6,42.782,94.29,21508,0.59,1082.03493,12366.94215,21508,51.2,2400,49.51666667,52.77916667,8122.490089
12/16/2003,1.59,43.538,100.01,21241,1.78,1577.45206,17918.67769,21241,51.725,1118.677686,49.70833333,52.9125,15687.41704
12/17/2003,1.54,45.212,112.05,20955,1.47,826.58296,17966.28099,20955,52.2125,1086.942149,49.54583333,52.76666667,15746.95582
12/18/2003,1.25,45.536,96.46,21362,1.36,1539.383023,17928.59504,21362,52.20416667,1049.256198,49.46666667,52.52916667,16489.43939
12/19/2003,3,45.068,70.58,21182,4.08,209.899453,17932.56198,21182,52.01666667,993.7190083,49.2125,52.35833333,15838.01513
12/20/2003,1.5,44.744,40.23,21259,6.23,1177.827845,17912.72727,21259,51.8625,1102.809917,48.975,52.24583333,16070.56658
12/21/2003,0.96,47.804,58.05,21116,7.21,596.3507754,17908.76033,21116,51.8125,1378.512397,48.71666667,52.10833333,15538.21987
12/22/2003,1.7,45.698,108.82,20668,5.03,544.0280639,22361.65289,20668,51.65833333,1438.016529,48.38333333,52.0625,20374.16947
12/23/2003,5.99,45.374,35.62,19445,6.33,-673.5331064,29184.79339,19445,51.59583333,2003.305785,48.1875,52.00833333,26849.18658
12/24/2003,6.76,45.32,53.68,18537,6.04,-575.6989767,28744.46281,18537,51.0625,6882.644628,48.25416667,51.70833333,20171.73763
12/25/2003,2.27,40.46,73.05,18780,2.01,1933.080552,28450.90909,18780,51.15416667,2816.528926,48.12083333,51.79166667,27254.05026
12/26/2003,1.46,35.672,94.01,19164,-3.55,-1235.670095,28944.79339,19164,51.35833333,1057.190083,48.225,51.94166667,28575.81111
12/27/2003,1.36,35.402,61.58,20200,-3.07,347.7921958,29293.8843,20200,51.40416667,1080.991736,48.09166667,51.87916667,29580.2653
12/28/2003,4.88,36.23,67.44,19417,-0.49,-2150.372738,29252.2314,19417,51.2375,1005.619835,47.87916667,51.60833333,27829.82526
12/29/2003,7.34,41.162,46.6,20060,4.52,1059.78631,20651.90083,20060,50.425,1021.487603,47.37916667,51.3,19448.86683
12/30/2003,1.53,45.554,78.27,21508,5.7,1629.546393,20191.73554,21508,50.45833333,985.785124,47.3375,51.22083333,19560.23937
12/31/2003,5.29,45.338,7.41,22007,5.69,144.7110432,20167.93388,22007,50.62916667,1057.190083,47.28333333,51.02916667,18522.16328
1/1/2004,8.52,43.052,63.58,22526,4.3,1107.580522,19985.45455,22526,49.55833333,5216.528926,46.91666667,50.6375,12038.7407
1/2/2004,4.31,39.686,77.03,20799,1.31,1003.18492,21659.50413,20799,49.4,3808.264463,46.67916667,50.5625,15288.15701
1/3/2004,1.59,37.544,85.41,20698,-1.19,2462.082659,26001.32231,20698,49.85833333,1029.421488,46.73333333,50.65416667,23921.27967
1/4/2004,1.61,38.84,52.53,20083,0.16,435.6211564,26001.32231,20083,50.1625,1059.173554,46.6,50.5375,23381.22794
1/5/2004,1.43,39.002,100.73,19864,-0.72,1341.92082,24646.61157,19864,49.92083333,2261.157025,46.39583333,50.5,21700.13306
1/6/2004,1.81,41.324,62.11,20440,1.89,1261.321485,25344.79339,20440,49.9875,1519.338843,46.57916667,50.75416667,24010.2376
1/7/2004,5.27,41.27,38.54,20288,4.29,-336.7830545,25616.52893,20288,50.42916667,1077.024793,46.21666667,51.05833333,23909.37191
1/8/2004,4.02,45.32,44.98,20645,6.67,987.1322222,25590.7438,20645,50.59583333,1106.77686,46.025,50.91666667,24045.96087
1/9/2004,5.18,46.292,42.48,21271,6.96,1064.006072,22942.80992,21271,50.29583333,2816.528926,45.90416667,50.75833333,19615.57541
1/10/2004,1.1,48.218,70.41,22433,7.62,1672.705582,19977.52066,22433,49.85,2459.504132,45.70833333,50.675,17668.30717
1/11/2004,1.07,50.792,118.01,22414,7.88,-169.2906411,17256.19835,22414,49.99583333,2122.31405,45.75833333,50.59583333,13974.10118
1/12/2004,2.77,49.91,93.4,22248,7.2,993.7831175,16940.82645,22248,50.04583333,1303.140496,45.99583333,50.46666667,14399.27809
1/13/2004,1.8,49.244,123.84,21404,6.32,394.4078604,15149.75207,21404,49.70416667,2578.512397,45.6625,50.38333333,10840.26014
1/14/2004,1.24,45.59,60.6,22433,5.49,2759.979529,13239.66942,22433,49.57916667,1588.760331,45.8125,50.2875,11874.13349
1/15/2004,2.27,47.588,126.59,21829,6.17,-827.2243991,13007.60331,21829,49.6,1080.991736,45.75,50.275,10617.51507
1/16/2004,1.74,45.59,125.57,21829,3.41,1309.0965,11974.21488,21829,49.75416667,1291.239669,45.99583333,50.07083333,9990.606773
1/17/2004,1.51,44.42,131.71,21696,1.85,559.3684336,11583.47107,21696,49.61666667,1251.570248,46.08333333,49.94583333,9565.429859
1/18/2004,0.76,46.472,132.16,21866,3.43,936.4709674,11170.90909,21866,49.55,1017.520661,46.09166667,49.84166667,9659.29099
1/19/2004,1.9,45.464,107.27,21532,3.91,160.0974398,10770.24793,21532,49.475,1071.07438,46.0125,49.77916667,8811.738989
1/20/2004,3.38,42.836,136.44,21423,2.38,778.4345647,10369.58678,21423,49.4,1102.809917,46.0875,49.81666667,8574.984793
1/21/2004,2.49,40.928,140.46,21380,-0.44,648.7920665,9994.710744,21380,49.16666667,1812.892562,45.92916667,49.89166667,7679.801771
1/22/2004,1.24,41.882,141.88,21538,-1.42,660.0164108,9574.214876,21538,48.81666667,2023.140496,45.84583333,49.71666667,7376.504236
1/23/2004,1.04,42.422,115.18,21781,0.17,417.5701442,9183.471074,21781,48.70416667,1977.520661,45.87083333,49.46666667,6891.788546
1/24/2004,1.59,42.944,85.54,22217,4.32,750.1618672,9012.892562,22217,48.79583333,2062.809917,46.14166667,49.25833333,6697.061723
1/25/2004,2.32,39.812,128.68,21976,-1.06,12.02092163,9010.909091,21976,48.27083333,2003.305785,45.67083333,49.12916667,6232.659263
1/26/2004,3.5,40.28,79.9,21417,1.05,215.9440428,8983.140496,21417,48.18333333,2102.479339,45.85,49.17916667,5932.864009
1/27/2004,3.48,42.242,54.34,21508,4.82,1038.797148,8893.884298,21508,47.86666667,2062.809917,45.6875,49.10833333,6627.716559
1/28/2004,0.76,43.394,63.47,22414,4.89,1109.357821,8889.917355,22414,47.8,916.3636364,45.5875,49.0375,8295.50277
1/29/2004,0.96,46.166,82.73,22285,6.15,-450.949051,8907.768595,22285,48.3125,531.5702479,45.60416667,49.02916667,7640.576223
1/30/2004,3.02,44.15,96.24,21811,3.27,261.6221241,8876.033058,21811,48.68333333,1184.132231,45.53333333,48.77916667,6779.015098
1/31/2004,1.79,40.586,131.52,22186,-0.61,1287.885728,8913.719008,22186,48.62083333,1003.636364,45.62083333,48.76666667,7894.141368
2/1/2004,2.75,40.658,48.53,22488,2.41,317.9412766,8917.68595,22488,48.33333333,577.1900826,45.77916667,48.71666667,8046.840819
2/2/2004,5.59,41.414,79.29,22878,4.51,683.6550488,8899.834711,22878,48.15,894.5454545,45.6875,48.63333333,7567.028322
2/3/2004,1.96,41.558,73.85,22607,4.04,167.2609342,8903.801653,22607,47.96666667,1142.479339,45.575,48.61666667,6479.219845
2/4/2004,2.24,42.98,136.3,22236,2.96,911.102469,8903.801653,22236,47.97916667,890.5785124,45.63333333,48.60416667,6790.922854
2/5/2004,1.74,43.592,138.13,21860,1.71,846.3002865,8923.636364,21860,48.25833333,515.7024793,45.7125,48.57916667,7525.000951
2/6/2004,2.45,44.024,51.86,21265,4.09,287.9329333,8895.867769,21265,48.24166667,511.7355372,45.71666667,48.5,7302.956335
2/7/2004,2.3,42.35,131.33,21152,2.45,968.1758964,8913.719008,21152,48.20416667,535.5371901,45.72916667,48.42916667,7789.072938
2/8/2004,3.75,39.884,170.58,20811,-0.98,248.1088802,8931.570248,20811,48.125,575.2066116,45.6875,48.45,7684.004508
2/9/2004,3.65,39.704,175.14,21056,-1.27,917.3591284,8880,21056,48.14166667,1122.644628,45.57083333,48.3875,7713.423668
2/10/2004,3.08,40.892,177.4,21495,-1.33,482.9317039,8891.900826,21495,48.0375,557.3553719,45.625,48.37916667,8429.99036
2/11/2004,2.3,42.944,178.02,21872,-0.78,281.5550945,8895.867769,21872,48.1125,519.6694215,45.675,48.325,8255.576767
2/12/2004,2.17,42.836,182.4,22316,-0.75,564.6215801,8931.570248,22316,48.26666667,501.8181818,45.70833333,48.44583333,8370.451583
2/13/2004,3.51,42.188,100.67,21939,2.25,-317.6995169,8913.719008,21939,48.18333333,267.768595,45.66666667,48.3375,7761.05469
2/14/2004,2.77,44.762,100.12,21763,5.05,708.8957232,8889.917355,21763,48.2875,311.4049587,45.72916667,48.25,7957.882882
2/15/2004,3.23,45.446,54.62,21580,6.82,437.6295147,8885.950413,21580,48.24166667,509.7520661,45.6375,48.19583333,7660.188997
2/16/2004,8.85,49.856,51.25,23307,9.37,2443.00935,8953.38843,23307,47.97916667,4204.958678,45.2375,48.225,3299.148699
2/17/2004,10.87,51.368,63.49,21453,9.93,-404.7189469,16784.13223,21453,47.60416667,5811.570248,45.37916667,48.6,3991.899881
2/18/2004,2.37,47.75,124.69,21756,6.15,7283.662102,64103.80165,21756,48.40833333,8409.917355,45.32083333,48.5125,57162.12907
2/19/2004,1.73,45.608,181.32,21696,2.6,-1528.244772,96797.35537,21696,47.99166667,8409.917355,45.37083333,48.13333333,87391.71727
2/20/2004,1.57,44.69,193.84,22020,1.88,1319.720747,95569.58678,22020,48.07916667,8409.917355,45.80833333,48.20416667,87030.28187
2/21/2004,2.02,45.356,101.52,21915,4.31,24.38755149,99183.47107,21915,48.11666667,8409.917355,45.65416667,48.29166667,87840.00923
2/22/2004,1.71,44.744,111.69,20188,5.61,1206.544489,98810.57851,20188,48.125,8409.917355,45.5,48.25,86216.35176
2/23/2004,2.56,45.788,137.62,20428,5.44,4424.309397,97751.40496,20428,48.1625,8409.917355,45.54583333,48.2375,88010.92055
2/24/2004,5.55,44.87,135.48,21477,5.34,2379.567053,97719.66942,21477,47.99166667,6545.454545,45.65,47.97916667,91256.13412
2/25/2004,11.63,46.4,109.28,22564,6.63,1005.080756,55384.46281,22564,48.1375,6386.77686,45.62916667,47.8875,32798.16108
2/26/2004,9.32,42.854,118.38,20288,4.35,13923.52487,69260.82645,20288,47.91666667,8310.743802,46.02916667,47.6375,60702.93516
2/27/2004,1.48,42.08,121.32,20440,3.2,399.1474846,99294.54545,20440,48,8588.429752,45.98333333,47.8875,93765.16822
2/28/2004,1.92,45.086,206.65,21205,2.81,-2294.052518,99473.05785,21205,48,7537.190083,46.36666667,48.00416667,97439.76145
2/29/2004,3.25,47.084,138.13,20416,5.35,-4426.35,97080.99174,20416,48,4423.140496,46.69583333,48.05833333,96578.20032
3/1/2004,3.32,44.636,133.53,19910,5.75,-4426.34908,96370.90909,19910,48,3173.553719,46.37916667,48.00416667,96321.83335
3/2/2004,4.41,46.526,224.51,20405,3.25,-2629.477978,96803.30579,20405,48.1875,3530.578512,46.38333333,48.13333333,97840.42239
3/3/2004,2.27,45.356,173.38,20323,2.2,-4649.695117,95769.91736,20323,48.14166667,2161.983471,46.88333333,48.05416667,97773.1786
3/4/2004,3.08,46.148,183.25,20627,2.58,-3861.244716,81354.04959,20627,48.20416667,8469.421488,46.975,48.09583333,77029.86871
3/5/2004,1.62,48.272,127.47,19119,4.42,-5653.240611,67523.30579,19119,48.32916667,8429.752066,46.9625,48.25416667,61566.59765
3/6/2004,1.49,54.122,206.32,20716,7.78,-876.043931,58954.71074,20716,48.41666667,8330.578512,47.05833333,48.24583333,55250.5841
3/7/2004,2.97,55.346,219.49,19616,7.09,-5726.451869,49676.03306,19616,48.5125,8310.743802,47.1125,48.45,43555.06694
3/8/2004,1.95,57.848,232.47,21532,7.78,-273.7776838,42374.87603,21532,48.62083333,8310.743802,47.175,48.41666667,39406.26487
3/9/2004,2.24,61.592,202.98,20428,10.38,-6446.132639,35444.6281,20428,48.36666667,8370.247934,47.06666667,48.1375,29703.54559
3/10/2004,4.12,58.1,242.89,18554,7.74,-4503.165425,31186.1157,18554,48.26666667,8330.578512,47.12083333,48.25416667,23595.56753
3/11/2004,2.09,56.588,235.41,20106,5.26,811.9696601,27411.57025,20106,48.34166667,8211.570248,47.07916667,48.19583333,21219.62011
3/12/2004,2.59,57.92,248.24,21356,6.09,-769.62011,23502.14876,21356,48.29166667,8429.752066,47.05416667,47.84583333,16434.10335
3/13/2004,1.87,59.252,246.58,20141,6.79,-2576.706656,20040.99174,20141,48.24583333,8330.578512,47.27083333,47.7125,10490.7325
3/14/2004,2.11,59.828,147.74,21134,8,2212.680723,17236.36364,21134,48.5,8271.07438,47.34166667,47.55833333,9994.109054
3/15/2004,3.64,59.198,251.83,21164,7.59,-998.8197978,14687.60331,21164,48.45,5990.082645,47.37083333,47.52083333,8497.934612
3/16/2004,2.31,60.224,257.51,22464,6.21,1499.586049,12599.00826,22464,48.35833333,5930.578512,47.49166667,47.46666667,7681.903139
3/17/2004,1.26,62.51,245.18,22433,6.52,-1044.473387,11900.82645,22433,48.45833333,4323.966942,47.725,47.49583333,7129.943654
3/18/2004,2.67,59.288,233.65,22106,7.31,119.9158501,11553.71901,22106,48.49166667,3471.07438,47.80833333,47.4375,7134.146391
3/19/2004,0.82,53.672,228.88,22094,3.87,936.4982371,11061.81818,22094,48.58333333,3847.933884,47.57083333,47.525,6653.633438
3/20/2004,1.24,59.054,252.01,22384,8.02,850.2508595,10663.1405,22384,48.60833333,4760.330579,47.70833333,47.45833333,5684.902515
3/21/2004,1,59.54,264.92,22137,7.72,-29.09259764,10286.28099,22137,48.8625,3768.595041,47.80833333,47.47083333,5788.570032
3/22/2004,1.74,63.77,249.76,22001,11.24,593.1159184,9840,22001,48.74166667,4661.157025,47.925,47.5,4492.025607
3/23/2004,2.62,60.962,263.83,22161,11.21,846.8173682,9554.380165,22161,48.6125,7894.214876,48.0125,47.775,986.2423288
3/24/2004,3.45,53.96,216.97,22796,7.1,1308.92296,9102.14876,22796,48.64166667,7239.669421,48.12916667,47.42083333,1881.425352
3/25/2004,6.32,47.966,130.22,23009,6.78,194.0539868,8961.322314,23009,48.45416667,7497.520661,48.02083333,47.30833333,895.1830229
3/26/2004,5.68,46.112,145,23135,5.33,694.61863,9116.033058,23135,48.325,8528.92562,48.3875,47.15416667,1281.134389
3/27/2004,2.3,51.656,231.87,23135,7.69,-694.026951,9415.53719,23135,48.74166667,8528.92562,48.5,47.51666667,1814.882013
3/28/2004,2.52,57.938,266.85,22582,7.23,-1481.270443,8911.735537,22582,49.25416667,7636.363636,48.57916667,48.01666667,2543.35646
3/29/2004,3.42,61.358,255.54,23066,10.58,-783.9845592,8790.743802,23066,49.34166667,7656.198347,48.49583333,48.11666667,1199.181013
3/30/2004,2.58,57.614,199.97,21781,8.62,-1349.635558,8620.165289,21781,49.37916667,5593.38843,48.34583333,47.70833333,1246.812035
3/31/2004,3.1,52.538,287.27,20877,4.02,875.9648245,8923.636364,20877,49.5,4641.322314,49.02083333,47.625,2846.653995
4/1/2004,4.54,47.858,293.75,20686,0.52,1244.660055,9004.958678,20686,49.72916667,4839.669421,48.275,47.57083333,3708.21512
4/2/2004,3.65,51.674,297.52,21110,3.25,881.0741362,11964.29752,21110,49.71666667,4760.330579,48.35833333,47.575,6860.268017
4/3/2004,1.79,59.792,293.36,21526,8.71,759.6989251,11831.40496,21526,49.20833333,5077.68595,48.52916667,47.61666667,6717.374953
4/4/2004,2.93,60.242,276.25,21811,10.71,321.3440553,11942.47934,21811,49.05652174,3788.429752,48.66086957,47.50869565,7501.18544
4/5/2004,2.81,57.758,241.99,21368,10.43,209.8641468,12003.96694,21368,49.10833333,3669.421488,48.75,47.5125,6193.433715
4/6/2004,2.23,57.308,300.18,21253,9.84,2026.11174,12172.56198,21253,49.12083333,3629.752066,48.825,47.5,6558.371395
4/7/2004,3.59,59.27,282.16,20457,8.2,1188.438522,24825.12397,20457,48.825,3451.239669,48.92916667,48.10416667,20355.95761
4/8/2004,3.42,60.674,308.89,19507,7.96,67.92668752,26461.4876,19507,48.95,3669.421488,49.10833333,49.075,21636.39154
4/9/2004,2.72,63.14,311.38,19916,7.58,1564.674576,27600,19916,49.64166667,4879.338843,49.22916667,49.60833333,22839.07484
4/10/2004,2.13,64.472,316.56,20943,5.96,908.586317,27405.61983,20943,50.35833333,4780.165289,49.3875,50.63333333,23554.24062
4/11/2004,2.14,63.302,317.25,20782,6.93,-1089.786075,27397.68595,20782,50.7,4760.330579,49.475,50.275,22394.98561
4/12/2004,3.22,60.908,304.59,21459,8.08,919.3697619,23821.4876,21459,50.69583333,3986.77686,48.98333333,49.78333333,19550.43298
4/13/2004,3.5,55.202,272.14,21927,6.11,752.2777638,20467.43802,21927,50.40833333,4066.115702,49.00416667,49.2875,16004.7237
4/14/2004,5.17,50.792,189.39,21708,5.99,177.598614,20384.13223,21708,49.95,4085.950413,49.1375,49.09166667,15272.74697
4/15/2004,4.02,49.748,194.76,21902,5.3,1219.434848,20245.28926,21902,49.70416667,4085.950413,49.33333333,49.57083333,15516.50573
4/16/2004,2.89,51.296,251.98,22106,4.46,846.833113,17250.24793,22106,49.85,4085.950413,49.39166667,48.19166667,12330.83093
4/17/2004,2.45,50.324,231.33,22260,4.37,987.4665907,15030.7438,22260,49.5375,4026.446281,49.4625,47.75,10055.7492
4/18/2004,4.19,47.588,202.87,22997,5.07,1685.548321,12850.90909,22997,48.6,4026.446281,49.48333333,47.7,8557.473388
4/19/2004,5.61,46.112,124.02,23371,6.52,640.9894219,11982.14876,23371,48.5875,4006.61157,49.47083333,47.725,7427.637539
4/20/2004,4.67,49.1,126.33,22808,7.08,-15.10034892,11966.28099,22808,48.57916667,4006.61157,49.50416667,47.81666667,6191.332347
4/21/2004,3.85,50.882,221.8,22094,5.37,1054.337074,11978.18182,22094,48.97916667,4006.61157,49.5125,47.84583333,6365.74594
4/22/2004,3.16,54.05,340.12,22402,4.25,1913.824308,11994.04959,22402,49.59583333,4006.61157,49.65416667,47.9625,7334.476864
4/23/2004,2.44,60.494,293.77,21817,6.62,67.96115253,12119.00826,21817,49.68333333,4006.61157,49.54166667,48.03333333,6622.112909
4/24/2004,2.95,63.374,330.55,22180,7.76,1853.283785,13188.09917,22180,49.9375,4006.61157,49.5875,47.97083333,8477.621382
4/25/2004,1.47,68.108,323.59,21823,9.3,346.8662213,14058.84298,21823,49.81666667,4006.61157,49.57916667,47.95,8807.536252
4/26/2004,1.12,72.59,341.36,21617,11.34,1038.695153,14901.81818,21617,49.85416667,4006.61157,49.625,47.90416667,9815.492723
4/27/2004,1.74,73.4,339.07,21732,11.45,1194.713889,15469.09091,21732,49.73333333,3986.77686,49.575,47.87083333,10574.08679
4/28/2004,4.86,61.952,355.1,22940,3.27,2116.22726,15976.8595,22940,49.69166667,4006.61157,49.6625,47.9625,12213.85475
4/29/2004,2.72,59.27,351.95,22205,4.28,-978.6068161,16825.78512,22205,49.4625,4026.446281,49.69166667,48.01666667,11224.8106
4/30/2004,1.37,65.624,353.91,21313,6.32,682.528243,16815.86777,21313,49.42083333,4006.61157,49.80416667,48,11212.90284
5/1/2004,1.01,70.16,338.55,22607,9.09,2890.353358,17754.04959,22607,49.59166667,3986.77686,49.88333333,48.00833333,14420.99223
5/2/2004,1.62,73.364,348.3,22229,10.5,-1031.719503,17791.73554,22229,49.57083333,3966.942149,49.95833333,48.12916667,12552.87555
5/3/2004,1.43,75.38,349.16,21890,11.43,932.9178384,18176.52893,21890,49.7125,3947.107438,49.94166667,48.16666667,12894.69818
5/4/2004,2.12,71.996,354.06,22211,8.9,1655.723308,19021.4876,22211,49.75416667,4006.61157,50.07083333,48.0875,14140.80975
5/5/2004,4.22,64.112,352.25,21362,8.96,25.06628306,19870.41322,21362,49.57083333,1622.479339,50.32916667,48.09583333,16301.01667
5/6/2004,5.74,61.736,333.79,20135,9.48,719.9172143,22187.10744,20135,49.22916667,27.76859504,51.01666667,48.30416667,19796.29311
5/7/2004,4.41,60.944,336.04,20135,9.54,2363.045733,21437.35537,20135,48.98333333,749.7520661,50.57916667,48.3875,15505.29843
5/8/2004,2.38,61.07,329.12,21235,8.06,6282.304876,20996.03306,21235,49.01666667,27.76859504,51.02916667,48.42083333,15933.97762
5/9/2004,2.74,61.844,339.1,21235,7.33,5034.286843,20687.60331,21235,49.17916667,27.76859504,51,48.29166667,19800.49585
5/10/2004,3.22,56.372,239.61,20871,6.84,495.3388607,20554.71074,20871,49.24583333,27.76859504,50.99583333,48.29166667,20006.42997
5/11/2004,3.77,54.446,328.17,21653,3.58,1302.512179,18781.4876,21653,49.0625,27.76859504,50.96666667,48.3625,19291.96464
5/12/2004,2.77,59.216,369.56,22390,4.71,198.7543683,17853.22314,22390,49.17083333,27.76859504,51.03333333,48.29166667,18315.5287
5/13/2004,1.72,65.192,361.08,22285,5.04,-595.0741545,17882.97521,22285,49.40833333,27.76859504,51.12083333,48.2,17587.05426
5/14/2004,1.79,67.586,351.74,21902,5.88,-114.8476484,17902.80992,21902,49.3625,35.70247934,51.0875,48.24166667,17291.46174
5/15/2004,3.5,66.848,365.32,22155,7.91,828.645698,17888.92562,22155,49.43333333,27.76859504,51.39166667,48.34583333,17896.6559
5/16/2004,3.11,63.752,352.15,22633,6.78,442.5011248,17890.90909,22633,49.52916667,27.76859504,51.35833333,48.38333333,17860.93263
5/17/2004,3.37,63.122,339.74,22846,6.58,215.2078659,17793.71901,22846,49.5375,406.6115702,51.22083333,48.3875,16782.93054
5/18/2004,2.07,57.74,180.33,22708,8.09,466.176898,16607.60331,22708,49.55416667,31.73553719,51.4125,48.35416667,16614.12059
5/19/2004,2.56,62.096,334.91,22658,7.35,-88.2528214,16540.16529,22658,49.34166667,27.76859504,51.33333333,48.48333333,16354.25134
5/20/2004,2.1,65.39,302.88,22721,7.98,221.1453542,15869.75207,22721,49.70833333,27.76859504,51.35,48.9,15777.07544
5/21/2004,2.23,64.994,354.16,22808,8.73,151.9080311,15972.89256,22808,49.6,27.76859504,51.3875,48.9,15955.69177
5/22/2004,3.03,64.004,363.91,23275,7.66,456.4321969,16786.1157,23275,49.49166667,27.76859504,51.375,48.9,16939.83273
5/23/2004,2.16,62.276,379.54,23154,4.35,-302.4856226,16887.27273,23154,49.49166667,27.76859504,51.39166667,48.9,16630.23109
5/24/2004,1.7,65.048,379.23,21915,5.79,-1009.726958,17047.93388,21915,49.8125,31.73553719,51.425,48.74583333,15596.35774
5/25/2004,1.71,69.728,377.22,21726,7.99,1230.840607,18892.56198,21726,49.86666667,27.76859504,51.47916667,48.45833333,18305.72232
5/26/2004,1.66,71.024,265.88,21805,10.07,638.0710684,19080.99174,21805,49.64166667,27.76859504,51.49583333,48.60416667,18847.87541
5/27/2004,3.39,69.278,256.91,22777,11.04,1177.34773,20832.39669,22777,49.76666667,27.76859504,51.46666667,48.775,21681.9212
5/28/2004,2.94,62.834,246.16,22334,8.46,-1320.293101,20792.72727,22334,49.63333333,27.76859504,51.48333333,48.8,20308.32659
5/29/2004,3.44,62.744,372.78,22377,6.27,499.6320877,21911.40496,22377,49.77083333,27.76859504,51.56666667,48.89583333,21743.56134
5/30/2004,2.53,67.388,383.62,21995,6.68,-241.9249764,21881.65289,21995,49.87916667,27.76859504,51.54583333,48.8,21316.98352
5/31/2004,3.19,70.43,384.08,22044,6.63,585.9007775,21836.03306,22044,49.87916667,27.76859504,51.65,48.84583333,21378.62366
6/1/2004,3.27,72.122,382.11,22032,7.55,417.6408028,21830.08264,22032,49.97916667,27.76859504,51.725,49,21791.19236
6/2/2004,1.97,75.128,381.61,21915,9.97,-105.8783104,21851.90083,21915,50.2,255.8677686,51.65833333,49.0125,21211.91509
6/3/2004,1.43,78.17,369.14,22291,9.21,760.1179679,21889.58678,22291,50.1875,1104.793388,51.75416667,49.07916667,20989.17002
6/4/2004,1.82,77.702,376.95,20776,9.59,-1719.376632,22316.03306,20776,50.29166667,864.7933884,51.97916667,49.16666667,19696.82833
6/5/2004,2.89,73.4,369.38,21398,7.88,2376.411339,26675.70248,21398,50.30416667,2955.371901,51.72916667,49.225,24726.8043
6/6/2004,2.84,68.36,384.4,21295,7.99,-1109.473721,26755.04132,21295,50.33333333,977.8512397,52.15833333,49.19583333,25860.84288
6/7/2004,4.09,62.942,385.59,21193,4.41,-185.6527974,27609.91736,21193,50.2,2697.520661,51.74583333,49.34166667,25173.69535
6/8/2004,3.86,60.422,376.79,20159,4.79,-1295.298656,27042.64463,20159,50.14166667,1320.991736,51.9375,49.40833333,25126.06433
6/9/2004,2.15,62.384,234.21,21441,7.17,1877.588563,27603.96694,21441,50.25,2677.68595,51.80416667,49.54166667,26634.84698
6/10/2004,1.86,66.416,383.13,22069,7.87,-1080.565988,27637.68595,22069,50.34166667,1951.735537,51.975,49.74166667,26235.58695
6/11/2004,2.84,67.982,376.66,22570,7.26,-48.63653678,27590.08264,22570,50.58333333,2360.330579,51.78333333,49.76666667,24836.07546
6/12/2004,2.69,69.242,349.52,22520,7.37,343.6766061,27600,22520,50.7125,2955.371901,51.80416667,49.64583333,24611.92948
6/13/2004,3.17,71.762,384.53,22199,8.32,-288.3013808,27594.04959,22199,50.7125,3709.090909,51.99583333,49.725,23292.27
6/14/2004,5.52,73.202,384.12,22007,9.09,400.6886777,27570.24793,22007,50.87916667,3153.719008,52.125,49.87083333,24111.80375
6/15/2004,5.3,74.822,392.35,21617,7.71,-85.27482438,28883.30579,21617,51.01666667,2955.371901,52.31666667,49.875,25785.19361
6/16/2004,3.32,76.658,382.12,22106,9.14,631.7402743,29553.71901,22106,50.9375,3173.553719,52.24166667,49.94583333,27182.60373
6/17/2004,2.31,77.81,388.79,21550,9.28,-1358.438441,29696.52893,21550,50.99166667,4125.619835,51.99583333,50.31666667,26009.3396
6/18/2004,2.59,77.774,382.5,21392,12.35,-596.4305091,29020.16529,21392,51.4375,4601.652893,52.19166667,50.64583333,25604.47591
6/19/2004,1.26,78.206,385.47,22476,10.44,-101.9635133,29692.56198,22476,51.72916667,3570.247934,52.29583333,50.1,27599.37517
6/20/2004,2.7,76.982,383.15,22771,8.16,-1182.06112,29373.22314,22771,51.82916667,4006.61157,52.20416667,50.55833333,26199.86368
6/21/2004,3.11,77.558,386.77,21690,8.42,-1914.25211,29115.3719,21690,51.75416667,4145.454545,52.57916667,50.45416667,23875.75001
6/22/2004,2.55,79.754,380.76,21514,11.15,918.1673454,29028.09917,21514,51.56666667,3669.421488,52.67083333,50.40833333,25888.16067
6/23/2004,3.03,77.81,383.16,21799,11.99,-244.482984,29212.56198,21799,51.7375,3947.107438,52.83333333,50.6375,25705.34161
6/24/2004,1.37,77.342,364.66,21026,9.85,-1212.887065,29367.27273,21026,51.90416667,4383.471074,52.87916667,50.675,24532.77793
6/25/2004,2.02,77.522,389.26,22303,7.96,1728.023723,29216.52893,22303,51.8,4680.991736,53.0125,50.7125,25612.18093
6/26/2004,3.43,74.228,390.05,22402,7.62,-977.6437399,29506.1157,22402,51.8,3966.942149,53.22083333,50.80416667,26489.85255
6/27/2004,3.25,76.748,385.21,22915,10.33,-437.6789963,29272.06612,22915,51.8,3689.256198,53.27916667,50.92916667,26708.39488
6/28/2004,1.6,82.598,373.7,22984,12.74,-1056.584963,29228.42975,22984,51.85,4522.31405,53.47083333,50.79166667,25449.67509
6/29/2004,2.11,80.87,347.51,22340,13.38,-1387.559388,28786.1157,22340,51.79166667,3272.727273,53.94166667,50.7,25185.60311
6/30/2004,2.38,78.872,363.71,22865,12,852.7853198,28940.82645,22865,51.7375,3292.561983,53.84166667,50.59166667,27446.67572
7/1/2004,1.87,78.422,373.7,22279,12.69,-2384.411257,29034.04959,22279,51.74583333,3510.743802,54.01666667,50.42916667,26875.10346
7/2/2004,2.19,79.394,367.2,22714,11.91,-916.7976749,29208.59504,22714,51.82916667,4403.305785,54.05416667,50.13333333,26882.80848
7/3/2004,1.62,82.04,372,22859,12.25,-1932.519224,29226.44628,22859,51.45833333,4026.446281,54.02083333,50.07083333,25223.42774
7/4/2004,1.83,83.336,376.15,22421,12.98,-461.42774,29111.40496,22421,51.55,3986.77686,54.125,50.24166667,25487.49973
7/5/2004,2.25,83.912,378.67,22526,11.9,-257.8716308,29133.22314,22526,51.72916667,4998.347107,54.22916667,50.35416667,25399.9427
7/6/2004,2.64,85.316,381.73,21429,10.2,-2362.066667,28996.36364,21429,51.7,3808.264463,54.44583333,50.40416667,24616.13222
7/7/2004,1.66,83.048,375.78,20913,10.26,55.96695355,28778.18182,20913,51.8,2380.165289,54.26666667,50.58333333,26061.17336
7/8/2004,2.53,79.574,380.18,21495,10.06,918.8431689,29121.32231,21495,52.1,4542.14876,54.34583333,50.77916667,25300.47792
7/9/2004,4.12,74.75,378.34,21653,9.36,-563.3043663,29510.08264,21653,52.3625,4780.165289,54.525,50.83333333,25168.0917
7/10/2004,1.52,75.794,371.99,21732,8.16,-359.1743446,30803.30579,21732,52.2125,4462.809917,54.55833333,50.95416667,25507.1125
7/11/2004,1.85,77.972,369.93,22821,8.17,1922.383368,29660.82645,22821,52.3,4621.487603,54.50833333,51.01666667,25437.76734
7/12/2004,2.5,81.248,379.3,22316,7.13,-903.428497,29529.91736,22316,52.39166667,4125.619835,54.57083333,51.04166667,25062.32282
7/13/2004,2.4,80.672,383.27,22458,5.71,483.9747007,29611.23967,22458,52.6,4323.966942,54.64583333,51.275,25598.17181
7/14/2004,3.23,80.564,379.28,22458,6.05,-310.8990827,29516.03306,22458,52.6,4383.471074,54.68333333,51.4,25542.83577
7/15/2004,2.27,80.762,382.18,23250,3.77,381.7262135,29363.30579,23250,52.67916667,4363.636364,54.76666667,51.58333333,26166.24179
7/16/2004,1.41,82.346,376.61,22947,5.57,-1469.572369,29448.59504,22947,52.66666667,4482.644628,54.875,50.8,25916.17892
7/17/2004,3.12,82.436,312.83,22878,7.84,-1019.228507,29182.80992,22878,52.4375,4343.801653,54.98333333,50.90833333,24611.92948
7/18/2004,2.88,79.916,293.74,22915,9.62,264.0787845,29260.16529,22915,52.44583333,4343.801653,55.01666667,51.1125,25816.71414
7/19/2004,2.49,79.682,262.54,22626,12.94,-1189.350504,29034.04959,22626,52.4875,4462.809917,55.09166667,51.04583333,24494.95329
7/20/2004,1.53,82.526,366.6,22520,11.94,-29.71362058,29389.09091,22520,52.6,4601.652893,55.02083333,51.225,26517.8708
7/21/2004,1.64,85.604,369.49,20829,9.31,-3421.432783,30999.66942,20829,52.80416667,4482.644628,55.31666667,50.5375,27246.34525
7/22/2004,1.16,87.782,368.97,21044,7.82,-514.3204566,31852.56198,21044,51.925,4442.975207,55.25,50.3,28248.69807
7/23/2004,1.75,88.862,366.52,22229,8.99,345.8887069,32348.42975,22229,51.89166667,4482.644628,55.22916667,50.52916667,28357.96923
7/24/2004,2.47,87.998,294.29,22236,11.52,-485.184106,31902.14876,22236,51.99166667,4403.305785,55.2,50.49583333,26902.42125
7/25/2004,2.01,87.512,359.27,22564,11.45,924.4217252,31836.69421,22564,51.97916667,4423.140496,55.3125,50.57083333,27303.78265
7/26/2004,1.51,87.998,361.46,22408,10.03,-46.22893099,31731.57025,22408,52.15416667,4363.636364,55.27083333,50.66666667,28268.31084
7/27/2004,1.48,87.71,365.8,22790,7.26,-518.3769557,31003.63636,22790,52.1625,4363.636364,55.275,50.67083333,24784.94216
7/28/2004,2.15,86.198,361.48,22903,7.1,1968.05784,30676.36364,22903,52.42083333,4442.975207,55.45416667,50.7625,25407.64772
7/29/2004,2.82,82.544,364.75,23104,6.48,1026.74071,28704.79339,23104,52.48333333,4502.479339,55.39583333,50.7,23585.76115
7/30/2004,2.42,82.382,363.14,22846,5.17,358.5528996,28581.81818,22846,52.4125,4343.801653,55.40833333,49.99583333,23178.7961
7/31/2004,3.66,80.96,359.57,22670,6.48,883.2204289,28728.59504,22670,51.65,4383.471074,55.40833333,49.57916667,23212.41799
8/1/2004,5.11,76.442,349.21,22408,5.5,870.7059769,28534.21488,22408,51.4375,4423.140496,55.46666667,49.72916667,22607.22384
8/2/2004,3.31,74.318,357.14,21970,4.55,1065.85054,28558.01653,21970,51.5125,4442.975207,55.44166667,49.79583333,22881.10221
8/3/2004,1.21,77.954,356.84,20782,4.13,45.93911231,27580.16529,20782,51.56666667,4363.636364,55.53333333,50.49166667,20739.10715
8/4/2004,2.62,78.728,353.49,21447,4.31,3142.421776,26616.19835,21447,52.37916667,4423.140496,55.60833333,51.43333333,22745.91416
8/5/2004,2.76,77.198,343.32,21325,3.38,-674.8563088,26338.5124,21325,52.975,4046.280992,55.67083333,50.4875,21346.40268
8/6/2004,2.41,77.936,332.64,21641,5.97,1261.828725,25838.67769,21641,51.9625,3570.247934,55.6375,50.07083333,21098.44118
8/7/2004,2.65,81.194,351.09,22658,5.95,2186.988572,24658.5124,22658,51.625,3530.578512,55.82916667,50.12916667,21024.89328
8/8/2004,2.92,85.28,349.2,23211,3.59,656.0406043,24753.71901,23211,51.87083333,3649.586777,55.7625,50.29166667,20508.65706
8/9/2004,2.66,86.756,349.12,23009,3.94,393.4751714,24829.09091,23009,52.06666667,3788.429752,55.67083333,50.5625,19839.72139
8/10/2004,1.96,88.25,347.72,22458,3.4,649.939767,24745.78512,22458,52.14166667,3510.743802,55.8,49.95,19625.3818
8/11/2004,2.63,90.158,344.35,22229,3.02,1380.659522,23910.7438,22229,51.64166667,3649.586777,55.83333333,49.75416667,18956.44613
8/12/2004,3.23,90.23,339.86,22007,4.05,1082.710895,22944.79339,22007,51.47083333,3550.413223,55.60833333,49.82083333,18035.34622
8/13/2004,4.56,87.188,337.99,22063,5.57,1415.033945,21736.8595,22063,51.78333333,3550.413223,55.87083333,50.0625,17313.17588
8/14/2004,4.29,84.146,331.52,21823,3.46,633.270401,20971.23967,21823,51.775,3550.413223,55.8875,49.825,15997.01868
8/15/2004,2.86,81.428,337.65,21544,3.33,1144.807766,20866.1157,21544,52,3490.909091,55.59166667,50.10833333,15689.51841
8/16/2004,1.98,83.462,331,23224,5.19,3365.688202,20836.36364,23224,51.975,2876.033058,55.65,50.09583333,18676.9641
8/17/2004,1.77,84.956,328.67,22340,5.23,-1600.633521,20709.42149,22340,51.34583333,27.76859504,56.10416667,50.09166667,18520.06191
8/18/2004,1.98,87.782,327.76,22915,4.38,2736.590983,19983.47107,22915,51.3,27.76859504,56.10416667,49.93333333,19143.46793
8/19/2004,2.78,89.546,301.86,22878,3.76,775.2345493,19005.61983,22878,51.07916667,27.76859504,56.14583333,50.11666667,17495.99495
8/20/2004,3.13,85.136,326.08,22739,5.72,1342.85629,18926.28099,22739,51.24166667,27.76859504,56.14166667,50.2375,17710.33455
8/21/2004,3.62,83.156,327.98,21983,3.63,432.1778467,18833.05785,21983,51.42916667,1886.280992,55.86666667,50.25833333,15760.96494
8/22/2004,3.53,76.946,231.5,20937,6.34,139.8119195,18882.64463,20937,51.87083333,3471.07438,55.83333333,50.35,14018.22992
8/23/2004,2.83,74.246,272.9,22488,8.54,2944.340328,18553.38843,22488,51.74166667,3510.743802,55.84583333,50.525,16046.75107
8/24/2004,2.93,75.38,289.04,21964,6.8,-1528.106442,17948.42975,21964,51.93333333,3490.909091,56.025,50.66666667,13527.91058
8/25/2004,2.9,73.562,278.65,20895,5.48,-139.3899188,18797.35537,20895,52.625,3153.719008,55.6,50.94583333,14464.42052
8/26/2004,4.49,71.15,317.65,20883,3.82,1167.215844,19896.19835,20883,52.275,1914.049587,55.9375,50.69166667,17831.51347
8/27/2004,3.13,76.982,316.48,21471,2.62,738.6352903,19848.59504,21471,51.98333333,2023.140496,56.125,50.875,18093.48409
8/28/2004,2.01,82.256,315.57,22155,0.47,415.9704555,18936.19835,22155,52.40416667,1979.504132,56.2375,51.17916667,16422.1956
8/29/2004,2.31,86.072,312.91,22582,0.1,961.4986149,18862.80992,22582,52.39166667,1969.586777,56.29583333,51.34583333,16872.58893
8/30/2004,2.28,86.594,311.72,21872,0.59,-689.3657895,18892.56198,21872,52.75416667,1983.471074,56.3625,51.21666667,15342.09214
8/31/2004,4.02,84.146,309.38,22026,-1.2,1720.998769,17904.79339,22026,52.85,3927.272727,56.0875,51.39583333,13527.91058
9/1/2004,2.96,80.312,288.87,22229,-0.86,652.6100812,16881.32231,22229,53.15833333,4006.61157,56.08333333,51.85833333,12642.53394
9/2/2004,6.47,73.778,310,22538,-1.18,541.1768038,16819.83471,22538,53.67083333,3570.247934,56.05,52.14166667,13416.53804
9/3/2004,5.2,70.142,303.21,22513,-0.61,-191.9512631,17777.85124,22513,53.33333333,2003.305785,56.06666667,51.90833333,15606.16412
9/4/2004,2.95,76.352,300.62,22940,0.32,595.3813345,17777.85124,22940,52.99583333,1955.702479,56.14583333,52.65416667,15989.31366
9/5/2004,1.53,82.346,299.49,22846,-1.81,-261.1648997,17779.83471,22846,53.5,1955.702479,55.825,52.55,15721.03894
9/6/2004,2.29,84.506,297.8,22260,-3.31,-482.9067086,17775.86777,22260,53.68333333,1918.016529,55.75,52.80416667,15405.83365
9/7/2004,2.28,84.164,295.84,21970,-4.6,162.0175897,17756.03306,21970,53.9125,2181.818182,55.74583333,52.79166667,14881.19196
9/8/2004,2.55,83.408,291.57,22205,-4.34,928.022916,17775.86777,22205,54.14583333,2003.305785,55.64166667,52.34166667,15840.11649
9/9/2004,2.49,81.5,292.54,21775,-4.88,-497.5545065,17760,21775,53.65416667,2062.809917,55.70416667,52.69583333,14845.46869
9/10/2004,2.16,82.544,287.25,22353,-5.72,1429.721393,17769.91736,22353,53.8875,2102.479339,55.80416667,52.87083333,15989.31366
9/11/2004,2.35,84.47,279.26,22032,0.25,-642.8756435,17835.3719,22032,53.95833333,3074.380165,55.94166667,52.90416667,14188.44078
9/12/2004,3.35,77.63,278.85,22223,3.22,763.5509555,17773.8843,22223,54.22916667,2082.644628,56.20833333,53.6,15753.25993
9/13/2004,3.98,70.898,280.85,21720,1.87,-565.0202606,17748.09917,21720,54.4,2261.157025,56.125,53.89583333,14428.69725
9/14/2004,5.14,70.214,278.53,22161,-1.38,1499.244899,17777.85124,22161,54.51666667,2142.14876,56.0375,54.05416667,15953.5904
9/15/2004,3.92,74.174,270.83,21829,1.04,-649.8879207,17771.90083,21829,54.7,2062.809917,55.83333333,54.19583333,14318.02517
9/16/2004,2.65,75.686,271.58,22254,3.74,1816.065739,17765.95041,22254,54.77916667,2082.644628,55.82083333,54.63333333,15320.37799
9/17/2004,3.63,72.518,264.54,22808,2.44,916.9277951,17637.02479,22808,55.00833333,2082.644628,55.90416667,54.23333333,16008.92644
9/18/2004,3.27,60.152,271.18,22488,-1.71,-774.5462747,17795.70248,22488,54.81666667,2042.975207,55.83333333,54.52916667,15564.13675
9/19/2004,2.42,55.184,153.63,22026,0.91,-273.4094773,17769.91736,22026,54.90833333,3094.214876,55.92083333,54.925,14121.19698
9/20/2004,2.41,60.044,264.39,21884,0.11,412.5054993,17817.52066,21884,55.01666667,3133.884298,55.975,54.6125,14556.18028
9/21/2004,1.89,66.65,263.97,21435,-2.37,-321.5439164,16740.49587,21435,55.31666667,3133.884298,55.925,55.09166667,12830.95666
9/22/2004,2.55,73.508,259.42,21502,-1.73,842.6549102,16611.57025,21502,55.38333333,3133.884298,55.7125,55.51666667,13456.46405
9/23/2004,1.79,75.578,257.1,22143,0.2,662.2219004,16639.33884,22143,55.725,2955.371901,55.6125,55.74583333,13875.33685
9/24/2004,1.94,77.144,256.54,22087,-0.91,-247.3699079,15937.19008,22087,55.96666667,3014.876033,55.4625,55.575,12515.05092
9/25/2004,1.96,76.964,254.77,22186,-2.77,506.2631296,15929.2562,22186,55.97083333,4323.966942,55.53333333,56.09166667,11328.47811
9/26/2004,1.85,76.64,254.94,22451,-3.8,541.8111462,15917.35537,22451,56.0125,4442.975207,55.42916667,56.38333333,11504.99308
9/27/2004,2.78,76.406,248.86,22607,-4.3,125.3870853,15867.7686,22607,56.03333333,6505.785124,55.13333333,55.775,9341.283876
9/28/2004,2.29,73.832,245.95,21805,-1.49,-781.3004049,15032.72727,21805,55.84166667,6545.454545,54.9,56.15833333,7302.956335
9/29/2004,2.36,71.906,241.3,21659,3.57,1038.316392,14933.55372,21659,55.625,6565.289256,54.59583333,56.74583333,8079.061804
9/30/2004,2.3,69.44,239.43,21750,5.67,380.2026588,14959.33884,21750,55.87916667,6585.123967,54.35416667,56.71666667,8343.133791
10/1/2004,1.82,69.548,236.54,22254,6.11,535.081085,14090.57851,22254,55.80833333,6565.289256,54.04166667,56.60833333,7700.115
10/2/2004,1.5,73.814,232.53,22545,5.81,116.1742562,13973.55372,22545,55.8125,6525.619835,53.77916667,57.1,7578.936078
10/3/2004,2.2,76.298,227.58,21933,3.86,-743.0021937,13999.33884,21933,55.76666667,6565.289256,53.57083333,56.5625,6675.347581
10/4/2004,1.63,75.866,229.44,21459,2.69,284.7020058,13961.65289,21459,55.72916667,6565.289256,53.4,56.66666667,6677.448949
10/5/2004,2.24,74.498,226.09,21502,1.62,761.9146874,13979.50413,21502,55.62083333,6347.107438,53.29583333,56.65833333,7060.59849
10/6/2004,2.77,73.04,218.97,21720,3.8,789.7982042,13963.63636,21720,55.55,6267.768595,53.15416667,56.725,7237.113453
10/7/2004,2.27,72.428,221.36,21301,5.19,39.7543156,13979.50413,21301,55.59166667,6267.768595,53.08333333,56.925,6776.91373
10/8/2004,3.45,71.168,219.11,21104,4.54,737.8218072,13961.65289,21104,55.6,6228.099174,52.96666667,56.7625,6973.041465
10/9/2004,4.43,63.176,220.65,21026,2.2,682.512254,14850.24793,21026,55.52916667,6386.77686,53.16666667,57.10833333,7914.454597
10/10/2004,4.74,61.79,219.94,21550,-3.16,1073.016477,14860.16529,21550,55.59583333,6128.92562,53.1875,56.75416667,8608.606691
10/11/2004,3.8,63.806,218.11,21356,-7.35,-71.36702158,14911.73554,21356,55.65833333,6386.77686,53.03333333,57.17083333,7715.525037
10/12/2004,3.19,70.628,210.99,21068,-6.35,521.4336407,14864.13223,21068,55.50416667,6208.264463,52.9125,57.32083333,8055.246293
10/13/2004,2.56,74.84,208.34,20358,-0.4,-109.3785244,14911.73554,20358,55.6375,6366.942149,52.77916667,57.1625,7445.8494
10/14/2004,1.48,75.65,209.11,20973,-2.35,1713.943988,14911.73554,20973,55.5375,6386.77686,52.56666667,57.49583333,8569.381144
10/15/2004,1.85,74.678,210.99,21952,-6.61,934.5775337,15391.73554,21952,55.73333333,6366.942149,52.34583333,57.90833333,9359.495737
10/16/2004,6.23,66.362,200.61,22180,0.06,-106.7023486,15822.14876,22180,55.90833333,5752.066116,52.225,57.15,13430.54717
10/17/2004,6.7,56.804,88.14,22589,7.82,-2951.464525,15822.14876,22589,55.43333333,6327.272727,52.24583333,56.925,9065.304133
10/18/2004,4.04,51.998,108.26,22254,5.48,94.57190006,15885.61983,22254,55.0375,6208.264463,52.24583333,57.54583333,8586.892549
10/19/2004,7.88,48.02,96.38,22733,7.57,1569.462823,15762.64463,22733,54.84166667,6466.115702,52.34583333,57.0375,8722.080595
10/20/2004,1.28,48.344,105.01,22402,6.3,243.4483306,14997.02479,22402,55.2,4482.644628,52.62916667,57.4,8281.493646
10/21/2004,0.96,51.188,175.14,21550,5.2,1380.886519,14007.27273,21550,56.34583333,1037.355372,52.60416667,57.4,11630.37474
10/22/2004,2.27,52.844,105.27,21690,6.79,1479.542615,13955.70248,21690,56.99166667,759.6694215,52.6,57.2375,12114.38997
10/23/2004,2.17,51.26,103.89,21726,8.61,1117.643088,13795.04132,21726,56.62916667,2519.008264,52.64166667,57.15416667,10365.35084
10/24/2004,2.19,51.782,169.89,20692,4.17,-123.3177821,13921.98347,20692,55.91666667,4284.297521,52.65,57.55,7479.471298
10/25/2004,3.87,49.298,125.71,21726,3.41,3192.214652,13884.29752,21726,55.77083333,3510.743802,52.37916667,57.51666667,10633.62556
10/26/2004,3.88,47.066,124.43,22273,5.11,286.928159,13900.16529,22273,56.10416667,3689.256198,52.47083333,57.37916667,9645.281866
10/27/2004,2.06,47.66,157.37,22260,4.15,552.6272249,13011.57025,22260,55.81666667,3788.429752,52.35416667,57.79166667,8521.750122
10/28/2004,2.16,48.254,77.29,21817,5.7,258.3903739,12886.61157,21817,55.70833333,4105.785124,52.28333333,57.825,7713.423668
10/29/2004,0.76,52.34,153.32,22174,5.68,1424.402778,12065.45455,22174,55.84583333,3728.92562,52.19166667,57.51666667,8096.573209
10/30/2004,2.01,52.898,162.82,21848,5.11,-86.04428338,11942.47934,21848,56,3173.553719,52.14166667,57.7875,7493.480422
10/31/2004,3.87,48.038,174.34,22087,-0.51,1514.445198,12414.54545,22087,56.175,967.9338843,52.3,57.45,10716.97985
11/1/2004,2.74,49.712,164.63,22890,-1.51,1532.63172,11952.39669,22890,56.64166667,993.7190083,52.25,56.95833333,10711.3762
11/2/2004,1.96,54.032,135.25,22242,1.91,-400.698514,11567.60331,22242,56.45833333,973.8842975,52.19583333,56.95416667,9372.804405
11/3/2004,6.22,48.092,45.82,22229,4.97,1207.914603,10962.64463,22229,56.4125,898.5123967,52.28333333,57.19583333,9660.691903
11/4/2004,3.16,49.424,152.47,21158,1.95,-667.5596716,11028.09917,21158,56.11666667,154.7107438,52.50833333,57.31666667,9093.322381
11/5/2004,1.83,52.556,163.23,22050,2.44,2672.066049,10589.75207,22050,56.7125,351.0743802,52.3,56.62083333,10399.67319
11/6/2004,2.05,55.616,160.33,21641,3.03,-569.995504,10361.65289,21641,56.5,360.9917355,52.4625,56.97916667,8680.053223
11/7/2004,1.55,57.776,156.41,21295,3.27,974.607934,10314.04959,21295,56.4625,27.76859504,52.45416667,56.75,8948.327948
11/8/2004,2.37,53.69,113.57,21104,6.36,1146.953044,10327.93388,21104,56.48333333,184.4628099,52.2125,56.82916667,9285.947836
11/9/2004,2.8,52.754,70.41,22266,9.37,2019.523238,9955.041322,22266,56.37083333,341.1570248,52.38333333,56.53333333,10244.87237
11/10/2004,3.01,51.44,87.29,22143,9.5,-753.9880725,9520.661157,22143,56.225,345.1239669,52.48333333,56.59166667,8650.634063
11/11/2004,1.62,49.37,60.91,21550,8.85,-68.09687292,9092.231405,21550,56.05833333,329.2561983,52.52083333,56.375,7987.302042
11/12/2004,1.79,52.142,137.92,21404,8.11,629.6731646,8975.206612,21404,55.96666667,347.107438,52.55416667,56.34583333,8324.92193
11/13/2004,3.32,54.86,135.41,21182,7.62,81.17724355,8505.123967,21182,55.99166667,2320.661157,52.725,56.77083333,6062.448406
11/14/2004,0.96,54.572,125.85,21235,5.62,175.0144039,8167.933884,21235,55.54166667,394.7107438,52.6625,56.54583333,7843.008065
11/15/2004,0.93,54.338,77.03,22242,6.62,937.2150755,8007.272727,22242,55.87916667,273.7190083,52.57083333,56.21666667,8313.014175
11/16/2004,0.92,56.768,125.23,22852,7.76,30.53954401,7935.867769,22852,56.07083333,27.76859504,52.6,56.31666667,8227.558519
11/17/2004,0.97,54.95,139.82,22978,6.43,-193.4593454,7925.950413,22978,56.1375,27.76859504,52.51666667,56.1625,7336.578233
11/18/2004,2.27,52.7,135.55,22551,4.66,134.6035852,8048.92562,22551,56.07916667,27.76859504,52.525,55.80833333,7209.795661
11/19/2004,4.73,47.696,139.23,21829,-0.05,89.36136379,7939.834711,21829,55.9,27.76859504,52.52083333,56.05,6612.306523
11/20/2004,3.99,44.474,139.69,22595,-2.92,2065.759593,7943.801653,22595,55.4375,27.76859504,52.49166667,56.05833333,7910.25186
11/21/2004,3.55,41.216,138.16,22482,-5.37,-107.2188021,7951.735537,22482,55.075,27.76859504,52.42083333,56.02916667,7017.170206
11/22/2004,2.08,44.024,106.89,22340,-4.7,764.7967361,7925.950413,22340,55.2,27.76859504,52.475,55.91666667,6949.225955
11/23/2004,2.12,47.048,131.99,22421,-1.32,1029.955863,7921.983471,22421,55.17083333,27.76859504,52.5125,55.825,7167.768289
11/24/2004,1.74,50.486,128.17,22421,3.04,726.446587,7923.966942,22421,55.275,27.76859504,52.475,55.625,7148.155515
11/25/2004,0.93,43.79,30.32,21787,4.35,114.0428321,7933.884298,21787,55.25,27.76859504,52.47916667,55.25,6584.288275
11/26/2004,1.03,44.978,105.39,21933,4.59,1467.827427,7959.669421,21933,55.10833333,27.76859504,52.45833333,55.28333333,7356.191006
11/27/2004,5.19,43.826,116.46,22365,0.9,1007.70982,8495.206612,22365,54.8875,27.76859504,52.46666667,55.30833333,8096.573209
11/28/2004,3.65,38.264,130.44,22180,-4.53,185.8648075,8534.876033,22180,54.66666667,27.76859504,52.54166667,55.27083333,7641.977136
11/29/2004,1.59,36.968,128.76,22050,-5.88,735.130302,8491.239669,22050,54.475,27.76859504,52.73333333,55.1625,7398.218378
11/30/2004,1.1,38.354,73.42,21562,-4.29,577.2526964,8497.190083,21562,54.2375,27.76859504,52.55,54.97916667,6924.009531
12/1/2004,2.97,39.308,115.1,21380,-2.5,1363.411957,8499.173554,21380,54.14166667,27.76859504,52.39583333,54.75833333,7155.860533
12/2/2004,3.22,37.526,126.18,21763,-3.75,1698.544426,8158.016529,21763,53.98333333,27.76859504,52.16666667,54.875,7431.840276
12/3/2004,1.77,37.958,125.15,22658,-4.6,1593.407658,7947.768595,22658,53.81666667,27.76859504,51.9375,54.97083333,7860.51947
12/4/2004,2.93,38.336,104.13,22007,-3.19,-591.51947,7945.785124,22007,53.725,27.76859504,51.7375,54.27083333,6327.921306
12/5/2004,1.4,41.972,93.97,22211,-0.77,1794.095223,7947.768595,22211,53.79166667,27.76859504,51.575,53.95,7034.681611
12/6/2004,8.05,41.63,47.79,22334,2.07,1008.318389,7949.752066,22334,53.48333333,27.76859504,51.37083333,53.7,6528.952235
12/7/2004,7.38,44.456,54.99,22614,5.83,1673.031236,7929.917355,22614,53.00833333,27.76859504,51.14583333,53.26666667,6157.710449
12/8/2004,9,50.954,42.84,22595,9.61,1725.438311,7931.900826,22595,52.45416667,27.76859504,51.10833333,53.28333333,4462.606447
12/9/2004,3.39,52.79,40.09,22161,10.6,3007.525784,7955.702479,22161,52.51666667,240,50.77083333,53.2625,5808.182806
12/10/2004,1.17,54.158,84.66,22168,10.17,1914.519673,7947.768595,22168,52.6625,533.553719,50.20416667,53.20833333,6206.742383
12/11/2004,0.95,54.5,109.11,22427,8.48,1466.472493,7927.933884,22427,52.825,497.8512397,50.1875,52.89166667,6603.901048
12/12/2004,2.22,53.654,108.6,22112,7.75,511.1815966,7943.801653,22112,52.8375,547.4380165,50.13333333,52.64583333,6101.673953
12/13/2004,2.39,50.81,60.53,21958,8.23,1140.689683,7923.966942,21958,52.775,503.8016529,50.05833333,52.35416667,6298.502145
12/14/2004,2.2,51.674,106.32,22217,7.51,1380.663144,7957.68595,22217,52.6625,507.768595,49.92083333,52.15,6562.574133
12/15/2004,2.76,47.156,113.18,22143,2.54,813.3432224,7941.818182,22143,52.40833333,521.6528926,50.07083333,51.9625,6260.677511
12/16/2004,2.06,46.31,115.94,22464,0.82,1480.487778,7953.719008,22464,52.03333333,531.5702479,50.325,52.03333333,6546.46364
12/17/2004,1.68,47.066,108.51,22589,1.43,1000.68512,7943.801653,22589,51.69166667,525.6198347,50.22916667,51.68333333,6951.327323
12/18/2004,1.78,50.162,112.51,21811,3.12,-311.1455048,7945.785124,21811,51.57916667,513.7190083,50.2,51.50416667,5536.4058
12/19/2004,1.14,49.928,110.96,22223,2.66,2307.660316,7937.85124,22223,51.425,543.4710744,50.1625,51.275,6477.118476
12/20/2004,2.88,46.688,85.18,21872,1.75,566.2616893,7951.735537,21872,51.24583333,218.1818182,50.24166667,51.29166667,6189.230978
12/21/2004,3.54,43.088,115.99,21489,-0.62,1161.322741,7963.636364,21489,51.1375,27.76859504,50.3625,51.23333333,6518.445392
12/22/2004,3.28,42.89,114,21380,-0.03,1308.422377,7937.85124,21380,50.9375,27.76859504,50.30416667,51.93333333,6722.978602
12/23/2004,3.16,41.054,116.05,21423,-1.04,1230.104043,7953.719008,21423,50.80833333,27.76859504,50.2,53.26666667,6889.687178
12/24/2004,1.42,42.656,116.32,21562,-1.82,1175.263235,8889.917355,21562,51.20833333,27.76859504,50.08333333,53.14166667,7975.394287
12/25/2004,3.07,39.884,114.85,21368,-0.79,692.7544733,8895.867769,21368,52.04166667,27.76859504,49.95416667,52.87916667,7667.894015
12/26/2004,6.08,41.972,32.78,21502,4.66,1334.205159,8895.867769,21502,52.22083333,27.76859504,49.71666667,52.65,7695.912263
12/27/2004,6.23,46.562,48.77,23066,7.54,2736.186911,8949.421488,23066,51.34583333,2201.652893,49.29166667,52.36666667,4805.829984
12/28/2004,2.06,45.932,47.66,22639,6.85,1514.938611,9038.677686,22639,50.33333333,5831.404959,48.73333333,52.1125,615.0005431
12/29/2004,5.14,43.646,78.65,22254,4.62,2207.272184,8132.231405,22254,49.5625,3867.768595,48.5625,51.94583333,2880.275892
12/30/2004,8.11,42.152,69.37,22137,2.78,1267.186918,7967.603306,22137,49.5,4085.950413,48.45833333,51.75833333,1990.696519
12/31/2004,6.95,42.314,6.96,22884,2.66,2637.956374,7959.669421,22884,49.475,4224.793388,48.38333333,51.60416667,2705.862298
1/1/2005,5.94,38.678,49.73,23016,1.85,1161.013735,8193.719008,23016,49.24166667,3094.214876,48.125,51.4125,3384.604356
1/2/2005,1.73,38.228,51.97,21921,2.28,619.8997762,8019.173554,21921,49.62916667,1739.504132,47.9625,51.19166667,3668.289116
1/3/2005,2.82,40.586,99.16,22532,3.07,3222.380305,8017.190083,22532,49.87916667,1112.727273,47.9375,51.22916667,6274.686635
1/4/2005,1.88,38.156,120.38,22708,-0.14,805.7761749,7991.404959,22708,49.92916667,541.4876033,48.02916667,51.05833333,6558.371395
1/5/2005,1.75,39.398,46.17,21038,2.55,-778.4540396,8058.842975,21038,49.95833333,577.1900826,47.95833333,50.95,5107.726606
1/6/2005,1.75,40.154,71.38,20841,3.23,2176.926287,7852.561983,20841,50.07916667,573.2231405,47.86666667,50.85,6201.138734
1/7/2005,6.47,40.316,48.1,22470,3.59,2707.200109,8179.834711,22470,50.00416667,525.6198347,47.65,50.70416667,7910.25186
1/8/2005,9.39,39.686,85.23,21878,1.65,-848.036984,8342.479339,21878,49.77083333,466.1157025,47.50416667,50.47916667,6278.889372
1/9/2005,4.38,40.406,49.22,23275,3.54,2994.474264,8146.115702,23275,49.79583333,448.2644628,47.4125,50.2875,8269.585891
1/10/2005,2.1,41.396,55.13,23003,4.07,-843.7346513,7783.140496,23003,49.8375,593.0578512,47.20416667,50.2375,6065.950687
1/11/2005,2.03,40.892,70.64,23053,3.5,1174.131958,7384.46281,23053,49.675,527.6033058,47.02083333,50.175,5909.048498
1/12/2005,1.6,38.984,130.58,23060,-0.54,954.8110061,7507.438017,23060,49.54166667,549.4214876,47.05,50.04166667,6242.465649
1/13/2005,0.96,40.064,120.1,23141,-1.24,796.5508799,7566.942149,23141,49.3,529.5867769,47.09583333,49.9,6481.321213
1/14/2005,0.69,42.782,82.58,22695,1.33,110.0341589,7426.115702,22695,49.12916667,515.7024793,46.87083333,49.8,5905.546217
1/15/2005,0.95,46.76,66.84,21983,3.99,292.8670061,7382.479339,21983,49.0875,549.4214876,46.7,49.75416667,5601.548227
1/16/2005,1.15,44.744,69.4,21927,5.09,1175.509624,7396.363636,21927,49.2875,507.768595,46.65416667,49.69583333,6338.428149
1/17/2005,1.56,48.596,123.3,21277,5.72,-99.83310768,7352.727273,21277,49.45833333,485.9504132,46.6,49.69583333,5549.714468
1/18/2005,2.04,52.214,122.55,21799,6.36,1839.062392,7338.842975,21799,49.4875,301.4876033,46.76666667,49.6,6606.002417
1/19/2005,1.07,52.88,128.33,22063,5.62,695.3529549,7372.561983,22063,49.51666667,27.76859504,47.0125,49.52916667,6653.633438
1/20/2005,0.75,51.404,125.13,22081,5.24,709.1599504,7358.677686,22081,49.54166667,27.76859504,46.70833333,49.4875,6441.39521
1/21/2005,1.49,50.396,133.95,22626,3.82,1434.513881,7346.77686,22626,49.49166667,27.76859504,46.725,49.48333333,7044.487998
1/22/2005,1.07,48.866,137.24,22143,2.6,-208.4797335,7340.826446,22143,49.40416667,27.76859504,46.71666667,49.36666667,6105.87669
1/23/2005,0.98,49.424,140.95,22316,3.4,1380.181161,7332.892562,22316,49.37916667,27.76859504,46.70833333,49.325,6774.812361
1/24/2005,1.28,50.774,134.73,22545,4.67,759.3116059,7348.760331,22545,49.39583333,27.76859504,46.65416667,49.32916667,6792.323766
1/25/2005,2.25,48.902,45.06,22038,7.91,21.66796954,7356.694215,22038,49.42083333,301.4876033,46.54166667,49.275,5827.795579
1/26/2005,3.09,47.714,68.87,22217,7.95,1406.411033,7328.92562,22217,49.325,3094.214876,46.37916667,49.19166667,2937.7133
1/27/2005,3.13,45.914,89.21,22890,6.3,1969.997444,7366.61157,22890,48.725,1176.198347,46.52916667,49.11666667,5436.94102
1/28/2005,6.77,44.528,102.94,21307,4.86,-829.5277969,7672.066116,21307,48.7875,2400,46.2875,48.77916667,1788.264677
1/29/2005,2.52,42.836,148.45,20586,2.84,2762.801439,7396.363636,20586,48.74166667,2757.024793,46.3625,48.9125,2439.688943
1/30/2005,2.97,41.342,153.89,19412,0.1,1025.6499,7380.495868,19412,48.49583333,2677.68595,46.47083333,49.30416667,1927.655461
1/31/2005,2.98,43.862,129.53,22557,0.77,5920.154456,7374.545455,22557,48.32083333,2479.338843,46.64583333,49.22083333,6984.949221
2/1/2005,3.02,43.592,156.93,20931,-0.02,-3715.742609,7301.157025,20931,48.4,533.553719,47.14166667,49.07083333,4202.03674
2/2/2005,2.98,44.15,160.74,19703,-0.09,1337.566566,7374.545455,19703,48.59166667,1674.049587,47.00833333,48.95833333,3675.994135
2/3/2005,2.21,47.498,162.51,20740,2.01,3061.501733,7340.826446,20740,48.6375,3173.553719,47.20833333,48.95,4416.376337
2/4/2005,1.17,48.038,150.37,20698,3.68,-291.1036097,7402.31405,20698,48.47916667,2261.157025,47.00416667,48.73333333,4347.031174
2/5/2005,3.68,46.688,152.29,20054,2.65,150.1258508,7370.578512,20054,48.55833333,2201.652893,46.9625,48.75833333,3827.292674
2/6/2005,2.2,43.358,104.41,19389,0.81,676.6329458,7342.809917,19389,48.42916667,1326.942149,47.35,48.74166667,4787.618123
2/7/2005,1.11,46.13,92.85,20025,4.08,1864.249646,7348.760331,20025,48.45833333,27.76859504,47.67083333,48.6875,7386.310623
2/8/2005,0.88,45.392,113.71,20364,4.43,273.6811125,7358.677686,20364,48.77916667,27.76859504,47.60416667,48.57083333,7150.256884
2/9/2005,1.51,45.536,155.53,20740,2.93,556.6522069,7336.859504,20740,48.96666667,27.76859504,47.61666667,48.65,7151.657796
2/10/2005,2.61,45.374,176.72,22620,1.67,2037.433113,7344.793388,22620,48.92916667,1203.966942,47.32083333,48.73333333,7570.530603
2/11/2005,1.69,46.346,177.06,21659,-0.07,-2390.704157,7420.165289,21659,48.675,27.76859504,47.70833333,48.675,5718.524412
2/12/2005,1.82,47.084,148.23,22576,3.47,2590.872282,7422.14876,22576,48.8125,168.5950413,47.60833333,48.54166667,7455.655787
2/13/2005,1.89,47.21,75.79,21332,7.68,-1446.102068,7426.115702,21332,48.9125,27.76859504,47.6,48.275,5502.083447
2/14/2005,0.83,47.192,99.18,21223,6.95,1787.26366,7392.396694,21223,48.89166667,1059.173554,47.2875,48.17083333,5579.834085
2/15/2005,1.15,47.462,135.04,20674,6.45,204.3890555,7378.512397,20674,48.67916667,27.76859504,47.55833333,48.37083333,6272.585266
2/16/2005,0.95,49.46,97.33,21332,7.52,1736.158536,7396.363636,21332,48.70416667,684.2975207,47.38333333,48.4,6606.002417
2/17/2005,1.53,51.368,177.99,21152,7.12,-73.9363013,7428.099174,21152,48.68333333,922.3140496,47.4,48.47083333,5512.59029
2/18/2005,2.01,50.18,136.32,20776,7.37,617.194834,7430.082645,20776,48.75416667,725.9504132,47.5375,48.32916667,5381.60498
2/19/2005,1.62,49.658,120.2,21307,7.81,1853.527251,7418.181818,21307,48.90833333,27.76859504,47.55833333,48.2,7183.878781
2/20/2005,5.7,47.714,109.29,21799,5.99,698.5344421,7338.842975,21799,48.82916667,2499.173554,46.9125,47.78333333,3886.831451
2/21/2005,1.84,49.388,121.86,22526,7.01,1679.83797,7590.743802,22526,48.77083333,825.1239669,47.35,48.2375,6210.94512
2/22/2005,1.81,52.322,188.16,22802,7.22,830.6747147,7366.61157,22802,48.84166667,2122.31405,47.15,48.05,4751.894857
2/23/2005,1.74,52.178,203.67,21229,5.84,-1080.597336,6807.272727,21229,48.69166667,940.1652893,47.625,48.18333333,4146.700701
2/24/2005,1,51.926,206.13,22223,4.95,2714.406737,7523.305785,22223,48.7375,1176.198347,47.60416667,48.08333333,6572.380519
2/25/2005,0.7,51.818,207.46,21593,5.37,-855.273081,7424.132231,21593,48.88333333,297.5206612,47.5,47.92916667,5827.795579
2/26/2005,2.02,50.63,196.96,20990,6.01,695.8159912,7477.68595,20990,49.0625,27.76859504,47.55833333,47.8625,6141.599957
2/27/2005,4.92,48.254,113.95,21708,7.46,2026.317398,7447.933884,21708,48.97916667,676.3636364,47.42916667,47.77916667,6427.386086
2/28/2005,4.45,47.822,161.44,21050,6.12,-313.8158381,7441.983471,21050,48.67083333,1509.421488,47.3625,47.5875,3787.36667
3/1/2005,4.37,46.58,145.69,21574,5.84,2669.195313,7467.768595,21574,48.34166667,2915.702479,47.15,47.84583333,3751.643404
3/2/2005,1.47,48.146,189.87,22118,5.93,1344.422712,7461.818182,22118,48.36666667,3074.380165,47.32916667,47.96666667,3672.491854
3/3/2005,2.48,48.704,179.93,23199,5.28,1795.946163,7489.586777,23199,48.37916667,3986.77686,47.55,47.9125,3459.553169
3/4/2005,2.48,50.018,170.55,22180,7.1,-975.7432516,7507.438017,22180,48.62083333,1961.652893,47.57083333,47.90833333,3505.783278
3/5/2005,3.49,51.926,229.46,22291,5.59,2151.001846,7497.520661,22291,48.94166667,2895.867769,47.57916667,47.88333333,3656.381361
3/6/2005,2.72,54.572,229.82,21995,5.51,649.2715316,7493.553719,21995,49.22083333,35.70247934,48.59166667,48.0375,6256.474773
3/7/2005,2.65,57.56,198.06,20782,7.05,-11.62353333,7509.421488,20782,49.17916667,870.7438017,48.075,47.87916667,4241.962744
3/8/2005,1.96,59.936,234.53,21380,7.28,2994.714942,7497.520661,21380,49.12916667,2638.016529,47.65833333,47.95833333,4247.566393
3/9/2005,1.23,61.484,234.64,20405,8.87,-363.0622608,7477.68595,20405,49.1375,35.70247934,48.34583333,47.94166667,5486.67341
3/10/2005,3.61,61.106,239.03,20493,8.78,2043.310061,7503.471074,20493,49.68333333,1027.438017,48.15416667,47.95416667,5502.083447
3/11/2005,1.4,62.096,242.62,19651,7.83,131.9496109,7483.636364,19651,49.48333333,27.76859504,48.62916667,47.87083333,5534.304432
3/12/2005,0.64,63.482,243.03,21325,8.96,3595.563337,7483.636364,21325,49.49583333,757.6859504,48.29166667,47.8875,7520.798213
3/13/2005,3.63,58.28,253.39,21574,4.27,-545.8477998,7499.504132,21574,49.61666667,1059.173554,48.54583333,47.95416667,5855.813827
3/14/2005,3.01,50.936,257.94,20668,-0.58,-321.4832485,7505.454545,20668,49.25833333,27.76859504,48.6875,47.85833333,5899.242112
3/15/2005,1.51,53.546,257.7,21574,1.04,2484.443838,7477.68595,21574,48.90416667,27.76859504,48.43333333,47.8,8048.942188
3/16/2005,3.73,53.762,192.69,22026,5.6,-147.0248326,7493.553719,22026,48.73333333,870.7438017,48.55,47.83333333,6270.483897
3/17/2005,3.09,52.592,173.15,22063,7.19,389.3260204,7513.38843,22063,48.64583333,682.3140496,48.96666667,47.775,6119.885814
3/18/2005,4.25,50.27,142.21,21520,6.84,168.1885662,7531.239669,21520,48.59583333,27.76859504,48.8375,47.79583333,6208.843752
3/19/2005,8.58,49.442,121.8,21629,7.87,1403.627322,7523.305785,21629,48.57916667,1654.214876,48.45833333,47.85416667,4813.535003
3/20/2005,8.32,47.156,142.26,21550,6.1,976.5559061,7521.322314,21550,48.55833333,525.6198347,48.94583333,47.87916667,5976.99275
3/21/2005,4.69,45.716,136.72,22834,6.28,2302.709729,7531.239669,22834,48.5125,1521.322314,48.825,47.8875,5996.605523
3/22/2005,6.96,47.948,137.65,23364,6.82,543.3118324,7791.07438,23364,48.7875,2836.363636,48.61666667,48.18333333,986.2423288
3/23/2005,3.78,47.138,156.66,22570,5.64,3174.468415,7945.785124,22570,48.92083333,3292.561983,48.66666667,48.14583333,1002.352821
3/24/2005,1.96,46.976,203.81,22328,2.83,3408.870319,7533.22314,22328,48.94583333,5097.520661,48.87916667,47.85833333,150.5980829
3/25/2005,1.87,48.254,250.47,22087,2.13,2044.104396,7549.090909,22087,49.125,4879.338843,48.87083333,47.7625,778.2068376
3/26/2005,3.11,51.476,88.29,21946,6.72,1750.545229,7545.123967,21946,49.4125,4740.495868,48.89166667,47.79166667,1117.227638
3/27/2005,8.29,50.738,100,22802,9.17,2543.400461,7529.256198,22802,49.51666667,4066.115702,48.74583333,47.74583333,2594.489763
3/28/2005,3.65,48.74,186.82,21811,4.89,-122.3492671,7590.743802,21811,49.75833333,1963.636364,49.5625,47.90833333,2993.04934
3/29/2005,4.43,47.498,203.18,20710,4.2,1533.058098,7525.289256,20710,49.94583333,2181.818182,49.49166667,47.96666667,2745.087846
3/30/2005,3.07,46.94,289.18,21092,1.71,2980.383228,7543.140496,21092,50.12083333,2856.198347,49.52083333,48.10833333,3727.827893
3/31/2005,1.82,53.024,200.71,21170,6.93,1037.114256,7503.471074,21170,50.0625,1668.099174,49.425,48.325,4625.112285
4/1/2005,2.03,53.474,173.46,21902,8.83,1942.259616,7509.421488,21902,49.91666667,533.553719,49.35,48.47916667,6550.666377
4/2/2005,3.55,55.292,267,21720,8.26,243.2013916,7515.371901,21720,49.875,555.3719008,49.3875,48.32916667,5585.437734
4/3/2005,5.72,48.398,134.54,22834,6.71,2488.562266,7503.471074,22834,49.83913043,599.0082645,49.47391304,48.22608696,6935.917287
4/4/2005,2.15,47.3,192.35,22063,3.99,-802.4544771,7507.438017,22063,49.7875,1037.355372,49.475,48.23333333,4543.859366
4/5/2005,1.08,52.016,153.45,22075,6.38,1938.223279,7519.338843,22075,49.55833333,450.2479339,49.4125,48.42083333,6147.203606
4/6/2005,4.15,56.228,294.88,21995,8.71,841.8873031,7513.38843,21995,49.60833333,450.2479339,49.4125,48.4375,6046.337914
4/7/2005,5.38,51.314,193.44,21508,5.81,529.8025819,7505.454545,21508,49.96666667,481.9834711,49.44166667,48.34583333,5406.821403
4/8/2005,6.04,43.268,109.51,21417,4.36,1525.649671,7501.487603,21417,50.05416667,493.8842975,49.72083333,48.1875,5849.509721
4/9/2005,3.12,49.136,282.4,21635,4.39,1376.093585,7378.512397,21635,50.1375,476.0330579,49.58333333,48.4625,6147.203606
4/10/2005,2.17,51.944,231.79,21866,4.2,986.2757328,7449.917355,21866,49.925,478.0165289,49.90833333,48.59583333,6332.124043
4/11/2005,2.42,56.768,271.75,22149,6.57,922.7767834,7380.495868,22149,49.66666667,571.2396694,49.65,48.4625,6246.668387
4/12/2005,2.3,50.324,233.73,22131,2.79,544.5878113,7273.38843,22131,49.9875,519.6694215,49.925,48.25833333,5895.739831
4/13/2005,3.07,46.67,267.14,22790,0.52,1516.979177,7277.355372,22790,50.05,519.6694215,50.1625,48.45833333,6530.353147
4/14/2005,3.64,46.67,320.88,21514,-0.29,-1048.667197,7422.14876,21514,49.97916667,218.1818182,50.27916667,48.3125,5146.952153
4/15/2005,2.63,53.492,284.83,20883,2.68,1426.014789,7398.347107,20883,49.66666667,27.76859504,50.46666667,48.35833333,6075.757074
4/16/2005,1.99,59.72,282.7,20387,7.93,798.8214384,7489.586777,20387,49.75833333,27.76859504,50.55,48.14583333,6208.843752
4/17/2005,4.07,55.832,329.52,19605,5.43,470.9744298,7473.719008,19605,50.38333333,27.76859504,50.60416667,48.32916667,6110.079428
4/18/2005,5.63,48.434,326.64,20645,0.95,2375.870985,7477.68595,20645,50.31666667,27.76859504,50.6,48.6125,7854.91582
4/19/2005,4.29,50.288,321.56,20817,1.22,-232.9984646,7487.603306,20817,50.07916667,27.76859504,50.75416667,48.52916667,6975.142834
4/20/2005,1.93,54.608,323.78,20817,3.6,484.6918767,7491.570248,20817,49.99166667,27.76859504,50.88333333,48.27916667,6800.72924
4/21/2005,0.93,59.252,332.5,21199,6.45,1045.072413,7497.520661,21199,50.4875,27.76859504,51.01666667,48.2625,7253.223945
4/22/2005,2.54,62.294,320.12,21259,8.87,276.5281211,7487.603306,21259,50.34583333,27.76859504,51.25833333,48.3875,6796.526503
4/23/2005,5.1,55.382,218.25,22044,8.73,1448.308208,7503.471074,22044,50.22083333,27.76859504,51.04166667,48.4125,7425.53617
4/24/2005,2.43,52.268,208.81,22229,7.34,235.1663093,9782.479339,22229,50.37916667,27.76859504,50.875,48.64583333,9049.894097
4/25/2005,1.43,56.678,320.55,22013,8.57,488.8166468,9907.438017,22013,49.91666667,27.76859504,51.01666667,48.8375,8614.910797
4/26/2005,1.98,60.8,333.89,21732,9.93,983.7586245,10163.30579,21732,50.475,251.9008264,50.8125,48.72916667,8509.842367
4/27/2005,3.97,60.512,285.08,21995,10.17,1664.562592,10016.52893,21995,50.60416667,468.0991736,50.7125,48.77916667,8583.390268
4/28/2005,2.22,57.362,183.56,21902,9.41,872.0394841,10080,21902,50.74583333,549.4214876,50.76666667,48.6375,8460.109977
4/29/2005,3.03,59.198,278.98,22236,9.15,1404.468535,9673.38843,22236,50.47916667,472.0661157,50.7875,48.75416667,9009.968093
4/30/2005,2.12,60.422,243.46,21854,9.37,-190.645779,10095.86777,21854,50.45,573.2231405,50.8875,49.1,8283.595015
5/1/2005,3,59.126,189.61,22248,9.51,1633.049613,10097.85124,22248,50.6625,527.6033058,51.09166667,49.1,8628.919921
5/2/2005,1.54,63.104,268.42,21134,9.66,-172.6719871,10746.44628,21134,50.65833333,456.1983471,51.24583333,49.1,8547.667002
5/3/2005,2.66,64.814,291.6,21176,10.45,1784.580932,11525.95041,21176,50.76666667,481.9834711,51.16666667,48.53333333,9648.784147
5/4/2005,3.69,61.268,210.53,22871,11.43,3090.182795,11083.63636,22871,50.59583333,192.3966942,51.375,48.63333333,11607.96014
5/5/2005,1.55,53.042,149.04,22408,10.41,-1179.720471,11920.66116,22408,50.24583333,1818.842975,51.425,48.4875,8477.621382
5/6/2005,2.87,54.662,192.66,22291,9.76,1507.1968,11974.21488,22291,50.00833333,1051.239669,51.60416667,48.475,10000.41316
5/7/2005,3.64,56.534,206,22482,9.31,1113.562047,11990.08264,22482,49.81666667,628.7603306,51.73333333,48.50416667,10750.60175
5/8/2005,5.55,50.144,103.8,23016,9.05,1144.720564,11990.08264,23016,49.8125,2895.867769,51.43333333,48.32916667,7550.91783
5/9/2005,5.79,50.36,219.22,21176,6.53,-296.702954,14017.19008,21176,50.25416667,3828.099174,51.32083333,48.325,6374.151415
5/10/2005,1.82,52.61,212.53,19524,6.08,2162.939494,23043.96694,19524,50.4,4145.454545,51.35833333,48.70833333,16142.01312
5/11/2005,2.09,58.55,362.92,20498,8.19,3730.499277,31769.2562,20498,50.05,4006.61157,51.625,49.62083333,27668.72033
5/12/2005,1.12,65.678,299.73,20973,10.85,568.9242981,39143.80165,20973,50.9,3947.107438,51.5875,50.05,35259.56417
5/13/2005,1.94,68.342,240.46,21738,12.76,702.1300449,38860.16529,21738,50.7625,1263.471074,52.00833333,49.92083333,38107.61907
5/14/2005,2.21,70.268,323.73,20704,14.72,-1544.924855,39274.71074,20704,50.89166667,1503.471074,52.075,50.4,36519.68487
5/15/2005,4.02,63.14,122.64,19564,14.19,111.5547994,39250.90909,19564,50.92916667,1527.272727,52.18333333,50.41666667,35954.41672
5/16/2005,1.83,56.282,268.29,21086,6.82,3291.219644,20271.07438,21086,51.075,27.76859504,52.63333333,50.21666667,21249.03927
5/17/2005,4.98,51.746,131.97,21038,8.23,-1053.733485,74770.90909,21038,50.37916667,339.1735537,52.2,50.125,76007.20266
5/18/2005,7.46,50.594,94.2,20817,9.56,-1796.467123,57816.19835,20817,50.425,1799.008264,52.17083333,50.325,53743.90281
5/19/2005,3.8,54.932,227.42,21229,10.3,2685.287273,49795.04132,21229,51.24583333,3907.438017,52.025,50.725,45587.09037
5/20/2005,2.09,61.268,278.79,21690,10.22,761.5129358,40442.97521,21690,51.63333333,3927.272727,52.09166667,51.025,37222.94289
5/21/2005,1.69,63.914,339.44,20083,9.01,-2314.240411,39964.95868,20083,51.85416667,3907.438017,52.1375,51.2,34733.52156
5/22/2005,3.13,65.75,371.65,19956,9.07,1196.999101,40018.5124,19956,51.96666667,2776.859504,52.39166667,51.02916667,37881.37172
5/23/2005,4.11,63.986,378.92,19835,8.3,-760.7188274,39840,19835,51.61666667,1108.760331,52.98333333,49.96666667,40039.47727
5/24/2005,3.94,65.552,380.74,22303,7.99,1159.762399,18247.93388,22303,50.275,1626.446281,52.55416667,49.29166667,18871.69093
5/25/2005,1.76,71.942,375.61,20919,11.93,-3634.203327,28659.17355,20919,51.14583333,27.76859504,53.30416667,50.75,26763.73092
5/26/2005,1.34,76.262,373.17,20907,14.88,1855.674039,28962.64463,20907,51.2625,2419.834711,52.775,49.37083333,27611.28293
5/27/2005,1.97,76.838,362.32,21860,17.02,-115.4730126,28492.56198,21860,50.72083333,1426.115702,52.95,49.22083333,29054.2227
5/28/2005,4.78,68.45,305.52,20990,13.46,-2857.776419,28522.31405,20990,50.4375,1384.46281,53.05833333,48.93333333,27223.93065
5/29/2005,1.83,62.816,259.75,20979,10.53,-97.07941033,28310.08264,20979,49.91666667,1729.586777,52.90416667,48.99583333,27259.65391
5/30/2005,2.2,69.458,367.02,22620,13.63,961.8419578,25588.76033,22620,50.15416667,3590.082645,53.1625,48.84166667,25135.87072
5/31/2005,3.64,71.24,361.76,21526,12.67,-4231.193034,25727.60331,21526,50.25833333,1906.115702,53.17916667,48.80416667,23353.20969
6/1/2005,5.3,63.95,388.76,20264,7.55,-793.7220867,25531.23967,20264,50.2375,1324.958678,53.15833333,48.875,23486.29637
6/2/2005,5.4,62.24,387.64,21080,6.68,1535.984622,24995.70248,21080,50.20416667,1557.024793,53.21666667,48.975,24582.51032
6/3/2005,3.73,64.634,385.41,21459,8.17,-764.832634,23565.61983,21459,50.3375,2062.809917,53.07916667,48.76666667,21809.40423
6/4/2005,2.91,66.47,382.21,20901,8.39,-864.5943126,23633.05785,20901,50.30416667,1576.859504,53.30416667,48.98333333,21646.19793
6/5/2005,4.34,58.28,391.22,19777,4.6,-713.9995829,23714.38017,19777,50.38333333,1481.652893,53.42083333,49.0125,21586.65915
6/6/2005,3.17,53.024,286.96,21447,3.51,2316.068123,22869.42149,21447,50.17916667,1695.867769,53.80416667,48.99583333,22928.73323
6/7/2005,2.22,56.156,364.99,22174,4.94,-1028.179511,23523.96694,22174,50.05,1428.099174,53.8875,49.1375,22942.74236
6/8/2005,2.78,53.366,108.34,21223,10.18,-1797.874591,23541.81818,21223,50.2,1529.256198,54.0375,49.2625,21364.61454
6/9/2005,1.13,61.268,235.74,21593,12.78,1017.947443,23440.66116,21593,50.12916667,1416.198347,54.01666667,49.3625,22678.67037
6/10/2005,2.68,67.118,355.81,21854,12.76,-393.2075601,23575.53719,21854,50.62083333,1336.859504,54.17083333,49.32083333,22839.07484
6/11/2005,4,64.724,370.86,20469,10.63,-1985.397154,23611.23967,20469,50.61666667,1239.669421,54.10416667,49.39166667,21886.45441
6/12/2005,4.26,65.102,386.66,19841,8,-142.8841621,23521.98347,19841,50.62083333,1376.528926,54.0875,49.40416667,22273.80669
6/13/2005,3.61,70.484,373.02,21098,10.04,1128.647855,23577.52066,21098,50.54166667,1422.14876,54.0625,49.50416667,24185.35165
6/14/2005,2.5,72.464,375.44,21020,10.89,-2107.979749,23595.3719,21020,50.7,1733.553719,54.27083333,49.57083333,22321.43771
6/15/2005,2.62,70.502,368.51,20522,10.17,-957.6195282,23629.09091,20522,50.85833333,1469.752066,54.40416667,49.65833333,22102.89537
6/16/2005,5.13,55.688,91.66,21277,10.35,811.443473,22036.36364,21277,50.66666667,1309.090909,54.3875,49.56666667,21213.316
6/17/2005,5.46,51.944,145.83,21265,8.02,-498.0432727,20895.86777,21265,50.07083333,1100.826446,54.45,49.55,19643.59366
6/18/2005,4.81,55.166,215.29,20782,9.28,-331.5523377,20889.91736,20782,50.34583333,2757.024793,54.4875,49.7,17579.34924
6/19/2005,2.26,62.6,310.82,21556,10.3,1327.543322,20874.04959,21556,50.75,2400,54.3625,49.7625,19405.43855
6/20/2005,2.51,67.676,377.4,21617,11.89,-870.3889632,20872.06612,21617,51.16666667,2697.520661,54.5125,49.475,18609.01985
6/21/2005,3.99,69.098,341.87,20323,13.56,-1728.474395,21917.35537,20323,51.09166667,1626.446281,54.85,49.59166667,18903.21145
6/22/2005,1.25,71.528,386.43,21199,12.44,2263.697641,23805.61983,21199,51.0375,2261.157025,54.55,49.89166667,22650.65212
6/23/2005,1.97,72.662,385.92,18835,12.07,-3470.18931,25572.89256,18835,51.225,2023.140496,54.6625,49.91666667,21419.95058
6/24/2005,2.81,72.95,378.98,20889,14.38,4183.801486,25719.66942,20889,51.15,1192.066116,54.90833333,50.125,26195.66095
6/25/2005,2.9,72.284,335.81,21952,14.12,-605.0576442,25721.65289,21952,51.09166667,1098.842975,54.86666667,50.175,25455.27874
6/26/2005,3.02,72.068,375.08,22589,14.14,-195.4688226,25753.38843,22589,51.28333333,1765.289256,54.925,50.2125,24500.55694
6/27/2005,3.84,71.582,379.81,22790,14.23,-311.4577664,25741.4876,22790,51.4125,1140.495868,55.12083333,49.82916667,24153.13067
6/28/2005,1.47,73.526,377.97,22433,13.54,90.86106554,25812.89256,22433,51.00833333,1192.066116,55.125,49.625,25095.94471
6/29/2005,3.18,76.1,381.96,22155,13.8,-753.1182637,25709.75207,22155,50.84583333,1313.057851,55.19166667,49.41666667,25314.48705
6/30/2005,1.83,80.564,381.59,22057,14.74,-1015.792835,25731.57025,22057,50.79166667,1196.033058,55.27083333,49.54583333,25287.16926
7/1/2005,1.83,82.886,378.94,22050,14.59,-758.6320699,25707.7686,22050,50.84583333,1279.338843,55.26666667,49.69166667,25156.18395
7/2/2005,2.62,78.908,385.91,20616,10.98,-2161.754198,27393.71901,20616,50.9375,1194.049587,55.30833333,49.75833333,26350.46177
7/3/2005,2.53,76.964,386.37,21271,9.51,504.2076515,27403.63636,21271,51.04583333,2082.644628,55.5,49.73333333,26386.88549
7/4/2005,2.96,76.82,386.49,22557,9.82,220.1062455,27401.65289,22557,51.04583333,1436.033058,55.75833333,49.86666667,27885.1613
7/5/2005,3.78,78.08,382.91,21714,11.82,-2762.541465,27994.71074,21714,51.17083333,1949.752066,55.69583333,49.89166667,26318.94124
7/6/2005,2.89,77.774,376.09,20100,12.61,-1887.982562,27703.1405,20100,51.19583333,1041.322314,55.61666667,49.99166667,26424.00967
7/7/2005,2.5,79.88,375.22,19322,15.13,-540.1914882,26870.08264,19322,51.12083333,1182.14876,55.65416667,49.9875,26418.40602
7/8/2005,3.7,76.694,375.64,22670,14.61,2617.527864,27191.40496,22670,50.89583333,1051.239669,55.7,50.16666667,30344.46302
7/9/2005,4.23,73.31,337.8,21702,14.22,-5172.297731,27925.28926,21702,51.0875,1295.206612,55.7625,50.1,25727.75621
7/10/2005,1.81,72.734,190.93,22551,14.32,1751.326435,28214.87603,22551,51.03333333,1182.14876,55.80416667,50.22083333,28101.60227
7/11/2005,1.61,78.998,375.04,22439,14.18,-1180.874997,28325.95041,22439,51.16666667,1168.264463,55.91666667,50.25,27256.15163
7/12/2005,1.83,83.84,373.94,22365,14.11,-172.4656796,30120.99174,22365,51.1,1184.132231,55.825,50.3625,29667.82233
7/13/2005,2.16,85.262,374.13,21720,13.46,-1375.962826,29968.26446,21720,51.32083333,1642.31405,55.71666667,50.42916667,28641.65399
7/14/2005,1.47,85.298,373.88,22670,13.23,634.2964232,29561.65289,22670,51.44166667,1178.181818,55.95416667,50.55833333,29655.91457
7/15/2005,1.58,87.692,368.78,21301,14.16,-2641.443496,30386.77686,21301,51.5375,1481.652893,55.97083333,50.6125,27710.74771
7/16/2005,1.05,89.96,369.97,21653,13.49,1546.376257,30295.53719,21653,51.49166667,676.3636364,56.125,50.8,29929.79295
7/17/2005,1.76,89.42,368.74,22708,13.72,744.3806037,30206.28099,22708,51.40833333,920.3305785,56.07916667,50.76666667,29955.70983
7/18/2005,2.12,89.258,367.95,23192,14.82,-185.7594168,30384.79339,23192,51.34583333,1959.669421,56.2625,50.79583333,28175.15017
7/19/2005,1.73,87.566,365.81,23231,16.08,288.9737969,29982.14876,23231,51.5125,2122.31405,56.46666667,50.775,28056.07261
7/20/2005,0.93,87.224,368.66,23041,14.57,-386.2378993,30241.98347,23041,51.97083333,2280.991736,56.46666667,50.53333333,27473.99351
7/21/2005,2.04,86.036,275.9,22582,16.02,27.99822554,30204.29752,22582,51.26666667,2082.644628,56.20833333,49.89166667,28371.2779
7/22/2005,2.75,82.112,366.52,22347,15.1,-484.6250074,29696.52893,22347,50.65416667,2062.809917,56.25833333,49.64583333,27629.49479
7/23/2005,2.33,83.228,369.53,23116,11.61,773.2242183,28157.35537,23116,50.825,2439.669421,56.64583333,49.70416667,26569.0041
7/24/2005,2.32,82.778,368.8,22439,9.64,-1528.31815,28191.07438,22439,51.0125,1969.586777,56.67083333,49.75833333,25102.24882
7/25/2005,3.75,79.178,369.65,23256,9.6,1936.238783,28516.36364,23256,50.95416667,2023.140496,56.66666667,49.78333333,22776.03378
7/26/2005,1.9,82.058,369.3,22865,9.05,3326.18936,28496.52893,22865,51.07916667,2757.024793,56.97916667,49.8625,22793.54519
7/27/2005,2.09,84.506,366.31,22984,10.48,3064.958942,27145.78512,22984,51.25,2221.487603,57.44583333,49.90833333,24818.56406
7/28/2005,1.95,84.434,361.5,23091,10.99,212.7334607,26088.59504,23091,51.25,2003.305785,57.6,49.94583333,24324.04198
7/29/2005,2.28,84.326,355.92,23313,13.03,-16.7527238,24934.21488,23313,51.3125,1755.371901,57.24166667,49.95833333,23150.77785
7/30/2005,1.35,85.694,353.4,23269,13.53,-15.93487479,25213.8843,23269,51.4125,2280.991736,57.3125,50.05833333,23212.41799
7/31/2005,2,85.172,352.08,23434,13.55,-114.525428,25283.30579,23434,51.47916667,1800.991736,57.05833333,50.175,24000.43122
8/1/2005,2.1,81.986,357.05,22664,9.75,-1288.11717,25273.38843,22664,51.63333333,1939.834711,57.20833333,50.15416667,22918.92685
8/2/2005,1.29,80.834,356.71,20973,7.58,-1276.373131,25862.47934,20973,51.52916667,1810.909091,57.02083333,50.625,22837.67393
8/3/2005,1.19,83.21,353.1,21265,9.73,1505.896318,25939.83471,21265,51.5375,2439.669421,57.42916667,50.4375,24193.05667
8/4/2005,1.02,86.054,346.63,21714,12.02,-243.8913807,25747.43802,21714,51.7625,2082.644628,57.37916667,50.52083333,23926.88332
8/5/2005,2.14,87.08,345.1,23122,13.67,1145.910068,24886.61157,23122,51.8625,2003.305785,57.49166667,50.59583333,24155.23204
8/6/2005,2.02,87.188,345.16,22451,13.7,-1942.926255,25118.67769,22451,52.025,2320.661157,57.6375,50.5375,21957.90094
8/7/2005,1.67,88.268,343.82,22626,12.2,1015.115589,23988.09917,22626,52.05833333,1902.14876,57.7125,50.62083333,22152.62776
8/8/2005,1.92,86.702,345.63,22223,9.66,-469.6773468,24452.2314,22223,52,1664.132231,57.74166667,50.82083333,22319.33634
8/9/2005,1.9,84.47,343.35,22476,8.84,721.7628336,22774.21488,22476,52.18333333,1620.495868,57.825,50.79583333,21424.15332
8/10/2005,1.93,82.544,345.42,23148,7.84,401.5656883,20384.13223,23148,52.4875,1920,58.09583333,50.75416667,19041.90178
8/11/2005,2.54,81.68,347.14,22796,7.42,-929.7695486,19949.75207,22796,52.6375,2122.31405,58.6125,50.6625,17112.84541
8/12/2005,3.54,79.718,346.36,22439,5.94,357.5926065,19937.85124,22439,52.75,2618.181818,58.72083333,50.85,16806.74605
8/13/2005,2.96,79.268,345.1,21241,5.6,-685.0766285,19410.24793,21241,52.9875,1390.413223,58.6625,50.8125,18791.83892
8/14/2005,1.97,81.77,337.43,22408,9.06,394.9957907,18882.64463,22408,52.49583333,1856.528926,58.80416667,51.025,17886.84951
8/15/2005,3.2,80.708,327.36,21465,11.6,-1803.733808,19775.20661,21465,52.82083333,1777.190083,58.66666667,50.95,17220.01521
8/16/2005,2.16,79.16,330.42,21435,11.94,748.0013189,19568.92562,21435,52.875,2023.140496,58.825,51.07083333,17634.68528
8/17/2005,2.45,80.078,329.42,22433,10.89,909.099844,19461.81818,22433,53,1830.743802,59.05416667,50.6625,18658.75224
8/18/2005,3.44,78.116,326.35,22242,11.47,-1218.67786,19951.73554,22242,52.6125,1963.636364,58.97916667,50.45,17253.6371
8/19/2005,3,77.54,327.99,22482,10.31,974.4620736,19971.57025,22482,52.40833333,2003.305785,59.00833333,50.38333333,18071.06949
8/20/2005,2.2,79.7,324.71,22414,10.84,-170.8050272,19047.27273,22414,52.36666667,2737.190083,59.025,50.39166667,16060.7602
8/21/2005,1.5,82.076,324.06,22451,10.23,286.3224446,18977.85124,22451,52.70416667,2935.53719,59.01666667,50.4625,15613.86914
8/22/2005,1.79,83.75,322.85,23097,9.67,1074.44491,19219.83471,23097,52.85,2935.53719,59.12083333,50.60833333,16628.12972
8/23/2005,2.36,82.166,321.54,22947,8.48,-493.8321993,19600.66116,22947,52.81666667,2737.190083,59.2625,50.725,16350.74906
8/24/2005,4.2,79.592,316.82,22390,10.27,-44.27798562,18979.83471,22390,52.92083333,2479.338843,59.2125,50.7625,15625.7769
8/25/2005,3.14,78.8,312.02,22464,11.07,948.7189678,18950.08264,22464,52.95,2340.495868,59.06666667,50.8125,16330.43583
8/26/2005,2.13,80.024,315.25,22180,9.05,-4.84905314,18902.47934,22180,52.88333333,2836.363636,59.00416667,50.91666667,15244.72872
8/27/2005,1.16,83.552,311.71,22476,8.91,1117.386982,18971.90083,22476,53.02916667,2915.702479,59.07916667,51.02083333,15824.70646
8/28/2005,2.82,83.444,308.27,23097,9.48,852.4918871,18991.73554,23097,52.975,2816.528926,59.09583333,51.21666667,16298.9153
8/29/2005,3.93,73.508,317.19,22124,4.66,-1096.708688,19001.65289,22124,53.425,2796.694215,59.05833333,51.1625,14780.32626
8/30/2005,4.72,71.15,312.15,22390,4.78,1690.632418,18934.21488,22390,53.29166667,2519.008264,59.04583333,50.82083333,16261.09067
8/31/2005,3.25,75.92,312.37,23053,3.17,817.1159416,18956.03306,23053,52.82916667,2816.528926,58.91666667,50.60833333,16429.90061
9/1/2005,1.78,79.484,305.27,21958,5.4,-1385.396478,18876.69421,21958,52.47083333,2618.181818,59.0125,50.71666667,14689.26696
9/2/2005,1.85,80.6,297.27,22020,7.13,1631.245437,18958.01653,22020,52.675,2677.68595,58.80416667,50.75416667,15707.02982
9/3/2005,2.38,78.53,294.9,21872,7.22,425.3007585,18981.81818,21872,52.72916667,2836.363636,58.70416667,50.7875,15675.50929
9/4/2005,2.31,75.002,296.64,21599,6.76,196.9452555,18015.86777,21599,52.77916667,2657.85124,58.54166667,50.84583333,14639.53457
9/5/2005,1.65,75.38,298.05,21374,5.01,493.4819589,17099.50413,21374,52.8875,2618.181818,58.425,50.99166667,13918.76514
9/6/2005,2.13,75.992,292.41,21933,5.85,1121.557174,16974.54545,21933,52.99166667,2935.53719,58.4125,51.05416667,13795.48485
9/7/2005,2.13,75.92,291.29,22223,7.99,533.5234145,16903.1405,22223,53.12916667,3034.710744,58.52083333,51.1625,13698.12144
9/8/2005,2.94,72.428,278.31,22112,8.1,59.30831207,16980.49587,22112,53.15833333,2578.512397,58.58333333,51.5125,13926.47016
9/9/2005,3.51,69.764,282.99,22063,8.08,426.5133111,16978.5124,22063,53.17916667,2657.85124,58.55833333,51.58333333,13851.52134
9/10/2005,3.26,61.466,288.72,22217,3.74,623.139817,16970.57851,22217,53.4125,2618.181818,58.4875,51.425,14252.18229
9/11/2005,1.91,62.906,286.21,21854,2.46,-262.7855958,16938.84298,21854,53.09583333,2796.694215,58.39166667,52,13281.35
9/12/2005,1.19,66.524,284.02,22087,1.69,1093.79876,16932.89256,22087,53.35416667,2836.363636,58.225,51.925,13914.5624
9/13/2005,1.29,69.368,281.33,22007,2.43,101.9665256,16934.87603,22007,53.425,3014.876033,58.14583333,51.7625,13887.24461
9/14/2005,1.97,69.368,278.71,21964,3.93,-10.24461,16871.40496,21964,53.42916667,2618.181818,58.0625,51.75833333,13972.70027
9/15/2005,2.21,70.268,275.14,22752,5.28,1068.52287,16427.10744,22752,53.40833333,2578.512397,57.83333333,51.96666667,14594.00492
9/16/2005,2.87,67.262,259.28,22777,5.41,-720.4098787,16318.01653,22777,53.65833333,2677.68595,57.86666667,51.89166667,12985.75748
9/17/2005,3,62.978,267.82,22645,3.81,522.5730985,15790.41322,22645,53.525,2717.355372,57.73333333,52.02916667,12509.44727
9/18/2005,2.11,67.064,270.04,22564,2.81,482.6105812,15752.72727,22564,53.58333333,2499.173554,57.65833333,52.36666667,12888.39407
9/19/2005,1.91,73.292,267.13,22260,3.99,61.15964901,15752.72727,22260,53.70416667,2618.181818,57.57083333,52.66666667,12571.08741
9/20/2005,1.61,76.586,263.46,22199,5.24,502.4580445,15715.04132,22199,54.1375,2538.842975,57.55,52.82083333,12473.724
9/21/2005,3.35,73.472,258.78,22199,7.26,702.4743471,15734.87603,22199,54.26666667,2400,57.525,52.80833333,13087.32363
9/22/2005,2.12,74.048,231.28,22390,4.23,438.5524031,15836.03306,22390,54.16666667,1382.479339,57.34166667,52.80833333,14406.98311
9/23/2005,3.89,67.532,258.9,21902,1.11,-441.429391,17847.27273,21902,54.1375,1418.181818,57.32916667,52.7375,15794.58684
9/24/2005,4.22,60.71,258.72,22223,1.1,955.5040691,17656.8595,22223,53.5625,1406.280992,57.12083333,52.775,16544.77543
9/25/2005,3.34,63.572,259.07,22689,-1.62,171.8030824,17674.71074,22689,53.5625,1566.942149,57.15,53.05833333,16505.54988
9/26/2005,1.9,67.298,149.99,23167,2.05,80.21871504,17032.06612,23167,53.74583333,1410.247934,57.07083333,53.07916667,15935.37854
9/27/2005,1.41,69.872,243.35,22279,6.19,-1201.560358,17375.20661,22279,53.71666667,1440,57.09583333,53.3875,14678.76012
9/28/2005,2.75,73.688,247.8,22211,4.2,1188.446492,17212.56198,22211,54.175,1336.859504,57.03333333,53.325,15084.32425
9/29/2005,1.73,76.694,248.14,22032,0.9,612.3782293,17026.1157,22032,54.20833333,1094.876033,57.12916667,53.3375,15058.40738
9/30/2005,2.09,76.91,240.29,22377,0.56,1217.832289,16847.60331,22377,54.1375,1118.677686,57.11666667,53.48333333,15594.25637
10/1/2005,3.03,70.718,198.99,21720,5.26,-522.3307502,17186.77686,21720,54.20833333,1088.92562,57.00416667,53.67916667,14790.13265
10/2/2005,3.89,60.026,235.09,21187,2.81,774.7185897,15925.28926,21187,54.07916667,1602.644628,57.00833333,53.8,13111.13914
10/3/2005,2.66,55.598,219.11,21635,0.69,1659.505488,15631.73554,21635,54.175,2003.305785,57.04166667,53.775,13754.15793
10/4/2005,3.36,54.68,228.25,22026,-0.63,265.2718221,15780.49587,22026,54.15833333,2003.305785,56.91666667,53.96666667,13745.75246
10/5/2005,2.84,62.618,225.6,22570,-2.09,575.4376226,15812.2314,22570,54.40833333,2042.975207,56.9125,53.94583333,14008.42353
10/6/2005,1.78,68.882,227.03,22488,-2.03,-321.1673317,16258.5124,22488,54.60833333,2003.305785,56.8375,54.00833333,13613.36624
10/7/2005,2.4,68.504,213.8,22645,-0.25,798.8403716,16494.54545,22645,54.66666667,2062.809917,56.8625,54.09583333,13543.32062
10/8/2005,3.49,62.888,224.55,22808,-0.27,1051.414917,16611.57025,22808,54.72083333,2042.975207,56.825,54.08333333,13766.06569
10/9/2005,3.67,61.394,220.67,22890,0.05,884.5293513,17928.59504,22890,54.8,2062.809917,56.75,54.2,14975.05309
10/10/2005,1.93,66.452,219.05,22834,-1.4,834.732034,18509.75207,22834,54.73333333,2003.305785,56.80833333,54.25,15322.47936
10/11/2005,0.82,68.216,215.14,22953,0.73,1302.966921,18087.27273,22953,54.85833333,1983.471074,56.725,54.3875,15846.4206
10/12/2005,1.63,68.774,202.68,22470,1.75,-225.6189471,17847.27273,22470,54.9125,1983.471074,56.67916667,54.80833333,15066.11239
10/13/2005,2.25,70.214,209.64,22100,2.29,427.6892629,16105.78512,22100,55.27916667,2023.140496,56.60416667,54.50833333,13458.56542
10/14/2005,4.92,67.316,204.01,22297,3.97,821.0792081,15822.14876,22297,55.05833333,1931.900826,56.72083333,54.9125,13827.70583
10/15/2005,2.67,55.058,122.07,21866,5.41,-368.4578961,15847.93388,21866,55.25416667,1983.471074,56.80416667,54.74583333,13335.28512
10/16/2005,3.99,61.646,192.63,21878,1.96,541.1776899,15736.8595,21878,55.275,1925.950413,56.91666667,54.95833333,13726.13968
10/17/2005,1.5,67.856,200.98,21787,-0.17,-6.230589091,15865.78512,21787,55.37083333,2161.983471,57.025,55.0625,13660.99726
10/18/2005,3.37,65.966,197.68,21671,1.37,-73.19560711,14187.7686,21671,55.59583333,2737.190083,57.20416667,54.83333333,11072.11114
10/19/2005,2.51,61.196,158.3,22266,6.74,973.4673724,13894.21488,22266,55.575,2380.165289,57.09166667,55.30833333,12239.77163
10/20/2005,2.43,63.644,168.33,22953,4.66,-38.72204322,13937.85124,22953,55.64583333,2161.983471,57.5375,55.07916667,11616.36561
10/21/2005,1.93,63.716,192.04,22582,0.55,-211.4978414,14308.76033,22582,55.7625,1979.504132,57.3625,55.15416667,11483.27893
10/22/2005,1.4,64.706,188.8,21970,2.16,233.9772683,14160,21970,55.67916667,1939.834711,57.09166667,55.33333333,11016.7751
10/23/2005,2.16,64.598,183.53,21860,2.65,1093.390189,13965.61983,21860,55.68333333,2023.140496,57.2875,55.4875,11292.75485
10/24/2005,2.36,63.644,184.49,21368,2.76,157.7244888,13967.60331,21368,55.8625,2023.140496,57.53333333,55.72916667,10627.32146
10/25/2005,4.75,60.926,164.93,21295,4.31,1244.14135,13116.69421,21295,55.89583333,2023.140496,57.35416667,55.53333333,9672.599658
10/26/2005,3.24,54.446,98.1,21958,8,2083.954061,12995.70248,21958,56.05,2102.479339,57.4625,55.50416667,11129.54855
10/27/2005,4.1,52.43,76.43,22928,7.1,733.6745905,12985.78512,22928,55.89166667,2082.644628,57.52916667,55.8125,10302.30978
10/28/2005,3.7,50.45,99.6,22513,8.55,185.8307159,13489.58678,22513,55.6875,2082.644628,57.44166667,55.65,10412.98186
10/29/2005,1.18,54.32,144.03,22821,6.32,1301.960289,13071.07438,22821,55.87916667,2082.644628,57.675,55.95416667,10657.44107
10/30/2005,1.65,56.3,172.05,22106,2.42,-384.0113179,13200,22106,55.86666667,1969.586777,57.57083333,55.94583333,10165.02037
10/31/2005,1.12,61.772,165.65,22038,0.13,997.3928531,12975.86777,22038,56.16666667,2062.809917,57.50833333,55.8875,9226.409059
11/1/2005,2.23,62.258,150.24,21146,1.33,794.6487922,12946.1157,21146,55.99166667,2042.975207,57.38333333,55.9875,9635.475479
11/2/2005,3.07,56.894,115.11,20575,3.68,696.6650169,12093.22314,20575,55.9,2042.975207,56.9875,56.00833333,9369.302124
11/3/2005,6.57,46.49,45.47,20457,4.44,562.9458099,11976.19835,20457,55.79583333,2042.975207,56.59583333,56.18333333,9800.082686
11/4/2005,2.72,48.452,99.96,20770,5.84,446.1404545,11621.15702,20770,55.72083333,2042.975207,56.34583333,56.025,9962.588525
11/5/2005,3.45,49.838,57.94,21086,6.25,-68.40670682,11210.57851,21086,55.76666667,2003.305785,56.0125,56.29583333,9299.95696
11/6/2005,5.04,53.744,61.07,21921,9.69,742.3157673,11186.77686,21921,55.7,1979.504132,56.1875,56.07916667,9922.662521
11/7/2005,4.9,52.754,74.55,22815,9.6,178.6102063,11153.05785,22815,55.92083333,2042.975207,55.76666667,56.22083333,9464.564167
11/8/2005,2.57,51.998,72.36,22322,8.03,-847.4815224,11153.05785,22322,55.60416667,2538.842975,55.45,56.6875,8190.43434
11/9/2005,2.37,56.588,152.38,21775,7.12,-123.219464,10946.77686,21775,55.59166667,4601.652893,55.60833333,56.74583333,5280.038831
11/10/2005,0.9,57.92,148.2,21738,7.42,1028.085136,10924.95868,21738,55.8375,2935.53719,55.40416667,56.5,8057.347662
11/11/2005,2.01,55.202,85.98,21617,6.62,-188.9261744,10926.94215,21617,55.99583333,2340.495868,54.80833333,56.3,8263.281785
11/12/2005,2.77,48.488,141.48,21520,0.9,226.164496,10905.12397,21520,55.85416667,2538.842975,54.71666667,56.3,8154.010618
11/13/2005,1.39,51.242,56.17,21750,3.24,442.2703737,10998.34711,21750,55.47083333,2975.206612,54.30833333,56.3,8011.117553
11/14/2005,4.2,55.976,140.83,22347,5.41,609.0229429,10980.49587,22347,55.56666667,2578.512397,53.9625,56.0375,8771.812986
11/15/2005,4.08,52.808,145.73,22316,1.73,-400.8295149,10982.47934,22316,55.52083333,2638.016529,54.29583333,56.09166667,8464.312714
11/16/2005,1.9,51.62,145.32,21872,-0.31,-563.8499041,10986.44628,21872,55.2375,2677.68595,54.1125,55.66666667,8039.135801
11/17/2005,2.03,52.376,144.37,22229,-0.74,626.6245296,10972.56198,22229,55.22916667,2876.033058,53.6875,55.75416667,8366.949302
11/18/2005,2.01,53.33,141.82,22161,-0.41,-338.4203764,10946.77686,22161,55,2578.512397,53.34166667,55.78333333,8203.743008
11/19/2005,1.8,54.086,141.48,22124,-0.15,127.5214548,10964.6281,22124,54.92916667,2638.016529,53.19166667,55.77083333,8523.851491
11/20/2005,1.66,53.636,138.72,21750,0.12,-571.2399208,10966.61157,21750,54.90416667,2181.818182,53.12916667,55.88333333,8543.464265
11/21/2005,1.1,53.564,135.86,21580,1.6,71.32912343,10958.67769,21580,54.90416667,2400,52.7625,55.69166667,8261.880872
11/22/2005,1.22,52.844,135.31,21152,1.31,-131.203186,10998.34711,21152,54.84166667,2618.181818,52.825,55.55833333,7612.557975
11/23/2005,1.28,53.996,132.62,21032,2.01,647.6073143,10986.44628,21032,54.68333333,2796.694215,52.5875,55.50833333,8102.877315
11/24/2005,0.99,52.52,97.84,21158,3.4,212.8747511,10950.7438,21158,54.3875,3173.553719,52.38333333,55.45,7908.150492
11/25/2005,2.44,47.48,60.26,21074,5.64,-214.9604094,10972.56198,21074,54.32916667,3054.545455,52.1875,55.275,7819.192554
11/26/2005,3.21,42.908,131.1,21026,-2.62,50.82397493,10974.54545,21026,54.28333333,2737.190083,52.37083333,55.14583333,8297.604139
11/27/2005,0.82,42.728,122.86,20657,-4.05,-429.2487671,10986.44628,20657,54.05416667,2618.181818,52.30833333,55.18333333,8124.591457
11/28/2005,5.06,38.804,38.36,20668,1.01,254.6730058,10994.38017,20668,53.67083333,2697.520661,51.83333333,54.975,8158.213355
11/29/2005,2.06,39.92,47.56,21164,3.43,634.6461491,10982.47934,21164,53.37916667,3034.710744,51.6125,54.89166667,8341.032423
11/30/2005,2.63,42.242,70.39,21872,4.51,314.736172,11075.70248,21872,53.19583333,4185.123967,51.65416667,54.94166667,7431.840276
12/1/2005,9.04,49.874,39.09,22695,8.91,281.7382364,10833.71901,22695,53.0125,3352.066116,51.425,54.7625,7017.170206
12/2/2005,2.35,45.518,70.1,22997,1.95,766.4826866,10508.42975,22997,52.7125,4224.793388,51.1375,54.7875,6260.677511
12/3/2005,2.96,41.648,109.96,22752,-2.34,-222.0411474,10224.79339,22752,52.65416667,2499.173554,50.77083333,54.79583333,6905.79767
12/4/2005,2.54,39.452,114.89,22702,-2.18,769.8221647,10480.66116,22702,52.60416667,3034.710744,50.50833333,54.72916667,7001.059713
12/5/2005,1.89,40.01,123.44,22476,-1.87,218.8907002,10290.24793,22476,52.62083333,2757.024793,50.1625,54.31666667,6477.118476
12/6/2005,1.4,41.504,118.89,21823,-1.23,403.1046645,9959.008264,21823,52.5875,2836.363636,49.88333333,54.0375,5913.251236
12/7/2005,0.82,43.052,31.1,22032,2.97,1418.393392,9964.958678,22032,52.4125,3193.38843,49.75,53.72916667,6570.279151
12/8/2005,1.33,41.63,59.83,22878,4.05,1047.291097,9966.942149,22878,52.31666667,2657.85124,49.375,53.54583333,7796.777956
12/9/2005,2.57,42.674,117.73,21483,2.41,-1882.687047,9974.876033,21483,52.425,1071.07438,49.57916667,53.44583333,7068.303508
12/10/2005,2.63,44.294,118.99,20793,0.81,1145.498145,9968.92562,20793,52.55833333,1090.909091,49.48333333,53.3375,7775.063814
12/11/2005,1.58,44.618,96.93,20504,0.19,813.9527149,9974.876033,20504,52.375,1326.942149,48.9875,52.975,7820.593467
12/12/2005,1.33,44.294,107.93,20704,-0.14,1027.340417,9945.123967,20704,52.0875,1039.338843,48.97083333,52.775,8708.071471
12/13/2005,1.37,42.08,116.79,20758,-0.17,251.713653,9966.942149,20758,51.79166667,1432.066116,48.7125,52.77916667,8605.10441
12/14/2005,2.38,40.622,114.28,21720,-0.79,891.7716231,9978.842975,21720,51.54166667,1610.578512,48.47916667,53.22083333,9007.866725
12/15/2005,1.88,40.838,110.08,21732,-2.52,-627.6022622,9968.92562,21732,51.33333333,1459.834711,48.44166667,53.3125,8392.866182
12/16/2005,0.96,39.434,116.71,21532,-3.54,-83.77527291,9988.760331,21532,51.19583333,1447.933884,48.3,52.35,8249.973117
12/17/2005,1.5,38.354,76.09,21823,-0.72,581.8533293,9964.958678,21823,51.19166667,1207.933884,48.2375,52.125,8666.744556
12/18/2005,5.03,42.278,39.14,22087,4.98,354.2802374,9972.892562,22087,51.05833333,1937.85124,47.98333333,52.12083333,7753.349672
12/19/2005,6.81,49.01,33.62,22495,8.65,689.6916503,10234.71074,22495,50.69583333,3094.214876,48.0875,52.33333333,6046.337914
12/20/2005,6.55,50.558,29.23,22501,9.09,1100.157954,9976.859504,22501,50.49583333,4145.454545,47.9375,52.3875,5289.845218
12/21/2005,6.06,50.216,47.24,22752,9.38,792.5597407,9982.809917,22752,50.48333333,3570.247934,47.97916667,52.27916667,5863.518845
12/22/2005,4.68,52.79,32.27,22739,10.81,536.0431385,10276.36364,22739,50.58333333,3609.917355,47.97916667,52.24583333,5851.61109
12/23/2005,1.26,53.33,45.55,22353,10.87,428.835191,10089.91736,22353,50.69583333,4780.165289,47.81666667,52,4384.855808
12/24/2005,2.02,54.302,91.43,22124,10.32,695.8962581,9994.710744,22124,50.44166667,4899.173554,47.82083333,51.6,4251.769131
12/25/2005,6.17,50.702,63.91,21556,9.2,275.7680591,10139.50413,21556,50.12916667,4780.165289,47.775,51.38333333,3973.688019
12/26/2005,6,47.174,74.72,20841,6.9,670.650824,21415.53719,20841,50.1,6168.595041,47.8,50.975,12481.42902
12/27/2005,7.56,47.66,32,21423,7.94,3347.513129,28333.8843,21423,50.3,6366.942149,47.83333333,50.70416667,19750.76346
12/28/2005,7.46,50.648,61.29,20680,8.84,1473.178689,21703.1405,20680,49.70833333,8171.900826,47.99166667,51.15416667,10998.56324
12/29/2005,3.19,44.384,91.1,21344,5.39,3196.676429,75736.8595,21344,50.84166667,8171.900826,48.14583333,52.36666667,68029.707
12/30/2005,11.17,44.528,37.5,22752,6.03,943.2516777,33724.95868,22752,50.70833333,5593.38843,48.15833333,50.90833333,25844.73239
12/31/2005,6.59,47.894,6.09,20504,6.48,38.83785793,32691.57025,20504,50.04583333,7735.53719,48.25,50.75833333,22416.69975
1/1/2006,7.66,44.618,29.35,21568,6.32,3603.333308,68475.3719,21568,50.45416667,8132.231405,48.2,51.24583333,63065.57392
1/2/2006,2.75,45.536,97.83,20799,5.84,-3491.433424,68257.19008,20799,50.58333333,8092.561983,48.12916667,50.7875,60248.33908
1/3/2006,6.53,42.98,57.87,20112,5.2,-770.7109808,88605.61983,20112,50.59583333,6426.446281,48.07916667,51.18333333,80354.93429
1/4/2006,2.03,48.29,43.07,19691,8.32,1403.239264,97128.59504,19691,50.85,5355.371901,48.04166667,51.42083333,89132.35092
1/5/2006,1.09,50.378,115.64,20100,8.03,3049.87222,97372.56198,20100,50.94166667,5375.206612,48.0125,51.17083333,91504.09561
1/6/2006,1.22,51.62,106.18,20200,8.41,593.2597619,96372.89256,20200,51.18333333,3808.264463,48.16666667,51.34166667,91655.39415
1/7/2006,2.93,47.84,62.06,19656,6.94,365.2339492,98901.81818,19656,50.96666667,4720.661157,47.975,50.99166667,91299.5624
1/8/2006,2.06,45.176,112.32,21002,3.62,4227.594625,98088.59504,21002,50.75833333,462.1487603,48.44166667,50.89166667,97014.58453
1/9/2006,1.38,43.178,106.76,20853,2.13,462.861751,99098.18182,20853,50.70416667,3272.727273,47.775,50.79583333,94616.92296
1/10/2006,4.27,43.808,43.22,20639,5.26,994.5315855,97983.47107,20639,50.5375,468.0991736,48.375,50.5625,96595.71173
1/11/2006,1.9,44.132,70.85,20686,5.09,966.6601708,94696.8595,20686,50.29166667,2975.206612,48.00416667,50.34166667,94102.78811
1/12/2006,0.81,45.284,51.3,20135,5.57,-2932.135217,91003.63636,20135,50.2375,1160.330579,48.2625,50.275,95914.8683
1/13/2006,3.79,48.002,47.05,20159,7.94,-6047.562515,83758.01653,20159,50,3669.421488,47.92916667,50.19583333,83233.10881
1/14/2006,3.88,44.978,85.49,20399,5.88,-2904.513769,71389.09091,20399,49.8,5295.867769,47.85416667,50.35416667,66277.16559
1/15/2006,1.62,40.1,118.68,20025,0.49,-557.9424495,59682.64463,20025,49.46666667,5771.900826,47.75416667,49.8125,56210.90955
1/16/2006,1.35,40.532,49.51,20264,2.19,-2061.165748,51102.14876,20264,49.43333333,4760.330579,47.61666667,49.87916667,47592.49647
1/17/2006,4.67,42.206,41.32,20416,4.6,-1098.678288,43715.70248,20416,49.4875,4046.280992,47.525,49.92916667,40277.63238
1/18/2006,4.75,41.882,73.98,19451,4.1,-1573.210892,36188.42975,19451,49.34583333,4919.008264,47.49583333,49.49166667,31835.03381
1/19/2006,1.07,41.756,129.81,20557,2.37,540.3876776,30057.52066,20557,49,3907.438017,47.325,49.54166667,28596.12434
1/20/2006,2.58,40.496,72.56,19800,2.79,-3203.041695,28490.57851,19800,48.7875,5871.07438,47.27916667,49.70416667,21189.50049
1/21/2006,1.23,43.286,85.53,20352,4.51,1982.003642,24880.66116,20352,48.975,3867.768595,47.0875,49.675,20300.62157
1/22/2006,4.01,39.29,142.23,19743,-0.06,103.270992,20594.38017,19743,48.85416667,3887.603306,46.99166667,49.9,15568.33949
1/23/2006,3.07,40.694,142.16,20622,-0.17,2017.43737,18317.35537,20622,48.85416667,3887.603306,46.8625,49.7375,14280.20054
1/24/2006,1.98,44.348,145.28,21392,1.37,919.5515261,15901.4876,21392,48.8625,3728.92562,46.875,49.69166667,12164.12236
1/25/2006,2.31,44.924,131.4,21970,3.14,586.4396235,15945.12397,21970,48.74166667,4462.809917,46.9875,49.40833333,11695.51716
1/26/2006,3.05,43.736,90.36,21970,3.72,-213.2031104,16004.6281,21970,48.5625,3728.92562,46.8375,49.01666667,11606.55922
1/27/2006,3.15,42.188,88.52,21182,4.02,-118.8567407,19535.20661,21182,48.42083333,4204.958678,46.7375,48.89583333,13549.62472
1/28/2006,5.94,42.782,45.95,21756,5.15,2354.623214,19967.60331,21756,48.24583333,3907.438017,46.7,48.59583333,15300.06476
1/29/2006,3.74,43.574,43.44,22513,5.73,1517.100529,19989.42149,22513,47.85,4819.834711,46.47916667,48.72083333,14502.24515
1/30/2006,4.08,45.662,55.49,20657,5.89,-1188.658373,28623.47107,20657,47.9625,5117.355372,46.4875,48.59583333,20119.90387
1/31/2006,2.46,42.242,95.46,19829,3.27,2558.211832,30039.66942,19829,47.9375,4819.834711,46.31666667,48.54166667,22940.64099
2/1/2006,5.04,44.096,42.95,19605,6.09,2055.193721,29763.96694,19605,47.875,7120.661157,46.30416667,48.44583333,19137.16382
2/2/2006,1.25,47.534,61.7,20710,7.26,4611.141965,30450.24793,20710,47.99166667,5236.363636,46.34583333,48.39583333,22841.17621
2/3/2006,1.94,49.784,99.45,20680,8.09,2342.708088,52643.30579,20680,48.19166667,2796.694215,46.57083333,48.025,45131.09339
2/4/2006,3.34,47.408,110.2,20698,3.7,4733.51818,59520,20698,47.75,3014.876033,46.57083333,47.73333333,56619.97597
2/5/2006,3.4,40.352,169.03,20823,-1.27,10.14799694,59178.84298,20823,47.70833333,3074.380165,46.8,48.03333333,56469.37789
2/6/2006,1.72,43.088,164.69,20901,-0.58,-286.9150801,58661.15702,20901,48.00416667,1443.966942,46.75416667,48.20833333,57279.10525
2/7/2006,2.03,46.85,170.71,20722,1.26,-240.9151674,51020.82645,20722,48.08333333,2380.165289,46.875,48.29166667,47911.9045
2/8/2006,2.46,47.336,174.46,21684,1.61,1690.756657,42956.03306,21684,48.25,1517.355372,46.99166667,48.30833333,41780.11093
2/9/2006,2.94,47.012,176.32,21641,2.01,-384.433244,36460.16529,21641,48.075,7775.206612,46.69583333,48.58333333,28238.19122
2/10/2006,1.9,48.272,177.78,21368,2.07,173.7674577,33736.8595,21368,48.25833333,6624.793388,46.70833333,48.5,27170.69598
2/11/2006,1.45,48.056,144.74,21128,1.57,-298.6298643,29159.00826,21128,48.07083333,8092.561983,46.75,48.48333333,20807.0514
2/12/2006,3.04,47.948,179.29,21732,2.54,863.394881,24967.93388,21732,48.00416667,8132.231405,46.85416667,48.43333333,17334.89002
2/13/2006,3.34,47.012,183.62,22439,1.75,207.8124593,21947.10744,22439,48.02916667,7676.033058,47.10416667,48.65,14919.01659
2/14/2006,4.51,43.286,187.54,22291,-1.35,-795.9422098,19088.92562,22291,48.12083333,6823.140496,47.14583333,48.91666667,11519.0022
2/15/2006,2.25,36.626,188.79,22180,-5.69,635.782924,15895.53719,22180,47.78333333,7993.38843,47.10833333,48.44583333,7120.137267
2/16/2006,2.06,36.302,185.1,22570,-5.78,1172.011493,13676.03306,22570,47.6875,6862.809917,46.9875,48.15416667,6427.386086
2/17/2006,1.16,37.13,78.16,22802,-0.9,617.8370545,13434.04959,22802,47.51666667,6961.983471,46.79583333,47.80416667,5766.155434
2/18/2006,1.55,34.808,94.07,22476,-0.86,379.9106817,13376.52893,22476,47.175,6961.983471,46.64583333,47.7375,5155.357628
2/19/2006,2.25,34.556,189.16,23066,-2.9,1849.187827,11936.52893,23066,46.9375,6961.983471,46.52916667,48.15,4656.632814
2/20/2006,2.18,36.896,202.7,22890,-3.67,141.9126405,12170.57851,22890,46.75,6942.14876,46.4,48.05833333,4263.676886
2/21/2006,2.6,40.334,203.32,22520,-3.3,594.7528661,12142.80992,22520,46.725,6981.818182,46.3125,47.91666667,4247.566393
2/22/2006,3.32,42.746,203.15,22143,-0.23,536.4253425,12031.73554,22143,46.85833333,6624.793388,46.09166667,47.64166667,4412.874056
2/23/2006,1.99,47.354,204.84,21404,1.17,255.0680928,11676.69421,21404,46.975,6406.61157,45.95,47.74166667,4009.411286
2/24/2006,1.09,50.036,207.74,20925,1.6,781.6713586,11656.8595,20925,47.07916667,6148.760331,46.35416667,50.7125,4317.612013
2/25/2006,2.62,49.28,164.36,20469,4.36,734.4871606,11694.54545,20469,47.02083333,6743.801653,46.07083333,49.125,4057.042307
2/26/2006,7.08,46.904,111.78,20463,6.17,887.7014947,11698.5124,20463,46.91666667,6823.140496,45.92083333,48.30833333,4277.68601
2/27/2006,8.72,48.164,77.99,21744,8.21,1878.685891,19283.30579,21744,46.90833333,7656.198347,45.85416667,47.42083333,10665.14609
2/28/2006,8.32,46.598,132.09,21587,5.27,804.961348,29395.04132,21587,47.15,8152.066116,45.92916667,47.17083333,18938.93472
3/1/2006,6.68,44.438,142.08,21580,4.23,2297.040487,29660.82645,21580,46.89583333,8152.066116,46.05833333,46.94583333,20056.16236
3/2/2006,5.13,41.918,154.18,20734,2.69,606.5979706,29609.2562,20734,46.77083333,8152.066116,46.18333333,46.9,19415.24494
3/3/2006,3.48,40.496,147.5,21477,2.43,2784.945143,41875.04132,21477,46.9,7398.347107,46.1375,47.45416667,34969.5753
3/4/2006,5.07,40.676,154.56,20901,2.31,-1068.881085,49860.49587,20901,47.39583333,7755.371901,46.15416667,47.5625,41015.91321
3/5/2006,9.93,45.104,92.93,21074,6.5,1262.210757,48710.08264,21074,47.30833333,6188.429752,46.11666667,47.39166667,40448.54369
3/6/2006,6.63,45.464,147.38,21896,5.79,2895.109203,50923.63636,21896,47.49166667,3947.107438,46.00416667,47.67916667,46150.95761
3/7/2006,2.91,43.394,158.44,21983,2.97,912.5713156,66723.96694,21983,47.65,4125.619835,46.0375,47.98333333,62042.90786
3/8/2006,2.83,42.098,108.46,20551,2.76,-876.5607526,65771.90083,20551,47.57916667,3927.272727,46.02916667,47.90416667,60534.12521
3/9/2006,2.85,41.18,164.1,21404,0.38,2163.502889,59781.81818,21404,47.48333333,3986.77686,46.075,47.4875,56098.1361
3/10/2006,3.94,37.202,157.82,20299,-1.24,-1408.094778,59276.03306,20299,47.325,3054.545455,46.07083333,47.44166667,55037.64541
3/11/2006,1.96,35.816,182.13,20616,-1.77,1500.842193,59543.80165,20616,47.40833333,3054.545455,45.99166667,47.4,56591.95772
3/12/2006,2.05,37.94,156,20633,-0.89,-85.70152165,58046.28099,20633,47.33333333,2657.85124,46.22083333,47.4,55434.80408
3/13/2006,5.59,37.364,109.03,21002,-0.09,322.6256721,58341.81818,21002,47.32916667,2003.305785,46.25833333,47.35833333,56596.16046
3/14/2006,5.69,38.858,119.65,20913,0.96,-346.6480633,50423.80165,20913,47.16666667,3094.214876,46.19166667,47.09166667,46677.00022
3/15/2006,3.34,38.966,86.6,20200,1.21,-60.41344314,49445.95041,20200,47.00833333,8112.396694,45.7375,47.15416667,40170.46258
3/16/2006,6.45,39.272,65.82,21750,2.04,2713.091139,49656.19835,21750,46.95416667,8112.396694,45.69166667,46.925,42220.69788
3/17/2006,2.06,42.512,185.83,21289,1.43,-1137.896227,50380.16529,21289,46.94583333,8132.231405,45.7,46.99583333,40720.3207
3/18/2006,4.56,41.144,245.04,22223,-1.07,2461.613184,50425.78512,22223,47.10416667,8132.231405,45.70833333,47.25,42693.50581
3/19/2006,2.18,42.62,265.66,21574,-2.15,-1048.952091,50439.66942,21574,47.325,8132.231405,45.9,47.39166667,41385.05363
3/20/2006,3.48,39.776,140.58,21502,0.89,850.3843865,47335.53719,21502,47.25833333,5276.033058,45.84583333,47.375,45228.4568
3/21/2006,2.51,39.434,71.37,21277,1.5,-3393.952668,49336.8595,21277,47.225,4264.46281,45.7875,47.1625,45940.82075
3/22/2006,2.19,44.132,123.84,20037,2.88,-2108.424056,49898.18182,20037,47.275,4304.132231,45.7875,47.12083333,45119.18563
3/23/2006,3.8,45.932,113.16,21289,3.2,1726.863957,49132.56198,21289,47.25416667,4165.289256,45.8375,47.15,46807.98553
3/24/2006,4.16,41.468,99.46,21696,3.1,-1433.712803,44358.34711,21696,47.12916667,4204.958678,45.92083333,46.9375,40342.77481
3/25/2006,4.46,42.368,136.62,19737,2.36,-2148.38638,43150.41322,19737,47.00833333,4244.628099,45.95,46.775,36871.31388
3/26/2006,1.97,46.958,281.89,21026,2.12,3323.471244,43674.04959,21026,47.05833333,4284.297521,46.07916667,46.95416667,40664.2842
3/27/2006,5.23,46.49,208.24,19513,3.37,-2787.532134,43408.26446,19513,47.14166667,4284.297521,46.35,46.91666667,37809.92519
3/28/2006,4.79,43.916,159.78,20907,3.7,2708.041752,43404.29752,20907,46.96666667,4264.46281,46.24583333,46.86666667,40569.02216
3/29/2006,2.88,43.502,121.92,22161,3.89,-175.1874493,44312.72727,22161,47.02916667,4304.132231,46.32083333,47.12916667,41075.45199
3/30/2006,3.7,46.364,144.81,21986,5.46,-1241.856949,44316.69421,21986,47.42083333,4284.297521,46.51666667,47.48333333,48550.0201
3/31/2006,5.52,43.754,136.45,21811,5.59,-8692.623406,44320.66116,21811,47.275,4304.132231,46.64583333,46.95416667,40803.67499
4/1/2006,5.7,43.394,183.81,21277,4.52,-1321.146064,43763.30579,21277,47.11666667,4264.46281,46.45416667,47.00416667,38290.43814
4/2/2006,4.61,45.356,145.02,20288,5.8,219.4048352,43757.35537,20288,47.12608696,4244.628099,46.52608696,47.06521739,37927.60183
4/3/2006,5.49,48.29,162.7,21921,7.1,3218.125443,44284.95868,21921,47.37083333,4244.628099,46.72916667,47.44166667,40670.58831
4/4/2006,2.77,48.542,219.84,20622,6.65,-1929.257731,72313.38843,20622,47.57916667,4244.628099,46.90833333,47.825,67084.79159
4/5/2006,3.62,48.11,211.09,20393,6.09,754.9687406,77767.93388,20393,47.5,4244.628099,46.96666667,47.90416667,73405.00788
4/6/2006,3.41,49.208,185.44,20100,7.21,-174.7020949,78295.53719,20100,47.4625,4244.628099,46.95416667,48.26666667,73657.17211
4/7/2006,5.24,52.844,234.06,21182,7.95,1475.736981,77295.86777,21182,47.5125,4244.628099,47.01666667,48.09583333,74628.0044
4/8/2006,4.71,46.724,167.68,21295,5.61,-1463.764731,76625.45455,21295,47.2875,4224.793388,47.0125,47.95416667,73230.59428
4/9/2006,2.98,48.146,178.74,20340,6.3,-1784.933123,77539.83471,20340,47.51666667,4244.628099,47.02083333,48.2875,72591.07777
4/10/2006,5.31,48.398,191.54,20147,6.33,511.1288416,78366.94215,20147,47.5875,4244.628099,47.225,48.425,73964.67238
4/11/2006,5.74,46.49,148.96,20048,6.97,58.64166959,67689.91736,20048,47.5625,4204.958678,46.97916667,48.22916667,61525.27073
4/12/2006,2.92,49.712,113.01,19599,8.87,1510.687948,45439.33884,19599,48.05,3828.099174,47.02083333,47.84166667,33981.2316
4/13/2006,1,55.022,221.2,21915,9.5,9946.008069,80661.81818,21915,48.27083333,6743.801653,47.50833333,49.1875,75038.47173
4/14/2006,2.36,58.334,261.21,21562,8.99,-1473.455201,80774.87603,21562,48.325,7834.710744,47.9875,48.92916667,72121.07166
4/15/2006,8.91,48.236,114.92,21872,6.77,1129.093629,79481.65289,21872,47.92083333,8211.570248,47.94583333,49.13333333,70383.94029
4/16/2006,4.37,44.402,190.48,20014,4.02,-971.8576454,67765.28926,20014,47.84166667,8191.735537,47.99166667,47.78333333,57320.43217
4/17/2006,1.97,45.626,263.02,19271,1.81,1510.121549,59644.95868,19271,48.02083333,8191.735537,48.03333333,47.8,50238.11954
4/18/2006,2.16,50.234,328.57,21574,2.62,3518.1036,60236.03306,21574,48.42083333,8251.239669,48.23333333,48.31666667,54667.10408
4/19/2006,1.55,56.984,326.62,20340,6.15,-3916.310692,60539.50413,20340,48.8125,8290.909091,48.45833333,48.43333333,50664.69736
4/20/2006,2.83,60.872,290.92,21176,9.79,2419.897681,58877.35537,21176,48.775,5930.578512,48.22916667,48.40833333,53549.17599
4/21/2006,0.93,62.258,259.92,20164,9.69,-1614.39913,47855.20661,20164,48.75833333,5910.743802,48.27083333,48.35833333,40073.09917
4/22/2006,3.11,56.588,229.16,20752,9.33,2459.36364,47918.67769,20752,48.75416667,5910.743802,48.37916667,48.55416667,42367.79368
4/23/2006,3.13,56.354,299.23,20498,9.61,-613.8597957,41113.38843,20498,48.83333333,5553.719008,48.38333333,48.56666667,35114.56973
4/24/2006,3.52,57.362,217.35,21756,11.16,1703.099691,40433.05785,21756,48.74583333,5593.38843,48.47083333,48.39583333,36174.35996
4/25/2006,1.42,58.946,282.71,20770,10.74,-2320.690539,41182.80992,20770,48.82083333,4185.123967,48.6125,48.60416667,35771.59765
4/26/2006,3.89,62.69,337.77,20019,10.25,475.0883004,40601.65289,20019,49.22083333,158.677686,49.20416667,49.00833333,39785.21167
4/27/2006,4.1,65.21,340.03,22273,9.52,2911.763537,40157.35537,22273,49.65,2003.305785,49.20833333,49.32916667,40650.97553
4/28/2006,2.97,69.008,335.19,20575,12.34,-4194.925943,34195.04132,20575,49.78333333,3312.396694,48.65,49.17083333,28585.6175
4/29/2006,2.27,70.088,338.06,20764,13.05,2486.027128,27260.82645,20764,49.6375,6426.446281,48.73333333,48.0625,21171.98908
4/30/2006,2.97,67.19,350.88,21483,10.38,381.3910853,23250.24793,21483,49.12916667,6029.752066,48.99166667,47.825,17144.36594
5/1/2006,3.7,64.346,357.64,21921,5.43,514.1299278,19824.79339,21921,48.95416667,4204.958678,48.77916667,48.2125,15935.37854
5/2/2006,3.87,61.664,353.6,23218,6.65,981.4561707,16974.54545,23218,49.05416667,7100.826446,49.07083333,47.1125,10518.75075
5/3/2006,2.6,63.86,352.11,22507,7.54,-1356.031742,14612.2314,22507,49.52916667,6823.140496,49.1875,47,6496.73125
5/4/2006,1.83,66.092,357.2,22143,8.28,928.3596591,12593.05785,22143,49.3875,7953.719008,49.40833333,46.9,3725.726525
5/5/2006,1.02,65.966,355.08,22168,9.43,938.612318,12489.91736,22168,49.42083333,8152.066116,49.4625,46.89583333,4511.638381
5/6/2006,1.56,65.858,349.23,22149,9.9,-192.7871413,12483.96694,22149,49.64166667,8152.066116,49.5875,46.9,4553.665753
5/7/2006,3.3,65.462,289.04,22248,9.65,-122.7649266,24894.54545,22248,49.94583333,8152.066116,49.70833333,47.55,16118.19761
5/8/2006,4.04,62.456,350.29,20651,7.27,-972.7182712,28857.52066,20651,49.23333333,8072.727273,49.88333333,47.87916667,18303.62095
5/9/2006,3.94,61.88,363.49,20422,6.09,2252.172438,28694.87603,20422,49.075,6585.123967,49.775,47.80833333,20907.9171
5/10/2006,2.49,67.136,350.88,20668,7.55,1447.834966,28276.36364,20668,48.98333333,7021.487603,49.8625,47.82083333,20931.73261
5/11/2006,1.89,72.194,360.4,19204,9.51,-1140.856577,27960.99174,19204,49.07083333,6644.628099,49.8,48.32083333,19252.7391
5/12/2006,2.67,69.728,363.05,19939,8.14,2798.624536,26011.23967,19939,49.5375,7993.38843,49.95833333,48.07083333,18043.7517
5/13/2006,1.73,70.502,362.78,19288,8.27,-676.9004603,25945.78512,19288,49.43333333,7993.38843,49.95833333,48.35,16651.94523
5/14/2006,2.15,72.302,364.18,19628,8.64,1640.451464,23966.28099,19628,49.62083333,7894.214876,50.09166667,50.23333333,15550.12763
5/15/2006,1.99,74.822,310.69,18951,9.64,-155.0615143,24934.21488,18951,49.65416667,8033.057851,50.09583333,49.20416667,15794.58684
5/16/2006,1.09,76.784,361.77,19553,11.88,1708.570185,25791.07438,19553,49.4875,7715.702479,50.1375,48.175,17809.09887
5/17/2006,1.39,77.612,362.34,19898,12.54,611.2730308,25804.95868,19898,49.66666667,8052.892562,50.2,48.15833333,17565.34011
5/18/2006,3.63,74.84,332.68,19226,11.81,-485.2739943,27240.99174,19226,49.66666667,7894.214876,50.27916667,48.1625,18448.61538
5/19/2006,5.26,63.428,196.59,19760,10.23,1432.16148,28486.61157,19760,49.34166667,6347.107438,50.38333333,48.19166667,22811.75705
5/20/2006,2.77,61.142,257.74,21193,11.69,760.7470822,28934.87603,21193,49.34583333,8112.396694,50.6125,48.1625,21360.4118
5/21/2006,4.49,62.672,262.07,21720,11.79,-10.93246116,30372.89256,21720,49.30833333,8112.396694,50.54583333,48.15416667,21731.65359
5/22/2006,6.9,58.262,238.48,21164,10.07,-27.15772223,30823.1405,21164,49.3375,8112.396694,50.75,48.13333333,21043.10514
5/23/2006,4.9,57.164,163.97,22790,10.54,3293.638662,30523.63636,22790,49.2875,8112.396694,50.825,48.25,22488.14628
5/24/2006,3.18,61.538,215.47,21915,12.17,-951.9066106,28064.13223,21915,49.45,8132.231405,50.97083333,48.25,14349.5457
5/25/2006,1.95,63.554,321.42,21708,10.11,5375.355126,28099.83471,21708,49.6375,8132.231405,51.0625,48.12916667,18927.02696
5/26/2006,3.54,59,348.94,21605,5.89,937.5763458,28210.90909,21605,49.67916667,8132.231405,51.3,48.12083333,18891.3037
5/27/2006,3.52,54.698,320.45,21128,4.19,710.373986,27917.35537,21128,49.66666667,8132.231405,51.375,48.08333333,18667.15771
5/28/2006,1.87,58.172,378.1,21799,5.25,1788.966257,26951.40496,21799,49.625,8092.561983,51.22916667,48.24166667,19131.56018
5/29/2006,1.43,63.572,373.29,22236,6.09,164.2827952,27548.42975,22236,49.84166667,8092.561983,51.0625,48.3125,19095.83691
5/30/2006,1.92,67.118,345.17,21508,8.26,-367.9691414,27613.8843,21508,49.74583333,7021.487603,50.85416667,48.375,19305.97377
5/31/2006,1.38,71.564,341.47,21392,11.08,1170.422924,27528.59504,21392,49.56666667,6347.107438,50.7375,48.35,20760.8213
6/1/2006,2.12,71.492,241.53,21684,13.33,712.6663033,27457.19008,21684,49.48333333,6684.297521,50.7375,48.325,20286.61245
6/2/2006,2.92,69.044,190.37,22551,14.79,1353.280112,27330.24793,22551,49.58333333,7180.165289,50.74166667,48.39583333,20500.95205
6/3/2006,1.48,73.4,334.94,22538,14.62,-363.8694054,27959.00826,22538,49.66666667,6981.818182,50.80416667,48.39583333,20308.32659
6/4/2006,2.04,74.408,363.11,21995,13.59,125.8634926,27705.12397,21995,49.89166667,8092.561983,50.9625,48.375,19111.24695
6/5/2006,1.59,76.028,378.26,21848,13.84,354.3150335,27756.69421,21848,49.9375,7160.330579,50.86666667,48.44583333,20005.02906
6/6/2006,2.15,77.072,368.44,22677,14.31,1420.334576,26209.58678,22677,50.07083333,7993.38843,50.93333333,48.45,19274.45324
6/7/2006,2.46,74.552,377.76,22118,11.26,-1617.254893,28020.49587,22118,50.07916667,7378.512397,51.05833333,48.35416667,19496.49786
6/8/2006,2.12,72.248,382.14,22695,11.7,1722.485611,27750.7438,22695,49.89166667,6644.628099,51.13333333,48.32083333,21094.23845
6/9/2006,2.79,71.096,386.72,22564,10.72,-119.1227475,28704.79339,22564,50.05,7914.049587,51.24166667,48.3,19881.74876
6/10/2006,2.04,71.816,308.43,22211,12.14,555.9950417,28185.12397,22211,49.95416667,6823.140496,51.12916667,48.275,20439.3119
6/11/2006,3.15,70.16,238.28,22427,14.23,1138.671571,28195.04132,22427,49.925,7041.322314,51.1875,48.32916667,20312.52933
6/12/2006,4.17,67.928,275.24,22334,13.12,748.1896783,28433.05785,22334,50.025,8072.727273,51.3375,48.35833333,19145.5693
6/13/2006,3.72,64.22,269,21471,11.3,351.7612785,28458.84298,21471,49.91666667,6842.975207,51.43333333,48.3,19312.27787
6/14/2006,2.45,62.528,235.58,21253,11.02,2085.589899,28490.57851,21253,49.68333333,7517.355372,51.55,48.99166667,19756.36711
6/15/2006,2.52,69.638,382.32,21002,12.19,965.8560305,27358.01653,21002,50.41666667,5771.900826,51.51666667,49.24166667,21810.80514
6/16/2006,2.81,75.038,381.18,21217,12.68,-9.689437521,27467.10744,21217,50.875,8152.066116,51.625,48.65833333,18307.82368
6/17/2006,2.63,76.766,385.72,22186,11.66,1976.217642,28437.02479,22186,50.27083333,6386.77686,51.52916667,48.525,21396.13507
6/18/2006,2.87,76.1,388.26,22433,8.41,901.1128639,28798.01653,22433,50.24583333,6743.801653,51.58333333,48.55416667,21010.88416
6/19/2006,4.09,71.78,391.23,21211,9.02,-178.669284,28635.3719,21211,50.17916667,3847.933884,51.4,48.62083333,22418.80112
6/20/2006,3.7,74.858,386.9,21556,10.56,2713.636897,27994.71074,21556,50.09166667,3867.768595,51.36666667,48.55,22843.27758
6/21/2006,4.93,74.984,390.28,21538,9.01,1265.664569,29040,21538,49.9375,3887.603306,51.34583333,48.4875,24078.18186
6/22/2006,3.37,77.666,390.73,21325,10.22,861.2148342,29113.38843,21325,49.85416667,3213.22314,51.3375,48.5625,24204.96443
6/23/2006,2.83,83.102,387.58,21283,13.26,1653.200859,29218.5124,21283,50.01666667,3054.545455,51.3625,48.56666667,25154.08258
6/24/2006,2.48,86.522,385.83,19271,14.25,-1002.115638,28903.1405,19271,50.03333333,3867.768595,51.45416667,48.6125,22424.40477
6/25/2006,2.58,88.43,344.74,21368,15.92,4707.967131,28244.6281,21368,50.09583333,3153.719008,51.46666667,48.65416667,26672.67162
6/26/2006,1.6,91.202,341.07,21848,17.75,-1101.762529,29621.15702,21848,50.1,3808.264463,51.52916667,48.65416667,25290.67154
6/27/2006,3.07,88.43,360.78,22808,19.5,1482.221022,27189.42149,22808,50.20833333,3986.77686,51.6125,48.68333333,23083.53405
6/28/2006,2.97,84.74,303.1,22545,19.96,-143.8894219,26858.18182,22545,50.075,3669.421488,51.62083333,48.67083333,22114.80313
6/29/2006,3.7,81.626,376.36,22582,16.62,1110.957201,26897.85124,22582,50.05833333,3788.429752,51.64583333,48.77083333,22436.31252
6/30/2006,2.44,80.888,379.74,21459,14.6,-449.8910324,26973.22314,21459,50.35416667,3649.586777,51.7125,48.8125,21560.74227
7/1/2006,1.62,82.382,375.8,21386,15.05,1689.894094,27318.34711,21386,50.32083333,3867.768595,51.80833333,48.9125,22726.30139
7/2/2006,2.85,81.266,373.52,21659,16.72,997.2771224,26772.89256,21659,50.46666667,3927.272727,51.84583333,48.9125,22253.49346
7/3/2006,3.02,81.482,375.16,22551,16.89,1484.126375,26511.07438,22551,50.47916667,3847.933884,51.90416667,48.99166667,22609.32521
7/4/2006,3.42,78.944,369.11,22458,15.72,-39.18471413,26491.23967,22458,50.49583333,3510.743802,51.94583333,49.025,22311.63132
7/5/2006,2.63,77.072,376.51,22266,14.01,476.8645478,26693.55372,22266,50.45,3471.07438,52.00416667,49.05416667,22331.24409
7/6/2006,2.45,76.136,379.11,21952,12.54,577.2352488,26651.90083,21952,50.55416667,3867.768595,52.13333333,49.15,21870.34391
7/7/2006,2.31,79.736,380.33,22007,11.68,968.7883214,26705.45455,22007,50.6625,3471.07438,52.17083333,49.20833333,22700.38451
7/8/2006,1.64,85.244,377.51,22595,12.26,1121.995655,26961.32231,22595,50.7125,3808.264463,52.2625,49.21666667,23138.87009
7/9/2006,1.94,86.774,374.74,22186,11.54,-394.8122388,27090.24793,22186,50.77083333,3570.247934,52.34583333,49.3625,22769.72968
7/10/2006,2.45,84.614,375.55,22131,12.57,695.27032,26675.70248,22131,50.93333333,3649.586777,52.44166667,49.3625,22336.84774
7/11/2006,4.71,79.178,372.97,23104,14.32,1662.267962,26455.53719,23104,50.90833333,3808.264463,52.59166667,49.42083333,23093.34044
7/12/2006,2.92,76.028,375,22427,12.43,-1123.067713,26747.10744,22427,50.95833333,3828.099174,52.6625,49.54583333,21829.017
7/13/2006,1.86,80.15,374.97,22334,13.07,996.9912645,26868.09917,22334,50.97083333,3808.264463,52.65,49.825,22436.31252
7/14/2006,2.02,83.732,367.5,22513,12.74,802.5221907,28722.64463,22513,51.10833333,3788.429752,52.69166667,49.74166667,24487.24828
7/15/2006,2.16,84.452,371.84,23148,12.43,1081.966596,28712.72727,23148,51.0625,3808.264463,52.79583333,49.94166667,24731.00703
7/16/2006,1.23,87.602,372.32,22458,12.26,-516.5442201,28948.76033,22458,51.20416667,4006.61157,52.92916667,49.9625,24006.73532
7/17/2006,3.23,87.782,376.05,21538,10.06,15.41344033,28863.47107,21538,51.32916667,3233.057851,53.07083333,50.0375,24449.42364
7/18/2006,3.12,85.406,375.7,22733,8.52,2375.989583,29430.7438,22733,51.37083333,3352.066116,53.2875,49.74166667,26708.39488
7/19/2006,1.68,87.962,366.16,22689,9.9,-673.717194,30184.46281,22689,50.82916667,4046.280992,53.30833333,49.34583333,25318.68978
7/20/2006,1.19,90.014,362.71,22915,13.55,1045.492038,30186.44628,22915,50.72083333,4026.446281,53.45416667,49.4125,25753.67308
7/21/2006,3.08,90.59,273.13,22840,15.99,331.32692,30287.60331,22840,50.66666667,3847.933884,53.50833333,49.39583333,25872.75064
7/22/2006,2.1,91.4,357.76,22865,15.98,591.9187815,30424.46281,22865,50.6875,3907.438017,53.64166667,49.4625,25737.56259
7/23/2006,1.6,94.442,353.24,23307,15.53,1221.462203,30581.15702,23307,51.18333333,5494.214876,54.04166667,49.70833333,24711.39426
7/24/2006,1.61,93.974,357.63,23543,14.97,611.5478888,30606.94215,23543,51.20416667,4046.280992,54.17083333,50,25505.01113
7/25/2006,2.02,91.922,357.92,22013,14.26,-474.349973,30301.4876,22013,51.3375,4046.280992,54.06666667,50,23952.8002
7/26/2006,2.56,92.156,360,22236,13.14,2525.406412,30541.4876,22236,51.17916667,3847.933884,54.13333333,50.05833333,26251.69744
7/27/2006,2.64,88.484,359.27,21860,13.92,65.85627901,30021.81818,21860,51.37083333,4343.801653,54.65833333,49.92916667,24625.9386
7/28/2006,2.87,84.704,359.6,22796,12.44,1988.077929,29756.03306,22796,51.4125,4899.173554,54.73333333,50.04583333,24856.38869
7/29/2006,3.72,80.15,358.53,22186,11.01,-609.5291859,29650.90909,22186,51.4125,4046.280992,55.01666667,50.11666667,24524.37245
7/30/2006,2.15,78.206,360.24,22340,7.53,1234.255649,30087.27273,22340,51.49166667,3649.586777,54.92916667,50.24583333,25711.64571
7/31/2006,2.17,76.046,361.54,22303,5.59,689.0402404,29131.23967,22303,51.51666667,4224.793388,54.975,50.24166667,24083.78551
8/1/2006,2.62,74.75,363.37,22865,4.52,1384.660771,29157.02479,22865,51.59583333,4423.140496,55.0375,50.38333333,24667.26552
8/2/2006,2.4,77.612,361.65,22118,3.82,-680.3812225,29849.2562,22118,51.8375,4423.140496,55.04583333,50.4625,24090.08961
8/3/2006,2.34,81.104,355.42,22595,6.98,1813.026092,27855.86777,22595,51.75416667,4284.297521,54.84166667,50.4625,23625.68715
8/4/2006,2.75,81.032,352.31,21187,8.81,-1462.116902,28335.86777,21187,51.8375,3867.768595,54.36666667,50.56666667,22297.6222
8/5/2006,3.12,81.248,347.03,20865,11.22,1848.476974,28375.53719,20865,51.85,4304.132231,54.40416667,50.5875,23204.71297
8/6/2006,2.48,81.302,337.57,22427,12.93,2428.691989,27917.35537,22427,52,4323.966942,54.725,50.8375,24714.89654
8/7/2006,3.94,78.71,341.81,22689,12.12,-859.5081102,27996.69421,22689,52.29166667,5236.363636,54.60416667,50.15833333,22505.65769
8/8/2006,1.96,76.604,343.27,23110,10.56,675.6728885,28028.42975,23110,51.54583333,4284.297521,54.9125,49.59583333,23611.67803
8/9/2006,2.43,81.626,346.62,23091,8.23,113.4542014,28599.66942,23091,51.17083333,3887.603306,54.725,49.53333333,24209.16716
8/10/2006,2.19,82.382,345.67,22087,5.23,-501.1010443,28607.60331,22087,51.35,4244.628099,54.73333333,49.55833333,22881.10221
8/11/2006,2.36,80.096,346.14,22365,5.13,1759.872997,27330.24793,22365,51.34583333,4085.950413,54.7125,49.7125,23007.88478
8/12/2006,1.68,79.376,349.7,22633,2.56,504.4127407,27508.76033,22633,51.46666667,4363.636364,54.75,49.5875,22857.2867
8/13/2006,2.34,79.952,343.68,22291,3.55,-54.16273306,27266.77686,22291,51.4625,4284.297521,54.8125,49.1,21974.01143
8/14/2006,2.47,80.42,337.28,22433,6.89,1150.467909,26370.24793,22433,51.45,4561.983471,54.73333333,49.44583333,20995.47412
8/15/2006,2.97,78.62,338.76,23047,6.97,1426.790343,26152.06612,23047,51.675,4998.347107,54.83333333,49.5,20912.11983
8/16/2006,2.29,76.568,336.54,22808,6.29,2.599178264,25949.75207,22808,51.77083333,4323.966942,54.90833333,49.5,20677.46701
8/17/2006,1.37,78.404,342.69,22408,0.13,548.318114,26223.47107,22408,51.27916667,4859.504132,54.725,49.5,20126.20798
8/18/2006,2.56,80.816,341.06,22758,-2.43,1587.758962,26334.54545,22758,50.70833333,4462.809917,54.73333333,49.5,21632.18881
8/19/2006,2.61,81.986,334.13,22570,2.17,51.54672719,26277.02479,22570,50.83333333,4442.975207,54.75416667,49.5,20951.34538
8/20/2006,3.26,80.636,317.9,22328,6.88,640.7042068,26251.23967,22328,50.87916667,4462.809917,54.75416667,49.5,20917.72348
8/21/2006,3.25,80.042,325.1,22310,8.5,852.7062721,26245.28926,22310,50.8375,4423.140496,54.69166667,49.5,21207.71235
8/22/2006,2.6,82.076,322.42,22316,6.16,620.4364103,26217.52066,22316,50.90416667,4442.975207,54.675,49.42916667,21134.16445
8/23/2006,1.97,81.356,326.61,22633,2.14,957.3810045,25400.33058,22633,50.97083333,4383.471074,54.67083333,49.02916667,20119.90387
8/24/2006,1.72,80.6,319.46,22614,0.02,877.9556341,24466.1157,22614,51.02916667,4601.652893,54.68333333,48.98333333,19010.38125
8/25/2006,1.56,80.132,322.08,22495,3.45,735.0815599,22552.06612,22495,51.23333333,4343.801653,54.7125,48.99166667,17420.34568
8/26/2006,1.09,79.826,317.5,22677,4.7,969.9187828,22218.84298,22677,51.25833333,4462.809917,54.5875,49.1125,16739.50225
8/27/2006,2.14,83.192,321.1,22026,2.57,365.5308079,22778.18182,22026,51.44583333,4561.983471,54.54166667,49.10833333,16749.30864
8/28/2006,2.81,83.552,314.39,22291,4.09,1731.889707,21953.05785,22291,51.29166667,4522.31405,54.16666667,49.23333333,17253.6371
8/29/2006,2.4,81.734,315.23,21823,2.73,-290.8932983,21715.04132,21823,51.60833333,5196.694215,54.35833333,49.175,15411.4373
8/30/2006,3.35,76.532,312.51,21799,0.51,1082.909807,21774.54545,21799,51.6875,5018.181818,54.25833333,49.20416667,15961.29542
8/31/2006,2.43,77.558,313.21,21110,-1.48,106.0682164,21917.35537,21110,51.37916667,3887.603306,54.19166667,49.35416667,16761.2164
9/1/2006,3.13,82.04,310.27,22050,-0.25,2208.535666,21903.47107,22050,51.3875,5414.876033,54.17916667,49.4,17106.5413
9/2/2006,2.89,81.95,255.97,21653,4.31,-1014.946259,21871.73554,21653,51.59583333,5276.033058,54.1375,49.66666667,15442.95783
9/3/2006,2.75,81.32,293.16,22334,4.14,1833.744649,21832.06612,22334,51.4375,3927.272727,54.0625,49.49583333,18029.74257
9/4/2006,2.51,82.148,297.56,22464,4.99,5.05081843,21798.34711,22464,51.49583333,4720.661157,54.01666667,49.68333333,15838.01513
9/5/2006,2.3,84.776,298.39,22347,3.76,1122.67082,22260.49587,22347,51.525,3728.92562,53.93333333,49.6375,17279.55398
9/6/2006,1.36,85.442,297.17,22149,2.09,1054.016268,22159.33884,22149,51.6625,5097.520661,54.00416667,49.625,15526.31212
9/7/2006,2.16,83.48,295.48,22695,1.65,2081.506062,20330.57851,22695,51.92083333,5434.710744,53.95416667,49.5625,13599.35711
9/8/2006,4.49,80.978,284.71,22570,3.1,1171.510659,19961.65289,22570,51.8625,5395.041322,53.95833333,49.42916667,13726.13968
9/9/2006,2.88,74.264,277.87,22303,5.99,573.4718902,20167.93388,22303,51.5125,5077.68595,53.79166667,49.16666667,14615.71906
9/10/2006,1.66,77.072,286.24,22217,3.68,388.5288739,19533.22314,22217,51.35416667,4899.173554,53.85416667,49.34583333,14152.71751
9/11/2006,1.44,82.814,285.39,22545,2.06,809.3320768,19715.70248,22545,51.24583333,4899.173554,53.80416667,49.43333333,14460.91824
9/12/2006,1.63,86.702,284.07,21423,-0.89,-766.3893144,19588.76033,21423,51.3125,4780.165289,53.65833333,49.4125,13783.57709
9/13/2006,2.47,84.254,284.09,21946,-3.72,1548.017951,18702.14876,21946,51.4,5057.85124,53.6875,49.7875,13942.58065
9/14/2006,4.45,71.258,287.45,21848,-6.22,-396.2831293,18765.61983,21848,51.525,5196.694215,53.64166667,49.63333333,11630.37474
9/15/2006,3.47,58.478,260.37,22149,-2.68,2239.55088,18360.99174,22149,51.27083333,5097.520661,53.475,49.5625,13197.99571
9/16/2006,2.48,61.106,278.35,22316,-2.87,232.4753644,18612.89256,22316,51.15833333,5057.85124,53.5375,49.54583333,13614.76715
9/17/2006,2.36,71.672,271.5,21976,-4.68,-399.7258277,18224.13223,21976,51.31666667,5057.85124,53.42916667,49.525,12495.43814
9/18/2006,2.43,75.83,261.46,21872,1.21,566.8428517,17890.90909,21872,51.24583333,5097.520661,53.27916667,49.44583333,12062.55621
9/19/2006,4.34,69.224,271.11,22557,0.66,1415.83222,17815.53719,22557,51.225,5057.85124,53.24583333,49.54166667,12773.51925
9/20/2006,3.98,67.172,243.16,22205,-1.41,-367.8332996,17075.70248,22205,51.425,5117.355372,53.0125,49.65416667,11175.77866
9/21/2006,4.54,70.916,258.71,22458,-0.7,1035.568447,16988.42975,22458,51.40416667,5057.85124,52.85833333,49.55416667,11685.71078
9/22/2006,5.4,64.202,258.45,22390,-2.2,176.8677324,16738.5124,22390,51.325,5137.190083,52.74166667,49.80416667,11000.66461
9/23/2006,2.71,65.894,264.55,22032,-4.14,242.657704,16883.30579,22032,51.40833333,5077.68595,52.7125,49.97916667,10992.95959
9/24/2006,1.68,69.296,263.43,22081,-8.23,861.6602447,16056.19835,22081,51.3,5117.355372,52.55416667,49.81666667,10569.88405
9/25/2006,1.67,73.814,260.3,22427,-9.36,714.9589252,15913.38843,22427,51.3875,5097.520661,52.5,50,10702.97073
9/26/2006,1.75,77.072,256.52,22402,-6.62,87.8970386,16032.39669,22402,51.42916667,5077.68595,52.4125,50.06666667,10571.98542
9/27/2006,1.86,78.71,253.05,22414,-4.56,394.7253238,15467.10744,22414,51.5875,5077.68595,52.40416667,50.09583333,9883.436974
9/28/2006,2.11,78.638,249.96,22390,-4.39,481.9845136,14969.2562,22390,51.6,5057.85124,52.3,50.24166667,9444.951393
9/29/2006,2.42,76.442,246.86,21410,-2.34,-513.5464343,14949.42149,21410,51.62916667,5057.85124,52.15416667,50.34166667,8429.99036
9/30/2006,4.08,72.158,238.21,21362,1.64,1413.579888,14679.66942,21362,51.62083333,5057.85124,52.12083333,50.45,8785.82211
10/1/2006,4.74,67.496,219.07,21653,2.65,1126.996072,14941.4876,21653,51.5625,5018.181818,51.83333333,50.9,9348.988894
10/2/2006,2.97,64.148,233.83,21964,3.92,885.3168911,14074.71074,21964,51.39166667,787.4380165,52.45,51.125,13059.30538
10/3/2006,2.01,64.76,106.13,22557,4.74,820.9673473,13943.80165,22557,51.25833333,969.9173554,52.2125,50.475,12872.98403
10/4/2006,2.46,58.19,88.63,21568,7.59,-888.0997325,13989.42149,21568,51.40416667,846.9421488,52.30833333,50.72083333,11630.37474
10/5/2006,2.91,56.714,148.91,21848,8.53,1792.104599,13687.93388,21848,51.17083333,793.3884298,52.40416667,51.0375,12987.85885
10/6/2006,1.79,61.718,210.99,21599,5.54,-342.3133955,13154.38017,21599,51.52916667,1005.619835,52.4125,51.02083333,11883.93988
10/7/2006,2.58,64.238,218.85,21702,1.4,367.8204506,13067.10744,21702,51.57083333,1011.570248,52.37916667,51.4875,11838.41023
10/8/2006,2.98,67.028,224.2,22297,-2.87,812.1269601,13082.97521,22297,51.74583333,710.0826446,52.4125,51.11666667,12755.30739
10/9/2006,3.53,67.55,222.7,21921,-3.56,-758.414828,12969.91736,21921,51.875,1110.743802,52.43333333,51.18333333,11207.29919
10/10/2006,3.45,59.792,222.73,21927,-4.5,657.8743637,12091.23967,21927,51.9375,583.1404959,52.57083333,51.2625,11179.28094
10/11/2006,1.94,63.5,217.13,22026,-1.32,427.8182336,11952.39669,22026,51.87916667,543.4710744,52.60416667,51.29583333,11316.57036
10/12/2006,1.38,68.954,216.43,21229,-0.26,-704.6447402,11948.42975,21229,51.95,658.5123967,52.6,51.30416667,10147.50896
10/13/2006,2.49,68.954,214.05,21544,0.36,1457.408395,11978.18182,21544,51.9,1170.247934,52.51666667,51.86666667,10842.36151
10/14/2006,1.96,65.282,209.39,21508,3.25,-70.4276257,11952.39669,21508,52.10416667,777.5206612,52.69166667,52.07083333,10520.15166
10/15/2006,3.14,63.95,156.73,21623,6.02,769.7243731,11595.3719,21623,52.24166667,529.5867769,52.77916667,51.72083333,10962.83998
10/16/2006,3.65,59.936,154.37,21817,3.94,296.945144,11557.68595,21817,52.34583333,1313.057851,52.75416667,51.85833333,10343.6367
10/17/2006,4.1,55.274,203.12,22063,0.5,146.9913992,11549.75207,22063,52.32916667,1303.140496,52.775,51.9625,10045.94281
10/18/2006,2.09,59.216,191.48,22007,-1.58,144.6687602,11577.52066,22007,52.33333333,995.7024793,52.8625,51.97083333,10324.02392
10/19/2006,3.53,65.66,143.18,22143,1.33,393.7942618,11629.09091,22143,52.425,2459.504132,52.62083333,52.0875,8912.604682
10/20/2006,3.58,66.704,187.89,21823,2.87,-63.01790514,11714.38017,21823,52.55,2161.983471,52.74166667,52.475,8719.979227
10/21/2006,2.47,65.822,190.95,22236,-4.49,1245.417467,11631.07438,22236,52.67916667,2657.85124,52.71666667,52.67083333,8779.518004
10/22/2006,1.81,67.676,191.73,22100,-3.61,57.7051365,11648.92562,22100,52.70833333,854.8760331,53.15416667,52.34583333,9814.09181
10/23/2006,1.11,69.764,186.71,22242,-0.46,1121.957777,11399.00826,22242,52.79583333,1892.231405,52.9875,52.7375,9143.054771
10/24/2006,2.82,68.486,176.49,21386,0.95,-492.2779115,11236.36364,21386,52.775,27.76859504,53.28333333,52.65833333,10012.32091
10/25/2006,4.62,55.328,189.03,21368,-8.03,1178.274131,10849.58678,21368,52.82916667,712.0661157,52.87916667,53.13333333,9250.22457
10/26/2006,2.39,57.29,186.57,21265,-10.35,784.2960912,11089.58678,21265,52.7625,485.9504132,53.12083333,52.37916667,9688.710151
10/27/2006,1.03,62.24,183.58,21459,-6.43,1108.926213,11218.5124,21459,52.7,706.1157025,53.09166667,52.7375,9746.147559
10/28/2006,1.3,63.194,175.33,21641,-5.96,948.2491352,11254.21488,21641,52.8,489.9173554,53.24166667,52.87083333,10002.51453
10/29/2006,1.48,61.772,177.42,21544,-4.49,664.7829907,11234.38017,21544,52.87083333,3887.603306,52.81666667,53.25833333,6421.782436
10/30/2006,2.9,57.002,174.27,21623,-1.67,1003.994424,11232.39669,21623,52.94583333,3709.090909,52.86666667,53.07083333,6615.808804
10/31/2006,1.76,53.906,143.7,21550,1.34,834.4969811,11200.66116,21550,52.99166667,27.76859504,53.44583333,53.02916667,10492.83387
11/1/2006,1.26,50.972,62.86,21769,4.66,899.058692,10891.23967,21769,53,472.0661157,53.12916667,53.15833333,10450.8065
11/2/2006,4.38,49.91,40.17,21787,8.26,-13.63294628,11164.95868,21787,53,476.0330579,53.31666667,53.05833333,10165.02037
11/3/2006,3.41,54.068,71.87,21508,10.07,244.9052498,11168.92562,21508,53.2125,672.3966942,53.34166667,53.32083333,9986.404035
11/4/2006,1.92,58.604,107.9,21295,10.01,297.1248906,11160.99174,21295,53.22083333,27.76859504,53.6875,53.46666667,10730.98898
11/5/2006,1.09,63.824,72.44,21092,9.5,199.2341605,11188.76033,21092,53.6125,662.4793388,53.30833333,53.48333333,9998.311791
11/6/2006,0.99,69.71,118.55,20865,10.81,300.9692007,11172.89256,20865,53.75,27.76859504,53.79583333,53.74583333,10423.4887
11/7/2006,3.55,67.928,67.64,20416,11.29,272.6352669,11180.82645,20416,53.77083333,646.6115702,53.325,53.0375,9676.802395
11/8/2006,3.46,60.35,145.19,20428,4.96,869.412481,11182.80992,20428,53.79583333,1146.446281,53.70833333,53.42916667,9698.516537
11/9/2006,2.42,49.01,156.25,20469,-2.92,378.8470994,11168.92562,20469,52.90833333,767.6033058,53.85416667,52.3875,10230.86325
11/10/2006,3.59,49.928,128.54,20534,-3.59,235.459064,11162.97521,20534,52.425,767.6033058,53.39583333,52.51666667,10262.38378
11/11/2006,2.13,45.23,123.09,20575,3.96,173.9881208,11176.8595,20575,52.4375,650.5785124,53.43333333,52.64166667,10355.54445
11/12/2006,4.29,44.276,113.75,21817,0.18,1412.736542,11162.97521,21817,52.275,97.19008264,53.72083333,52.5875,12110.18723
11/13/2006,5.63,45.41,42.78,22236,6.37,-625.402106,11174.87603,22236,52.09583333,2280.991736,53.1375,51.73333333,9186.483056
11/14/2006,1.21,53.276,141.17,22155,6.63,-373.5987585,11170.90909,22155,52.52916667,2776.859504,53.32916667,51.3375,8277.290909
11/15/2006,3.74,53.528,115.08,20469,5.8,-1569.241322,11155.04132,20469,52.28333333,1912.066116,53.55833333,52.275,7602.751589
11/16/2006,2.24,50.27,44.65,21235,8.85,2406.223618,11176.8595,21235,51.86666667,979.8347107,53.37916667,52.30833333,10246.27329
11/17/2006,0.92,53.474,96.59,21164,8.95,-120.2484966,11188.76033,21164,52.21666667,870.7438017,53.22916667,52.7125,9722.332048
11/18/2006,1.35,54.806,126.06,21110,7.82,541.6844809,11204.6281,21110,52.35416667,660.4958678,53.28333333,52.88333333,9903.049748
11/19/2006,3.26,58.586,92.24,20776,10.02,307.0824834,11220.49587,20776,52.62916667,142.8099174,53.33333333,52.72916667,10288.30066
11/20/2006,3.6,59.36,100.61,20510,11.15,523.3852904,11224.46281,20510,52.625,755.7024793,52.8625,53.225,9543.715717
11/21/2006,4.56,54.716,68.28,20811,8.19,1226.044614,10679.00826,20811,52.49583333,731.9008264,53.27916667,52.60416667,9950.680769
11/22/2006,3.52,48.236,80.22,20871,4.96,56.42666902,10944.79339,20871,52.35,735.8677686,53.23333333,52.65833333,9758.055314
11/23/2006,1,44.654,127.21,20871,1.27,450.8703058,10942.80992,20871,52.09583333,140.8264463,53.24583333,52.79166667,10387.76544
11/24/2006,2.69,43.664,121.66,20919,-1.79,462.2180311,10984.46281,20919,51.97083333,664.4628099,52.69583333,52.61666667,10069.75832
11/25/2006,1.29,45.374,113.86,21110,-1.2,441.24168,11010.24793,21110,52,136.8595041,53.44583333,52.74583333,10307.91343
11/26/2006,4.68,43.142,47.39,21271,3.65,726.4749998,11018.18182,21271,52.0375,696.1983471,52.62083333,52.27083333,9898.84701
11/27/2006,2.99,42.296,86.53,21098,1.93,250.1364611,11022.14876,21098,51.8375,634.7107438,52.725,52.77083333,9803.584967
11/28/2006,2.63,39.938,65.29,21223,-2.37,708.8530495,11020.16529,21223,51.68333333,616.8595041,52.52083333,52.98333333,10232.96462
11/29/2006,3.28,34.97,127.27,21259,-6.04,206.3411651,11012.2314,21259,51.59583333,132.892562,52.49583333,52.30416667,10802.43551
11/30/2006,1.03,39.542,115.58,21653,-4.76,470.903333,10895.20661,21653,51.75416667,785.4545455,52,52.67916667,10423.4887
12/1/2006,3.2,42.62,126.35,21854,-1.61,-112.7366339,10869.42149,21854,51.97083333,908.4297521,52.02916667,53.05,10083.76745
12/2/2006,3.17,40.424,124.55,21659,-2.04,-317.7757145,10861.4876,21659,52.10416667,747.768595,51.90416667,53.375,9855.418726
12/3/2006,1.78,41.918,122.76,21909,-3.27,508.3002823,10869.42149,21909,52.14583333,101.1570248,51.95,53.0375,11042.69198
12/4/2006,1.42,43.826,116.82,22081,-2.68,-102.4275172,10865.45455,22081,52.5375,101.1570248,51.79583333,52.7625,9607.457231
12/5/2006,1.49,45.95,120.08,22087,-1.37,1162.84029,10851.57025,22087,52.2625,850.9090909,51.225,52.81666667,9960.487156
12/6/2006,1.58,46.544,120.34,21848,-0.52,-198.825999,10849.58678,21848,52.05,543.4710744,51.11666667,52.675,10006.01681
12/7/2006,1.74,48.452,115.56,21781,0.4,233.0988925,10881.32231,21781,52.10833333,551.4049587,50.87916667,52.5875,10127.19573
12/8/2006,4.48,50.666,105.48,21726,2.33,147.7216254,10879.33884,21726,52.04583333,543.4710744,50.72916667,52.50833333,9893.243361
12/9/2006,4.67,47.588,62.46,22137,7.45,853.6244076,10913.05785,22137,52.04166667,630.7438017,50.48333333,52.3375,10379.35996
12/10/2006,4.15,44.546,46.62,21848,5.99,-386.0459104,11028.09917,21848,52.06666667,95.20661157,50.37916667,52.08333333,10353.44308
12/11/2006,5.87,44.96,29.06,22124,6.61,855.449482,11018.18182,22124,51.96666667,827.107438,49.79583333,51.7,9976.597649
12/12/2006,4.63,48.92,36.87,22211,8.54,301.4767312,11016.19835,22211,51.4875,1029.421488,50.28333333,51.69583333,9666.996008
12/13/2006,5.94,51.98,29.26,22507,10.47,615.7808515,11020.16529,22507,51.48333333,1872.396694,50.18333333,51.7,8600.901673
12/14/2006,5.95,53.078,39.73,21848,10.63,-112.133078,11022.14876,21848,51.64166667,2122.31405,50.025,51.7,7618.161625
12/15/2006,2.82,45.5,103.16,21350,1.27,783.6730857,11010.24793,21350,51.6125,2836.363636,49.68333333,51.7,7038.884348
12/16/2006,2.28,39.038,113.44,20663,-4.79,447.9999495,11008.26446,20663,51.28333333,2221.487603,49.8875,51.7,7127.842285
12/17/2006,2.02,36.824,118.31,20334,-5.72,1329.934575,11020.16529,20334,50.94166667,1182.14876,49.82916667,50.83333333,8345.23516
12/18/2006,2.16,35.744,119.51,20627,-6.6,1785.781369,11018.18182,20627,50.88333333,1517.355372,49.43333333,50.8,9410.629039
12/19/2006,0.84,36.356,117.94,20428,-8.08,-108.8025927,10456.8595,20428,50.5875,1727.603306,49.22083333,50.8,8386.562076
12/20/2006,1.24,35.348,86.39,20883,-5.06,797.6941223,10988.42975,20883,50.47916667,969.9173554,49.09166667,50.39166667,9553.522104
12/21/2006,1.15,35.132,43.98,20575,0.05,156.9902927,11018.18182,20575,50.42083333,1703.801653,48.75416667,50.1,8317.216912
12/22/2006,2.07,35.762,107,20835,-0.7,1257.163253,11020.16529,20835,50.12916667,1939.834711,48.32916667,50.1,8275.18954
12/23/2006,1.16,38.93,40.34,20811,0.48,781.1410385,11012.2314,20811,50.00416667,1935.867769,48.22916667,50.1,7922.159616
12/24/2006,1.37,39.848,48.57,20716,1.24,1059.20402,11020.16529,20716,50.0875,1852.561983,47.89166667,50.1,8598.800304
12/25/2006,3.78,40.118,37.97,20387,1.83,239.8030018,11004.29752,20387,50.02083333,1553.057851,47.75,50.1,8714.375577
12/26/2006,6.88,41.054,34.69,21241,3.25,1590.864092,10988.42975,21241,49.7875,1983.471074,47.42916667,50.1,8588.993917
12/27/2006,5.48,38.462,76.25,21995,-0.42,1169.964761,11004.29752,21995,49.325,3133.884298,47.24583333,50.10416667,7665.792647
12/28/2006,4.39,32.63,119.73,22470,-4.66,679.6205761,11008.26446,22470,48.95416667,1941.818182,47.55833333,50.275,8291.300033
12/29/2006,2.16,34.844,104.61,21811,-5.04,116.146248,11028.09917,21811,48.98333333,2400,47.42916667,50.40833333,6794.425135
12/30/2006,0.87,38.642,120.4,21350,-3.18,1372.674039,11022.14876,21350,48.9625,2380.165289,47.34166667,50.00833333,7246.919839
12/31/2006,0.8,42.242,8.06,21277,-0.14,1322.063632,11036.03306,21277,49.15,2459.504132,47.08333333,49.75,8539.261527
1/1/2007,2.27,38.372,111.41,20551,-1.26,-688.7326014,11008.26446,20551,49.23333333,908.4297521,47.33333333,49.45,9297.855591
1/2/2007,1.2,44.546,72.49,20264,0.11,514.9791197,11006.28099,20264,49.3375,886.6115702,47.425,49.3875,9454.75778
1/3/2007,2.84,39.272,38.16,19760,1.27,160.9116415,11012.2314,19760,49.175,880.661157,47.39166667,49.35,8841.158149
1/4/2007,2.51,39.056,83.07,21562,0.33,3092.412099,11010.24793,21562,49.04583333,1104.793388,47.1375,49.39166667,10861.97428
1/5/2007,3.38,34.034,116.8,21587,-3.97,-931.5197345,11024.13223,21587,48.82083333,868.7603306,46.9125,49.4,9683.106501
1/6/2007,1.49,38.102,92.94,21170,-2.22,55.26539983,11040,21170,48.50833333,922.3140496,46.83333333,49.4,9109.432874
1/7/2007,2.7,39.164,122.14,20937,-0.72,775.2530764,10647.27273,20937,48.48333333,912.3966942,46.7625,49.4,8884.586434
1/8/2007,2.92,41.918,122.57,20770,0.37,683.2895991,10272.39669,20770,48.63333333,1650.247934,46.58333333,50.3625,7908.150492
1/9/2007,1.14,43.16,124.37,21026,-0.2,969.9982683,10046.28099,21026,48.64166667,1154.380165,46.66666667,50.85,8481.824119
1/10/2007,2.19,40.766,101.06,20592,-0.85,-23.92329255,10044.29752,20592,49.475,1158.347107,46.6375,50.725,7771.561533
1/11/2007,3.48,32.198,128.83,20545,-6.67,1067.38888,9933.22314,20545,49.725,1164.297521,46.49583333,50.55833333,8037.034432
1/12/2007,3.92,28.706,132.69,20440,-9.1,626.8911878,9937.190083,20440,49.35,640.661157,46.3875,50.33333333,8807.536252
1/13/2007,1.84,28.472,118.25,20925,-9.19,973.9926736,9879.669421,20925,49.22916667,1029.421488,46.08333333,50.125,8753.601124
1/14/2007,2.1,30.596,133.16,20871,-8,42.64680988,10046.28099,20871,49.00833333,1180.165289,45.80833333,49.96666667,8093.070928
1/15/2007,2.14,31.406,134.68,21002,-6.69,904.0447745,9840,21002,48.875,1186.115702,45.675,49.79583333,8193.936621
1/16/2007,0.95,33.332,118.99,20610,-5.41,67.94767652,9861.818182,20610,48.74583333,1186.115702,45.52083333,49.7375,7912.353229
1/17/2007,3.76,35.402,133.91,20504,-3.1,657.3492503,9943.140496,20504,48.75416667,1031.404959,45.37916667,49.74166667,8429.99036
1/18/2007,3,36.59,130.97,20907,-3,884.7451772,9766.61157,20907,48.73333333,1051.239669,45.22916667,49.625,8517.547385
1/19/2007,2.62,41.594,122.3,21441,-0.18,731.8245158,9812.231405,21441,48.75833333,608.9256198,45.29166667,49.55,9234.114077
1/20/2007,4.37,41.594,137.08,21301,-1.9,-170.8082919,9818.181818,21301,48.91666667,124.9586777,45.46666667,49.44583333,8841.158149
1/21/2007,3.68,39.092,138.3,20716,-3.24,267.0649915,9885.619835,20716,48.97083333,124.9586777,45.49583333,49.38333333,8551.169283
1/22/2007,2.16,40.892,141.48,20622,-3.27,1115.491874,9895.53719,20622,48.97083333,882.6446281,45.24166667,49.3125,8053.144925
1/23/2007,1.56,42.458,120.43,20847,-1.87,1184.747637,9804.297521,20847,48.725,117.0247934,45.30416667,49.12916667,9317.468365
1/24/2007,0.95,43.448,144.72,21313,-1.66,835.8043623,9621.818182,21313,48.78333333,115.0413223,45.3,49.20833333,9512.195188
1/25/2007,0.81,44.24,145.17,21738,-1.57,419.5816715,9506.77686,21738,48.83333333,115.0413223,45.05416667,49.08333333,9285.947836
1/26/2007,0.67,43.862,147.06,21702,-1.54,69.78770119,9867.768595,21702,48.80833333,115.0413223,44.70833333,49.025,9226.409059
1/27/2007,0.6,46.49,113.13,21520,1.23,344.3182137,9857.85124,21520,48.77083333,115.0413223,44.61666667,48.92916667,8956.032966
1/28/2007,2.34,45.266,150.1,21187,0.41,453.7769514,9994.710744,21187,48.69583333,156.6942149,44.55833333,48.89166667,8956.032966
1/29/2007,2.53,44.24,151.89,21574,-0.14,1268.983563,9808.264463,21574,48.62916667,148.7603306,44.5,48.83333333,9007.866725
1/30/2007,1.49,44.582,155.04,21110,-0.68,187.6374072,10032.39669,21110,48.63333333,180.4958678,44.54583333,48.8125,8763.407511
1/31/2007,1.81,41.774,158.49,21116,-2.72,1094.493315,9883.636364,21116,48.64166667,134.8760331,44.89166667,48.71666667,8755.702493
2/1/2007,1.47,40.82,159.55,21235,-2.91,1112.057838,9814.214876,21235,48.62916667,134.8760331,44.7125,48.675,9331.477489
2/2/2007,1.02,41.396,160.31,21350,-3.58,462.861354,9945.123967,21350,48.49166667,134.8760331,44.425,48.55,9859.621463
2/3/2007,0.99,44.744,114.85,21265,-1.43,-134.3735291,9921.322314,21265,48.44166667,134.8760331,44.4375,48.52083333,9807.787704
2/4/2007,1.86,50.252,152.97,21241,1.43,-45.34142301,9925.289256,21241,48.4125,134.8760331,44.375,48.5375,9162.667545
2/5/2007,1.59,52.808,155.5,21665,2.99,1051.745678,9899.504132,21665,48.55416667,134.8760331,44.44166667,48.5,9714.62703
2/6/2007,2.77,48.47,162.15,22161,2.2,546.0010692,9677.355372,22161,48.62916667,134.8760331,44.6625,48.41666667,10248.37465
2/7/2007,3.41,42.836,52.85,22396,2.9,-470.8953112,9949.090909,22396,48.575,134.8760331,44.51666667,48.35,9597.650845
2/8/2007,2.89,42.458,63.34,22180,3.28,0.564031033,10014.54545,22180,48.47083333,128.9256198,44.45,48.20416667,9424.638163
2/9/2007,2.24,42.746,35.49,21738,3.49,18.98167171,9974.876033,21738,48.25,1414.214876,44.33333333,48.24583333,7590.843833
2/10/2007,4.61,43.628,55.86,23383,4.09,2614.817324,9923.305785,23383,48.14583333,652.5619835,44.74583333,48.30416667,8334.728317
2/11/2007,3.47,43.61,88.31,21623,3.37,-823.9845153,9955.041322,21623,48.29166667,2400,44.17916667,47.82083333,4244.064112
2/12/2007,2.66,45.518,123.98,21447,4.95,3134.97721,9887.603306,21447,48.06666667,1253.553719,44.3875,48.04166667,7024.875224
2/13/2007,1.46,45.752,146.42,22427,4.25,2589.174363,9861.818182,22427,48.12916667,630.7438017,44.7125,48.19166667,8859.37001
2/14/2007,1.79,47.066,173.76,22470,2.97,414.7043702,9863.801653,22470,47.94583333,561.322314,44.97916667,48.28333333,8378.857058
2/15/2007,1.17,49.28,90.65,22124,5.71,577.6222808,9847.933884,22124,47.85,561.322314,45.26666667,48.2,7638.474855
2/16/2007,2.74,49.55,181.56,21429,6.33,953.1367152,9629.752066,21429,48.06666667,561.322314,45.375,47.99583333,7939.671021
2/17/2007,1.69,52.304,188.77,21441,4.87,1140.758731,9857.85124,21441,48.23333333,561.322314,45.61666667,48.22916667,8668.145468
2/18/2007,4.71,48.398,187.6,20728,1.88,-84.61654238,9808.264463,20728,48.275,561.322314,45.7125,48.1625,7763.156058
2/19/2007,3.35,43.124,190.92,20522,-0.7,1277.786091,9768.595041,20522,48.14583333,561.322314,45.95416667,48.3125,8483.925488
2/20/2007,3.86,45.374,121.93,20434,2.55,635.3472393,9724.958678,20434,47.92083333,122.9752066,46.22916667,47.96666667,9573.835334
2/21/2007,7.98,47.21,119.81,20498,5.92,92.14813707,9651.570248,20498,47.9875,321.322314,46.15,47.675,9041.488622
2/22/2007,5.53,42.854,113.55,20563,4.23,353.7593119,8979.173554,20563,47.48333333,2995.041322,45.75416667,47.6625,5027.8746
2/23/2007,1.66,36.77,110.38,20008,-0.61,401.2576314,8971.239669,20008,46.6625,2737.190083,45.75,47.875,5260.426058
2/24/2007,4.85,35.906,66.04,20592,0.52,1557.623529,8943.471074,20592,46.74166667,509.7520661,46.10416667,48.05,8408.276218
2/25/2007,6.17,38.498,131.67,20598,0.52,31.44279026,9018.842975,20598,47.11666667,878.677686,45.8875,47.9625,7243.417558
2/26/2007,4.3,36.644,141.12,20002,-0.48,300.7477313,9008.92562,20002,47.18333333,2201.652893,45.7875,47.77083333,5418.729159
2/27/2007,5.03,36.734,134.39,20569,-0.21,1955.543568,9020.826446,20569,46.89166667,481.9834711,46.0875,47.81666667,8964.43844
2/28/2007,2.37,36.446,159.41,21465,-1.34,470.4045352,8983.140496,21465,46.83333333,599.0082645,45.80416667,47.8875,8815.24127
3/1/2007,2.48,37.778,106.12,21465,-0.45,-431.1090386,8957.355372,21465,46.85,430.4132231,45.93333333,47.825,7993.606148
3/2/2007,1.55,40.172,116.4,21659,0.87,727.3360008,8977.190083,21659,47.2375,547.4380165,45.96666667,47.87916667,7963.486531
3/3/2007,2.72,46.364,220.97,21635,2.56,442.2655351,8979.173554,21635,47.5375,126.9421488,46.24166667,48.07083333,7819.192554
3/4/2007,1.62,49.964,193.94,21217,3.15,615.038851,8979.173554,21217,47.92083333,761.6528926,45.93333333,48.10416667,6826.64612
3/5/2007,0.89,52.484,158.64,21313,3.46,1486.874541,8840.330579,21313,48.175,436.3636364,46.0375,48.25833333,8319.318281
3/6/2007,1.38,51.08,227.92,20793,2.78,-435.3513389,8935.53719,20793,48.1375,101.1570248,46.3125,48.24166667,8051.043556
3/7/2007,2.05,46.526,70.81,21158,2.26,1148.336609,8953.38843,21158,48.27916667,101.1570248,46.3875,48.225,8517.547385
3/8/2007,1.22,46.652,208.52,20094,2.55,-729.31598,8963.305785,20094,48.225,101.1570248,46.40833333,48.14583333,7723.930511
3/9/2007,1.8,47.642,89.7,19674,2.49,718.2182493,8955.371901,19674,48.25,101.1570248,46.45833333,48.3125,8034.933064
3/10/2007,2.29,50.198,178.11,20323,3.49,1468.281812,8923.636364,20323,48.3875,1394.380165,46.20833333,48.50416667,7342.181882
3/11/2007,1.88,56.696,215.74,20031,5.45,-104.9256837,8394.049587,20031,48.52173913,111.0743802,46.80434783,48.8173913,8319.318281
3/12/2007,0.54,62.096,224.01,19806,7.56,-261.3430744,8840.330579,19806,48.99166667,117.0247934,46.85833333,48.9125,7614.659344
3/13/2007,1.23,64.742,242.19,20540,9.55,1842.646441,8872.066116,20540,49.39583333,1108.760331,46.70833333,48.99583333,7653.884891
3/14/2007,2.39,61.502,217.35,20317,6.83,-113.5791059,8814.545455,20317,49.49166667,138.8429752,47.27083333,48.80833333,8307.410525
3/15/2007,3.08,58.442,250.32,20182,5.83,233.2919543,8870.082645,20182,50.09583333,138.8429752,46.80416667,49.3625,7779.266551
3/16/2007,1.13,62.69,254.53,20943,7.01,1712.973118,8993.057851,20943,50.225,1247.603306,46.46666667,49.05416667,8088.868191
3/17/2007,1.21,64.058,252.58,21605,9.5,318.5863545,8933.553719,21605,50.54166667,374.8760331,46.6875,48.8375,8072.757698
3/18/2007,1.93,62.024,255.59,20746,8.79,-373.080012,8852.231405,20746,50.67916667,144.7933884,46.77916667,48.62916667,7191.5838
3/19/2007,4.15,57.758,228.78,20088,8.56,857.8542165,8977.190083,20088,50.8125,144.7933884,46.8,48.65833333,7769.460164
3/20/2007,2.29,54.77,203.01,19898,7.34,872.9365302,8967.272727,19898,50.65,144.7933884,46.79166667,48.61666667,7641.977136
3/21/2007,4.77,48.92,268.91,20393,1.68,1675.502203,8993.057851,20393,50.73333333,144.7933884,46.78333333,49.87083333,8521.750122
3/22/2007,3.05,53.24,267.62,20002,3.51,-64.48565919,8991.07438,20002,50.24166667,144.7933884,46.90416667,49.77083333,7965.5879
3/23/2007,3.34,58.496,269.44,19639,6.45,517.6930917,9012.892562,19639,51.16666667,144.7933884,46.97083333,49.84583333,7695.912263
3/24/2007,1.95,62.546,248.09,19852,8.92,1385.186911,9008.92562,19852,51.35833333,245.9504132,46.9375,49.42916667,8676.550942
3/25/2007,3.54,58.154,185.94,20522,9.3,756.4242646,10710.7438,20522,51.3,234.0495868,46.84166667,49.59166667,10861.97428
3/26/2007,4.34,49.658,158.16,20340,5.52,-567.2800651,10940.82645,20340,50.81666667,105.1239669,47,49.2625,9909.353853
3/27/2007,3.81,43.7,177.78,20889,0.34,1475.348626,11529.91736,20889,50.27083333,105.1239669,46.95416667,49.225,11252.82884
3/28/2007,4.31,44.834,285.87,21890,-0.17,1172.964548,11436.69421,21890,49.97083333,105.1239669,47.17083333,50.04166667,11157.5668
3/29/2007,2.81,51.17,286.03,20740,1.9,-975.9965521,12001.98347,20740,50.60416667,105.1239669,47.10833333,50.925,9933.169364
3/30/2007,1.84,57.2,245.33,20865,3.87,2088.69014,12023.80165,20865,51.28333333,105.1239669,47.17083333,49.7625,11231.1147
3/31/2007,1.28,59.018,238.77,20919,5.31,741.562986,12967.93388,20919,51.68333333,105.1239669,47.29583333,50.10416667,12086.37172
4/1/2007,1.36,57.578,113.84,21380,5.74,1237.438197,13969.58678,21380,51.60416667,105.1239669,47.28333333,50.2,13328.98102
4/2/2007,2.21,54.41,299,21593,1.35,748.4817899,14040.99174,21593,51.42083333,105.1239669,47.3875,50.03333333,13174.1802
4/3/2007,1.54,58.73,214.86,21410,3.98,578.6875686,14511.07438,21410,51.27916667,105.1239669,47.54583333,50.5,13299.56186
4/4/2007,2.61,63.842,289.8,21056,8.82,752.3885532,15008.92562,21056,51.72916667,105.1239669,47.57083333,50.12916667,13571.33886
4/5/2007,1.1,64.274,229.13,20847,8.35,1123.462793,16056.19835,20847,51.9,105.1239669,47.65,50.825,14582.09716
4/6/2007,2.19,67.478,299.1,20859,10.33,1380.97722,16085.95041,20859,52.225,105.1239669,47.74583333,50.67916667,14790.13265
4/7/2007,3.54,58.244,168.47,20375,9.43,706.6937963,16046.28099,20375,52.45416667,105.1239669,47.75833333,50.28333333,14418.89087
4/8/2007,1.97,55.004,92.8,20147,8.83,1294.266155,15875.70248,20147,51.775,105.1239669,47.825,50.47083333,14329.93293
4/9/2007,2.77,53.366,192.16,20734,5.64,2027.645582,15596.03306,20734,51.97916667,105.1239669,47.89166667,50.20416667,15395.32681
4/10/2007,2.14,51.71,309.64,20604,0.14,-34.41771909,15246.94215,20604,51.29583333,105.1239669,47.8625,50.74583333,14752.30802
4/11/2007,2.51,45.608,106.78,20722,3.88,507.5101618,15808.26446,20722,51.71666667,105.1239669,47.82083333,50.27083333,15522.80984
4/12/2007,3.45,48.506,311.41,21380,1.8,838.3306559,16056.19835,21380,51.60833333,105.1239669,47.84583333,50.77083333,15894.05162
4/13/2007,2.07,52.826,257.29,21690,3.42,367.0227602,16064.13223,21690,51.49583333,105.1239669,48.07083333,51.62083333,15816.30098
4/14/2007,2.75,51.188,199.11,21665,6.94,117.7072845,16040.33058,21665,52.52083333,105.1239669,48.05833333,50.92916667,15627.87827
4/15/2007,5.4,51.296,320.98,21092,3.1,-265.6716584,16078.01653,21092,52.06666667,105.1239669,48.09583333,51.78333333,15059.80829
4/16/2007,2.93,57.11,313.27,20859,5.28,680.084272,16044.29752,20859,52.4125,105.1239669,48.3625,51.775,15429.64916
4/17/2007,4.22,52.214,254.93,20668,2.65,318.5243937,16064.13223,20668,53.34166667,105.1239669,48.38333333,50.73333333,15411.4373
4/18/2007,2.74,46.958,270.11,21277,0.06,1156.570964,16064.13223,21277,52.15416667,105.1239669,48.54583333,50.7625,16193.84687
4/19/2007,2.66,45.23,146.93,21823,1.4,311.1613945,16028.42975,21823,51.1625,105.1239669,48.37916667,51.20416667,15786.88182
4/20/2007,2.09,49.712,321.81,21902,2.92,215.4239651,15098.18182,21902,51.4625,105.1239669,48.43333333,52.05833333,14587.70081
4/21/2007,5.68,47.426,126.46,21964,6.25,467.3570412,15244.95868,21964,52.2875,105.1239669,48.575,51.07083333,14594.00492
4/22/2007,2.13,49.82,217.16,21896,5.77,477.8297907,15020.82645,21896,52.1,105.1239669,48.66666667,51.4,14018.22992
4/23/2007,1.6,56.444,337.82,21684,5.72,685.4725593,15048.59504,21684,51.77916667,105.1239669,48.81666667,52.02916667,14275.9978
4/24/2007,1.67,62.996,297.61,21247,7.48,230.4732744,14999.00826,21247,52.72083333,105.1239669,49.04583333,52.17083333,13990.21167
4/25/2007,2.99,60.638,306.69,21295,6.55,951.6726275,14965.28926,21295,53.32916667,208.2644628,49.07083333,50.17083333,14297.71194
4/26/2007,4.41,60.134,331.75,21556,6.64,720.3128534,15012.89256,21556,52.4125,194.3801653,49.54166667,47.88333333,14823.75455
4/27/2007,2.14,66.776,325.39,21332,8.49,-229.2421533,15004.95868,21332,49.77916667,253.8842975,49.15,47.92916667,14734.79661
4/28/2007,2.29,71.564,330.98,21769,10.85,453.2777702,15008.92562,21769,49.625,194.3801653,49.23333333,48.04166667,15185.18995
4/29/2007,2.7,68.234,325.14,19985,8.36,-2154.644495,16774.21488,19985,49.5625,1959.669421,49.1375,47.90833333,12912.20958
4/30/2007,1.8,65.732,343.68,20293,5.05,2210.335875,16871.40496,20293,49.6625,1438.016529,49.27916667,48.13333333,15356.10126
5/1/2007,3.37,56.408,189.77,21116,5.58,900.2871698,16875.3719,21116,49.36666667,2360.330579,49.51666667,48.5875,15028.28776
5/2/2007,3.04,50.612,242.66,20223,3.74,-1406.246438,19392.39669,20223,49.07083333,2082.644628,49.85,49.20416667,16219.0633
5/3/2007,2.57,50.504,231.73,20823,4.28,1690.688766,22125.61983,20823,49.8125,1953.719008,49.79583333,50.00416667,20725.09803
5/4/2007,2.78,51.206,301.62,20668,4.83,-708.1972036,18632.72727,20668,50.41666667,132.892562,50.175,50.025,18214.66301
5/5/2007,4.13,53.24,356.11,20645,2.91,262.1717007,18061.4876,20645,50.62916667,281.6528926,49.95416667,49.925,17386.72378
5/6/2007,4.58,63.374,351.39,21187,8.16,935.1109307,18063.47107,21187,50.90416667,222.1487603,50.15416667,50.52916667,18298.0173
5/7/2007,2.43,70.97,353.96,20913,11.35,-730.694986,18005.95041,20913,51.27083333,204.2975207,50.47916667,48.65416667,17456.06895
5/8/2007,2.48,73.058,354.11,20829,11.49,261.5839426,17888.92562,20829,50.48333333,261.8181818,50.225,48.24166667,17565.34011
5/9/2007,3.5,69.926,357.6,20901,10.76,133.767328,17968.26446,20901,49.73333333,257.8512397,50.4125,48.34583333,17839.21849
5/10/2007,3.75,66.47,358.83,20728,10.29,-301.8052669,17996.03306,20728,49.82083333,222.1487603,50.54166667,48.42083333,17610.86977
5/11/2007,2.9,67.316,330.36,20440,9.41,-124.9854725,18888.59504,20440,49.7625,236.0330579,50.4375,48.5125,18464.72587
5/12/2007,3.27,63.338,364.94,20463,7.66,210.8361135,18755.70248,20463,49.60416667,253.8842975,50.57916667,48.63333333,18692.37414
5/13/2007,4.05,62.906,372.59,20871,5.59,217.4440418,18900.49587,20871,49.775,263.8016529,50.6375,48.40833333,19469.18006
5/14/2007,2.39,67.334,374.28,20961,5.52,-742.4858451,21010.90909,20961,49.60416667,285.6198347,50.54583333,48.6,21424.15332
5/15/2007,1.58,72.662,357.16,20586,7.76,-1073.864064,22924.95868,20586,49.6875,277.6859504,50.5625,48.8375,22809.65568
5/16/2007,1.81,71.834,366.35,21205,9.6,456.6170473,19549.09091,21205,49.81666667,273.7190083,50.21666667,48.75833333,20112.19885
5/17/2007,2.08,69.998,366.8,21550,9.07,-491.8269492,19507.43802,21550,49.86666667,700.1652893,50.2625,48.7875,19310.17651
5/18/2007,1.73,70.286,361.84,21350,10.04,-702.9037827,19513.38843,21350,49.94166667,1523.305785,50.32083333,48.6,17936.5819
5/19/2007,2.23,68.702,354.07,21526,8.65,229.5007446,19449.91736,21526,49.9125,1568.92562,50.37916667,48.52916667,18069.66858
5/20/2007,2.35,62.924,176.53,21562,7.2,-152.6768445,19501.4876,21562,49.725,1564.958678,50.4125,48.52083333,18069.66858
5/21/2007,5.02,59.954,384.02,21158,2.84,-537.1396544,19560.99174,21158,49.76666667,1549.090909,50.49583333,48.19583333,17690.02132
5/22/2007,4.67,59.162,382.47,20877,2.63,40.87950645,19559.00826,20877,49.3375,1493.553719,50.49583333,48.27916667,17807.69796
5/23/2007,3.44,63.734,362.07,20716,3.2,96.75658545,19547.10744,20716,49.4125,1529.256198,50.70416667,48.225,17946.38829
5/24/2007,1.02,70.556,324.06,20042,4.08,-602.5370503,19559.00826,20042,49.42916667,1525.289256,50.8375,48.2875,17660.60216
5/25/2007,1.25,74.21,320.66,20990,6.85,1321.116848,19035.3719,20990,49.52916667,1503.471074,50.9375,48.50833333,18970.45525
5/26/2007,1.86,75.056,369.69,21265,8.92,-1163.554424,19808.92562,21265,49.66666667,1483.636364,50.94583333,48.60416667,18329.53783
5/27/2007,2.55,71.762,368.61,21380,10.09,110.7514262,20977.19008,21380,49.8375,1473.719008,51,48.71666667,19441.16182
5/28/2007,3.87,69.314,382.23,21526,6.67,208.3092544,20931.57025,21526,49.97916667,1501.487603,50.99583333,48.60833333,19647.79639
5/29/2007,1.47,73.382,382.83,19333,5.93,-2410.713745,20959.33884,19333,49.85833333,1753.38843,51.06666667,48.22083333,16261.09067
5/30/2007,2.15,76.064,380.43,21008,8.93,4619.859743,20899.83471,21008,49.4875,1551.07438,51.29583333,48.7375,20550.68444
5/31/2007,1.93,75.992,371.31,21744,13.12,-465.9241094,20957.35537,21744,49.8875,1493.553719,51.34166667,48.85416667,20320.23435
6/1/2007,2.42,77.234,372.88,21265,13.59,-1335.432697,21939.17355,21265,50.13333333,1483.636364,51.45833333,49.0125,19863.5369
6/2/2007,2.57,76.946,374.75,20728,12.69,55.00029008,21980.82645,20728,50.26666667,1501.487603,51.50416667,48.80833333,19710.83745
6/3/2007,3.29,72.824,312.78,20943,11.5,983.501393,21943.1405,20943,49.97083333,1493.553719,51.55,48.81666667,20393.78225
6/4/2007,2.35,70.736,261.36,21392,11.64,504.8045269,21947.10744,21392,49.87083333,1527.272727,51.6875,48.8625,20697.78024
6/5/2007,3.72,60.206,155.96,21811,8.07,141.0544707,21947.10744,21811,49.82916667,1485.619835,51.9875,49,20760.8213
6/6/2007,3.52,55.436,325.56,21872,3.13,-238.3336967,21941.15702,21872,49.92916667,1527.272727,52.2625,49.10833333,20574.49995
6/7/2007,1.88,62.06,390.99,21750,2.7,-282.6156525,21959.00826,21750,50.09583333,1438.016529,52.05416667,49.16666667,20100.2911
6/8/2007,1.73,69.278,390.06,21811,2.68,481.7006355,21937.19008,21811,50.2875,1479.669421,52.0125,49.16666667,20229.17504
6/9/2007,1.48,73.04,303.52,21823,6.85,240.3456212,21953.05785,21823,50.36666667,1477.68595,52.14583333,49.24583333,20258.5942
6/10/2007,2.76,72.176,340.61,21787,8.4,180.7777008,21964.95868,21787,50.45416667,1493.553719,52.3125,49.34166667,20496.74931
6/11/2007,4.12,68.522,387.7,21829,5.75,16.65564868,21955.04132,21829,50.62083333,1447.933884,52.45,49.52083333,20365.764
6/12/2007,3.73,71.834,384.29,22131,6.58,443.343438,21913.38843,22131,50.74583333,1493.553719,52.2625,49.60833333,20641.74374
6/13/2007,3.82,76.946,371.91,21307,10.82,-1045.909029,21960.99174,21307,50.89166667,1491.570248,52.40833333,49.40416667,19250.63773
6/14/2007,4.33,77.396,382.15,21146,10.53,1057.783758,21964.95868,21146,50.7375,1489.586777,52.62916667,49.67083333,20245.28553
6/15/2007,2.61,78.296,385.39,21253,10.73,337.0863708,23186.77686,21253,51.01666667,1511.404959,52.72916667,49.80416667,21805.20149
6/16/2007,2.16,78.53,384.94,21835,10.37,452.1704108,24686.28099,21835,50.92083333,1481.652893,52.75416667,50.1625,23940.89244
6/17/2007,4.65,71.978,391.02,22582,5.92,10.73565917,24803.30579,22582,51.325,1531.239669,52.80833333,51.475,23387.53204
6/18/2007,2.44,76.226,391.18,22408,6.03,-289.4659243,24940.16529,22408,52.08333333,1568.92562,52.9375,50.50833333,23397.33843
6/19/2007,3.17,80.006,387.28,21392,7.63,-1042.098761,25961.65289,21392,51.53333333,1687.933884,52.90416667,50.825,23494.70184
6/20/2007,4.1,74.894,386.94,21593,9.74,980.0171683,25896.19835,21593,51.7375,2995.041322,53.025,51.05,22907.01909
6/21/2007,1.9,77.81,387.93,21854,8.72,255.1379348,25904.13223,21854,51.8125,2935.53719,53.03333333,51.29583333,23017.69117
6/22/2007,2.52,75.2,373.07,21152,7.7,-751.0961287,26941.4876,21152,51.82916667,2895.867769,53.1125,50.0125,23698.5346
6/23/2007,3.33,72.176,391.69,20586,5.96,-218.9147653,26858.18182,20586,51.04166667,2895.867769,53.24166667,49.70416667,23447.07082
6/24/2007,3.5,67.784,393.68,21235,4,1164.24323,26927.60331,21235,50.90416667,3986.77686,53.4625,49.87083333,23766.47885
6/25/2007,3.89,70.574,392.32,21301,4.04,-759.6524037,26655.86777,21301,51.1375,3867.768595,53.31666667,50.15416667,22898.61362
6/26/2007,1.99,78.386,386.51,21550,5.37,138.4855536,27812.2314,21550,51.42916667,3986.77686,53.50416667,50.28333333,24488.64919
6/27/2007,2.55,78.674,374.18,21708,7.7,-505.1946445,27635.70248,21708,51.46666667,3927.272727,53.72083333,50.4,22420.20203
6/28/2007,3.54,75.02,380.43,22353,9.16,1933.227722,28087.93388,22353,51.65,4026.446281,53.99583333,50.59583333,24987.374
6/29/2007,3.44,72.284,352.13,22131,10.7,-1147.886397,29742.14876,22131,51.8625,3947.107438,54.35833333,50.74166667,26056.97062
6/30/2007,2.95,73.976,383.31,21866,8.77,-526.9292977,30243.96694,21866,51.7875,4006.61157,54.72916667,51.075,26187.95593
7/1/2007,3.49,75.704,378.22,21350,8.05,-466.6005581,30180.49587,21350,52.09583333,3966.942149,54.72916667,50.9625,25892.36341
7/2/2007,2,77.828,379.57,21080,7.58,51.19030901,30126.94215,21080,52.075,3947.107438,54.75416667,50.86666667,26225.78056
7/3/2007,1.71,83.498,382.29,21441,8.76,315.0541507,30031.73554,21441,51.92916667,3927.272727,54.8625,50.87083333,26293.02436
7/4/2007,2.31,89.276,376.14,22526,12.38,896.4384499,30081.32231,22526,52.00416667,4085.950413,54.8875,50.94583333,27513.91951
7/5/2007,1.55,94.37,376.14,22538,14.42,-1506.547609,30436.36364,22538,52.2375,4105.785124,55.075,51.27083333,26323.14397
7/6/2007,2.93,92.624,357.64,22408,14.94,-122.5654576,30023.80165,22408,52.47916667,3927.272727,55.04166667,51.475,25626.19006
7/7/2007,3.52,86.936,374.47,22223,14.9,285.3388656,30916.36364,22223,52.5625,3986.77686,55.05416667,51.55833333,26890.5135
7/8/2007,2.23,88.412,379.53,22199,12.6,15.07327686,30325.28926,22199,52.775,4304.132231,55.0875,51.88333333,25715.84845
7/9/2007,3.48,87.008,375.99,21678,11.82,-215.6914252,30809.2562,21678,53.04166667,4323.966942,55.19166667,51.83333333,25979.92044
7/10/2007,2.36,86.63,360.52,22007,12.17,834.3688162,30529.58678,22007,52.9625,4343.801653,55.30416667,52.2875,26761.62956
7/11/2007,2.59,84.686,269.23,22377,13.84,-205.844436,30033.71901,22377,53.27916667,4522.31405,55.33333333,51.89166667,25866.44653
7/12/2007,4.47,79.34,373.82,22007,12.16,-725.0415713,30043.63636,22007,52.85416667,4304.132231,55.3625,51.875,25385.93358
7/13/2007,2.67,80.492,375.27,22978,10.11,1324.570552,30146.77686,22978,53.09583333,4462.809917,55.3875,51.9625,26781.24233
7/14/2007,2.23,82.292,350.99,21860,8.75,-2215.275388,30650.57851,21860,53.3,4383.471074,55.45,52.175,25330.59754
7/15/2007,2.94,81.878,374.29,21915,8.21,991.509898,30000,21915,53.45833333,4363.636364,55.39583333,52.3875,25909.87482
7/16/2007,4.23,80.312,371.28,22739,9.94,550.4888164,30067.43802,22739,53.65833333,3966.942149,55.40833333,52.675,27311.48767
7/17/2007,3.74,74.138,333.21,22538,10.13,-1411.991802,30599.00826,22538,53.77916667,4661.157025,55.48333333,52.36666667,25947.69945
7/18/2007,2.33,62.978,189.62,22520,14.09,-27.84821033,30140.82645,22520,53.35,4284.297521,55.55,52.23333333,25896.56615
7/19/2007,1.5,72.266,360.26,22482,10.86,-78.03722438,29855.20661,22482,53.18333333,4224.793388,55.525,52.32916667,25755.074
7/20/2007,3.59,75.164,354.64,22279,9.63,-327.6607769,29734.21488,22279,53.48333333,4165.289256,55.49166667,52.5875,25644.40192
7/21/2007,3.28,78.26,338.9,22377,11.43,22.52369983,29716.36364,22377,53.7875,4204.958678,55.40833333,52.85833333,25862.2438
7/22/2007,1.59,82.868,363.52,21489,11.99,-1238.838841,29886.94215,21489,53.83333333,4125.619835,55.425,52.74166667,25185.60311
7/23/2007,2.17,85.334,362.48,21392,12.42,478.719204,29623.1405,21392,53.35416667,4026.446281,55.4625,52.22916667,25792.89863
7/24/2007,2.88,85.19,361.41,21587,14.01,-1.204415124,29815.53719,21587,53.47083333,4264.46281,55.2875,51.56666667,25294.87427
7/25/2007,3.93,83.336,362.77,21890,12.06,559.2001102,29984.13223,21890,52.45,4383.471074,55.36666667,50.575,26015.6437
7/26/2007,2.96,82.958,367.21,21744,8.42,-560.982543,29758.01653,21744,51.9,4085.950413,55.2875,50.64166667,25675.92245
7/27/2007,2.32,83.858,366.21,22482,7.14,734.1436657,28329.91736,22482,52.01666667,4323.966942,55.34166667,50.59583333,25000.68267
7/28/2007,1.74,85.28,366.35,22827,5.86,-649.7322568,26667.7686,22827,52.13333333,4363.636364,55.3625,50.48333333,22479.74081
7/29/2007,1.5,84.74,364.47,22683,5.29,-319.6085786,27300.49587,22683,52.07083333,4165.289256,55.35,50.62916667,22773.93241
7/30/2007,1.64,85.496,361.92,22821,6.48,499.2742016,27338.18182,22821,52.1875,4661.157025,55.39583333,50.7,22311.63132
7/31/2007,2.97,86.234,360.35,22396,7.1,-59.60652661,27484.95868,22396,52.25416667,4165.289256,55.4,50.76666667,22529.4732
8/1/2007,3.26,85.55,360.48,22808,5.65,1202.196221,26675.70248,22808,52.2875,4363.636364,55.36666667,51.15,22490.24765
8/2/2007,2.7,86.882,356.71,22495,5.78,-491.1815343,27171.57025,22495,52.49166667,3054.545455,55.44583333,52.10833333,23758.07337
8/3/2007,3.36,86.162,358.03,22677,5.32,540.9514234,27030.7438,22677,52.875,3074.380165,55.38333333,52.3875,23978.71708
8/4/2007,4.05,83.462,358.53,21872,2.81,-827.3534436,26386.1157,21872,52.9875,2419.834711,55.48333333,52.29583333,23363.71653
8/5/2007,4.44,79.79,359.77,22075,1.41,805.5644617,25820.82645,22075,53.075,3233.057851,55.5625,52.475,22916.82548
8/6/2007,4.29,73.184,353.89,22576,5.1,171.943115,26433.71901,22576,53.0625,3074.380165,55.575,52.80833333,24216.87218
8/7/2007,2.63,74.444,352.84,22161,4.95,-1272.533337,27227.10744,22161,53.2375,3352.066116,55.79583333,52.45,23781.88888
8/8/2007,2.03,79.124,347.76,21860,4.83,-207.8475577,26376.19835,21860,52.97916667,3272.727273,55.52083333,51.84583333,22926.63186
8/9/2007,3.65,79.358,345.17,21902,6.94,218.8392144,25896.19835,21902,52.77916667,3133.884298,55.45,51.48333333,22964.4565
8/10/2007,2.11,81.77,347.51,22408,4.81,303.8575496,25868.42975,22408,52.40833333,3173.553719,55.51666667,51.01666667,23244.63898
8/11/2007,4.03,81.05,348.49,22273,2.41,-684.7629469,25406.28099,22273,52.26666667,2935.53719,55.55833333,50.90833333,22390.78287
8/12/2007,3.37,77.216,347.26,22670,2.61,476.9609317,25380.49587,22670,52.17916667,2995.041322,55.53333333,51.40416667,23077.22995
8/13/2007,3.02,80.078,345.52,19766,1.19,-3595.775405,26241.32231,19766,52.45,3252.892562,55.69166667,51.14583333,20364.36309
8/14/2007,3.39,82.022,343.15,22702,0.76,5560.066662,24366.94215,22702,52.2,3034.710744,55.61666667,50.52083333,23887.65777
8/15/2007,4.04,80.438,341.13,22285,0.91,-2972.426365,22938.84298,22285,52.10416667,3490.909091,55.5875,50.79166667,18536.17241
8/16/2007,2.46,77.558,340.89,22013,2.43,639.7614743,22974.54545,22013,52.45833333,3471.07438,55.55,51.01666667,18708.48463
8/17/2007,1.94,77.9,341.63,22482,-1.32,1263.986444,22286.28099,22482,52.70833333,3391.735537,55.5375,50.17916667,18962.75023
8/18/2007,2.84,77.36,335.29,22236,-1.43,-314.2047755,21788.42975,22236,52.06666667,3153.719008,55.6125,49.59166667,17398.63154
8/19/2007,3.5,74.894,184.2,22297,6.23,1297.079204,20695.53719,22297,51.58333333,3312.396694,55.625,49.65,17287.259
8/20/2007,2.26,81.392,323.99,22285,8.76,83.88149587,21173.55372,22285,51.475,3233.057851,55.55833333,49.82083333,17863.034
8/21/2007,1.88,85.694,306.42,21952,9.41,-255.5381322,20957.35537,21952,51.87083333,3570.247934,55.57083333,49.89583333,17056.80891
8/22/2007,3.34,84.632,324.25,21653,8.3,31.29852802,20969.2562,21653,51.97916667,3014.876033,55.5,50.02083333,16703.77899
8/23/2007,1.7,86.27,323.47,22100,4.29,1697.601175,20027.10744,22100,51.91666667,3292.561983,55.50833333,50.15833333,16886.59806
8/24/2007,2.57,88.88,321.63,22050,3.26,-202.0526055,19977.52066,22050,51.96666667,3054.545455,55.43333333,50.30416667,16378.06686
8/25/2007,4.25,85.28,318.8,21915,4.9,409.9083466,19225.78512,21915,52.2125,3094.214876,55.48333333,50.25,15506.69934
8/26/2007,3.28,81.608,317.93,21811,5.35,520.8709079,19194.04959,21811,52.225,3153.719008,55.57083333,50.29166667,16417.99286
8/27/2007,1.79,82.85,316.82,21811,2.18,-377.6622815,19164.29752,21811,52.27916667,3074.380165,55.49166667,50.43333333,15647.49104
8/28/2007,1.87,86.054,313.38,21983,1.58,614.4263154,19196.03306,21983,52.35833333,3193.38843,55.475,50.65416667,15709.13118
8/29/2007,2.1,89.726,280.25,22802,6.85,1112.513448,19150.41322,22802,52.4375,1747.438017,55.40833333,51.00833333,18103.29047
8/30/2007,3.29,90.824,275.72,22903,9.68,-599.3152634,19176.19835,22903,52.475,1814.876033,55.32916667,51.17083333,17285.15763
8/31/2007,3.39,86.936,236.29,22390,11.56,-436.835316,19025.45455,22390,52.925,1715.702479,55.37916667,51.3,16743.70499
9/1/2007,2.82,86.828,302.19,22695,7.85,871.0470761,19051.23967,22695,53.19583333,1904.132231,55.34583333,51.02083333,17291.46174
9/2/2007,1.86,85.91,304.84,22702,2.43,-137.354302,19249.58678,22702,52.86666667,1945.785124,55.3375,50.65,17456.06895
9/3/2007,2.86,85.352,300.46,22965,2.73,110.7327029,19160.33058,22965,52.22916667,1636.363636,55.5375,50.82916667,17582.85152
9/4/2007,3.17,74.678,288.84,22576,5.84,-447.8845779,19168.26446,22576,52.52916667,1858.512397,55.67916667,51.28333333,17041.39888
9/5/2007,3.86,75.38,298.29,22168,5.18,-139.6468139,19166.28099,22168,52.82916667,1797.024793,55.65833333,51.15416667,17041.39888
9/6/2007,2.49,81.716,296.88,22334,3.53,493.8573183,19158.34711,22334,52.75833333,1745.454545,55.69583333,51.09583333,17394.4288
9/7/2007,3.37,82.616,293.32,22161,3.42,-154.536238,18095.20661,22161,52.6375,1789.090909,55.70833333,50.82083333,16193.84687
9/8/2007,1.41,82.724,292.82,22433,2.37,384.2688325,17990.08264,22433,52.3875,1717.68595,55.84583333,50.97083333,16201.55189
9/9/2007,2.07,85.208,290.68,22168,1.37,-194.1551958,17984.13223,22168,52.375,1824.793388,55.7375,51.0875,15361.70491
9/10/2007,2.15,85.064,293.14,22783,-0.85,1412.633933,17924.6281,22783,52.65,2062.809917,55.7625,51.55416667,15651.69378
9/11/2007,2.3,84.218,290.16,22396,0.63,-176.8755982,18007.93388,22396,52.92916667,1828.760331,55.85416667,51.75,15197.0977
9/12/2007,4.96,78.71,281.51,22242,5.04,828.0758537,16990.41322,22242,53.05,1791.07438,55.69166667,51.91666667,14685.06422
9/13/2007,4.81,69.818,249.82,22589,5.48,861.274623,16869.42149,22589,53.375,1753.38843,55.925,52.2125,15117.94615
9/14/2007,3.21,69.548,165.58,22340,5.57,-250.9130921,15974.87603,22340,53.24166667,1685.950413,55.95416667,52.7125,13698.12144
9/15/2007,2.8,69.962,276.19,22143,3.12,393.8041798,15937.19008,22143,53.6875,1672.066116,55.95,52.70833333,14004.2208
9/16/2007,1.68,71.276,275.04,22439,2.34,556.9031669,15857.85124,22439,53.925,1967.603306,55.95416667,55.95416667,13732.44379
9/17/2007,2.44,73.184,271.48,21086,2.85,-1195.195856,15925.28926,21086,55.52083333,3054.545455,55.9125,53.08333333,10929.21808
9/18/2007,2.18,71.636,270.55,20811,1.11,1666.525722,15929.2562,20811,55.47083333,1925.950413,56.10833333,53.13333333,13223.91259
9/19/2007,2.79,62.996,239.6,22297,-0.37,2265.393195,15947.10744,22297,54.42083333,1773.22314,56.025,53.3625,14442.70638
9/20/2007,3.48,66.326,263.38,22689,3.49,123.1779175,15925.28926,22689,54.04583333,1737.520661,56.06666667,53.5,14044.1468
9/21/2007,3.05,71.438,256.38,22733,3.63,187.621795,15998.67769,22733,54.4875,1711.735537,56.20416667,53.68333333,13887.24461
9/22/2007,3.61,59.522,117.42,21970,7.79,-363.3024612,16000.66116,21970,54.45,1757.355372,55.9375,54.04166667,13118.84416
9/23/2007,1.33,61.16,232.61,21538,6.89,692.4616251,15917.35537,21538,54.56666667,1570.909091,55.99583333,54.36666667,13519.50511
9/24/2007,1.51,64.634,257.18,21295,-1.57,583.941171,15867.7686,21295,55.03333333,1642.31405,55.93333333,53.25,13720.53603
9/25/2007,1.2,69.818,257.78,21187,-5.82,396.9185155,14949.42149,21187,54.7,1636.363636,55.87916667,52.49166667,12992.06159
9/26/2007,2.21,72.338,258.71,21775,-5.55,908.9962612,14826.44628,21775,53.54166667,1620.495868,55.87916667,52.65833333,13473.97545
9/27/2007,2.77,71.942,252.26,21690,-2.98,-353.0250368,14814.54545,21690,53.6125,1689.917355,55.86666667,52.87083333,12868.7813
9/28/2007,3.12,61.97,187.2,22069,1.01,634.8467992,14796.69421,22069,53.6375,1683.966942,55.57916667,52.975,13295.35912
9/29/2007,1.82,58.28,245.29,22513,-3.95,261.3681527,14782.80992,22513,53.53333333,1636.363636,55.63333333,53.3,13404.63029
9/30/2007,3.4,62.672,220.03,22545,-2.94,-226.184009,14759.00826,22545,53.68333333,1668.099174,55.475,53.39583333,12924.11734
10/1/2007,2.43,61.628,232.92,22859,3.72,480.7917509,14753.05785,22859,54.00416667,1800.991736,55.56666667,53.625,13083.12089
10/2/2007,2.47,66.434,236.25,22739,-0.65,-251.0547743,14891.90083,22739,54.17083333,1793.057851,55.5875,53.82916667,12795.2334
10/3/2007,3.12,64.724,235.43,22614,-0.93,178.6095752,14796.69421,22614,54.41666667,1779.173554,55.6875,54.425,12751.80511
10/4/2007,3.11,54.59,205.93,22205,-1.49,-143.2844488,13949.75207,22205,54.3625,1610.578512,55.5875,54.2375,11890.24399
10/5/2007,3.59,52.862,228.3,21946,-2.71,189.9295637,13920,21946,54.3375,1594.710744,55.62916667,54.3,12245.37528
10/6/2007,2.8,55.31,214.94,21976,-4.89,109.9139762,13854.54545,21976,54.36666667,1644.297521,55.5875,54.4875,12314.72044
10/7/2007,2.76,62.456,223.78,22645,-1.45,564.5274939,13804.95868,22645,54.65416667,1628.429752,55.59583333,54.59583333,12821.15027
10/8/2007,3.72,65.174,223.05,22601,-0.32,-688.6213444,13723.63636,22601,54.80833333,1608.595041,55.5125,54.43333333,12096.87856
10/9/2007,6.78,59.864,155.92,23422,0.67,839.1627623,12690.24793,23422,54.8375,1596.694215,55.50833333,54.825,12070.96168
10/10/2007,3.53,53.33,150,19921,7.61,-4478.407961,12718.01653,19921,54.9375,1799.008264,55.4875,53.72916667,7920.058247
10/11/2007,1.51,51.602,119.74,20224.5,6.82,3302.450017,12520.66116,20224.5,54.79166667,2340.495868,55.37083333,52.26666667,10985.95503
10/12/2007,1.33,50.846,65.57,20528,8.96,-502.2897407,12323.30579,20528,53.85833333,3332.231405,55.24583333,52.975,9900.948379
10/13/2007,1.6,58.028,208.39,21763,9.27,325.1260012,12396.69421,21763,53.43333333,1808.92562,55.6375,54.88333333,10897.69755
10/14/2007,3.08,61.322,206.35,22211,8.59,138.071045,12993.71901,22211,54.6625,1547.107438,55.4875,55.24583333,10925.7158
10/15/2007,3.74,57.56,103.24,22733,8.74,1042.89577,12977.85124,22733,55.3375,1600.661157,55.5125,55.30416667,11175.77866
10/16/2007,4.16,49.64,89.86,23022,6.79,490.4114226,12975.86777,23022,55.325,1683.966942,55.59166667,55.34166667,10959.3377
10/17/2007,2.01,49.658,96.15,22242,5.34,-447.4368736,12087.27273,22242,55.19583333,1612.561983,55.5375,55.97083333,8967.940721
10/18/2007,4.22,49.1,45.86,22359,7.47,1623.770023,12140.82645,22359,55.36666667,1658.181818,55.57916667,55.92916667,9204.694917
10/19/2007,5.17,54.032,64.1,22607,10.54,1525.949711,12343.1405,22607,55.75833333,1670.082645,55.70416667,55.7375,9607.457231
10/20/2007,2.94,52.106,184.18,22928,1,1386.60062,12015.86777,22928,55.5875,1743.471074,55.8125,56.36666667,9695.014256
10/21/2007,4.15,52.052,184.7,22482,-0.26,131.3824382,12039.66942,22482,55.57916667,1824.793388,55.95833333,56.2375,8910.503313
10/22/2007,3.23,60.602,189.18,22752,2.5,1574.37272,12031.73554,22752,55.9625,1741.487603,56.10833333,56.15416667,9734.239804
10/23/2007,1.3,66.11,188.34,22377,5.38,181.0081299,11652.89256,22377,56.22083333,1697.85124,55.89583333,56.17916667,8888.789171
10/24/2007,0.93,67.946,185.62,21580,5.65,269.2521513,11839.33884,21580,56.16666667,1745.454545,55.82083333,56.825,8670.246837
10/25/2007,3.25,64.778,177.33,20545,5.28,388.6374605,11833.38843,20545,56.25,1634.380165,55.92916667,56.86666667,8527.353772
10/26/2007,3.47,60.026,176.23,21289,3.66,2415.654492,11730.24793,21289,56.15,1711.735537,55.80833333,55.93333333,10066.25604
10/27/2007,2.21,62.24,169.41,21301,2.71,-35.74364331,11621.15702,21301,56.04166667,1753.38843,55.69166667,56.54583333,9160.566176
10/28/2007,1.23,62.996,176.09,21295,3.69,701.202419,11111.40496,21295,56.07916667,1572.892562,55.70833333,56.70416667,9009.968093
10/29/2007,2.98,64.112,142.54,21641,7.7,874.5443037,11569.58678,21641,56.1875,1646.280992,55.77083333,56.575,9817.594091
10/30/2007,0.98,62.456,170.05,21970,8.47,434.7116941,11212.56198,21970,56.38333333,1622.479339,55.67083333,56.72083333,9293.652854
10/31/2007,2.51,59.648,171.28,21927,5.8,253.4297906,11240.33058,21927,56.4625,1640.330579,55.7125,56.90416667,8821.545376
11/1/2007,3.02,59.576,170.34,21989,4.53,840.454624,11258.18182,21989,56.52083333,1604.628099,55.6,56.95416667,8895.093277
11/2/2007,2.54,58.388,171.68,22205,1.22,974.460442,11264.13223,22205,56.49583333,1662.14876,55.45416667,57.06666667,9301.357872
11/3/2007,2.05,58.892,171.13,22161,-1.53,256.6255991,11232.39669,22161,56.52083333,1574.876033,55.39166667,57.12083333,9112.935155
11/4/2007,1.17,59.738,168.32,22032,-3.19,415.5855062,11718.34711,22032,56.5375,1800.991736,55.3,57.15833333,9200.49218
11/5/2007,1.15,58.586,166.46,21976,-2.78,660.8631919,11268.09917,21976,56.45416667,1614.545455,55.12083333,57.10833333,9271.938712
11/6/2007,1.44,57.218,165.49,22020,-2.93,425.615007,11272.06612,22020,56.36666667,1646.280992,54.8625,57,9377.007142
11/7/2007,0.87,59.306,162.41,21927,-2.74,155.777982,11278.01653,21927,56.44583333,1638.347107,54.90416667,57.1125,9319.569733
11/8/2007,1.22,57.344,160.38,21556,-1.68,-50.90031151,11274.04959,21556,56.44166667,1620.495868,54.6125,57.13333333,8932.217455
11/9/2007,2.27,54.554,155.61,21520,1.69,685.336264,11228.42975,21520,56.41666667,1584.793388,54.37916667,56.99583333,9317.468365
11/10/2007,1.84,45.788,42.97,21362,4.72,168.1679986,11254.21488,21362,56.4375,1636.363636,54.09583333,57.00833333,9180.879406
11/11/2007,2.81,49.514,153.24,21325,3.1,399.9718337,11240.33058,21325,56.25416667,1642.31405,54.19166667,57.025,9291.551485
11/12/2007,1.5,48.434,48.78,21599,0.73,580.4650439,11236.36364,21599,56.2125,1602.644628,54.0875,56.92083333,9615.16225
11/13/2007,0.94,56.03,112.57,21325,3.57,-255.4432417,11268.09917,21325,56.16666667,1555.041322,53.99166667,56.90833333,9138.852034
11/14/2007,1.34,57.488,141.58,21056,3.69,305.2058172,11285.95041,21056,56.31666667,1465.785124,53.9875,56.8625,9360.896649
11/15/2007,2.17,59.522,142.04,20811,6.12,214.2686403,10930.90909,20811,56.28333333,1638.347107,53.85416667,56.82083333,9372.804405
11/16/2007,1.16,56.57,45.63,20416,9.2,-475.2424215,11410.90909,20416,56.35416667,1596.694215,53.825,56.65,9299.95696
11/17/2007,1.25,55.508,52.45,20135,9.64,233.257916,11404.95868,20135,56.275,1588.760331,53.5375,56.6625,9426.739532
11/18/2007,2.53,57.092,66.54,20633,9.23,887.4588151,10865.45455,20633,56.20416667,1543.140496,53.325,56.625,9624.968636
11/19/2007,3.2,54.248,120.97,20545,7,-390.6545864,11414.87603,20545,56.12083333,1610.578512,53.475,56.57083333,9464.564167
11/20/2007,4.39,44.744,141.8,20817,-3.18,611.7333537,11510.08264,20817,55.80416667,1795.041322,53.475,56.57916667,9762.258052
11/21/2007,3.12,43.358,140.07,21653,-6.11,788.7832703,11353.38843,21653,55.37916667,997.6859504,53.50416667,56.42916667,11034.28651
11/22/2007,3.01,42.98,138.92,21653,-6.91,-678.5840307,10798.01653,21653,55.4125,1612.561983,53.35,56.53333333,8960.235703
11/23/2007,2.85,42.098,139.6,21823,-8.76,395.2188425,10992.39669,21823,55.08333333,1598.677686,53.30416667,56.29583333,9359.495737
11/24/2007,1.24,46.166,127.29,21952,-8.58,163.2232713,11133.22314,21952,55.04166667,1616.528926,53.02916667,56.09583333,9419.034514
11/25/2007,1.08,49.622,111.28,22285,-6.3,430.6597009,11159.00826,22285,55.10833333,1525.289256,52.77916667,55.88333333,9742.645278
11/26/2007,1.78,48.956,125.21,22100,-3.73,-293.9262697,11111.40496,22100,54.95833333,1513.38843,52.575,55.87083333,9253.726851
11/27/2007,3.7,49.532,130.68,22464,-3.56,708.2896779,11208.59504,22464,54.74166667,1652.231405,52.24583333,55.625,9619.364987
11/28/2007,1.85,44.654,126.54,21848,-5.87,-679.0013506,11285.95041,21848,54.63333333,1676.033058,52.20416667,55.62083333,8684.255961
11/29/2007,2.94,45.248,129.67,21647,-6.05,724.6613944,11287.93388,21647,54.3125,1568.92562,52.2375,55.35416667,9257.929588
11/30/2007,3.61,37.616,129.25,21580,-6.9,394.0786765,11293.8843,21580,54.10833333,1683.966942,51.9125,55.10833333,9333.578857
12/1/2007,3.75,36.878,122.09,21562,-7.34,258.3384984,10946.77686,21562,53.74583333,204.2975207,51.5375,54.81666667,10500.53889
12/2/2007,8.84,43.448,46.44,21732,0.49,411.9404488,10532.2314,21732,53.92083333,204.2975207,50.32083333,54.57083333,10424.88962
12/3/2007,8.95,48.776,38.3,21878,5.59,49.0442643,10123.63636,21878,53.79166667,204.2975207,50.075,54.39583333,9936.671645
12/4/2007,1.73,51.296,45.86,21872,9.6,-23.33280202,10107.7686,21872,53.7625,204.2975207,50.13333333,54.275,9688.710151
12/5/2007,1.7,52.772,118.33,21574,8.35,-83.23907662,10109.75207,21574,53.84166667,204.2975207,50.28333333,54.14583333,9786.073562
12/6/2007,2.83,47.462,40.91,21068,7.38,-386.6190165,10074.04959,21068,53.78333333,204.2975207,50.78333333,53.925,9722.332048
12/7/2007,4.5,45.446,95.75,21410,3,489.4200181,9744.793388,21410,53.6375,204.2975207,50.35833333,53.7625,10466.91699
12/8/2007,4.19,39.002,109.82,21008,-2.88,-1328.421122,9270.743802,21008,53.15,204.2975207,50.35833333,53.62083333,9262.132325
12/9/2007,2.83,38.588,116.21,21380,-3.43,176.313956,9120,21380,52.65416667,204.2975207,50.49583333,53.425,8883.185521
12/10/2007,3.33,40.622,119.93,22371,-3.23,1023.516958,9112.066116,22371,52.33333333,204.2975207,50.37083333,53.175,9565.429859
12/11/2007,2.09,38.138,117.64,22790,-5.62,-238.661264,9112.066116,22790,52.2125,204.2975207,50.3,52.97916667,9202.593548
12/12/2007,1.32,40.91,117.23,22758,-4.73,-326.824953,9044.628099,22758,52.0625,204.2975207,50.475,52.56666667,8644.329957
12/13/2007,2.67,39.902,113.63,21970,-4.02,-591.9993785,8957.355372,21970,51.96666667,204.2975207,50.3125,52.4375,8055.246293
12/14/2007,1.36,40.19,86.89,21514,-3.35,241.8115582,9024.793388,21514,51.70416667,204.2975207,50.24583333,52.2,8424.386711
12/15/2007,0.91,39.398,73.2,21223,-2.68,105.1091568,8937.520661,21223,51.575,204.2975207,50.17083333,52.02083333,8404.773937
12/16/2007,3.85,38.894,65.69,21508,0.16,613.4492035,8931.570248,21508,51.48333333,204.2975207,49.92916667,51.74166667,8936.420192
12/17/2007,5.52,42.854,72.98,21538,4.16,-179.1474647,9004.958678,21538,51.2625,204.2975207,49.7875,51.6,8523.851491
12/18/2007,6.22,45.464,51.52,21350,6,88.80966602,9092.231405,21350,50.97083333,2320.661157,49.45416667,51.275,5439.042389
12/19/2007,6.35,44.276,47.88,22254,5.84,2236.527859,8987.107438,22254,50.26666667,1166.280992,49.44166667,51.24166667,7898.344105
12/20/2007,2.93,40.91,84.9,22340,1.48,8.482341281,8897.85124,22340,50.30416667,660.4958678,49.325,51.25416667,7610.456607
12/21/2007,2.73,34.844,114.09,22520,-3.31,806.8987649,8959.338843,22520,50.19166667,626.7768595,49.06666667,51,8226.157606
12/22/2007,0.62,36.518,56.57,21502,-2.32,-911.5956225,8969.256198,21502,49.925,640.661157,48.79583333,50.7375,7102.625862
12/23/2007,0.73,40.1,28.22,21544,0.11,1267.969179,8955.371901,21544,49.97916667,212.231405,49.09583333,50.55416667,8495.833243
12/24/2007,3.53,40.64,116.24,21726,-0.72,429.3072529,8955.371901,21726,50.1,212.231405,49.04583333,50.2625,8553.270651
12/25/2007,1.5,35.114,64.47,21671,-3.79,134.8698449,8927.603306,21671,49.96666667,212.231405,48.925,50.26666667,8593.196655
12/26/2007,3.09,34.304,87.6,21146,-4.34,-402.8247542,8929.586777,21146,49.50833333,212.231405,48.64583333,49.89166667,8116.886439
12/27/2007,2.89,33.188,77.12,21319,-4.21,773.4689329,8957.355372,21319,49.25,212.231405,48.4,49.77083333,8813.139901
12/28/2007,2.65,32.954,38.92,21295,-0.94,-92.01593406,8943.471074,21295,48.98333333,565.2892562,48.0375,49.53333333,8233.862624
12/29/2007,2.36,35.186,43.3,21164,0.8,13.31919418,8943.471074,21164,48.8125,206.2809917,47.875,49.42916667,8483.925488
12/30/2007,1.99,41.198,116.1,20973,0.64,62.26459464,8937.520661,20973,48.82916667,204.2975207,47.76666667,49.32083333,8396.368463
12/31/2007,2.98,42.026,9.13,20598,-2.05,-38.1453225,8943.471074,20598,48.7,204.2975207,47.68333333,49.40416667,8267.484522
1/1/2008,1.36,38.93,84.95,20764,-2.94,637.6890317,8580.495868,20764,48.5625,204.2975207,47.5375,49.1875,8464.312714
1/2/2008,2.7,39.434,113.35,20949,-1.04,96.88563311,8191.735537,20949,48.5625,337.1900826,47.28333333,49.05416667,7915.85551
1/3/2008,7.62,40.748,46.22,20853,3.58,-157.3100555,7973.553719,20853,48.6,706.1157025,46.97916667,48.70833333,6498.832618
1/4/2008,11.74,43.088,51.55,20927.5,4.89,843.1053985,7976.528926,20927.5,48.075,3629.752066,46.4,49.00833333,7115.234074
1/5/2008,7.03,38.588,71.08,21002,2.01,-2693.957214,7979.504132,21002,47.375,3332.231405,46.23333333,48.84583333,3208.089393
1/6/2008,3.57,34.772,73.24,20716,0.19,1153.183334,7943.801653,20716,47.15,2816.528926,46.09583333,48.7125,4039.530902
1/7/2008,1.63,36.032,89.49,20704,0.27,1075.741825,7957.68595,20704,47.33333333,773.553719,46.225,48.32083333,6772.710992
1/8/2008,5.46,35.456,28.54,20823,0.8,530.4212394,7957.68595,20823,47.64583333,624.7933884,46.17083333,48.0625,6453.302965
1/9/2008,0.95,35.384,70.21,22322,0.45,2378.589597,7953.719008,22322,47.57916667,573.2231405,46.05,47.88333333,7660.188997
1/10/2008,1.84,36.356,46.54,21970,1.19,-631.6931292,7959.669421,21970,47.32916667,593.0578512,45.9625,47.7125,6215.147858
1/11/2008,0.96,38.444,99.01,21848,1.48,1029.463712,7975.53719,21848,47.40833333,543.4710744,46.01666667,47.5,7032.580242
1/12/2008,0.82,39.56,64.36,21271,1.99,-177.5141263,7959.669421,21271,47.5875,583.1404959,45.90833333,47.47916667,6510.740374
1/13/2008,1.84,39.128,129.02,20375,0.35,-30.21144838,7945.785124,20375,47.56666667,600.9917355,45.875,47.37916667,6365.74594
1/14/2008,1.27,41.216,113.15,20083,-1.03,687.0474484,7777.190083,20083,47.32083333,581.1570248,45.85416667,47.20416667,6822.443382
1/15/2008,4.12,39.326,132.28,20282,-2,572.5896759,7562.975207,20282,47.10833333,1170.247934,45.70833333,47.05416667,6296.400777
1/16/2008,4.39,33.818,134.07,20118,-4.66,-67.67350427,7356.694215,20118,46.73333333,105.1239669,45.8125,46.975,6921.908163
1/17/2008,3.07,34.88,134.53,20937,-3.94,1148.662085,7158.347107,20937,46.59583333,902.4793388,45.74583333,46.80833333,7088.616738
1/18/2008,2.71,37.616,134.92,21319,-2.64,-450.7489694,6971.900826,21319,46.47083333,99.17355372,45.74583333,46.71666667,7070.404877
1/19/2008,1.42,38.192,133.83,20859,-2.87,-657.6776043,6942.14876,20859,46.54166667,99.17355372,45.80416667,46.44166667,6445.597947
1/20/2008,1.31,35.312,106.39,20358,-2.5,-103.6227404,6815.206612,20358,46.57083333,809.2561983,45.525,46.34166667,5601.548227
1/21/2008,1.58,33.458,39.21,20106,-1,152.4021862,6944.132231,20106,46.3375,791.4049587,45.30833333,46.06666667,5927.26036
1/22/2008,3,31.91,135.52,19956,-2.99,75.46691273,7007.603306,19956,46.04583333,222.1487603,45.6875,46.26666667,6657.836176
1/23/2008,1.96,32.252,108.33,19582,-3.67,-246.3816305,7017.520661,19582,45.88333333,172.5619835,45.30833333,46.0625,6625.61519
1/24/2008,3.56,32.54,68.55,21398,-1.2,2035.343488,6938.181818,21398,45.65833333,906.446281,45.11666667,45.875,7731.635529
1/25/2008,2.81,37.256,68.04,21817,1.63,-1280.899992,6983.801653,21817,45.47083333,170.5785124,44.94166667,45.81666667,6336.32678
1/26/2008,4.35,41.27,58.29,22118,2.86,777.8963605,6952.066116,22118,45.475,1666.115702,44.41666667,46.03333333,4255.971868
1/27/2008,4.83,40.406,65.79,21835,2.52,746.9785452,6761.652893,21835,45.29583333,1668.099174,44.37916667,45.7875,3982.093494
1/28/2008,2.96,36.41,71.74,21860,-0.46,1136.460225,6581.157025,21860,45.25,1800.991736,44.24166667,45.6875,4204.138109
1/29/2008,4.32,32.612,44.87,21829,-0.67,545.0271803,6468.099174,21829,45.22916667,1737.520661,44.16666667,45.54583333,4213.944496
1/30/2008,2.71,33.728,82.45,21423,-0.32,110.6340164,6466.115702,21423,45.15833333,1795.041322,44,45.47083333,3888.932819
1/31/2008,5.74,35.762,61.5,22032,1,1391.141561,6555.371901,22032,44.82916667,1812.892562,43.9,45.4,3832.896323
2/1/2008,2.01,34.844,69.25,21447,0.04,324.5830158,6493.884298,21447,44.6875,1830.743802,43.775,45.46666667,3456.050888
2/2/2008,6.78,33.476,48.98,21750,-0.17,1510.089608,6470.082645,21750,44.50416667,1832.727273,43.69166667,45.15833333,3937.964753
2/3/2008,2.48,36.068,67.06,21684,0.34,633.3906189,6470.082645,21684,44.50416667,1822.809917,43.4875,45.33333333,3602.446234
2/4/2008,3.19,32.234,163.45,21453,-3.96,813.8264933,6456.198347,21453,44.64583333,1797.024793,43.44583333,45.24583333,4041.632271
2/5/2008,1.57,31.784,147.97,21176,-4.34,340.5412827,6458.181818,21176,44.6375,400.661157,43.9875,45.15,5263.928339
2/6/2008,0.61,37.922,161.88,20311,-0.77,-71.40767784,6464.132231,20311,45.04166667,238.0165289,44.30416667,45.04583333,5196.684544
2/7/2008,0.71,39.812,122.11,20475,-0.35,1193.431158,6466.115702,20475,45.31666667,963.9669421,43.8875,45.10416667,5486.67341
2/8/2008,1.76,40.064,166.68,20129,-1.52,-330.5246497,6456.198347,20129,45.34583333,71.40495868,44.19166667,44.95416667,5784.367295
2/9/2008,1.96,41.828,171.83,20147,-0.67,618.4260934,6464.132231,20147,45.37916667,531.5702479,44.025,45.14583333,5786.468664
2/10/2008,1.06,44.78,174.18,19749,0.45,-251.9066805,6466.115702,19749,45.3625,503.8016529,44.22083333,44.99583333,5294.047955
2/11/2008,2.63,43.556,176.68,20931,0.31,1850.266095,6472.066116,20931,45.4875,487.9338843,44.3,45.02916667,6967.437816
2/12/2008,1.49,45.518,177.35,20841,-0.06,-1073.305585,6462.14876,20841,45.53333333,1330.909091,44.16666667,44.94166667,4984.446315
2/13/2008,4.72,39.794,184.69,21477,-3.15,782.7933544,6452.231405,21477,45.55416667,406.6115702,44.47083333,44.86666667,6768.508255
2/14/2008,4.12,34.772,188.45,21580,-4.6,-619.8884203,6472.066116,21580,45.4625,1398.347107,44.16666667,44.90833333,5196.684544
2/15/2008,2.27,38.246,185.49,21128,-3.83,-574.9655357,6480,21128,45.32916667,1370.578512,44.19583333,45.04166667,4637.02004
2/16/2008,1.17,41.774,188.78,20943,-2.2,287.4014476,6476.033058,20943,45.19583333,410.5785124,44.65833333,44.8375,6008.513279
2/17/2008,2.2,41.81,191.51,20919,-1.03,32.94126645,6466.115702,20919,45.35416667,398.677686,44.62916667,44.74583333,6139.498588
2/18/2008,1.59,42.116,193.38,20817,-1.81,-174.0605715,6450.247934,20817,45.53333333,589.0909091,44.4,44.6875,5810.284174
2/19/2008,1.26,41.288,110.73,20943,-0.25,176.8728508,6456.198347,20943,45.32916667,593.0578512,44.29583333,44.56666667,5976.99275
2/20/2008,1.15,42.278,116.54,20674,2.75,-382.8522541,6487.933884,20674,45.18333333,474.0495868,44.30416667,44.54166667,5815.887824
2/21/2008,3.68,38.588,57.36,21750,2.14,1273.996474,6474.049587,21750,45.12916667,420.4958678,44.30833333,44.49583333,6872.175773
2/22/2008,1.2,37.778,79.29,21983,1.87,-585.622054,6470.082645,21983,45.14166667,1894.214876,44.10416667,44.75833333,4337.224787
2/23/2008,4.19,35.978,98.44,22365,1.38,620.6429816,6460.165289,22365,44.93333333,1616.528926,43.99583333,44.58333333,4501.831994
2/24/2008,7.34,38.012,86.82,22026,2.19,2.804369636,6733.884298,22026,45.07083333,1378.512397,44.14583333,45.03333333,2187.524711
2/25/2008,2.21,40.838,155.29,22427,2.31,3568.84719,6569.256198,22427,45.3875,3272.727273,44.275,45.28333333,2506.932738
2/26/2008,2.05,41.324,194.4,21946,0.62,308.5961876,6483.966942,21946,45.52083333,2419.834711,44.37083333,44.79583333,3025.270325
2/27/2008,2.03,44.582,202.89,22582,1.47,1674.861906,6476.033058,22582,46.10416667,4026.446281,44.69166667,44.6125,4579.582632
2/28/2008,3.11,43.664,216.72,22371,-0.12,-2340.995855,6809.256198,22371,46.12916667,4442.975207,44.99583333,45.075,1790.366046
2/29/2008,1.16,37.796,175.27,21319,-2.38,-476.0850543,6487.933884,21319,45.97083333,2618.181818,45.09583333,44.85,2516.739125
3/1/2008,1.67,34.898,155.85,21811,-1.18,1845.012941,6472.066116,21811,46.25833333,1168.264463,44.8875,44.79583333,5658.985635
3/2/2008,4.18,36.032,224.59,20841,-3.2,-1325.183982,6434.380165,20841,46.375,670.4132231,45.20416667,44.75833333,4696.558817
3/3/2008,1.25,39.056,199.59,20411,-3.37,637.4081251,6474.049587,20411,46.27916667,652.5619835,45.6,44.83333333,5337.47624
3/4/2008,3.2,40.01,234.63,20299,-2.86,372.0113633,6472.066116,20299,45.89583333,616.8595041,45.20833333,44.8875,5710.819394
3/5/2008,3.4,37.544,238.58,20782,-4.4,627.3872176,6472.066116,20782,46.1125,1031.404959,45.35416667,45.09583333,5796.27505
3/6/2008,2.05,39.038,215.58,20610,-4.54,-527.613893,6485.950413,20610,45.69583333,1041.322314,45.55416667,44.83333333,5046.086461
3/7/2008,1.18,42.818,221.02,20569,-2.39,357.5416382,6305.454545,20569,45.59583333,1628.429752,45.44166667,45.73333333,4575.379895
3/8/2008,2.8,45.77,237.83,20205,0.46,-262.3551016,6362.975207,20205,45.79583333,654.5454545,45.5,46.7125,5252.020583
3/9/2008,1.94,43.88,210.18,20393,-1.54,644.4091691,6442.31405,20393,45.96086957,721.9834711,45.53913043,46.94782609,5698.911639
3/10/2008,0.69,42.926,153.32,20264,-0.7,-107.5810605,6525.619835,20264,46.77083333,1201.983471,45.475,46.7125,4742.08847
3/11/2008,1.29,48.632,225.56,20493,2.34,810.5478936,6589.090909,20493,47.19583333,910.4132231,45.45833333,46.67916667,5486.67341
3/12/2008,1,47.354,168.99,21253,1.61,952.004276,6535.53719,21253,47.4625,521.6528926,45.96666667,46.58333333,6591.993293
3/13/2008,2.37,46.472,174.49,21605,3.29,-226.1089955,6573.22314,21605,47.6,563.3057851,45.96666667,46.38333333,6153.507712
3/14/2008,3.82,42.494,130.95,21995,1.01,246.4096434,6608.92562,21995,47.47916667,626.7768595,46.43333333,46.02083333,6346.133167
3/15/2008,2.58,41.54,192.44,21611,0.16,-747.9844067,6539.504132,21611,47.42916667,511.7355372,46.53333333,46.27916667,5746.54266
3/16/2008,3.93,41.18,258.78,21568,-1.37,238.225935,6481.983471,21568,47.275,1572.892562,45.99583333,46.51666667,4739.987102
3/17/2008,1.63,43.178,140.43,21453,-0.41,54.10380709,6622.809917,21453,46.99166667,531.5702479,46.40833333,46.61666667,5599.446858
3/18/2008,1.17,49.118,141.42,21032,2.73,70.79281142,6472.066116,21032,47.32916667,483.9669421,46.21666667,46.44166667,5331.87259
3/19/2008,1.37,45.968,125.33,21146,3.41,770.2265836,6501.818182,21146,47.54166667,616.8595041,46.475,46.27083333,5848.108809
3/20/2008,1.62,46.13,261.9,20622,0.82,-487.1501313,6842.975207,20622,47.72916667,301.4876033,46.54166667,46.39166667,5960.882257
3/21/2008,2.1,45.212,272.32,20674,-0.69,632.6053463,6793.38843,20674,47.52083333,390.7438017,46.87916667,46.275,6341.93043
3/22/2008,1.86,48.632,275.02,20710,1.04,96.7141981,6579.173554,20710,47.46666667,464.1322314,46.69583333,46.9125,5991.001874
3/23/2008,0.85,53.258,268.68,20633,3.5,47.03944831,6634.710744,20633,47.55833333,293.553719,46.7875,46.29166667,6153.507712
3/24/2008,1.4,53.006,191.33,21247,3.04,801.6493128,6507.768595,21247,47.9375,850.9090909,46.6125,46.20833333,6201.138734
3/25/2008,2.05,50.558,199.26,21976,2.46,184.7207701,6462.14876,21976,48.08333333,386.7768595,46.875,46.24166667,6548.565009
3/26/2008,3.51,45.14,103.26,22390,1.04,-59.19310817,6428.429752,22390,47.77916667,194.3801653,47.62916667,45.9375,6566.076413
3/27/2008,2.83,42.98,286.31,22365,-1.92,-357.0268262,6509.752066,22365,47.68333333,729.9173554,47.25416667,46.22916667,5629.566475
3/28/2008,2.77,41.504,82.43,22421,0.92,206.2682357,6688.264463,22421,47.28333333,499.8347107,47.08333333,46.33333333,6161.21273
3/29/2008,2.42,44.618,246.47,21702,1.05,-691.7829779,6636.694215,21702,47.15416667,212.231405,47.6625,47.1375,5609.253245
3/30/2008,3.99,41.576,289.3,20340,-2.91,-546.7904351,8033.057851,20340,47.025,180.4958678,47.99583333,47.44583333,6441.39521
3/31/2008,2.99,41.864,295.59,20194,-2.74,1265.166773,7963.636364,20194,47.42916667,194.3801653,48.1375,47.57916667,7640.576223
4/1/2008,1.65,47.408,271.12,20014,-0.19,-51.32002465,8146.115702,20014,48.04166667,329.2561983,47.4625,46.80416667,7677.700402
4/2/2008,1.12,52.124,296.65,21805,2.68,1930.159102,8050.909091,21805,48.6,485.9504132,47.47083333,46.65833333,9240.418183
4/3/2008,1.65,54.662,299.81,22155,4.39,-1325.459505,7904.132231,22155,48.24166667,327.2727273,47.87083333,46.55416667,7912.353229
4/4/2008,2.87,51.134,215.51,21787,3.27,-703.4937249,7947.768595,21787,48.2,184.4628099,48.35416667,46.56666667,7536.908706
4/5/2008,1.83,48.812,148.69,21459,2.15,-101.6029209,10657.19008,21459,48.25416667,329.2561983,48.12083333,46.55416667,9853.317357
4/6/2008,2.84,50.99,194.35,21532,3.62,547.6165273,10903.1405,21532,47.98333333,319.338843,48.2375,46.5875,10476.72337
4/7/2008,2.45,47.282,310.57,21732,-0.8,307.0782829,11004.29752,21732,47.60833333,323.3057851,48.26666667,46.7625,10480.92611
4/8/2008,2.3,48.254,203.68,21508,0.17,-23.93437446,12926.28099,21508,47.69583333,384.7933884,48.2,46.69166667,12045.04481
4/9/2008,1.79,48.47,230.73,20758,0.97,-253.5572067,13965.61983,20758,47.64583333,368.9256198,48.37083333,46.73333333,12600.50657
4/10/2008,3.77,51.782,292.56,20782,2.99,1020.187645,13886.28099,20782,47.80833333,355.0413223,48.29583333,46.91666667,13285.55273
4/11/2008,3.43,57.398,317.32,21958,4.57,1421.686939,13868.42975,21958,48.14166667,341.1570248,48.40416667,47.07083333,14246.57864
4/12/2008,1.85,63.266,316.76,21927,7.27,-750.3059127,13521.32231,21927,48.41666667,166.6115702,48.50833333,46.8875,13196.5948
4/13/2008,2.39,65.444,304.02,21653,9.99,-115.8840562,13896.19835,21653,48.45416667,164.6280992,48.60833333,46.78333333,13176.28157
4/14/2008,3.74,56.75,281.93,22112,6.17,1014.288678,13870.41322,22112,48.50416667,164.6280992,48.80416667,46.65416667,13678.50866
4/15/2008,3.51,45.428,316.27,22620,-0.85,535.276464,13977.52066,22620,47.9,164.6280992,49.44583333,46.57083333,13837.51222
4/16/2008,3.71,49.406,330.02,22495,1.18,-149.619658,14880,22495,47.7875,164.6280992,48.72916667,46.97083333,13986.00893
4/17/2008,2.56,55.166,329.18,22727,3.54,961.3629708,14876.03306,22727,48.03333333,329.2561983,49.46666667,47.06666667,13674.30593
4/18/2008,2.3,57.398,328.61,22827,4.72,972.4709295,14880,22827,48.375,362.9752066,49.7375,47.0625,13877.43822
4/19/2008,4.67,45.914,341.37,22708,-1.56,520.5865734,14919.66942,22708,48.45416667,194.3801653,49.50833333,47.02083333,14173.03074
4/20/2008,2.47,40.73,159.08,22633,-2.25,477.2585162,14899.83471,22633,47.84583333,164.6280992,50.025,46.91666667,14307.51833
4/21/2008,2.74,45.104,268.13,21952,-0.87,-253.3117184,14917.68595,21952,47.64166667,170.5785124,49.88333333,47.06666667,13585.34799
4/22/2008,4.59,45.194,115.83,21811,5.15,1020.759448,14017.19008,21811,47.74583333,166.6115702,49.75833333,47.14583333,13112.54005
4/23/2008,4.25,46.85,185.73,22495,3.91,1422.038462,13918.01653,22495,47.8,164.6280992,49.88333333,47.2375,13960.79251
4/24/2008,1.96,50.486,341.85,22371,2.1,-331.4040802,13939.83471,22371,48.03333333,164.6280992,50.47083333,47.26666667,13301.66323
4/25/2008,2.3,56.498,261.19,22353,5.2,455.5433816,13920,22353,48.36666667,164.6280992,50.41666667,47.37916667,13444.55629
4/26/2008,2.69,62.906,317.91,22186,8.82,143.8156108,14102.47934,22186,48.80833333,164.6280992,50.30833333,47.42916667,13388.5198
4/27/2008,1.79,66.236,278.25,21884,9.74,247.3314397,14929.58678,21884,48.95,420.4958678,50.65,47.2875,13494.28868
4/28/2008,2.17,66.488,331.85,22205,9.26,1335.802229,14915.70248,22205,48.98333333,164.6280992,50.70416667,47.32916667,14232.56952
4/29/2008,4.18,54.158,298.29,22896,3.5,1209.50486,14909.75207,22896,48.87916667,164.6280992,50.61666667,47.15,14857.37645
4/30/2008,3.76,47.372,339.92,22859,0.03,-149.2524831,15840,22859,48.2875,164.6280992,50.74166667,47.525,14589.80218
5/1/2008,3.44,50.576,328.27,21976,1.17,202.5697208,15949.09091,21976,48.47083333,164.6280992,50.65416667,47.73333333,14073.56596
5/2/2008,1.35,57.902,266.72,21805,4.66,1539.89685,15895.53719,21805,48.94583333,164.6280992,50.76666667,47.60833333,14802.04041
5/3/2008,1.62,62.348,351.35,22254,7.32,1377.868681,16381.4876,22254,48.92916667,164.6280992,50.85,47.69583333,15735.04806
5/4/2008,2.47,62.762,349.05,22322,7.34,549.8114441,16413.22314,22322,49.12083333,164.6280992,51.00833333,47.70416667,15570.44086
5/5/2008,2.89,67.208,347.76,21927,8.26,283.1541813,16403.30579,21927,49.1375,164.6280992,51.05416667,47.67916667,15234.92234
5/6/2008,2.77,67.802,346.75,22771,7.42,1847.755346,16393.38843,22771,49.30416667,430.4132231,51.24583333,47.67916667,16768.92141
5/7/2008,5.02,60.026,362.08,22020,5.52,-1556.946203,16419.17355,22020,49.2,172.5619835,51.35416667,47.8875,15353.99989
5/8/2008,2.71,59.468,361.58,21671,3.87,543.6116802,16391.40496,21671,49.17916667,164.6280992,51.13333333,47.78333333,16016.63146
5/9/2008,3.75,58.964,365.69,21829,3.82,368.1453995,16395.3719,21829,49.25,164.6280992,51.2375,47.8625,16108.39122
5/10/2008,2.24,63.662,349.89,21841,6.35,134.3525817,16399.33884,21841,49.16666667,164.6280992,51.275,47.925,16003.32279
5/11/2008,4.55,62.114,359.62,22408,5.05,798.3879538,16395.3719,22408,49.39583333,162.6446281,51.41666667,48.0375,16253.38565
5/12/2008,4.58,56.804,370.91,22217,2.12,-211.6583773,16393.38843,22217,49.39583333,162.6446281,51.40416667,48.30416667,16034.84332
5/13/2008,2.92,62.69,286.17,21909,4.41,-112.0995183,16385.45455,21909,49.575,162.6446281,51.45,48.10833333,15754.66084
5/14/2008,4.79,68.018,359.26,21805,9.85,364.1490774,18793.38843,21805,49.74166667,162.6446281,51.64166667,48.2125,17962.49878
5/15/2008,3.35,73.778,363.88,21946,12.25,809.2450217,21582.14876,21946,49.72083333,170.5785124,51.95416667,48.72083333,20451.21965
5/16/2008,1.65,78.728,366.24,22285,13.25,1299.350598,17978.18182,22285,50.1625,577.1900826,51.49166667,48.54583333,16447.41202
5/17/2008,1.98,81.806,362,22353,12.57,1021.579716,17938.5124,22353,50.25833333,164.6280992,51.86666667,48.49166667,16672.25846
5/18/2008,1.69,79.988,365.63,22890,10.32,1638.625838,19755.3719,22890,50.125,164.6280992,51.8125,48.78333333,18607.61894
5/19/2008,1.6,79.592,362.9,22689,11.85,782.1248617,19967.60331,22689,50.09583333,164.6280992,51.95,48.89583333,18883.59868
5/20/2008,4.37,70.214,331.02,22520,9.96,750.3765266,19848.59504,22520,50.0125,164.6280992,51.7,48.9125,19365.51255
5/21/2008,6.43,57.938,378.69,22538,2.9,336.4543921,19872.39669,22538,49.825,392.7272727,52.12916667,49.27916667,18943.13746
5/22/2008,6.77,55.724,380.75,21471,1.62,-530.4680385,19931.90083,21471,50.28333333,1515.371901,52.45416667,49.28333333,17138.76229
5/23/2008,2.8,55.922,254.29,21841,5.19,1647.766636,19927.93388,21841,50.1125,164.6280992,52.22083333,49.19166667,19496.49786
5/24/2008,3.55,51.476,162.75,22340,8.47,765.8079251,19842.64463,22340,49.7625,162.6446281,51.90833333,48.925,19081.82778
5/25/2008,1.76,57.452,280.8,22532,9.04,790.17222,19967.60331,22532,49.4625,162.6446281,51.95833333,49.4125,18936.83335
5/26/2008,3.57,58.37,224.42,22106,9.37,442.1253277,19945.78512,22106,50.12083333,162.6446281,51.94583333,49.5,18555.78518
5/27/2008,1.93,58.928,239.78,22458,9.12,1579.355316,19927.93388,22458,50.20833333,644.6280992,51.75416667,49.6875,19397.03307
5/28/2008,2.95,61.7,255.17,22026,8.3,-545.7272849,19547.10744,22026,50.51666667,634.7107438,51.80416667,49.7625,18569.7943
5/29/2008,2.27,62.78,307.32,21976,8.43,292.6023942,19717.68595,21976,50.57083333,164.6280992,52.42083333,49.7875,19322.08426
5/30/2008,1.86,66.128,376.97,22645,9.45,899.9735912,19739.50413,22645,50.77916667,249.9173554,52.25,49.96666667,19520.31337
5/31/2008,2.74,68.162,330.94,21744,10.5,-931.7265931,19937.85124,21744,51.04166667,164.6280992,52.21666667,49.8875,18567.69293
6/1/2008,2.02,67.838,381.74,22026,8.81,1487.53021,19967.60331,22026,51.05833333,164.6280992,52.25,50.32916667,19496.49786
6/2/2008,2.65,66.38,382.91,22513,5.6,793.4773466,19925.95041,22513,51.45,164.6280992,52.28333333,50.525,19948.99256
6/3/2008,2.3,64.436,172.1,21799,8.2,-901.670246,19925.95041,21799,51.86666667,1077.024793,52.32083333,50.375,17487.58948
6/4/2008,5.36,60.368,381.77,22359,4.3,1921.33614,19963.63636,22359,51.67083333,1045.289256,52.42916667,50.69166667,18896.90735
6/5/2008,2.71,62.708,370.86,22607,6.13,269.4397574,20048.92562,22607,51.99583333,888.5950413,52.4125,50.72916667,18192.24841
6/6/2008,4.38,60.422,394.07,22683,2.78,1044.082169,20094.54545,22683,52.13333333,956.0330579,52.47083333,50.7625,18055.65945
6/7/2008,5.04,60.746,393.12,22758,3.73,1157.852947,19983.47107,22758,52.10416667,904.4628099,52.50833333,51.05,17449.76484
6/8/2008,4.08,66.236,386.68,22677,5.08,1548.243424,19945.78512,22677,52.33333333,900.4958678,52.775,50.92916667,17813.30161
6/9/2008,3.63,70.466,383.42,22254,8.21,808.9876462,19947.7686,22254,52.54583333,987.768595,52.80833333,51.02916667,17867.23674
6/10/2008,5.42,64.292,398.61,22106,3.58,944.76326,19904.13223,22106,52.56666667,1100.826446,52.72083333,51.55833333,18734.40151
6/11/2008,4.4,62.87,394.57,22421,3.7,383.9042751,20768.92562,22421,52.73333333,1120.661157,52.67916667,51.42083333,19815.90588
6/12/2008,4.31,67.622,396.16,22997,4.55,408.3585828,21766.61157,22997,52.7875,2042.975207,53.1375,51.89583333,20016.93681
6/13/2008,1.82,74.48,394.7,22013,5.98,-1277.300446,21927.27273,22013,53.22083333,2042.975207,53.075,51.45416667,18571.89567
6/14/2008,1.65,79.034,392.42,22846,6.08,2145.401851,21802.31405,22846,52.87916667,2023.140496,53.02916667,51.65833333,20255.09192
6/15/2008,1.75,77.36,391.69,22445,6.57,-876.9183663,21822.14876,22445,53.02083333,2042.975207,53.22083333,51.84166667,19065.71729
6/16/2008,1.8,76.658,390.85,22808,6.73,1076.456264,21845.95041,22808,53.22083333,2181.818182,53.23333333,52.15,19724.84658
6/17/2008,3.3,74.318,377.08,22538,6.65,-330.7143486,24519.66942,22538,53.35833333,2459.504132,53.41666667,52.3375,21511.71034
6/18/2008,1.97,72.572,392.59,22564,5.31,574.4549493,25703.80165,22564,53.44583333,2657.85124,53.80833333,52.62916667,22614.92885
6/19/2008,1.72,76.478,368.26,22633,5.32,500.0215632,25753.38843,22633,53.5875,2439.669421,53.63333333,52.75416667,23004.3825
6/20/2008,2.14,80.618,386.14,22495,7.55,171.3365083,25755.3719,22495,53.83333333,2400,53.7125,52.8625,22938.53962
6/21/2008,2.83,77.9,262.04,21878,10.06,-200.1677192,25787.10744,21878,53.78333333,2380.165289,53.75416667,53.1125,22535.7773
6/22/2008,1.8,76.712,394.68,22777,4.28,1770.164849,25745.45455,22777,53.8,1309.090909,53.59166667,53.18333333,25064.42418
6/23/2008,2.74,75.92,384.8,22377,5.25,-1028.060544,26334.54545,22377,53.8,2538.842975,53.7375,53.32083333,23278.26088
6/24/2008,3.29,76.586,383.57,23072,8.37,1212.441599,25725.61983,23072,54.20416667,2499.173554,53.975,53.60416667,23706.94007
6/25/2008,2.95,76.928,388.99,22708,8.6,-844.493789,25771.23967,22708,54.2875,2459.504132,54.1375,53.79166667,22452.42302
6/26/2008,4.49,75.812,385.91,22915,8.94,1066.312517,25646.28099,22915,54.5625,2479.338843,54.04583333,54.17083333,22853.08396
6/27/2008,3.12,80.978,385.18,22421,10.67,-180.1418112,25598.67769,22421,55.06666667,2459.504132,54.18333333,53.52083333,22229.67795
6/28/2008,2.71,84.794,381.01,22940,12.93,1428.495604,25390.41322,22940,54.15,2499.173554,54.2125,53.34583333,23000.17976
6/29/2008,3.21,81.104,382.75,22915,11.84,-133.9400906,25430.08264,22915,54.25416667,2360.330579,54.26666667,53.65,22633.14072
6/30/2008,3,78.152,371.82,20770,10.03,-1708.388654,25707.7686,20770,54.575,2697.520661,54.32916667,53.6,20598.31546
7/1/2008,1.61,78.926,342.04,21823,9.39,3464.932474,25793.05785,21823,54.49583333,2459.504132,54.32916667,53.24583333,24133.5179
7/2/2008,1.95,80.924,378.39,23072,9.54,449.035819,25812.89256,23072,53.79166667,2201.652893,54.23333333,52.82916667,23444.96945
7/3/2008,2.88,78.548,378.73,22007,9.11,-898.7297806,26407.93388,22007,54.02083333,2459.504132,54.18333333,53.12916667,21757.57047
7/4/2008,2.86,75.416,379.77,22433,10.72,2616.859282,25757.35537,22433,54.01666667,2479.338843,54.35,53.35,23109.45093
7/5/2008,2.09,78.908,372.05,22834,10.45,569.5655989,25838.67769,22834,54.14583333,2419.834711,54.32916667,53.63333333,23337.79965
7/6/2008,3.82,80.06,381,22708,11.24,-44.95667479,25793.05785,22708,54.36666667,2479.338843,54.26666667,53.10416667,22787.94154
7/7/2008,4.23,82.796,382.23,22777,10.33,594.7774683,25826.77686,22777,54.00833333,2538.842975,54.49583333,52.45416667,22978.46562
7/8/2008,4.17,84.902,384.44,22771,9.46,303.4682643,25759.33884,22771,53.825,2538.842975,54.775,52.43333333,22912.62274
7/9/2008,3.2,86.684,385.09,22526,7.78,62.87312777,26070.7438,22526,53.825,2519.008264,54.81666667,52.42083333,23047.81079
7/10/2008,3.07,86.594,385.34,22310,6.32,287.9247472,25848.59504,22310,53.49583333,2519.008264,54.99166667,52.34583333,23075.82903
7/11/2008,3.84,82.13,389.47,22752,5.31,695.7577469,25247.60331,22752,53.30833333,2519.008264,55.73333333,52.1875,23059.71854
7/12/2008,1.98,84.308,384.83,22402,5.83,-681.1234987,25630.41322,22402,53.57083333,2519.008264,55.87083333,52.4875,22724.20002
7/13/2008,1.7,86.198,378.41,22758,8.13,743.2049387,25955.70248,22758,53.83333333,2519.008264,55.96666667,52.825,23653.00494
7/14/2008,2.16,83.822,374.23,22752,10.67,-222.3107251,25842.64463,22752,54.20416667,2320.661157,56,52.6875,23345.50467
7/15/2008,3.15,81.734,373.93,23072,11.21,496.4788011,25289.2562,23072,54.30416667,2419.834711,55.2875,51.69583333,23220.82347
7/16/2008,2.5,82.22,374.05,22802,9.94,-621.4019824,25775.20661,22802,53.30416667,3490.909091,55.33333333,50.8375,21846.5284
7/17/2008,1.52,82.778,376.91,22513,6.47,148.7691207,25765.28926,22513,52.80833333,3510.743802,55.34583333,50.66666667,21803.10012
7/18/2008,1.29,82.652,377.96,22402,4.99,340.4453345,25751.40496,22402,52.82083333,3471.07438,55.31666667,51.32083333,22069.27348
7/19/2008,1.89,82.04,377.49,22081,3.28,-109.9429015,24914.38017,22081,53.12083333,3451.239669,55.4375,51.06666667,20953.44675
7/20/2008,2.91,81.77,375.61,23085,3.49,1513.693746,24884.6281,23085,52.9875,3451.239669,55.34583333,51.325,21727.45085
7/21/2008,3.09,76.82,372.58,22978,4.95,-401.0624202,24821.15702,22978,53.17916667,1624.46281,55.35,51.75,22734.00641
7/22/2008,2.2,76.91,371.32,22940,4.99,424.6878049,24723.96694,22940,53.62083333,4462.809917,54.74166667,51.95416667,19929.37979
7/23/2008,2.63,79.25,371.91,22322,5.85,-286.2227652,23908.76033,22322,53.62083333,3411.570248,55.49583333,51.29166667,19572.14712
7/24/2008,2.26,79.916,373.83,22614,3.68,1217.042963,23839.33884,22614,54,3490.909091,55.18333333,51.80416667,20365.764
7/25/2008,2.21,81.752,369.27,22953,4.12,321.6657521,23648.92562,22953,54.04166667,3451.239669,55.09166667,51.90416667,20276.80606
7/26/2008,2.51,80.33,369.8,22651,2.42,-381.1201096,23613.22314,22651,53.65,3510.743802,55.07916667,51.575,19586.15625
7/27/2008,3.06,80.69,367.99,22377,3.46,242.3230888,23008.26446,22377,53.52916667,3451.239669,55.0125,50.9625,19012.48262
7/28/2008,2.96,79.808,363.79,22507,5.57,674.5421734,23004.29752,22507,53.64583333,3669.421488,55.075,51.69166667,19303.8724
7/29/2008,2.3,81.212,358.51,22633,5.04,157.0036331,22922.97521,22633,53.81666667,3490.909091,55.03333333,52.0125,19244.33362
7/30/2008,2.18,80.42,359.86,22884,4.88,438.7324957,22968.59504,22884,53.8375,3471.07438,55.01666667,52.25833333,18932.63061
7/31/2008,2.98,81.734,358.89,22739,4.55,419.8900512,22895.20661,22739,54.03333333,3609.917355,55.0375,51.48333333,18198.55252
8/1/2008,2.31,81.734,358.45,22928,2.82,1275.736736,22853.55372,22928,53.62916667,3471.07438,55.09166667,51.25,18684.66912
8/2/2008,2.12,80.384,357.44,22470,4.72,239.8102188,22936.8595,22470,53.375,3451.239669,55.0625,51.19166667,18327.43646
8/3/2008,2.93,82.094,358.97,23110,2.99,1798.183375,21719.00826,23110,53.45416667,3490.909091,55.14166667,51.2,17922.57277
8/4/2008,3.25,81.788,360.89,22439,1.23,-365.4735964,21889.58678,22439,53.35416667,3590.082645,55.075,51.075,16221.16467
8/5/2008,3.21,82.094,357.62,23053,1.55,2692.339462,21820.16529,23053,53.30833333,3490.909091,55.20833333,51.5375,17680.21493
8/6/2008,2.12,83.534,234.11,23275,6.86,871.0412683,21867.7686,23275,53.7125,3451.239669,55.2,51.07083333,17791.58747
8/7/2008,3.41,85.856,346.74,22614,6.07,-36.05854438,22115.70248,22614,53.0625,3768.595041,55.29166667,50.56666667,16713.58537
8/8/2008,5.23,78.638,351.6,22032,4.1,1051.522068,21869.75207,22032,52.825,3272.727273,55.5375,51.37916667,17237.52661
8/9/2008,3.11,76.622,350.61,22402,2.17,1729.498183,21584.13223,22402,53.22083333,3471.07438,55.38333333,51.7125,17841.31986
8/10/2008,2.71,79.592,345.55,22310,2.87,179.7379912,20883.96694,22310,53.77916667,3451.239669,55.27083333,51.32083333,16078.2716
8/11/2008,2.39,83.462,344.94,22683,2.66,1727.455673,20826.44628,22683,53.40833333,3411.570248,55.37083333,51.80416667,16896.40444
8/12/2008,2.04,86.36,344.18,22439,1.15,274.4715931,20818.5124,22439,53.7875,3431.404959,55.425,51.83333333,16410.28784
8/13/2008,2.41,87.926,344.73,22495,2.37,1032.819598,20852.2314,22495,53.90833333,3451.239669,55.475,51.60416667,16911.81448
8/14/2008,2.78,90.806,334.73,23003,0.72,997.1772555,20935.53719,23003,53.7375,3471.07438,55.52916667,51.59583333,17247.333
8/15/2008,1.33,93.956,337.34,22909,1.02,123.1298099,20310.7438,22909,53.56666667,3490.909091,55.41666667,52.1,16432.00198
8/16/2008,2.14,92.48,239.87,23060,4.72,538.8327307,19910.08264,23060,53.73333333,3451.239669,55.52083333,51.97916667,16399.781
8/17/2008,4.08,86.432,254.35,22303,6.76,-697.9380248,20326.61157,22303,53.75833333,3510.743802,55.55833333,52.40416667,15618.07188
8/18/2008,5.41,79.196,326.71,22081,7.31,975.7958886,20007.27273,22081,53.99166667,3609.917355,55.76666667,52.51666667,15711.23255
8/19/2008,3.09,74.768,304.15,22242,5.38,847.1228219,20340.49587,22242,54.17916667,3510.743802,55.85,52.40833333,16775.22552
8/20/2008,2.45,77.144,162,23097,9.02,909.5265461,19834.71074,23097,53.96666667,3451.239669,55.85,51.96666667,16761.2164
8/21/2008,1.43,82.004,314.23,22458,9.24,-1016.745326,20423.80165,22458,53.54583333,3451.239669,55.8,52.1875,15937.47991
8/22/2008,2.03,83.084,317.47,22658,4.32,1235.082073,19110.7438,22658,53.75,3490.909091,55.86666667,52.5125,15163.47581
8/23/2008,1.92,86.198,322.53,22771,3.2,569.3589007,18761.65289,22771,53.9625,3411.570248,55.9125,52.90416667,14742.50163
8/24/2008,2.43,85.1,320.16,22433,0.8,269.5810146,18610.90909,22433,54.3875,3609.917355,55.93333333,52.92916667,13978.30392
8/25/2008,2.79,78.98,314.4,22439,1.19,1028.687816,18315.3719,22439,54.6375,3471.07438,56.07916667,52.6125,14442.70638
8/26/2008,4.83,77.612,324.6,22414,-1.47,376.5911407,18083.30579,22414,54.17916667,3431.404959,56.04166667,51.85,15101.83566
8/27/2008,4.31,82.418,317.99,22582,-6.28,-281.9348336,18549.42149,22582,53.7125,3490.909091,56.1125,51.67916667,15165.57717
8/28/2008,4.3,84.812,316.97,22915,0.69,225.9352267,18493.8843,22915,53.59166667,3490.909091,55.95,52.075,15026.18639
8/29/2008,2.67,87.188,312.5,22143,-0.16,-795.2111834,18807.27273,22143,53.825,3471.07438,55.96666667,52.12916667,14151.3166
8/30/2008,3.61,82.706,311.24,22044,0.01,1085.881747,18735.86777,22044,53.9,3530.578512,55.9875,52.72916667,14563.8853
8/31/2008,6.13,68.666,316.09,22507,-2.96,1104.403956,17109.42149,22507,54.14583333,3530.578512,56.20833333,53.12916667,13363.30337
9/1/2008,4.36,66.524,311.9,22217,-6.49,-74.46039479,16823.80165,22217,54.24583333,3530.578512,56.1375,53.09166667,12157.81825
9/2/2008,3.07,73.436,306.45,22223,-6.79,1141.40489,16859.50413,22223,54.3875,3391.735537,56.025,52.34583333,13124.44781
9/3/2008,2.5,78.746,306.55,22626,-5.97,746.320785,16859.50413,22626,54.35416667,3530.578512,56.0125,51.28333333,13257.53449
9/4/2008,3.27,82.058,305.37,22174,-7.12,-380.6088702,16849.58678,22174,53.325,3391.735537,56.10416667,51.37083333,12604.70931
9/5/2008,3.33,83.498,301.92,22896,-4.11,1575.14193,15957.02479,22896,53.28333333,2895.867769,55.81666667,51.775,13311.46961
9/6/2008,2.5,85.01,302.22,22532,-5.22,-614.3125852,15804.29752,22532,53.27916667,2538.842975,55.5375,51.90833333,12409.98249
9/7/2008,1.86,84.56,298.5,22032,-5.17,355.4720555,15784.46281,22032,53.34583333,3252.892562,55.57083333,52.2875,11657.69253
9/8/2008,3.11,82.49,296.58,22390,-4.63,1231.877718,14981.15702,22390,53.6875,3272.727273,55.7,52.35833333,11435.64791
9/9/2008,2.54,78.17,291.14,22670,-2.09,552.7818421,14909.75207,22670,53.925,3252.892562,55.65416667,52.4875,11320.7731
9/10/2008,2.32,79.25,295.01,22328,-3.87,-5.913595868,14822.47934,22328,54.00416667,3213.22314,55.65,53.07916667,10688.9616
9/11/2008,1.48,81.014,295.48,21958,-9.58,550.2945983,14846.28099,21958,54.1125,3153.719008,55.61666667,53.22083333,10700.86936
9/12/2008,2.15,80.456,288.82,21872,-7.39,905.6926235,14929.58678,21872,54.31666667,3193.38843,55.575,53.45416667,11095.92666
9/13/2008,1.52,79.916,284.67,21872,-5.19,640.2716871,14957.35537,21872,54.45,3034.710744,55.57916667,53.43333333,11036.38788
9/14/2008,1.84,80.852,284.38,22576,-5.57,1590.256748,14033.05785,22576,54.5375,2995.041322,55.57083333,53.97083333,10792.62912
9/15/2008,2.38,82.706,282.7,22570,-5.69,239.3874089,14346.44628,22570,54.77083333,3014.876033,55.41666667,54.2,10796.1314
9/16/2008,2.58,81.896,232.56,22297,-5.87,262.4388479,14261.15702,22297,54.94166667,3054.545455,55.37083333,54.575,10512.44664
9/17/2008,4.53,75.668,274.13,22777,-2.27,1174.16493,14161.98347,22777,55.17083333,2995.041322,55.5125,54.73333333,10663.04472
9/18/2008,3.37,71.402,267.48,22896,-4.08,622.8974288,13697.85124,22896,55.24166667,3114.049587,55.50833333,54.775,10087.97018
9/19/2008,2.06,66.992,225.73,22752,-0.37,351.8314729,14040.99174,22752,55.15416667,3213.22314,55.5375,54.79166667,9690.811519
9/20/2008,1.66,66.902,262.15,22997,3.95,1381.957076,13929.91736,22997,55.23333333,2975.206612,55.50833333,55.12916667,10554.47401
9/21/2008,2.14,68.774,258.22,22100,3.11,-496.7632662,13949.75207,22100,55.54583333,2995.041322,55.46666667,55.50833333,9502.388802
9/22/2008,3.41,67.514,263.77,22488,-1.38,1840.321942,13943.80165,22488,55.75,3193.38843,55.49583333,55.11666667,10562.17903
9/23/2008,2.62,70.484,260.74,22501,-7.74,201.2341931,13033.38843,22501,55.79583333,3213.22314,55.3625,55.72083333,9311.864715
9/24/2008,2.4,74.318,253.06,22124,-5.61,131.3005743,13221.81818,22124,55.91666667,2995.041322,55.29583333,56.62083333,9212.399935
9/25/2008,1.71,75.146,249.27,22020,-4.69,910.3769245,12519.66942,22020,56.12916667,2955.371901,55.30833333,56.675,9069.50687
9/26/2008,1.87,76.496,250.46,21471,-0.43,-54.20934934,12987.7686,21471,56.3375,2935.53719,55.2375,56.825,8719.979227
9/27/2008,1.3,78.962,246.33,21599,2.13,1460.252178,13033.38843,21599,56.58333333,2657.85124,55.20833333,57.31666667,9595.549476
9/28/2008,1.9,81.554,245.54,21508,0.42,688.9877141,12981.81818,21508,56.70416667,2935.53719,55.16666667,57.82083333,9154.962527
9/29/2008,3.24,81.05,241.25,21653,-0.74,1036.318465,12952.06612,21653,56.65416667,2975.206612,55.1125,57.69583333,9243.920464
9/30/2008,3.02,78.26,235.78,21927,2.59,1006.93904,12920.33058,21927,56.83333333,2935.53719,55.07916667,56.65833333,9299.95696
10/1/2008,3.38,76.514,219.24,22100,3.84,857.8364284,12979.83471,22100,56.95416667,2717.355372,55.0875,57.75416667,9595.549476
10/2/2008,4.83,69.728,128.34,21902,7.9,468.9298628,12999.66942,21902,56.90833333,3014.876033,55.075,58.01666667,9311.864715
10/3/2008,4.89,60.008,87.79,21866,10.17,636.9286734,12874.71074,21866,56.7625,2995.041322,55.04166667,58.025,9071.608239
10/4/2008,3.06,55.346,118.97,22131,9.67,1073.061182,12757.68595,22131,56.725,3014.876033,55.06666667,58.075,9061.801852
10/5/2008,2.46,59.684,83.38,22260,10.78,810.0080654,12664.46281,22260,57.00833333,2995.041322,55.00416667,58.33333333,9002.263075
10/6/2008,1.73,65.264,226.28,22118,6.78,525.1584126,12412.56198,22118,57.05,3034.710744,55.0125,58.3125,8680.053223
10/7/2008,2.59,68.126,225.47,22118,3.04,697.7980167,12489.91736,22118,57.32916667,3054.545455,55.02083333,58.42083333,9021.875849
10/8/2008,4.34,64.832,221.5,22106,0.71,401.4960518,12424.46281,22106,57.61666667,3034.710744,54.92916667,58.37083333,9089.119644
10/9/2008,5.61,55.13,227.63,22013,-6.1,207.6324221,12440.33058,22013,57.34583333,3669.421488,54.72083333,59.15,8057.347662
10/10/2008,5.29,47.372,210.19,21933,-5.57,633.5614289,12612.89256,21933,56.95416667,3649.586777,54.75,59.12916667,8531.556509
10/11/2008,5.3,47.48,222.34,21307,-8,-194.2507239,12779.50413,21307,56.99583333,3689.256198,54.77916667,59.85833333,8023.025308
10/12/2008,3.97,49.712,217.21,20805,-8.77,565.2226259,12914.38017,20805,57.02916667,3669.421488,54.79583333,59.28333333,8235.963993
10/13/2008,2.86,59.972,211.65,22050,-4.46,2253.994685,12279.66942,22050,57.47083333,3490.909091,54.82083333,59.26666667,8705.970103
10/14/2008,2.12,65.714,208.36,22118,-1.37,150.7902276,12716.03306,22118,57.60833333,3709.090909,54.7875,59.1375,8055.246293
10/15/2008,2.51,65.552,203.29,21805,-2.25,638.6958558,12922.31405,21805,57.79166667,3649.586777,54.75833333,59.25833333,8041.23717
10/16/2008,2.29,68.81,200.31,22131,-1.63,1557.490103,13824.79339,22131,57.77916667,3629.752066,54.72916667,58.92916667,9686.608782
10/17/2008,1.84,71.114,200.37,22557,1.55,934.4325403,14838.34711,22557,57.82916667,3371.900826,54.6375,57.96666667,11179.28094
10/18/2008,2.64,67.928,199.26,22347,0.21,77.16534099,14808.59504,22347,57.5625,3153.719008,54.67916667,58.55833333,10562.17903
10/19/2008,1.94,64.076,196.12,22192,1.19,937.6970031,14830.41322,22192,57.37916667,3352.066116,54.62916667,58.8125,10498.43752
10/20/2008,2.14,61.88,176.07,22689,0.81,1476.909587,14814.54545,22689,57.51666667,3411.570248,54.6125,58.8375,10845.86379
10/21/2008,4.19,58.37,193.41,22557,-1.73,425.1114166,14979.17355,22557,57.68333333,3471.07438,54.72083333,59.25833333,9936.671645
10/22/2008,2.49,62.618,195.42,21958,-6.71,972.4275286,15016.8595,21958,57.47083333,3371.900826,54.63333333,58.75833333,9803.584967
10/23/2008,0.97,65.84,194.6,21684,-9.52,1567.373711,14870.08264,21684,57.45,3490.909091,54.66666667,59.19583333,10014.42228
10/24/2008,1.42,66.002,189.28,22106,-8.24,1786.751274,14610.24793,22106,57.6125,3510.743802,54.525,59.3625,10466.91699
10/25/2008,1.04,68.324,184.25,21829,-6.91,355.5871422,14860.16529,21829,57.6625,3490.909091,54.525,59.36666667,10377.25859
10/26/2008,1.46,68.612,182.53,21835,-4.49,997.9976083,14880,21835,57.74583333,3114.049587,54.5625,59.45416667,11314.46899
10/27/2008,0.85,68.09,180.52,21763,-2.89,379.4814232,15068.42975,21763,57.74166667,3629.752066,54.62083333,59.5,10850.06653
10/28/2008,1.89,67.622,168.23,21502,-3.38,327.611156,15004.95868,21502,57.70833333,3649.586777,54.49583333,59.55416667,10494.93524
10/29/2008,2.59,62.816,173.83,21605,-3.8,963.4366608,14530.90909,21605,57.7625,3629.752066,54.39583333,59.62083333,10700.86936
10/30/2008,3.51,57.65,72.77,21738,2.44,333.2876648,14757.02479,21738,57.9,2538.842975,54.50833333,59.44166667,11693.41579
10/31/2008,5.49,52.808,79.45,21799,9.96,585.7660282,13848.59504,21799,58.025,2459.504132,54.45416667,59.4375,10585.99454
11/1/2008,6.54,52.664,61.57,22476,10.37,1480.096369,12599.00826,22476,58.04583333,2380.165289,54.5375,59.43333333,10101.97931
11/2/2008,4.2,49.388,76.23,21074,8.36,-1285.136335,12602.97521,21074,57.875,3649.586777,54.225,59.77083333,6753.098219
11/3/2008,5.6,47.246,64.77,21229,7.32,2355.290211,12956.03306,21229,57.65416667,2380.165289,54.55833333,59.125,9105.230136
11/4/2008,2.7,47.696,101.14,22161,3.16,2402.637633,11944.46281,22161,57.51666667,2975.206612,54.77083333,59.07083333,9045.691359
11/5/2008,1.56,47.084,60.2,22106,3.72,-131.4351607,11692.56198,22106,57,3966.942149,54.83333333,59.2875,6663.439825
11/6/2008,2.17,52.754,140.48,21976,6.18,932.1800097,11311.73554,21976,56.8875,3074.380165,54.85,58.98333333,7308.559985
11/7/2008,1.64,55.976,152.37,22007,5.95,959.7953869,10748.42975,22007,57.50833333,2082.644628,54.75,58.65416667,8178.526585
11/8/2008,2.67,55.994,85.37,22044,6.86,524.258539,10954.71074,22044,57.65833333,3094.214876,54.49166667,58.52083333,7681.903139
11/9/2008,3.33,51.332,146.56,21026,4.66,-839.4072712,10474.71074,21026,57.40416667,2023.140496,54.3875,58.32916667,7564.926954
11/10/2008,1.21,51.08,133.64,21769,3.91,1629.643294,9917.355372,21769,57.01666667,4125.619835,54.52083333,58.2625,6624.214278
11/11/2008,1.31,50.864,37.64,21909,7.19,-692.4787408,9966.942149,21909,56.60416667,2856.198347,54.0375,58.05833333,7403.822028
11/12/2008,1.22,56.372,120.58,20883,9.74,-1319.078226,9764.628099,20883,56.69166667,1894.214876,54.00416667,57.92083333,7548.816461
11/13/2008,2.5,57.56,120.85,20211,9.16,-350.4032379,9475.041322,20211,57.02083333,2737.190083,53.72916667,57.89166667,6727.181339
11/14/2008,3.7,58.028,144.72,20663,4.87,462.6699007,8786.77686,20663,56.72916667,2876.033058,54.01666667,58.125,6016.218297
11/15/2008,2.28,58.91,144.31,20463,2.44,-305.4744953,8711.404959,20463,56.5,2638.016529,53.88333333,57.89583333,5149.053522
11/16/2008,1.12,60.53,143.15,20375,2.92,836.3349078,8328.595041,20375,56.42083333,2439.669421,53.60416667,57.6625,4936.815294
11/17/2008,1.1,59.414,138.46,20680,4.01,1257.110326,8068.760331,20680,56.3,2677.68595,53.6375,57.38333333,5117.532993
11/18/2008,0.83,58.784,138.06,20299,4.61,-107.4586128,8118.347107,20299,56.2125,2558.677686,53.58333333,57.2625,4541.757997
11/19/2008,0.98,55.868,130.26,21116,3.8,1834.911424,7799.008264,21116,55.9,2538.842975,53.57916667,56.97916667,5647.07788
11/20/2008,2.26,48.938,86.33,21933,2.69,430.0874093,7402.31405,21933,55.60833333,2737.190083,53.37083333,56.92916667,4837.350513
11/21/2008,2.53,48.776,136,22427,0.62,321.7734539,7366.61157,22427,55.5375,2578.512397,53.79166667,56.93333333,4912.999783
11/22/2008,2.22,49.892,129.58,22020,0.47,-531.9006094,7285.289256,22020,55.28333333,1638.347107,53.74166667,56.75,4690.254711
11/23/2008,1.59,49.604,133.69,21726,0.58,662.6874378,6910.413223,21726,55.29583333,156.6942149,53.40416667,56.4,5982.596399
11/24/2008,1.29,50.774,130.84,21128,0.51,173.1226093,7267.438017,21128,55.59583333,160.661157,52.93333333,56.26666667,5951.07587
11/25/2008,1.01,53.708,81.97,20581,3.43,608.7009895,7438.016529,20581,55.69166667,160.661157,52.82916667,56,6546.46364
11/26/2008,2.23,53.078,126.92,19835,4.48,-15.1082681,7285.289256,19835,55.73333333,154.7107438,52.8375,55.94166667,6163.314099
11/27/2008,0.75,49.892,127.01,19685,4.31,817.2644134,7160.330579,19685,55.67083333,154.7107438,52.82083333,55.73333333,6675.347581
11/28/2008,2.48,49.082,124.18,20311,1.09,956.2722537,7267.438017,20311,55.50833333,152.7272727,52.6375,55.51666667,7451.45305
11/29/2008,3.07,52.592,124.19,20540,2.15,-107.7423062,7142.479339,20540,55.42083333,152.7272727,52.83333333,55.54166667,6919.806794
11/30/2008,1.59,55.688,125.59,20581,3.4,110.9452721,6928.264463,20581,55.20833333,148.7603306,52.76666667,55.46666667,6550.666377
12/1/2008,1.96,52.358,122.36,20200,3.43,-152.1622448,7174.214876,20200,55.16666667,152.7272727,52.70416667,55.30833333,6612.306523
12/2/2008,2.17,50.18,122.66,19777,2.91,-13.81891969,7255.53719,19777,55.09166667,152.7272727,52.62916667,55.13333333,6530.353147
12/3/2008,2.29,46.904,121.15,20463,-0.79,1258.45677,7396.363636,20463,54.84166667,152.7272727,52.61666667,55,7560.724217
12/4/2008,3.1,45.248,125.57,20223,-3.93,-557.0878534,7513.38843,20223,54.53333333,152.7272727,52.7625,54.82916667,6457.505703
12/5/2008,1.78,44.96,122.15,20358,-5.3,1038.155454,7504.46281,20358,54.26666667,152.7272727,52.77916667,54.84166667,6613.707435
12/6/2008,1.44,46.328,121.86,20493,-3.9,873.0281022,7495.53719,20493,54.10416667,152.7272727,52.8,54.5375,7221.703416
12/7/2008,1.47,46.112,116.05,20393,-2.42,21.10650136,7477.68595,20393,54.00833333,152.7272727,52.7125,54.30416667,6453.302965
12/8/2008,3.56,45.05,118.54,19564,-2.57,42.65571269,7596.694215,19564,53.9125,2300.826446,52.5375,54.17083333,4160.709825
12/9/2008,2.66,42.26,117.62,20657,-4.86,2228.157944,7505.454545,20657,53.3625,1205.950413,52.49166667,54.02083333,6903.696302
12/10/2008,1.38,45.968,116.41,21823,-3.62,561.8078302,7487.603306,21823,53.22083333,1217.85124,52.24583333,53.7625,6939.419568
12/11/2008,2.13,48.992,112.49,21289,-1.36,-1203.667502,7521.322314,21289,53.10416667,158.677686,52.41666667,53.58333333,6280.290284
12/12/2008,2.5,48.758,95.05,21182,0.44,975.3543441,7495.53719,21182,53.1625,158.677686,52.31666667,53.475,6306.207164
12/13/2008,2.97,41.558,44.93,20657,-4.44,505.6523401,7511.404959,20657,52.99166667,158.677686,52.09583333,53.1875,6508.639005
12/14/2008,4.22,36.428,27.49,20440,-1.81,627.0882677,7495.53719,20440,52.55833333,154.7107438,51.75833333,52.76666667,6530.353147
12/15/2008,3.11,35.816,45.73,20428,-0.55,798.4732993,7509.421488,20428,52.15833333,154.7107438,51.4375,52.72083333,6395.865557
12/16/2008,1.94,33.242,111.85,20481,-2.88,1011.845187,7507.438017,20481,51.85416667,154.7107438,51.18333333,52.59583333,7160.063271
12/17/2008,1.47,31.244,116.77,20522,-6.54,233.6640017,7493.553719,20522,51.55416667,154.7107438,50.95833333,52.375,7056.395753
12/18/2008,4.07,31.406,67.76,21890,-4.89,1650.447222,7495.53719,21890,51.37083333,154.7107438,50.56666667,51.92916667,8053.144925
12/19/2008,1.9,37.31,73.57,21671,-0.3,-931.3184787,7491.570248,21671,51.25416667,154.7107438,50.24583333,51.7625,6707.568566
12/20/2008,0.88,36.842,70.33,20710,-1.87,-331.7090619,7477.68595,20710,51.09166667,154.7107438,50.04583333,51.57083333,5955.278608
12/21/2008,3.62,36.104,31.05,20487,0.34,1144.696599,7465.785124,20487,50.92916667,152.7272727,49.79583333,51.27083333,6708.969478
12/22/2008,2.75,36.482,42.5,20633,0.23,750.0883732,7445.950413,20633,50.83333333,156.6942149,49.70833333,51.01666667,6867.973035
12/23/2008,2.34,36.644,72.68,20481,0.48,269.2831633,7453.884298,20481,50.725,152.7272727,49.47083333,50.74583333,6470.81437
12/24/2008,5.15,38.408,33.54,20205,2.34,554.3426548,7451.900826,20205,50.4375,152.7272727,49.2125,50.44166667,6651.53207
12/25/2008,2.75,39.686,72.44,19316,0.3,-241.3585163,7451.900826,19316,50.15416667,152.7272727,49.3125,50.10416667,6125.489464
12/26/2008,1.42,35.492,106.9,19841,-3.09,1698.68409,7465.785124,19841,49.85,537.5206612,47.3625,49.3875,6893.889915
12/27/2008,2.89,36.842,39.01,20112,-0.11,305.3745478,7471.735537,20112,49.56666667,547.4380165,48.2625,49.6,6784.618748
12/28/2008,3.09,39.92,38.47,20025,3.08,52.67877266,7455.867769,20025,49.38333333,154.7107438,48.62916667,49.28333333,6786.720116
12/29/2008,2.47,42.908,42.26,19795,5.11,284.4369088,7338.842975,19795,49.4,918.3471074,48.20833333,49.07083333,5822.19193
12/30/2008,1.97,44.276,120.91,20264,3.11,1067.303938,7493.553719,20264,49.04583333,156.6942149,48.22083333,48.9875,7336.578233
12/31/2008,1.38,49.586,9.07,21199,3.29,935.2812711,7128.595041,21199,48.95,634.7107438,48.0625,48.7375,6984.949221
1/1/2009,1.31,43.79,48.96,21344,2.92,-346.0649235,6912.396694,21344,48.71666667,156.6942149,48.07916667,48.51666667,6503.035356
1/2/2009,3.6,45.536,78.79,21199,4.83,107.6671233,6710.082645,21199,48.625,156.6942149,47.71666667,48.27083333,6012.716016
1/3/2009,3.58,37.112,121.43,21020,-2.24,361.6724138,6517.68595,21020,48.32916667,156.6942149,47.5,48.18333333,5929.361728
1/4/2009,1.61,35.906,114.49,20799,-4.35,210.6300075,6456.198347,20799,47.925,156.6942149,47.6625,48.14583333,5786.468664
1/5/2009,1.5,36.95,31.76,20627,-0.83,341.0354682,6487.933884,20627,47.6125,146.7768595,47.50833333,47.87083333,5967.186363
1/6/2009,1.04,39.902,77.34,20299,1.45,45.97066179,6511.735537,20299,47.6625,144.7933884,47.32916667,48.125,5808.182806
1/7/2009,0.85,44.348,119.32,20457,2.58,716.7593428,6485.950413,20457,47.85416667,83.30578512,47.15833333,48.7375,6360.142291
1/8/2009,1.74,43.25,68.03,20422,2.34,7.502337099,6466.115702,20422,47.95416667,83.30578512,47.12916667,48.74583333,5923.057622
1/9/2009,3.75,39.794,125.8,21044,-1.49,1081.752295,6456.198347,21044,48.09166667,1648.264463,46.53333333,48.18333333,5186.878157
1/10/2009,1.84,42.08,127.1,21289,-2.47,-133.9442727,6476.033058,21289,47.97083333,1432.066116,46.48333333,47.3625,4865.368761
1/11/2009,2.63,45.95,124.9,21098,-0.93,-12.40181885,6460.165289,21098,47.73333333,87.27272727,46.825,47.05416667,5913.251236
1/12/2009,3.01,49.874,126.68,20847,3.47,208.641326,6481.983471,20847,47.8,87.27272727,46.91666667,46.92083333,5865.620214
1/13/2009,2.28,50.378,130.17,20510,2.63,192.0905298,6476.033058,20510,47.55416667,87.27272727,46.87916667,47.15416667,5943.370852
1/14/2009,1.63,51.692,131.41,19766,1.89,-298.6105214,6483.966942,19766,47.3625,593.0578512,46.70416667,46.925,4960.630804
1/15/2009,2.31,51.17,134.38,19754,1.03,918.2782869,6474.049587,19754,47.24166667,27.76859504,46.90416667,47.1,6091.867566
1/16/2009,2.11,49.658,135.55,19468,-0.02,68.41342574,6474.049587,19468,47.1875,27.76859504,47.02083333,47.07083333,6016.218297
1/17/2009,1.54,48.848,134.97,19384,-0.85,346.0626947,6442.31405,19384,47.01666667,27.76859504,47.02083333,46.69166667,6187.12961
1/18/2009,2.11,48.218,137.36,19254,-1.03,97.41584455,6448.264463,19254,47.01666667,27.76859504,47.00833333,46.45833333,6091.867566
1/19/2009,2.08,45.95,138.78,19215,-2.09,289.6283018,6446.280992,19215,46.85,27.76859504,46.85833333,46.57916667,6268.382529
1/20/2009,1.73,45.824,138.4,19530,-2.59,465.1298677,6470.082645,19530,46.5375,27.76859504,46.82916667,46.37083333,6215.147858
1/21/2009,1.52,47.426,94.52,19628,0.6,325.1661916,6481.983471,19628,46.47916667,27.76859504,46.82916667,47.6875,6375.552327
1/22/2009,0.63,44.762,30.56,20622,6.04,1072.662549,6464.132231,20622,46.51666667,27.76859504,46.79166667,48.85833333,6820.342014
1/23/2009,1.07,47.984,82.93,21056,6.84,50.02162236,6450.247934,21056,47.27083333,27.76859504,46.84583333,48.74166667,6213.046489
1/24/2009,2.1,48.002,79.33,21769,7.19,922.4328498,6468.099174,21769,48.3625,27.76859504,46.82916667,48.41666667,6421.782436
1/25/2009,2.08,43.088,64.89,22551,2.54,800.5481425,6470.082645,22551,48.77916667,27.76859504,46.675,48.27083333,6637.522946
1/26/2009,3.57,37.868,142.55,23326,-3.26,579.7911036,6452.231405,23326,48.59583333,61.48760331,46.65416667,48.25416667,6736.987726
1/27/2009,1.38,36.788,139.2,22758,-5,-914.2439243,6458.181818,22758,48.2125,132.892562,46.7625,48.6625,5537.806713
1/28/2009,2.86,43.25,149.67,22316,-0.84,345.4825432,6464.132231,22316,47.94583333,99.17355372,46.6625,48.40833333,5770.358171
1/29/2009,3.13,43.358,153.61,21605,-0.76,-116.3994933,6291.570248,21605,47.9625,91.23966942,46.725,48.52916667,5605.750964
1/30/2009,1.93,47.498,156.06,21459,-0.13,448.5796145,6418.512397,21459,48.2125,124.9586777,46.8,48.54583333,6058.245669
1/31/2009,2.06,47.498,158.12,21587,-0.25,363.30805,6476.033058,21587,48.41666667,186.446281,46.62916667,48.2875,6074.356161
2/1/2009,3.12,45.086,160.45,21750,-2.89,378.2306159,6485.950413,21750,48.575,160.661157,46.60416667,48.49166667,6363.644572
2/2/2009,1.24,49.064,159.89,22100,-1.11,311.6446842,6454.214876,22100,48.50416667,160.661157,46.64583333,48.19166667,6320.216287
2/3/2009,1.4,51.458,159.8,21995,0.97,-131.662568,6440.330579,21995,48.46666667,160.661157,46.67916667,47.625,6008.513279
2/4/2009,1.89,52.142,152.89,21909,2.34,185.1561425,6468.099174,21909,48.5,160.661157,46.70833333,47.26666667,6103.775322
2/5/2009,5.06,47.642,92.77,21878,4.8,172.6626945,6462.14876,21878,48.29166667,160.661157,46.6,47.04166667,6139.498588
2/6/2009,1.99,46.256,89.26,21915,5.8,198.9890153,6478.016529,21915,47.98333333,807.2727273,46.35416667,46.79166667,5394.913648
2/7/2009,3.68,46.76,170.04,21223,2.4,-416.1698463,6468.099174,21223,47.82083333,866.7768595,46.1875,47.42083333,4777.811736
2/8/2009,2.59,42.8,104.97,20782,1.85,382.510578,6476.033058,20782,47.45416667,698.1818182,46.30416667,47.30833333,5132.943029
2/9/2009,2.54,40.802,165.58,21325,-0.46,1187.908211,6454.214876,21325,47.26666667,162.6446281,46.62083333,47.17916667,6508.639005
2/10/2009,2.37,36.104,71.33,22075,-1.5,532.9312429,6464.132231,22075,47.25,176.5289256,46.575,46.8375,6736.987726
2/11/2009,5.87,39.074,89.82,22340,2.08,-184.3844202,6487.933884,22340,47.0875,162.6446281,46.38333333,46.64583333,5944.771765
2/12/2009,3.29,40.226,121.75,22291,2.65,331.5174912,6444.297521,22291,46.87083333,162.6446281,46.29166667,46.64583333,6117.784446
2/13/2009,5.35,40.19,126.65,21775,1.51,-352.1315534,6468.099174,21775,46.6125,1523.305785,45.89583333,46.15416667,3699.809645
2/14/2009,6.04,39.308,87.54,21690,1.55,1159.983743,6474.049587,21690,46.3625,620.8264463,46.03333333,46.01666667,5024.372319
2/15/2009,6.93,42.458,100.74,21641,3.79,779.8508215,6478.016529,21641,46.24583333,2241.322314,45.58333333,46.12083333,2344.4269
2/16/2009,3.35,43.376,94.82,22106,4.11,2357.267315,6470.082645,22106,45.9,1626.446281,45.52916667,46.43333333,3759.348422
2/17/2009,3.52,42.674,109.64,21769,3.47,747.2879416,6436.363636,21769,45.74166667,1305.123967,45.5125,46.42083333,3706.113751
2/18/2009,2.42,43.502,135.01,21235,4.53,891.1259184,6456.198347,21235,46.0625,1364.628099,45.4875,46.64583333,3984.194862
2/19/2009,2.36,46.202,185.59,21684,4.3,1556.375386,6466.115702,21684,46.3625,1485.619835,45.425,46.4125,4948.723049
2/20/2009,1.15,50.486,197.41,20853,3.72,-799.2271812,6478.016529,20853,46.71666667,2360.330579,45.37916667,46.3875,2806.727991
2/21/2009,2.23,48.2,135.78,20252,3.84,709.9579594,6456.198347,20252,46.71666667,1338.842975,45.49583333,46.1875,4182.423967
2/22/2009,5.76,49.082,83.09,21020,8.4,1702.931405,6470.082645,21020,47.0375,1650.247934,45.375,46.31666667,3584.934829
2/23/2009,5.78,47.822,85.13,22727,7.05,2941.899882,6464.132231,22727,47.17083333,3153.719008,45.30833333,46.08333333,1802.273801
2/24/2009,3.49,49.172,123.19,22607,6.56,1388.139422,6384.793388,22607,46.97916667,3272.727273,45.47083333,46.20833333,1230.701542
2/25/2009,4.22,45.896,76.51,22174,6.05,1448.364574,6454.214876,22174,46.99166667,3530.578512,45.30416667,46.7875,1456.948895
2/26/2009,3.73,46.058,115.12,22959,4.94,2251.687469,6432.396694,22959,46.86666667,5256.198347,45.47083333,46.72083333,961.0259056
2/27/2009,1.46,47.372,178.45,22365,2.97,-378.8275585,6462.14876,22365,46.95,3927.272727,45.63333333,46.79166667,964.5281866
2/28/2009,2.21,48.272,136.74,22371,4.35,1576.347846,6456.198347,22371,47.26666667,4542.14876,45.7875,46.75833333,1204.784663
3/1/2009,7.59,49.604,78.3,22658,8.81,996.2649238,6503.801653,22658,47.34583333,2856.198347,45.825,46.8625,1818.384294
3/2/2009,8.15,49.514,111.26,21799,6.91,970.2190118,6587.107438,21799,47.52916667,2062.809917,45.78333333,46.87083333,1119.329007
3/3/2009,6.85,44.888,111.6,21641,4.29,3246.968514,6452.231405,21641,47.77916667,3074.380165,45.89583333,46.49583333,1707.011758
3/4/2009,3.23,42.206,173.62,21098,1.93,1127.839482,6452.231405,21098,47.62916667,3133.884298,45.98333333,46.8375,1578.127817
3/5/2009,2.46,43.772,205.57,21295,2.55,1937.21929,6446.280992,21295,47.575,4661.157025,45.9625,46.6625,1030.371069
3/6/2009,1.39,45.932,164.42,21835,2.34,1294.752898,6450.247934,21835,47.32916667,5514.049587,45.99583333,46.55,2304.500896
3/7/2009,2.02,46.148,233.92,22032,1.29,-1171.302549,6442.31405,22032,47.24583333,5276.033058,46.1125,46.72083333,988.3436974
3/8/2009,2.17,44.978,221.39,21313,0.16,-541.0627057,6460.165289,21313,47.4,4442.975207,46.3,46.87391304,881.1738989
3/9/2009,3.07,38.588,212.62,20985,-4.03,808.0161837,6487.933884,20985,46.97916667,4839.669421,46.45,46.75416667,1121.430375
3/10/2009,3.08,40.964,240.18,20663,-3.02,204.8340878,6464.132231,20663,47.275,2657.85124,46.5875,46.70833333,3294.945962
3/11/2009,2.09,45.554,247.36,19192,-0.75,-959.6649703,6339.173554,19192,47.64166667,1263.471074,46.87083333,46.9,3608.750339
3/12/2009,2.65,49.496,250,19400,1,1674.95214,6470.082645,19400,48.025,791.4049587,47.4875,47.14166667,5817.989193
3/13/2009,2.12,51.548,252.96,19703,2.01,163.688493,6474.049587,19703,47.9125,854.8760331,47.43333333,47.23333333,5813.786455
3/14/2009,4.06,49.604,205.61,19777,4.05,-120.6129013,6478.016529,19777,47.97083333,714.0495868,47.27083333,47.12916667,5734.634905
3/15/2009,7.89,47.03,69.53,20223,7.03,475.3320371,6454.214876,20223,48.1,924.2975207,47.07083333,46.58333333,5820.090561
3/16/2009,5.09,46.04,83.99,21026,6.66,512.8267944,6438.347107,21026,48.12083333,1011.570248,46.64166667,46.6375,5323.467116
3/17/2009,1.73,51.152,172.52,21744,6.88,821.3097435,6446.280992,21744,48.0875,729.9173554,46.85416667,46.82083333,5929.361728
3/18/2009,2.89,53.33,249.32,22155,5.14,198.0019084,6456.198347,22155,48.24166667,1328.92562,47.07916667,46.84166667,5163.062646
3/19/2009,1.32,57.056,236.29,21958,5.68,-232.7899187,6466.115702,21958,48.44166667,1451.900826,47.30416667,46.90416667,4772.208087
3/20/2009,1.62,58.514,255.4,21441,6.15,-274.993211,6464.132231,21441,48.46666667,1515.371901,47.09583333,46.87083333,4162.811193
3/21/2009,5.55,51.656,176.56,21146,6.27,490.9491376,6470.082645,21146,48.44166667,1471.735537,47.57083333,46.80833333,4438.790936
3/22/2009,4.32,42.116,196.08,20847,0.01,260.5561714,6450.247934,20847,48.75416667,1071.07438,46.975,46.875,4178.22123
3/23/2009,3.33,39.83,211.21,20534,-3.22,887.9523237,6491.900826,20534,48.45833333,1148.429752,47.775,46.76666667,4653.130533
3/24/2009,3.16,47.372,270.53,20375,0.65,531.3405414,6464.132231,20375,48.3625,182.4793388,48.67083333,46.95416667,6098.171672
3/25/2009,2.69,50.63,176.89,20716,3.11,524.4812206,6428.429752,20716,48.47916667,1918.016529,48.12916667,46.85416667,4722.475697
3/26/2009,4.15,54.338,266.46,21014,4.99,85.93752614,6460.165289,21014,48.61666667,571.2396694,48.99583333,46.775,6220.751507
3/27/2009,3.8,56.174,267.5,21520,5.34,174.1741128,6462.14876,21520,48.9625,547.4380165,48.10416667,46.90416667,6341.93043
3/28/2009,2.99,58.694,277.58,21038,4.88,-909.2196862,6432.396694,21038,48.9625,313.3884298,48.49583333,46.80833333,5615.557351
3/29/2009,5.97,45.428,279.42,20387,-2.95,-147.5490865,6436.363636,20387,49.26666667,287.6033058,49.19583333,46.77083333,5534.304432
3/30/2009,4.16,46.094,292.24,20170,-2.03,397.4558986,6480,20170,48.97916667,271.7355372,48.70416667,46.9875,6024.623771
3/31/2009,3.66,51.836,240.67,20019,1.58,32.64069181,6495.867769,20019,48.46666667,216.1983471,49.125,46.90416667,6141.599957
4/1/2009,3.83,52.322,206.58,20031,2.69,150.0694645,8755.041322,20031,48.59583333,85.2892562,48.54166667,46.78333333,8694.062347
4/2/2009,3.6,52.88,286.93,20937,1.94,881.6897191,8913.719008,20937,48.85,79.33884298,48.55833333,46.7875,9331.477489
4/3/2009,5.71,44.258,292.74,22601,-3.12,1166.902676,8923.636364,22601,48.56666667,103.1404959,48.75833333,46.79166667,9802.184055
4/4/2009,1.98,46.094,306.28,22909,-2.71,-673.6881872,8903.801653,22909,48.29166667,79.33884298,49.39583333,47.12083333,8324.92193
4/5/2009,2.19,53.222,308.4,23009,-0.07,599.5408799,8923.636364,23009,48.10416667,79.33884298,49.0625,46.84166667,8322.820562
4/6/2009,1.54,58.946,307.78,22852,1.48,364.4769587,8929.586777,22852,48.49166667,79.33884298,48.95,46.82916667,7939.671021
4/7/2009,5.18,56.57,248.64,22328,3.77,386.5769129,8941.487603,22328,48.45833333,79.33884298,49.22083333,46.78333333,8034.933064
4/8/2009,4.36,48.794,185.42,22057,6.57,556.2156963,10807.93388,22057,48.275,79.33884298,49.26666667,46.74166667,9422.536795
4/9/2009,3.85,46.706,163.06,22651,5.97,1900.058246,10889.2562,22651,47.95416667,79.33884298,49.15416667,46.58333333,10748.50038
4/10/2009,1.35,49.658,205.98,22310,5.39,-279.5830246,10934.87603,22310,47.8625,1872.396694,49.2875,46.82083333,6879.880791
4/11/2009,2.2,52.952,268.9,22155,3.32,2027.598548,10956.69421,22155,48.24166667,2003.305785,49.49166667,46.90416667,7908.150492
4/12/2009,1.08,58.208,224.34,21835,5.99,725.2379378,10881.32231,21835,48.775,1094.876033,49.05416667,46.95,8775.315267
4/13/2009,3.1,55.238,321.98,22601,3.62,1777.131014,10934.87603,22601,49.19583333,117.0247934,50.87916667,46.94166667,11459.46342
4/14/2009,7.24,42.476,298.58,23016,-4.15,-226.6121803,10871.40496,23016,48.63333333,773.553719,50.30416667,47.71666667,10064.15467
4/15/2009,4.83,44.114,323.68,21823,-2.78,-1159.30343,10988.42975,21823,48.33333333,170.5785124,51.14583333,47.7125,9379.10851
4/16/2009,2.51,50.324,311.13,21946,-0.43,1561.74273,10932.89256,21946,48.62083333,317.3553719,50.41666667,47.68333333,10518.75075
4/17/2009,2.54,57.182,262.51,22143,2.7,293.7864401,11960.33058,22143,48.84583333,85.2892562,50.3375,47.52083333,11935.77364
4/18/2009,2.73,62.42,328.96,21550,5.86,-653.7323177,12977.85124,21550,48.92083333,79.33884298,50.1125,47.75,11999.51515
4/19/2009,0.91,69.548,322.38,21775,7.35,1123.997247,12983.80165,21775,49.03333333,79.33884298,50.25,47.52083333,12094.7772
4/20/2009,1.5,72.716,332.47,21793,8.94,827.6856099,13108.76033,21793,49.21666667,160.661157,50.55,47.55416667,11852.41935
4/21/2009,1.38,74.12,334.12,23041,9.07,2343.679824,12916.36364,23041,49.20416667,1023.471074,51.01666667,47.55,12145.9105
4/22/2009,2.1,71.942,337.63,22347,5.98,-947.017938,13376.52893,22347,49.28333333,3213.22314,50.06666667,47.49583333,8640.827676
4/23/2009,2.74,61.7,291.27,21477,0.46,652.4781091,13914.04959,21477,49.6,2122.31405,51.0375,47.575,10095.6752
4/24/2009,1.57,52.034,277.47,21811,-0.16,2030.060337,14370.24793,21811,49.45416667,107.107438,50.8375,47.76666667,13553.82746
4/25/2009,1.68,54.158,341.22,21835,0.38,733.3130359,14885.95041,21835,48.7,376.8595041,50.17083333,47.94166667,13563.63385
4/26/2009,3.26,54.428,347.95,22859,-0.75,1969.457059,15324.29752,22859,49.07916667,712.0661157,51.12916667,47.85833333,20386.07723
4/27/2009,2.63,55.4,338.52,23066,0.77,-5566.845825,15814.21488,23066,48.88333333,261.8181818,51.25833333,47.85,14756.51075
4/28/2009,3.69,50.918,290.12,22978,2.27,707.8859442,16393.38843,22978,48.625,126.9421488,51.8875,47.8,14844.06778
4/29/2009,2.51,52.268,349.3,22087,2.25,531.378501,17795.70248,22087,48.40833333,214.214876,51.35416667,48.04166667,14887.49606
4/30/2009,2.13,54.896,235.28,21199,5.14,1805.991543,17910.7438,21199,48.7375,347.107438,51.225,48.19166667,15173.28219
5/1/2009,4.44,52.916,105.37,21580,10.18,2771.354174,17894.87603,21580,48.79166667,95.20661157,50.925,48.3125,17430.15207
5/2/2009,5.58,49.64,85.66,21841,8.84,630.5173515,18009.91736,21841,48.6375,2023.140496,50.58333333,47.99166667,14568.08804
5/3/2009,4.41,51.926,198.78,22279,8.15,1856.68882,17847.27273,22279,49.175,3689.256198,50.50833333,48.09583333,12059.05393
5/4/2009,6.3,51.998,112.99,22903,9.78,2722.962599,17851.23967,22903,49.76666667,3609.917355,50.55,48.22916667,12398.07473
5/5/2009,5.43,55.706,247.58,23339,9.82,2279.247584,18132.89256,23339,49.88333333,3570.247934,50.45833333,48.57916667,11729.13906
5/6/2009,3.73,58.28,185.7,22852,11.5,2346.505568,16667.10744,22852,50.68333333,3471.07438,50.65833333,48.11666667,10665.14609
5/7/2009,3.24,60.638,361.64,21896,6.89,1574.886968,15042.64463,21896,50.06666667,1134.545455,50.82916667,48.45833333,11659.7939
5/8/2009,4.39,59.972,365.97,21909,4.22,2261.305274,15066.44628,21909,49.94166667,136.8595041,51.75833333,48.47916667,13742.25018
5/9/2009,3.8,61.952,363.98,22069,4.34,1347.336597,14975.20661,22069,49.98333333,474.0495868,51.275,48.4125,13363.30337
5/10/2009,3.08,64.436,322.18,21520,5.48,588.8536548,14647.93388,21520,50.0875,975.8677686,51.45833333,48.27083333,12261.48577
5/11/2009,2.52,64.346,363.5,21465,6.49,1355.580346,15110.08264,21465,50.00833333,339.1735537,51.60416667,48.3625,13797.58622
5/12/2009,3.43,59.738,365.46,22131,2.17,1639.322871,14965.28926,22131,49.8375,606.9421488,51.2625,48.45833333,14053.95319
5/13/2009,2.48,58.406,211.34,22570,4.53,743.3939174,15018.84298,22570,50.0375,1717.68595,51.41666667,48.45833333,12961.94197
5/14/2009,1.21,62.546,120.69,22458,9.57,227.2150548,16889.2562,22458,50.07083333,1862.479339,51.77083333,48.67916667,13899.15237
5/15/2009,4.07,66.884,367.98,22236,9.48,905.6244895,18295.53719,22236,50.41666667,2181.818182,51.8125,48.7375,14383.1676
5/16/2009,2.55,73.724,368.55,21860,8.65,1354.551408,18485.95041,21860,50.25416667,436.3636364,52.475,48.775,16537.07041
5/17/2009,1.55,81.158,367.89,21483,10.87,1135.516367,18481.98347,21483,50.18333333,138.8429752,53.125,48.82916667,16693.9726
5/18/2009,2.29,79.79,368.76,21211,9.99,1377.167896,18218.18182,21211,50.1625,89.25619835,52.375,48.85416667,16574.89505
5/19/2009,2.66,71.186,363.65,21271,7.51,1614.03057,18049.58678,21271,50.30416667,109.0909091,52.12083333,49.04583333,16775.22552
5/20/2009,2.73,67.01,375.29,21902,6.53,1796.270348,18416.52893,21902,50.26666667,370.9090909,51.85833333,49.125,17194.09833
5/21/2009,2.05,70.646,373.05,22094,7.53,1043.521505,18023.80165,22094,50.40416667,495.8677686,51.95833333,49.07916667,16747.20727
5/22/2009,1.52,72.572,372.06,21708,8.67,394.7266143,18107.10744,21708,50.34583333,168.5950413,52.15833333,49.01666667,16719.88948
5/23/2009,1.71,72.284,373.83,21915,9.81,1425.622917,18168.59504,21915,50.32916667,166.6115702,52.23333333,49.20416667,16958.04459
5/24/2009,1.46,70.664,368.52,21866,10.45,994.9388811,18119.00826,21866,50.475,162.6446281,52.2625,49.37083333,16771.02278
5/25/2009,3.49,71.978,373.63,22050,10.76,1369.340856,18085.28926,22050,50.675,162.6446281,52.20416667,49.44166667,16955.94322
5/26/2009,4.59,71.69,375.8,22075,7.71,991.7014081,18156.69421,22075,50.84166667,337.1900826,52.15416667,49.3375,16566.48957
5/27/2009,2.63,75.776,374.09,22790,9.8,1968.014562,18458.18182,22790,50.80416667,529.5867769,51.9375,49.30416667,17267.64623
5/28/2009,2.39,78.602,373.75,22501,11.44,371.9488113,17920.66116,22501,50.7375,87.27272727,52.48333333,49.47916667,17096.73492
5/29/2009,1.54,80.294,374,21860,11.67,95.65350975,17605.28926,21860,50.74166667,27.76859504,52.50416667,49.64583333,16640.03747
5/30/2009,3.44,75.974,339.15,21398,14.27,475.4831912,17597.35537,21398,50.95,75.37190083,52.47083333,49.69166667,16803.24377
5/31/2009,3.51,74.606,334.62,20135,14.65,-544.2602989,17892.89256,20135,51.075,162.6446281,52.5,49.71666667,16146.21585
6/1/2009,3.46,72.5,308.89,19294,13.18,743.0320839,18481.98347,19294,50.91666667,162.6446281,52.62083333,49.78333333,16780.82917
6/2/2009,3.45,71.492,337.84,20135,13.19,2379.509673,18652.56198,20135,50.7125,285.6198347,52.79583333,49.74166667,18232.17442
6/3/2009,1.89,70.448,263.42,20019,12.51,18.76772876,19259.50413,20019,50.9875,1180.165289,52.7375,49.925,16134.3081
6/4/2009,3.39,68.036,266.81,21325,11.24,3251.030743,19527.27273,21325,51.25416667,164.6280992,52.71666667,49.775,20005.02906
6/5/2009,4.08,62.654,226.95,22334,10.78,366.6155681,19652.2314,22334,50.75833333,164.6280992,52.425,49.90416667,19524.5161
6/6/2009,2.45,60.152,200.95,22402,11.72,31.08720579,19908.09917,22402,50.3625,487.9338843,52.1875,50.1375,18527.76693
6/7/2009,2.04,66.794,339.93,21884,11.01,374.3983593,20096.52893,21884,51.01666667,168.5950413,52.63333333,50.09166667,18777.82979
6/8/2009,1.65,70.214,382.52,21939,8.46,1205.104094,19846.61157,21939,51.22916667,164.6280992,52.64583333,50.09583333,19198.80397
6/9/2009,3.19,69.062,313.23,21508,9.8,52.17950107,20185.78512,21508,51.275,164.6280992,52.6375,50.21666667,17666.20581
6/10/2009,2.89,66.992,273.64,21532,11.55,2378.951215,20144.13223,21532,51.34583333,164.6280992,52.6875,50.28333333,19317.88152
6/11/2009,1.73,67.568,291.26,21848,10,977.6226122,20156.03306,21848,51.1375,164.6280992,52.66666667,50.34166667,19520.31337
6/12/2009,1.78,67.91,308.82,22266,10.27,889.0915887,20027.10744,22266,51.15,168.5950413,52.70833333,50.39166667,19403.33718
6/13/2009,3.38,67.712,305.38,22683,10.7,872.1752167,20380.16529,22683,51.47916667,749.7520661,52.325,50.525,18837.36857
6/14/2009,2.11,69.242,355.68,23047,10.74,1157.044653,21477.02479,23047,51.62916667,168.5950413,52.97083333,50.68333333,20524.76756
6/15/2009,1.79,69.422,283.53,22752,11.01,488.6621921,21598.01653,22752,51.65416667,164.6280992,52.64166667,50.82083333,19903.46291
6/16/2009,1.55,73.454,354.57,22458,11.02,1235.92552,21258.84298,22458,51.85416667,1923.966942,52.425,50.75416667,17555.53373
6/17/2009,2.09,75.524,370.94,22402,12.31,1723.342303,20560.66116,22402,51.95,1763.305785,52.8125,50.5875,17556.93464
6/18/2009,3.34,74.912,386.72,21890,10.28,728.4207319,21310.41322,21890,51.90416667,817.1900826,52.91666667,50.97083333,19077.62505
6/19/2009,3.96,72.986,373.34,21799,9.25,1324.59809,21849.91736,21799,52.15,2082.644628,52.75416667,50.9375,18444.41264
6/20/2009,3.38,68.09,344.93,22371,9.13,1894.860087,21437.35537,22371,52.01666667,1114.710744,53.16666667,50.95416667,19736.75433
6/21/2009,4.31,63.716,379.49,22057,6.18,271.8902981,21596.03306,22057,51.94583333,1338.842975,53.2125,51.25416667,18849.27633
6/22/2009,4.26,66.776,393.55,22482,5.88,1832.913753,22087.93388,22482,52.2875,2082.644628,53.08333333,51.3,19244.33362
6/23/2009,3.28,74.336,391.41,22670,6.9,948.9556362,22649.2562,22670,52.425,1687.933884,53.15416667,51.175,20062.46646
6/24/2009,2.17,79.394,387.35,22186,8.38,414.855854,23430.7438,22186,52.32083333,1689.917355,53.29583333,51.55833333,19991.01993
6/25/2009,1.26,79.43,386.4,21976,8.92,1539.806516,24095.20661,21976,52.625,1779.173554,53.40833333,51.70416667,20612.32458
6/26/2009,2.68,77.522,390.79,21890,8.47,1617.708478,24765.61983,21890,52.83333333,2082.644628,53.44583333,51.77083333,21731.65359
6/27/2009,2.28,81.392,386.76,22439,8.98,1500.321617,24426.44628,22439,52.82083333,892.5619835,53.74583333,51.82083333,23377.0252
6/28/2009,1.92,86.234,389.93,22359,7.59,76.85909752,24468.09917,22359,52.86666667,1267.438017,53.64166667,51.93333333,21642.69565
6/29/2009,1.64,85.1,391.1,22683,4.8,1881.965507,24156.69421,22683,53.01666667,1874.380165,53.74583333,52.15416667,21592.96326
6/30/2009,1.87,82.346,391.87,22651,5.73,657.3507896,24033.71901,22651,53.22083333,2023.140496,53.82916667,52.29166667,21519.41536
7/1/2009,1.4,83.246,386.84,22746,5.5,586.1631524,25822.80992,22746,53.32916667,1727.603306,53.875,52.40833333,22611.42657
7/2/2009,1.78,83.75,387.75,23016,5.9,1753.780042,25761.32231,23016,53.42083333,1918.016529,54.04166667,52.54583333,22476.23853
7/3/2009,2.59,82.598,380.83,23053,7.84,1404.067255,25400.33058,23053,53.61666667,2816.528926,54.65416667,52.61666667,20933.83398
7/4/2009,1.65,82.454,383.27,22777,7.73,1373.967673,25743.47107,22777,53.80833333,3054.545455,54.925,52.8375,20973.75998
7/5/2009,3.63,78.638,350.82,22991,5.61,1929.16564,25699.83471,22991,54.03333333,3570.247934,54.8625,52.85416667,21324.68854
7/6/2009,2.35,72.932,391.02,22708,3.41,521.8982369,25822.80992,22708,54.16666667,3947.107438,55.0875,52.55,20215.16592
7/7/2009,2,72.086,387.98,22777,1.43,1729.536559,25842.64463,22777,53.6125,1418.181818,55.575,52.27916667,23228.52849
7/8/2009,2.72,70.034,388.02,22840,3.49,1258.93432,25733.55372,22840,53.44583333,3054.545455,56.00833333,52.1625,21767.37685
7/9/2009,1.89,72.626,369,23135,4.52,1206.631414,25866.44628,23135,53.45833333,3371.900826,55.89583333,52.39583333,21698.03169
7/10/2009,1.93,75.632,386.12,22746,2,407.5137645,25868.42975,22746,53.68333333,3094.214876,56.0875,52.57083333,21350.60541
7/11/2009,2.74,75.056,377.67,22050,1.73,727.609466,26435.70248,22050,53.87083333,3193.38843,56.05833333,52.73333333,21531.32311
7/12/2009,2.17,72.374,384.68,22334,2.24,1994.99094,25475.70248,22334,54.03333333,2975.206612,56.05833333,52.67916667,22333.34546
7/13/2009,4.33,72.986,381.86,22303,5.77,136.1504078,25997.35537,22303,53.9875,3074.380165,56.39583333,52.075,22285.71444
7/14/2009,3.43,79.502,385.81,22626,3.01,960.2607666,25747.43802,22626,53.43333333,1864.46281,56.42916667,52.20416667,23867.34454
7/15/2009,2.05,83.048,381.92,23110,1.79,499.6306666,25398.34711,23110,53.89166667,4264.46281,56.8,51.6,20650.14922
7/16/2009,1.41,86.108,385.78,22353,0.29,-273.2649225,25844.6281,22353,53.5375,3094.214876,57.02083333,51.04583333,21100.54255
7/17/2009,1.79,87.224,384.69,22063,-1.46,1359.870673,24704.13223,22063,53.10416667,3074.380165,57.1375,51.13333333,21590.86189
7/18/2009,1.91,88.898,373.28,22513,2.33,488.8901761,25471.73554,22513,53.12916667,2320.661157,57.2375,51.6875,23414.84983
7/19/2009,2.41,88.826,371.84,22211,4.86,-565.7754498,25656.19835,22211,53.5125,2161.983471,57.05833333,51.45,22319.33634
7/20/2009,2.18,89.708,371.84,22291,3.57,1254.878536,25676.03306,22291,53.02083333,3411.570248,57.49583333,50.17916667,21386.32868
7/21/2009,2.6,83.786,371.17,22758,3.94,1345.13413,26009.2562,22758,52.22083333,3133.884298,57.08333333,50.11666667,21541.1295
7/22/2009,1.83,82.976,374.15,22347,2.49,923.2424008,23839.33884,22347,52.19583333,3550.413223,57.12083333,50.1,20659.9556
7/23/2009,2.27,82.256,371.41,22248,4.73,-470.0299802,25691.90083,22248,51.95833333,3114.049587,57.23333333,50.32916667,20526.86892
7/24/2009,2.73,82.994,369.99,22526,5.85,2328.98232,25545.12397,22526,52.20833333,3094.214876,57.4,50.325,21316.98352
7/25/2009,1.8,83.912,369.17,22223,6.48,830.9255709,25757.35537,22223,52.275,2400,57.43333333,50.52916667,21066.92065
7/26/2009,1.45,88.268,366.5,23422,6.58,3489.434722,25668.09917,23422,52.29583333,2280.991736,57.34166667,50.825,22688.47676
7/27/2009,1.44,90.05,365.3,22991,6.89,267.630678,26102.47934,22991,52.7125,3133.884298,57.44583333,50.5625,20566.79493
7/28/2009,1.87,90.5,357.7,22796,8.23,2206.800111,26433.71901,22796,52.725,3133.884298,57.49583333,50.87083333,21069.02202
7/29/2009,2.87,88.736,355.85,22890,11.63,2324.812691,25779.17355,22890,52.69166667,2816.528926,57.59166667,50.825,21553.03726
7/30/2009,3.73,88.16,355.03,23022,12.15,1541.607368,25941.81818,23022,52.67083333,2836.363636,57.625,51.14166667,21164.28407
7/31/2009,3.77,84.704,342.31,22557,12.22,1476.170475,25457.85124,22557,52.9875,2895.867769,57.6375,51.3875,20197.65451
8/1/2009,3.42,84.848,333.94,22721,11.37,2528.328961,25106.77686,22721,52.79166667,2895.867769,57.675,51.2625,20675.36564
8/2/2009,3.77,83.678,346.34,22871,11.06,1685.543451,25039.33884,22871,53.075,2895.867769,57.7125,51.62083333,20538.77668
8/3/2009,3.95,80.132,353.97,22959,9.22,1692.694394,24015.86777,22959,53.07916667,2876.033058,57.86666667,51.38333333,20590.61044
8/4/2009,4.53,77.9,354.12,23141,6.57,731.2242707,23932.56198,23141,53.05416667,852.892562,58.02916667,51.60416667,22670.96535
8/5/2009,4.28,75.83,343.45,22414,6.16,-318.2959285,23793.71901,22414,53.10416667,2261.157025,57.57083333,51.5125,20405.69
8/6/2009,3.49,71.168,283.33,23116,7.96,1828.871983,23591.40496,23116,53.05416667,3034.710744,57.79583333,51.6625,20286.61245
8/7/2009,1.71,73.166,347.44,21398,6.35,-1447.918235,23861.15702,21398,53.0875,2975.206612,57.74166667,51.59583333,18527.76693
8/8/2009,2.63,76.298,349.56,21763,5.74,2723.183483,22976.52893,21763,53.29583333,3034.710744,58.03333333,51.73333333,19843.92413
8/9/2009,2.28,80.006,346.28,22359,3.42,693.8940518,22401.32231,22359,53.53333333,3272.727273,57.9625,51.62916667,19841.82276
8/10/2009,2.17,85.694,343.96,22143,3,-929.2277187,22294.21488,22143,53.51666667,3054.545455,58,52.0125,18803.74667
8/11/2009,3.45,87.116,343.18,21404,3.07,-303.0772485,22119.66942,21404,53.775,2995.041322,57.57916667,51.33333333,18096.98637
8/12/2009,2.58,84.614,340.77,21946,4.27,1569.641729,21822.14876,21946,52.99166667,821.1570248,58.05833333,50.66666667,22003.43059
8/13/2009,3.17,79.79,338.45,22464,4.77,-484.4388545,22115.70248,22464,51.97083333,440.3305785,57.55416667,50.6375,22240.18479
8/14/2009,3.74,74.696,345.11,22266,1.32,-762.8128892,21768.59504,22266,52.49583333,3986.77686,57.58333333,50.42083333,17253.6371
8/15/2009,3.05,75.686,342.3,22013,0.18,275.1810818,20987.10744,22013,52.5125,3014.876033,58.0875,50.69166667,17170.28282
8/16/2009,2.45,79.916,340,22408,-0.25,1196.948585,20915.70248,22408,52.38333333,2995.041322,58.29583333,50.95833333,17753.76283
8/17/2009,2.27,84.668,338.55,23028,-0.44,786.898327,20622.14876,23028,52.65,2856.198347,58.33333333,51.17083333,17612.97113
8/18/2009,2.09,87.674,335.8,23016,-0.02,140.9792832,20489.2562,23016,52.96666667,2915.702479,58.11666667,50.98333333,17231.92296
8/19/2009,1.87,89.726,333.09,22865,0.06,190.630759,20465.45455,22865,52.9375,2598.347107,57.90833333,51.27916667,17396.53017
8/20/2009,2.54,89.168,333.39,23243,-0.25,848.577268,20350.41322,23243,53.10833333,2598.347107,57.8125,51.38333333,17664.80489
8/21/2009,1.51,88.538,330.33,22739,0.76,-416.7387743,20247.27273,22739,53.24166667,2618.181818,58.05833333,51.4375,16590.30508
8/22/2009,4.29,87.89,328.1,22526,-0.66,825.7858291,19533.22314,22526,53.25,2300.826446,57.8875,51.64583333,16539.17178
8/23/2009,4.33,79.232,325.73,22143,3.53,310.2249142,19705.78512,22143,53.33333333,2082.644628,57.8,51.89166667,16896.40444
8/24/2009,4.28,77.342,325.94,22959,-1.61,1542.736056,19253.55372,22959,53.4375,2439.669421,57.9,52.1125,16927.92497
8/25/2009,3.12,78.116,316.43,22953,-1.89,-120.0406725,19465.78512,22953,53.75416667,2519.008264,58.10416667,52.075,16435.50426
8/26/2009,3.35,79.628,317.88,22595,-4.37,153.2725995,19967.60331,22595,53.69166667,2459.504132,57.98333333,52.36666667,16767.5205
8/27/2009,1.34,80.96,221.26,20692,1.3,-1162.421326,19461.81818,20692,53.86666667,2261.157025,57.94583333,52.3875,14823.75455
8/28/2009,2.7,83.822,241.35,22721,3.09,4405.906607,18854.87603,22721,53.8,2439.669421,57.95,51.90416667,17420.34568
8/29/2009,2.18,85.658,304.62,22909,5.6,-817.1390684,19418.18182,22909,53.54166667,2677.68595,57.975,51.12083333,15274.84834
8/30/2009,3.46,83.138,302.89,22859,3.7,1415.647528,18553.38843,22859,53.1875,3352.066116,57.64583333,51.35,13521.60647
8/31/2009,5.38,77.558,302.48,21958,4.32,778.715844,18001.98347,21958,53.48333333,3352.066116,57.57083333,51.42916667,12587.1979
9/1/2009,4.6,78.134,304.58,22947,3.53,3051.719455,17763.96694,22947,53.47083333,2757.024793,57.95833333,51.35,15284.65473
9/2/2009,3.42,82.508,273.91,23009,4.29,-215.7125812,16700.82645,23009,53.27916667,2519.008264,57.7875,50.77083333,12957.73923
9/3/2009,2.59,83.408,301.1,23364,2.17,1579.078952,15449.2562,23364,52.48333333,487.9338843,58.0875,51.20833333,14520.45701
9/4/2009,3.68,82.22,300.21,22507,0.05,-416.134696,15350.08264,22507,52.73333333,3114.049587,57.49166667,51.09583333,10611.91142
9/5/2009,3.52,75.236,294.36,22695,0.81,1812.121638,15399.66942,22695,53.275,2895.867769,57.55416667,51.34583333,12171.82738
9/6/2009,2.68,71.348,284.72,22464,4.28,100.9742729,15375.86777,22464,53.3875,2895.867769,57.4,51.5125,11606.55922
9/7/2009,2.68,71.402,298.03,22075,-3.18,484.44078,15921.32231,22075,53.39166667,2935.53719,57.56666667,51.45,11878.33623
9/8/2009,2.5,75.002,297.99,22589,-8.94,1621.448894,15266.77686,22589,53.35416667,2400,57.50833333,51.625,12727.9896
9/9/2009,1.25,80.474,292.56,22884,-5.29,433.7872595,15328.26446,22884,53.58333333,2519.008264,57.45833333,51.65833333,12316.82181
9/10/2009,1.47,84.992,286.52,22601,-2.89,209.4343883,15748.76033,22601,53.57916667,2320.661157,57.4,51.64166667,12390.36971
9/11/2009,2.05,87.098,285.84,22359,-1.4,795.7294636,15774.54545,22359,53.61666667,2042.975207,57.42916667,51.87083333,12503.14316
9/12/2009,2.57,84.974,221.84,22396,0.78,1265.427088,15600,22396,53.575,1939.834711,57.3625,52.06666667,12630.62619
9/13/2009,5.72,77.252,209.52,22464,5.62,1097.539099,14624.13223,22464,53.53333333,2221.487603,57.25833333,52.11666667,11465.06707
9/14/2009,3.54,67.388,179.72,22464,10.3,937.5775581,13559.00826,22464,53.71666667,2300.826446,57.27083333,52.28333333,10226.66051
9/15/2009,2.66,73.562,267.05,22402,8.14,969.5213082,13636.36364,22402,53.9875,2380.165289,57.32083333,52.31666667,10212.65139
9/16/2009,1.84,78.098,269.09,22199,6.76,840.5469571,13632.39669,22199,54.2,2161.983471,57.2625,52.59166667,10248.37465
9/17/2009,2.97,79.232,257.01,22538,5.61,1561.038573,13164.29752,22538,54.27916667,2122.31405,57.23333333,52.9,10167.12173
9/18/2009,2.89,81.644,265.14,22777,3,1113.861741,12561.32231,22777,54.5,2082.644628,57.26666667,52.85416667,9742.645278
9/19/2009,1.91,80.708,261.97,22334,3.33,293.032408,12720,22334,54.625,1697.85124,57.32916667,53.12083333,9688.710151
9/20/2009,3.23,78.746,265.07,21829,3.36,828.4386093,12981.81818,21829,55.0875,1709.752066,57.34583333,53.46666667,9839.308233
9/21/2009,2.41,78.62,271,21902,-6.57,1505.757883,12436.36364,21902,55.09166667,1963.636364,57.3625,52.98333333,9456.859149
9/22/2009,1.91,82.058,267.41,21841,-9.8,954.8681237,12636.69421,21841,54.825,2578.512397,57.24583333,52.49583333,9112.935155
9/23/2009,1.73,85.406,265.17,21026,-8.42,130.2466632,12848.92562,21026,54.57916667,2737.190083,57.35833333,52.56666667,8803.333514
9/24/2009,1.8,85.766,258.7,21038,-4.1,1320.402023,12374.87603,21038,54.57916667,2757.024793,57.625,52.70833333,8907.001032
9/25/2009,1.27,84.308,256.02,21502,-1.33,1174.850208,11640.99174,21502,54.66666667,2776.859504,57.39583333,52.53333333,8533.657878
9/26/2009,1.63,86.36,256.12,21593,-1.85,421.4743534,11635.04132,21593,54.7875,2598.347107,57.3125,52.675,8293.401401
9/27/2009,2.08,85.082,252.23,21769,-3.78,919.2928139,11603.30579,21769,54.76666667,2737.190083,57.34583333,52.725,8170.12111
9/28/2009,3.6,79.646,236.85,22626,-6.82,1552.994592,11678.67769,22626,54.6625,2776.859504,57.35,52.95,8867.075029
9/29/2009,5.14,62.87,250.09,22106,-6.44,-485.2568472,11081.65289,22106,54.84166667,2757.024793,57.45416667,53.16666667,7868.224488
9/30/2009,3.48,56.93,244.63,21386,-4.59,-263.5963888,11744.13223,21386,54.69166667,2439.669421,57.34166667,53.46666667,8114.78507
10/1/2009,3.39,62.834,239.29,20770,-6.01,573.6777399,11823.47107,20770,54.44583333,99.17355372,57.76666667,53.86666667,10685.45932
10/2/2009,2.77,65.264,239.01,20188,-4.98,456.8382007,11845.28926,20188,54.3125,99.17355372,57.55833333,53.80833333,10639.22921
10/3/2009,5.11,58.208,238.15,20071,-4.59,989.8864925,11692.56198,20071,54.4,99.17355372,57.49583333,54.12083333,11044.79335
10/4/2009,3.01,50.882,131.27,20692,-4.77,1169.59508,11363.30579,20692,54.275,99.17355372,57.37083333,54.02083333,11276.64435
10/5/2009,3.14,54.284,197.92,21441,-2.13,736.4878814,11329.58678,21441,54.25,99.17355372,57.29583333,54.275,11407.62966
10/6/2009,2.6,58.784,230.44,21958,-2.46,339.7835631,11666.77686,21958,54.35416667,99.17355372,57.40833333,54.45833333,11439.85065
10/7/2009,1.76,64.922,228.59,22155,-3.41,324.7526558,11706.44628,22155,54.5875,99.17355372,57.44166667,54.65833333,11105.73304
10/8/2009,1.68,65.894,223.31,21170,-1.47,-483.4603127,11902.80992,21170,54.87083333,99.17355372,57.40833333,54.925,10276.3929
10/9/2009,2.59,66.488,221.59,21253,-0.76,1610.243464,11625.12397,21253,55.01666667,99.17355372,57.425,54.9,11306.76397
10/10/2009,3.26,66.128,222.39,21092,-4.25,58.18644322,11581.4876,21092,55.18333333,99.17355372,57.45416667,54.84583333,10700.86936
10/11/2009,3.09,64.634,216.58,21617,-3.92,1306.44469,11827.43802,21617,55.075,99.17355372,57.4,54.9125,11900.05037
10/12/2009,6.1,59.45,169.17,21289,2.41,-499.7859072,12071.40496,21289,55.08333333,99.17355372,57.29583333,54.9,11048.29563
10/13/2009,10.14,52.178,73.69,22322,9.96,1956.935775,12085.28926,22322,54.62083333,99.17355372,57.22083333,54.65416667,11880.4376
10/14/2009,6,52.574,70.82,23358,10.04,1141.678102,11912.72727,23358,54.95416667,99.17355372,57.1,55.6625,10127.19573
10/15/2009,1.3,58.784,72.93,22063,13.73,391.357989,11900.82645,22063,55.3875,99.17355372,57.10833333,56.52916667,9192.787161
10/16/2009,1.84,67.046,180.05,21909,14.17,2454.865732,11847.27273,21909,56.2375,99.17355372,57.225,56.26666667,10236.4669
10/17/2009,1.31,70.268,163.37,23301,13.44,2903.632274,11426.77686,23301,56.79166667,99.17355372,57.18333333,56.06666667,11743.14818
10/18/2009,2.47,68.576,150.71,21756,12.39,-1960.544874,11972.2314,21756,56.7125,313.3884298,57.14166667,56.80416667,9012.069462
10/19/2009,2.77,56.534,99.58,22664,10.35,3554.773513,11928.59504,22664,56.42916667,708.0991736,56.975,56.00833333,11488.88258
10/20/2009,1.62,56.678,157.8,22526,9.19,-406.3867122,11650.90909,22526,56.51666667,862.8099174,57.05416667,56.84166667,10004.6159
10/21/2009,1.98,61.79,177.95,21653,8.85,-89.51672645,12000,21653,56.40416667,882.6446281,56.95416667,56.725,9688.710151
10/22/2009,3.76,61.394,184.24,20979,8.29,754.6452209,11742.14876,20979,56.87916667,874.7107438,57.1125,57.13333333,9736.341172
10/23/2009,2.6,63.518,145.43,20622,7.36,774.0968445,11611.23967,20622,57.04583333,876.6942149,57.11666667,56.89583333,10048.04418
10/24/2009,3.22,63.176,173.23,20955,6.92,1019.501275,11625.12397,20955,57.3625,890.5785124,57.07916667,56.725,10262.38378
10/25/2009,3.28,59.918,179,20776,2.85,293.1616745,11603.30579,20776,56.8875,817.1900826,57.13333333,57.29166667,9672.599658
10/26/2009,3.39,61.718,140.29,20913,4.98,1250.516044,11559.66942,20913,56.95416667,362.9752066,58.20833333,57.3875,10484.42839
10/27/2009,7.19,49.316,179.98,21152,-2.86,951.2658249,11089.58678,21152,57.19583333,93.2231405,59.35416667,57.44583333,10436.79737
10/28/2009,4.17,45.482,169.36,21921,-3.93,1328.566266,11198.67769,21921,56.77916667,93.2231405,59.2375,57.24166667,11034.28651
10/29/2009,1.89,50.144,101.6,22279,-0.97,429.1680355,11176.8595,22279,56.82916667,93.2231405,59.26666667,57.275,10685.45932
10/30/2009,1.98,57.452,171.54,22094,4.63,213.1770436,11125.28926,22094,56.96666667,347.107438,58.19583333,57.575,9859.621463
10/31/2009,1.29,61.142,168.52,21787,6.11,611.5603552,11135.20661,21787,57.24166667,527.6033058,57.33333333,57.59583333,9674.701027
11/1/2009,2.66,60.458,163.76,21277,6.24,422.9022788,10734.54545,21277,57.6125,507.768595,57.3875,57.79166667,9229.91134
11/2/2009,1.33,61.754,164.92,21720,4.36,1439.86552,11188.76033,21720,57.64166667,525.6198347,57.45416667,57.55416667,10117.38934
11/3/2009,1.16,62.672,164.74,22186,5.04,1011.751156,11155.04132,22186,57.66666667,523.6363636,57.39583333,57.59166667,10305.81206
11/4/2009,3.2,59.99,153.37,22359,6.92,498.5928987,11180.82645,22359,57.37083333,515.7024793,57.3375,57.70833333,10352.04217
11/5/2009,5.89,55.67,70.15,22180,9.77,134.0817969,10756.36364,22180,57.41666667,523.6363636,57.475,57.8,9507.992451
11/6/2009,2.67,53.924,109.13,22118,8.13,662.7348217,10803.96694,22118,57.43333333,279.6694215,57.74166667,57.7875,9968.89263
11/7/2009,2.82,50.936,158.69,22340,2.15,777.4048907,10762.31405,22340,57.425,442.3140496,57.7625,57.79166667,9917.058872
11/8/2009,1.71,49.784,151.48,22174,-1.19,236.941128,10792.06612,22174,57.30416667,519.6694215,58.12083333,57.775,9581.540352
11/9/2009,1.39,47.174,125.3,21775,-0.78,291.8563422,10807.93388,21775,57.1125,517.6859504,57.93333333,57.7625,9255.828219
11/10/2009,0.9,50.684,110.06,21307,3.45,566.4197149,10817.85124,21307,57.21666667,517.6859504,57.75416667,57.7125,9400.822653
11/11/2009,1.85,55.202,110.03,21696,5.73,1288.342636,10403.30579,21696,57.20833333,517.6859504,57.6625,57.57083333,9817.594091
11/12/2009,3.14,45.842,150,21659,-0.69,31.02574371,9990.743802,21659,57.275,517.6859504,57.325,57.49583333,9051.295009
11/13/2009,1.88,43.376,126.54,21787,-2.89,549.7628422,10117.68595,21787,56.925,517.6859504,56.99166667,57.25,8984.051214
11/14/2009,2.94,44.924,146.42,22069,-3.23,897.948786,9768.595041,22069,56.8125,517.6859504,56.78333333,57.125,9371.403492
11/15/2009,1.44,46.076,140.47,21538,-4.59,-651.4944011,9699.173554,21538,56.55,517.6859504,56.59583333,57.15833333,7660.188997
11/16/2009,2.12,46.184,142.35,21477,-4.02,1460.298606,9254.876033,21477,56.35416667,517.6859504,56.37083333,57.19583333,8628.919921
11/17/2009,1.67,42.782,39.32,21896,1.24,527.2701616,9165.619835,21896,56.2,309.4214876,56.05833333,56.76666667,8462.211345
11/18/2009,2.07,44.348,140.22,22934,1.23,1431.987002,8739.173554,22934,56.12083333,313.3884298,55.72083333,56.625,8658.339081
11/19/2009,1.86,45.266,111.66,22291,-1.87,-875.553957,8786.77686,22291,55.8375,523.6363636,55.57916667,56.65833333,7227.307066
11/20/2009,4.47,42.098,42.39,21429,2.58,173.8334299,8423.801653,21429,55.6875,541.4876033,55.41666667,56.56666667,6881.982159
11/21/2009,1.09,43.142,120.52,21092,2.52,663.3318906,7977.520661,21092,55.5375,529.5867769,55.225,56.45,6955.53006
11/22/2009,2.71,43.466,60.26,20692,4.07,92.4038243,7487.603306,20692,55.65416667,519.6694215,55.13333333,56.1875,6457.505703
11/23/2009,2.87,44.762,117.77,19996,0.88,-185.5718187,7596.694215,19996,55.65416667,523.6363636,54.95,56.17916667,6004.310542
11/24/2009,1.79,50.792,110.36,19559,1.2,631.7473092,7572.892562,19559,55.7,206.2809917,54.68333333,55.8,6365.74594
11/25/2009,1.48,52.88,131.04,20387,0.96,1828.86563,7592.727273,20387,55.51666667,265.785124,54.57916667,55.55833333,7783.469288
11/26/2009,1.94,51.818,119.5,20895,1.67,51.47286076,7402.31405,20895,55.4125,511.7355372,54.6375,55.32916667,7320.46774
11/27/2009,4.27,47.966,74.94,21074,4.03,-250.8892276,7213.884298,21074,55.325,513.7190083,54.45833333,55.3,6725.079971
11/28/2009,6.06,44.132,127.2,21253,-4.26,154.0853183,7025.454545,21253,54.84583333,527.6033058,54.26666667,55.22083333,6332.124043
11/29/2009,3.13,44.456,127.37,21319,-4.22,231.7271967,6485.950413,21319,54.56666667,513.7190083,54.1875,54.97083333,5729.031255
11/30/2009,1.4,46.328,126.06,21580,-2.21,504.20015,6593.057851,21580,54.37916667,174.5454545,54.025,54.68333333,6149.304975
12/1/2009,1.24,47.174,125.23,22075,-1.17,764.2074217,6499.834711,22075,54.30833333,27.76859504,53.90416667,54.5,6377.653696
12/2/2009,1.91,45.284,126.43,22192,-1.35,211.4124197,6545.454545,22192,54.19166667,27.76859504,53.90833333,54.28333333,6187.12961
12/3/2009,2.65,43.016,126.69,22658,-3.65,796.5563404,6535.53719,22658,53.99166667,27.76859504,53.76666667,54.1875,6383.957802
12/4/2009,0.96,42.656,124.27,22714,-5.34,179.810793,6525.619835,22714,53.69166667,27.76859504,53.6375,53.96666667,6014.817385
12/5/2009,3.2,37.688,126.05,22507,-8.41,276.0338547,6509.752066,22507,53.35,81.32231405,53.475,53.74583333,6339.829061
12/6/2009,0.96,32.378,114.93,21781,-8.84,-637.3993089,6521.652893,21781,52.92916667,99.17355372,53.25,53.59166667,5470.562918
12/7/2009,3.19,31.1,111.12,21823,-6.29,993.9164208,6511.735537,21823,52.42916667,99.17355372,52.90833333,53.30416667,6411.275593
12/8/2009,1.32,26.294,122.73,22285,-9.93,463.2863905,6507.768595,22285,51.99583333,99.17355372,52.57083333,52.88333333,6322.317656
12/9/2009,1.36,25.43,123.08,22564,-9.81,365.2773853,6539.504132,22564,51.75416667,99.17355372,52.19166667,52.7125,6591.993293
12/10/2009,1.15,29.138,93.98,22316,-8.21,-399.6627145,6543.471074,22316,51.45,99.17355372,51.84166667,52.38333333,6171.019117
12/11/2009,1.01,33.044,45.96,22007,-1.8,-35.72159634,6460.165289,22007,51.3875,343.1404959,51.43333333,52.275,5129.440748
12/12/2009,1.63,37.166,48.87,21556,1.62,536.5840454,6460.165289,21556,51.25416667,511.7355372,50.77916667,52.02916667,5091.616114
12/13/2009,1.11,40.874,38.31,21587,2.54,887.8136381,6456.198347,21587,51.375,511.7355372,50.42083333,51.85,6133.894938
12/14/2009,2.55,40.964,55.07,21744,2.97,-32.43212808,6503.801653,21744,51.50833333,196.3636364,50.36666667,51.48333333,6360.142291
12/15/2009,7,44.96,34.67,22513,6.47,716.2957255,6499.834711,22513,51.58333333,101.1570248,50.37916667,51.2375,6620.011541
12/16/2009,3.84,45.752,31.26,23364,6.85,629.666145,6495.867769,23364,51.375,321.322314,49.95416667,51.075,5837.601966
12/17/2009,0.77,49.226,63.85,23224,8.21,196.9434885,6559.338843,23224,51.1,807.2727273,49.97916667,50.92916667,4665.038288
12/18/2009,1.07,52.358,101.25,22229,7.87,92.0278277,6509.752066,22229,50.94166667,119.0082645,52.0125,50.525,5160.961277
12/19/2009,1.27,52.25,78.89,20704,6.95,-295.2174753,6489.917355,20704,50.81666667,97.19008264,51.1625,50.40416667,4887.082903
12/20/2009,3.79,47.768,36.8,20967,7.23,1768.64437,6501.818182,20967,50.74583333,386.7768595,49.77916667,49.95,6220.751507
12/21/2009,4.16,46.04,52.19,21313,6.18,240.2898153,6503.801653,21313,50.62083333,103.1404959,49.63333333,49.89583333,6050.540651
12/22/2009,3.91,37.67,60.48,21520,-1.38,557.120506,6543.471074,21520,50.175,99.17355372,49.62083333,49.8875,6193.433715
12/23/2009,2.96,36.5,115.55,21635,-2.71,365.8638057,6541.487603,21635,49.7125,99.17355372,49.93333333,49.92916667,6344.031798
12/24/2009,2.79,38.75,114.73,22334,-2.24,797.2822516,6470.082645,22334,49.4875,99.17355372,50.0375,49.85416667,6591.993293
12/25/2009,1.44,40.478,117.13,22564,-1.72,8.915797909,6505.785124,22564,49.32916667,323.3057851,49.79166667,49.68333333,5712.920763
12/26/2009,1.48,39.47,102.35,22903,-0.48,808.5585758,6525.619835,22903,49.32083333,331.2396694,49.53333333,49.4125,5744.441292
12/27/2009,1.46,40.19,33.49,22683,3.43,229.9388733,6680.330579,22683,49.46666667,99.17355372,49.575,49.19583333,5879.629338
12/28/2009,1.37,40.928,89.49,22445,2.35,463.5276868,6666.446281,22445,49.375,99.17355372,49.525,49.14583333,6099.572585
12/29/2009,2.07,37.868,75.99,22433,1.31,455.7001423,6501.818182,22433,49.10416667,99.17355372,49.32916667,48.95,6048.439282
12/30/2009,1.46,42.692,78.19,22192,3.9,113.2053461,6499.834711,22192,48.95416667,99.17355372,49.1625,48.80416667,6117.784446
12/31/2009,4.99,45.698,4.41,21909,5.79,-0.123288975,6472.066116,21909,48.8375,105.1239669,49.04166667,48.675,5705.215744
1/1/2010,4.57,45.644,44.29,22168,6.74,920.7264048,6478.016529,22168,48.8375,547.4380165,48.54583333,48.58333333,5144.850785
1/2/2010,1.43,48.254,74.95,22192,7.26,809.7277274,6472.066116,22192,48.825,533.553719,48.38333333,48.525,5296.149324
1/3/2010,1.22,47.696,96.63,21720,4.81,170.3630727,6481.983471,21720,48.7875,600.9917355,48.37083333,48.49583333,4978.142209
1/4/2010,0.5,48.758,108.67,21593,3.65,775.8495265,6515.702479,21593,48.71666667,97.19008264,48.62083333,48.32916667,5825.694211
1/5/2010,1.03,49.604,85.11,21720,3.6,719.8181857,6485.950413,21720,48.75,99.17355372,48.69166667,48.16666667,5913.251236
1/6/2010,1.74,50,50.38,21793,6.87,546.5256235,6478.016529,21793,48.75416667,87.27272727,48.5375,48.12083333,6026.72514
1/7/2010,1.51,50.468,114.53,21799,7.42,370.0186617,6468.099174,21799,48.7375,93.2231405,48.45416667,48.00416667,5806.081437
1/8/2010,1.35,48.884,48.15,22020,8.13,789.7945961,6478.016529,22020,48.65416667,408.5950413,48.18333333,47.87916667,5786.468664
1/9/2010,1.01,48.938,47.21,21927,8.24,189.9528236,6462.14876,21927,48.575,436.3636364,48.14166667,47.86666667,5168.666296
1/10/2010,1.11,49.892,97.76,21933,6.87,863.118828,6440.330579,21933,48.52083333,99.17355372,48.39583333,47.82083333,6054.042932
1/11/2010,5.34,51.818,78.44,21696,7.29,50.11409279,6485.950413,21696,48.48333333,257.8512397,48.26666667,48.8,5617.658719
1/12/2010,7.79,49.064,60.28,22664,8.67,1578.440455,6416.528926,22664,48.54166667,99.17355372,48.44583333,49.38333333,6182.926872
1/13/2010,3.41,46.634,73.75,22689,6.72,159.4284999,6357.024793,22689,48.6625,795.3719008,48.1,49.36666667,4351.233911
1/14/2010,1.54,45.806,98.41,21964,4.62,485.4189816,6476.033058,21964,49.075,1112.727273,48.10833333,49.44583333,3865.117308
1/15/2010,2.85,47.678,107.77,22050,5.32,1584.188477,6511.735537,22050,49.24166667,981.8181818,48.2375,49.425,5129.440748
1/16/2010,3.13,46.904,84.05,21556,5.7,-93.52339263,6487.933884,21556,49.41666667,906.446281,48.2375,49.39166667,4370.846684
1/17/2010,5.91,45.806,49.55,21092,6.7,746.6409193,6489.917355,21092,49.425,1628.429752,48.1375,49.07916667,3235.407185
1/18/2010,8.85,44.618,66.82,22664,6.03,3198.080418,6478.016529,22664,49.32083333,2142.14876,48.0875,48.85833333,2272.980367
1/19/2010,8.63,42.998,76.1,23428,4.88,2826.887402,6624.793388,23428,49.2375,2023.140496,48.03333333,48.28333333,1959.17599
1/20/2010,8.72,42.206,71.43,22532,4.4,1746.476903,8846.280992,22532,48.95416667,2519.008264,47.80833333,48.725,916.8971651
1/21/2010,4.05,42.692,92.85,21939,4.55,4817.375562,9867.768595,21939,48.63333333,4085.950413,47.5125,48.95416667,1863.913947
1/22/2010,3.64,40.784,98.36,21580,3.05,3558.904235,9459.173554,21580,48.50833333,4046.280992,47.40416667,48.86666667,2551.061478
1/23/2010,3.53,39.578,47.7,22192,3.54,3473.831084,9098.181818,22192,48.45,3927.272727,47.32916667,48.85833333,3004.957096
1/24/2010,5.86,41.63,46.97,22570,4.63,2543.951995,8691.570248,22570,48.37083333,3986.77686,47.24166667,48.82083333,2389.956552
1/25/2010,3.52,42.206,49.22,22651,4.95,2395.836836,8284.958678,22651,48.26666667,4085.950413,47.15,48.8125,1875.821702
1/26/2010,1.64,43.862,52.97,22408,5.62,2080.186562,7965.619835,22408,48.0625,4066.115702,47.06666667,48.85,1520.690409
1/27/2010,2.53,42.674,121.26,20663,3.75,633.8137232,7735.53719,20663,48.00833333,3907.438017,47.02083333,48.8875,404.8636833
1/28/2010,1.17,46.04,107.14,19875,3.72,2635.23549,7529.256198,19875,47.9875,3748.760331,47.0375,48.91666667,1693.002634
1/29/2010,2.13,46.436,75.06,20123,6.1,2335.493234,7346.77686,20123,48.125,3828.099174,47.02083333,48.8375,2566.471515
1/30/2010,1.51,43.88,60.98,18846,5.75,-324.793829,7201.983471,18846,48.09583333,4066.115702,47.0375,48.40833333,899.3857601
1/31/2010,1.12,44.672,126,20487,4.72,3877.482008,7013.553719,20487,48.1875,4085.950413,47.0125,47.26666667,3811.182181
2/1/2010,2.38,43.862,74.1,20065,5.4,-1305.578875,6817.190083,20065,48.125,4085.950413,46.9875,48.31666667,1323.862217
2/2/2010,1.42,44.006,94.93,19599,5.35,941.3774524,6632.727273,19599,47.82916667,4085.950413,46.9625,48.6625,1069.596617
2/3/2010,2.72,45.626,105.51,19153,5.71,1031.180243,6559.338843,19153,47.82083333,4066.115702,47.05,49.07083333,901.4871287
2/4/2010,5.22,45.734,68.31,20375,6.85,2813.736012,6545.454545,20375,47.91666667,3947.107438,47.02083333,47.92916667,1754.64278
2/5/2010,4.46,46.454,116.5,21976,6.4,2444.704327,6559.338843,21976,47.875,3490.909091,46.9375,48.75833333,1280.433933
2/6/2010,2.24,46.13,87.57,22402,5.6,2213.995819,6573.22314,22402,48.2125,3867.768595,46.9125,48.275,378.9468039
2/7/2010,2.17,45.95,158.8,22827,4.41,2751.507742,6573.22314,22827,48.1125,3768.595041,46.92916667,48.325,1183.070521
2/8/2010,2.14,44.366,160.7,22840,3.84,1634.557578,6565.289256,22840,48.12083333,3728.92562,46.94166667,48.05,1381.299625
2/9/2010,1.6,43.988,112.14,22161,4.55,776.0640114,6577.190083,22161,48.31666667,3808.264463,46.95416667,48.04583333,424.4764569
2/10/2010,1.78,43.088,114.43,21080,3.58,1263.449163,6523.636364,21080,48.15,3649.586777,47.04166667,47.70416667,402.7623147
2/11/2010,4.23,44.618,60.01,20065,6.08,1456.287272,6565.289256,20065,48.05416667,3847.933884,47.1,47.55833333,464.4024602
2/12/2010,4.66,47.39,98.46,20416,7.01,2603.952912,6559.338843,20416,47.8875,3927.272727,47.10416667,47.82083333,1502.478548
2/13/2010,1.54,50.558,147.08,19824,7.58,537.5875677,6553.38843,19824,48.0375,3867.768595,47.0875,47.97083333,897.2843915
2/14/2010,1.04,49.064,86.28,19553,7.11,1517.335443,6559.338843,19553,48.07083333,3867.768595,47.11666667,48.05833333,1318.258567
2/15/2010,1.68,50.18,133.1,19457,7.33,1277.311681,6523.636364,19457,48.14166667,3728.92562,47.21666667,48.19583333,1599.84196
2/16/2010,1.85,52.538,161.93,20211,7.52,1948.868784,6515.702479,20211,48.40416667,3689.256198,47.42916667,48.55,2580.480639
2/17/2010,1.26,52.286,185.18,19502,5.93,-463.034358,6485.950413,19502,48.46666667,3788.429752,47.65416667,48.1,962.426818
2/18/2010,0.93,52.34,191.02,19651,6.84,1884.093843,6507.768595,19651,48.63333333,3748.760331,47.625,48.03333333,2038.32754
2/19/2010,1.57,51.512,186.49,19691,7.48,760.6807245,6489.917355,19691,48.6375,3728.92562,47.6125,47.525,1913.646337
2/20/2010,1.95,49.136,194.4,19299,5.82,455.3453985,6565.289256,19299,48.6375,3947.107438,47.54166667,47.62083333,1496.874898
2/21/2010,2.05,45.626,177.6,18791,2.89,613.3069202,6710.082645,18791,48.49583333,3847.933884,47.52083333,46.90833333,1735.030006
2/22/2010,1.18,44.186,205.62,19378,-0.1,1714.118754,6644.628099,19378,48.65,1029.421488,47.71666667,47.7125,5784.367295
2/23/2010,4.48,42.08,99.01,20094,2.41,546.8393166,6581.157025,20094,48.7125,967.9338843,47.7375,47.425,5841.804703
2/24/2010,3.25,45.878,104.63,19616,6.11,-706.5815625,6489.917355,19616,48.24583333,938.1818182,47.7875,48.05416667,4251.769131
2/25/2010,2,47.012,120.46,18984,6.81,667.9664062,6557.355372,18984,48.05416667,862.8099174,47.9625,47.81666667,4394.662195
2/26/2010,8.38,48.11,90.14,20182,7.69,2497.88326,6509.752066,20182,48.25416667,2836.363636,47.71666667,48.2125,2237.257101
2/27/2010,2.01,47.534,173.81,21404,5.45,2658.131329,6561.322314,21404,48.3375,3847.933884,47.625,47.44583333,1885.628089
2/28/2010,1.46,49.118,193.89,21014,4.42,437.7603408,6817.190083,21014,48.475,3867.768595,47.75833333,47.4,1176.766415
3/1/2010,3.6,50.972,180.35,21182,6.81,1940.655073,6670.413223,21182,48.71666667,3788.429752,47.90416667,47.175,1798.071064
3/2/2010,5.7,47.696,126.75,20270,6.65,171.9124071,6263.801653,20270,48.6875,3728.92562,47.80833333,47.17083333,649.3228969
3/3/2010,4.09,42.35,105.4,20859,3.01,2474.553136,6523.636364,20859,48.57083333,2737.190083,47.9,47.33333333,2156.004182
3/4/2010,2.64,40.784,221.23,20399,1.49,1170.442099,6652.561983,20399,48.59583333,2062.809917,47.9125,47.2,2766.801988
3/5/2010,2.13,44.438,140.02,19553,3.97,976.9500781,6638.677686,19553,48.66666667,3768.595041,47.82916667,47.32916667,420.9741759
3/6/2010,1.32,50.432,190.24,19406,5.37,2302.108469,6583.140496,19406,48.8125,2122.31405,48.07083333,47.63333333,3126.136018
3/7/2010,1.54,52.286,226.3,19473,5.49,1401.690428,6600.991736,19473,48.94583333,2856.198347,48.1875,47.45,2509.034106
3/8/2010,3.06,45.464,140.26,19344,1.5,1106.759282,6608.92562,19344,48.9875,2737.190083,48.47916667,47.47916667,2868.368137
3/9/2010,2.72,39.398,192.54,19587,-2.57,1246.3674,6428.429752,19587,48.77916667,1947.768595,48.69583333,46.95,4246.165481
3/10/2010,1.54,41.09,191.6,19933,0.4,580.495676,6509.752066,19933,48.86666667,2122.31405,48.60833333,46.95833333,3970.185738
3/11/2010,3.02,43.016,115.52,20375,2.42,859.2522785,6442.31405,20375,48.55416667,1412.231405,48.5875,47.0625,4934.713925
3/12/2010,5.71,44.168,103.22,20901,5.43,621.3687196,6460.165289,20901,48.29166667,1485.619835,48.3875,47.02916667,4553.665753
3/13/2010,2.05,41.396,199.73,21259,0.63,778.8797015,6495.867769,21259,48.30416667,2697.520661,48.275,46.97916667,3432.235377
3/14/2010,2.72,44.474,231.94,22013,-0.51,1120.11173,6495.867769,22013,48.16956522,749.7520661,48.4826087,47.30434783,5956.67952
3/15/2010,2.25,50.702,243.07,22614,3.51,390.4361825,6464.132231,22614,48.0875,390.7438017,48.99166667,47.25,6336.32678
3/16/2010,1.59,54.608,187.73,22279,6.91,-597.9383502,6474.049587,22279,48.37083333,771.5702479,49.49583333,47.05833333,5131.542117
3/17/2010,3.61,57.092,254.69,22266,7.64,557.9372218,6487.933884,22266,48.91666667,1578.842975,49.3375,47.50833333,4319.012926
3/18/2010,4.38,54.248,265.36,22921,4.45,1245.077983,6499.834711,22921,49.1625,1160.330579,49.29583333,48.49583333,5470.562918
3/19/2010,1.87,54.194,271.47,22236,2.39,-816.0587858,6503.801653,22236,49.2,904.4628099,50.0625,48.27916667,4618.808179
3/20/2010,3.04,53.222,257.22,21884,5.27,628.530664,6523.636364,21884,49.21666667,468.0991736,49.0125,48.125,5289.845218
3/21/2010,2.45,53.204,143.91,21769,7.75,650.6919721,6543.471074,21769,49.50833333,105.1239669,50.63333333,48.14583333,6077.858442
3/22/2010,3.94,51.422,271.03,22285,3.91,876.4886654,6464.132231,22285,49.91666667,103.1404959,49.53333333,48.44166667,6636.122033
3/23/2010,2.5,51.8,275.06,22790,2.87,229.8697025,6460.165289,22790,49.64166667,99.17355372,49.1125,48.625,6455.404334
3/24/2010,4.88,53.384,215.93,22790,6.5,-94.41259846,6474.049587,22790,49.47916667,99.17355372,49.19583333,48.32083333,5843.906072
3/25/2010,4.93,46.49,160.01,22852,4.72,592.9699611,6485.950413,22852,49.65833333,305.4545455,48.95833333,48.05,6063.849319
3/26/2010,1.71,47.93,224.41,22526,2.07,-209.3534512,6487.933884,22526,49.77916667,513.7190083,49.00416667,48.04583333,5482.470673
3/27/2010,2.5,50.792,275.21,22733,3.83,698.744203,6525.619835,22733,49.575,511.7355372,49.04166667,48.42083333,5444.646038
3/28/2010,4.58,51.44,133.3,22570,7.56,406.2382595,6438.347107,22570,49.4375,505.785124,48.84583333,48.12083333,4916.502064
3/29/2010,7.95,50.936,112.2,22081,8.45,527.0599195,6505.785124,22081,49.40833333,505.785124,48.90833333,47.89166667,5240.112828
3/30/2010,6.35,45.68,204.91,22414,3.19,1092.887172,6535.53719,22414,49.48333333,507.768595,48.95,47.99583333,5939.168115
3/31/2010,2.86,42.404,220.36,22683,1.51,357.60048,6456.198347,22683,49.11666667,515.7024793,49.27916667,48.00833333,6068.052056
4/1/2010,1.95,45.068,190.89,21958,2.37,-852.5561882,6460.165289,21958,49.05833333,253.8842975,49.32916667,48.18333333,5373.199506
4/2/2010,6.25,43.988,102.1,21392,4.89,267.0814857,6547.438017,21392,48.89166667,210.2479339,49.39583333,47.97916667,5289.845218
4/3/2010,2.23,43.484,183.79,20031,1.42,-313.6551354,6345.123967,20031,48.78333333,99.17355372,49.45833333,48.09166667,4724.577065
4/4/2010,6.28,43.412,166.61,20627,2.06,2117.373348,6668.429752,20627,48.60833333,99.17355372,49.38333333,48.15833333,6304.105795
4/5/2010,4.46,43.916,215.99,20990,1.21,628.1504033,6507.768595,20990,48.2875,99.17355372,49.39166667,48.26666667,6248.769755
4/6/2010,1.64,46.652,194.37,22297,2.47,1466.825286,6533.553719,22297,48.36666667,374.8760331,49.3625,48.2875,6744.692744
4/7/2010,2.25,52.304,299.16,21158,4.1,-1725.015058,6537.520661,21158,49.05,103.1404959,49.7125,48.49583333,4980.243578
4/8/2010,5.08,51.278,279.38,20264,2.36,560.1365873,6557.355372,20264,49.72083333,99.17355372,49.64583333,48.71666667,4706.365204
4/9/2010,4.87,48.326,302.96,19610,0.83,1097.816614,6535.53719,19610,49.94166667,99.17355372,49.57083333,49,5383.005893
4/10/2010,4.09,49.55,160.34,19260,3.81,703.3577434,6587.107438,19260,49.8,374.8760331,49.49583333,48.5875,5625.363738
4/11/2010,4.99,47.462,173.1,19142,6.67,468.867667,6597.024793,19142,49.82083333,269.7520661,49.20833333,48.22083333,5865.620214
4/12/2010,5.63,46.166,176.78,20853,6.07,2172.652513,6608.92562,20853,49.47916667,99.17355372,49.3375,48.64583333,5536.4058
4/13/2010,2.52,48.092,190.38,22871,6.34,2991.346266,6608.92562,22871,49.01666667,1769.256198,49.10416667,48.44583333,5018.068213
4/14/2010,2.3,46.868,170.25,22739,5.62,-310.3987915,6602.975207,22739,49.3875,3332.231405,49.05,47.87916667,1332.267691
4/15/2010,1.57,51.458,285.11,21823,6.06,1022.476111,7622.479339,21823,49.65416667,3828.099174,48.94166667,47.95,1321.760848
4/16/2010,3.64,55.382,229.93,21647,8.5,2296.619317,9163.636364,21647,49.91666667,3808.264463,48.94583333,48.12083333,3854.610465
4/17/2010,2.13,58.244,273.07,21976,8.87,1829.761436,9092.231405,21976,50.125,3768.595041,48.82916667,48.33333333,4162.811193
4/18/2010,1.85,61.142,314.79,21271,8.98,455.8251706,9179.504132,21271,50.525,3788.429752,48.90833333,48.25833333,3304.752349
4/19/2010,4.1,57.002,154.33,20937,10.3,1752.322031,9197.355372,20937,50.46666667,3709.090909,48.85416667,48.3,3977.890757
4/20/2010,3.55,50.63,212.25,20793,6.84,1366.373706,9151.735537,20793,50.42083333,3689.256198,48.9,48.39583333,4305.704258
4/21/2010,4.55,47.21,161.01,20364,4.08,727.7750808,9177.520661,20364,50.53333333,1537.190083,49.2625,48.36666667,6292.19804
4/22/2010,5.1,52.898,330.48,19754,5.06,738.1325385,11051.90083,19754,50.2875,884.6280992,49.34583333,48.85416667,8448.202221
4/23/2010,2.17,58.676,338.35,21205,7.36,3170.070506,10919.00826,21205,50.05416667,860.8264463,49.19166667,48.93333333,10574.08679
4/24/2010,2.56,59.738,341.52,21958,5.65,237.0950282,12708.09917,21958,50.6625,936.1983471,49.25416667,47.84166667,11423.74016
4/25/2010,1.35,61.214,344.87,22186,5.18,576.1606664,12880.66116,22186,50.3625,971.9008264,49.34166667,47.92916667,10961.43906
4/26/2010,4.77,60.458,240.3,21344,7.8,105.3212706,13073.05785,21344,49.60833333,981.8181818,49.25416667,47.8625,10073.96106
4/27/2010,7.73,49.352,186.41,22026,6.85,2699.278609,13079.00826,22026,49.4375,952.0661157,49.3375,48.50833333,11509.19581
4/28/2010,4.03,45.212,255.23,22303,2.39,894.7463388,13102.80992,22303,49.25416667,938.1818182,49.80416667,48.5875,11340.38587
4/29/2010,3.3,45.896,245.58,21593,0.93,114.2422292,13090.90909,21593,49.56666667,973.8842975,49.7375,49.04583333,10522.25303
4/30/2010,3.97,50.126,327.13,21659,2.44,1660.771763,13106.77686,21659,49.89166667,670.4132231,49.89166667,49.45416667,11635.97839
5/1/2010,3.78,55.292,331.09,22316,5.07,1457.385246,14723.30579,22316,50.69166667,99.17355372,50.3875,49,14135.2061
5/2/2010,3.97,56.822,341.08,22414,4.7,586.9261314,14885.95041,22414,51.14166667,99.17355372,50.36666667,48.275,13970.5989
5/3/2010,2.7,60.71,227.25,22359,7.54,761.1779595,14889.91736,22359,50.28333333,99.17355372,50.4375,48.12916667,13604.96076
5/4/2010,3.77,56.516,352.78,22871,3.27,1697.783042,14991.07438,22871,49.71666667,1122.644628,50.24166667,48.32083333,12622.92117
5/5/2010,4.87,48.866,364.66,22783,-2.08,1157.508582,15036.69421,22783,49.875,1547.107438,50.7375,48.3,11959.58915
5/6/2010,3.87,49.334,367.59,22433,-0.92,1179.997627,15062.47934,22433,49.525,99.17355372,51.48333333,48.425,13555.22837
5/7/2010,1.66,55.688,263.3,23390,2.54,2365.077415,15046.61157,23390,49.62083333,99.17355372,51.00833333,49.26666667,14661.24871
5/8/2010,1.47,60.008,293.76,23199,5.9,95.18930653,15052.56198,23199,49.9125,99.17355372,51.075,49.71666667,13714.23193
5/9/2010,3,56.786,253.46,22670,7.23,710.1564998,15038.67769,22670,50.82916667,99.17355372,51.07083333,49.675,13150.36469
5/10/2010,5.49,49.46,190.83,22771,5.4,1890.139442,15080.33058,22771,50.775,101.1570248,51.09166667,49.5625,13791.98257
5/11/2010,3.5,52.718,341.53,22840,5.29,1256.190984,14997.02479,22840,50.49166667,537.5206612,50.8125,49.96666667,13166.47518
5/12/2010,3.02,58.01,347.42,22557,6.79,1010.028952,14711.40496,22557,51.175,910.4132231,50.78333333,50.075,12388.26834
5/13/2010,1.11,63.77,366.27,22695,6.64,1550.723396,14878.01653,22695,51.52083333,912.3966942,50.8625,49.91666667,12695.76861
5/14/2010,1.99,66.074,364.5,22658,7.9,1232.851225,16581.81818,22658,51.67916667,910.4132231,50.88333333,49.9375,14123.29835
5/15/2010,2.4,66.56,352.82,22570,11.23,1460.106609,17006.28099,22570,51.60416667,545.4545455,51.12916667,49.975,15358.20263
5/16/2010,3.3,66.146,292.57,22890,12.71,1422.623816,17051.90083,22890,51.6625,527.6033058,51.27083333,49.94166667,15830.31011
5/17/2010,5.19,57.506,203.98,22764,9.89,567.9874107,16829.75207,22764,51.40833333,936.1983471,51.10416667,49.85416667,14887.49606
5/18/2010,3.46,55.688,224.02,23186,9.29,1428.057659,16964.6281,23186,50.97916667,924.2975207,51.07083333,50.075,14282.30191
5/19/2010,3.98,53.384,104.19,23256,9.49,1828.028669,16437.02479,23256,50.9375,856.8595041,51.07083333,50.07083333,14402.78037
5/20/2010,3.17,54.572,372.61,22464,5.05,385.3849193,16845.61983,22464,50.65833333,940.1652893,51.2875,50.14166667,13501.9937
5/21/2010,3.58,50.486,300.98,22266,1.89,2205.460845,16849.58678,22266,50.9375,934.214876,51.225,50.20833333,14390.87262
5/22/2010,2.22,47.642,295.49,22266,0.53,1524.499281,16788.09917,22266,50.6875,523.6363636,51.55833333,50.29583333,15727.34305
5/23/2010,3.4,50.45,349.77,22796,1.4,1067.11976,16766.28099,22796,50.52916667,93.2231405,51.85416667,50.83333333,16324.83218
5/24/2010,3.66,51.566,151.49,22928,4.06,480.2256712,16803.96694,22928,51.49166667,93.2231405,51.84166667,50.8125,15901.75664
5/25/2010,4.22,51.962,181.53,21860,8.41,-259.0128383,18224.13223,21860,51.37083333,142.8099174,51.875,51.86666667,16251.28428
5/26/2010,3.97,52.304,260.89,22677,6.75,2647.038034,19555.04132,22677,52.2,164.6280992,52.0125,51.97083333,19506.30424
5/27/2010,4.26,52.106,240.04,22211,6.95,-581.8910169,21657.52066,22211,52.3,690.2479339,51.79583333,52.4,18964.8516
5/28/2010,1.61,54.608,289.13,21289,7.21,1080.421127,24368.92562,21289,52.57916667,460.1652893,51.9375,52.71666667,21612.57603
5/29/2010,3.69,60.566,382.89,20937,7.06,1944.184301,28540.16529,20937,53.31666667,571.2396694,52.40416667,53.4875,27083.13895
5/30/2010,2.33,65.696,310.44,21684,7.84,1632.78667,29404.95868,21684,53.95,93.2231405,52.975,53.6375,28963.16339
5/31/2010,2.01,67.424,220.68,21732,10.56,396.5721472,29083.63636,21732,54.1125,162.6446281,52.58333333,51.56666667,28518.3737
6/1/2010,2.47,65.948,228,22087,13.13,757.6180355,19997.35537,22087,51.675,313.3884298,52.29166667,48.95,19044.00315
6/2/2010,3.86,62.168,86.24,21325,14.37,-122.0362079,28984.46281,21325,50.1125,501.8181818,52.21666667,49.4875,27401.14607
6/3/2010,3.92,60.476,103.66,21014,14.33,770.4985581,29712.39669,21014,50.07916667,97.19008264,52.42916667,49.69166667,28853.89222
6/4/2010,4.18,61.052,129.86,23066,14.77,2813.314392,29371.23967,23066,50.20416667,115.0413223,52.82083333,49.6625,30066.3819
6/5/2010,1.09,64.04,133.89,23003,15.66,-873.1835529,29607.27273,23003,50.275,93.2231405,52.5875,49.63333333,28349.56376
6/6/2010,2.22,70.826,250.17,22714,15.81,875.4858268,29668.76033,22714,50.64166667,1370.578512,52.34583333,49.5875,26620.83786
6/7/2010,2.12,72.446,373.48,22739,12.46,1702.343958,29446.61157,22739,50.6,101.1570248,52.91666667,49.525,27247.74616
6/8/2010,2.97,72.086,331.67,22495,12.18,1853.708385,25753.38843,22495,50.7,93.2231405,52.85416667,49.25833333,23942.99381
6/9/2010,4.64,65.624,268.87,21952,11.22,1174.171479,22306.1157,21952,50.7125,93.2231405,52.82916667,48.77083333,20951.34538
6/10/2010,5.26,58.586,353.53,22557,5.51,1866.547182,21490.90909,22557,50.00416667,93.2231405,52.82083333,48.5,21100.54255
6/11/2010,5.28,61.016,390.48,22476,6.53,216.1434004,19818.84298,22476,49.75833333,93.2231405,52.9125,48.4875,18738.60425
6/12/2010,3.99,67.676,389.75,22802,9.14,1313.015585,21701.15702,22802,50.00416667,93.2231405,53.25,48.38333333,21132.06308
6/13/2010,1.93,74.246,386.96,23060,9.95,733.8708043,21056.52893,23060,49.7875,93.2231405,53.1625,48.5,20246.68644
6/14/2010,1.65,75.992,382.36,22909,11.27,565.6193451,22932.89256,22909,49.89583333,93.2231405,53.19166667,48.60416667,21511.71034
6/15/2010,4.66,67.226,392.11,22978,6.44,1396.959081,21643.63636,22978,50.04583333,93.2231405,53.32916667,48.67916667,20163.33216
6/16/2010,3.93,60.53,395.52,23003,3.02,1412.081063,21542.47934,23003,49.975,1543.140496,53.15416667,48.6125,18456.3204
6/17/2010,1.71,65.498,386.54,22626,5.42,1166.018443,21502.80992,22626,50.34166667,245.9504132,53.55,48.35,19911.16793
6/18/2010,2.2,68.126,380.25,22972,7.66,1691.691574,21288.59504,22972,49.70833333,1880.330579,53.275,48.2875,18988.66711
6/19/2010,3.07,65.516,389.37,22538,8.58,-14.40264719,21570.24793,22538,49.90416667,1856.528926,53.3125,48.36666667,18301.51958
6/20/2010,3.48,63.77,392.51,22764,6.77,1638.199428,21651.57025,22764,50.02083333,2419.834711,53.37083333,48.5125,18260.19266
6/21/2010,3.84,67.19,390.56,22708,7.98,915.5428772,21683.30579,22708,50.25416667,2558.677686,53.92916667,48.4125,18313.42733
6/22/2010,1.71,72.824,380.11,22242,9.55,345.2007692,21570.24793,22242,50.14166667,2558.677686,53.6625,48.30833333,17951.99194
6/23/2010,1.62,76.622,366.46,22217,12.01,1034.578308,21459.17355,22217,49.97916667,1394.380165,53.82916667,48.44166667,19381.62304
6/24/2010,1.81,76.298,341.29,22965,12.26,1431.170348,21411.57025,22965,49.91666667,1394.380165,53.7125,48.57083333,19776.68033
6/25/2010,2.62,74.444,379.07,22928,13.94,203.5097526,21377.85124,22928,50.01666667,2023.140496,53.82083333,48.5125,18744.2079
6/26/2010,2.91,77.27,384.73,22771,13.48,453.5028438,21665.45455,22771,50.34166667,1709.752066,53.97083333,48.5125,18472.43089
6/27/2010,3.23,79.232,387.02,23141,11.58,1853.271589,22167.27273,23141,50.3375,2003.305785,53.9125,48.5125,19453.06957
6/28/2010,3.5,79.556,384.86,22733,11.33,302.8973721,23196.69421,22733,50.32083333,2300.826446,53.88333333,48.57916667,19170.78572
6/29/2010,2.59,76.712,385.14,22223,9.61,1215.082049,23565.61983,22223,50.4125,2280.991736,54.725,48.675,19411.0422
6/30/2010,2.76,71.492,389.71,22439,7.57,2089.585899,23408.92562,22439,50.3625,2003.305785,54.9,48.68333333,21132.06308
7/1/2010,2.91,70.682,385.26,22532,7.57,366.5567547,23575.53719,22532,50.3625,2221.487603,54.99583333,48.67916667,20566.79493
7/2/2010,4.13,68.666,388.87,23078,8.41,1333.254657,23406.94215,23078,50.35833333,2221.487603,54.64583333,48.775,20755.21765
7/3/2010,4.55,67.208,389.21,23041,6.86,393.2368955,23587.43802,23041,50.4875,2221.487603,54.67916667,48.825,20234.77869
7/4/2010,3.98,71.564,387.95,22476,8.52,566.1717232,23557.68595,22476,50.6,2181.818182,54.6875,48.68333333,19986.81719
7/5/2010,2.52,77.432,382.34,22607,9.73,1520.050579,23389.09091,22607,50.43333333,2181.818182,54.7625,48.8625,20634.03872
7/6/2010,1.92,79.358,380.79,22896,11.54,862.2340073,22952.72727,22896,50.62916667,2181.818182,54.94166667,48.94166667,20250.88918
7/7/2010,1.77,80.114,380.76,22865,12.05,489.0199109,23531.90083,22865,50.6125,1721.652893,55.09583333,48.95416667,21155.87859
7/8/2010,1.84,78.908,203.53,22451,14.71,240.3693439,24347.10744,22451,50.62916667,2181.818182,55.02916667,49.03333333,21005.28051
7/9/2010,1.78,82.76,376.27,23211,15.24,1920.008746,24577.19008,23211,50.73333333,2181.818182,55.225,49,22801.95066
7/10/2010,2.29,83.21,376.09,22384,14.29,-1233.578759,24686.28099,22384,50.72916667,2181.818182,55.22916667,49.01666667,21050.81016
7/11/2010,1.24,83.822,377.69,21958,12.98,1027.65265,24686.28099,21958,50.8375,2142.14876,55.52083333,49.1875,21521.51673
7/12/2010,1.59,83.516,375.21,22273,11.23,1337.615501,24507.7686,22273,50.87083333,2181.818182,55.59166667,49.15416667,22098.69264
7/13/2010,1.34,81.068,377.22,21983,10.04,-62.74222678,24595.04132,21983,50.87083333,2122.31405,55.59583333,49.17916667,21495.59985
7/14/2010,1.22,81.482,377.18,22601,10.51,1595.127423,24206.28099,22601,50.8875,1908.099174,55.77916667,49.20416667,22486.04491
7/15/2010,1.99,84.56,370.62,22557,13.6,-231.8630918,24418.5124,22557,50.82083333,2181.818182,55.80416667,49.09583333,21354.80815
7/16/2010,1.54,87.386,367.75,23066,14.61,1390.886065,24382.80992,23066,50.84166667,2142.14876,55.82083333,49.20833333,22146.32366
7/17/2010,1.49,88.124,368.23,22589,14.39,-382.662503,24442.31405,22589,50.92083333,1908.099174,56.02916667,49.1375,21656.00432
7/18/2010,2.33,84.83,371.54,22451,12.18,740.210556,24860.82645,22451,50.85,2181.818182,56.0875,49.07083333,21955.79957
7/19/2010,3.21,81.032,375.57,22501,10.06,773.2086945,24610.90909,22501,50.82083333,2181.818182,56.10416667,49.075,22065.07074
7/20/2010,2.26,81.518,375.09,22303,9.95,166.0201691,24612.89256,22303,50.72916667,2042.975207,56.28333333,49.15416667,21714.14218
7/21/2010,1.42,79.862,371.79,22421,10.42,973.7751754,23476.36364,22421,50.8625,2161.983471,56.40416667,49.25,21934.08543
7/22/2010,1.69,81.59,367.3,22683,12.51,-357.7052647,24573.22314,22683,50.90416667,2042.975207,56.55416667,49.27916667,21800.99875
7/23/2010,1.5,83.444,363.59,22538,14.75,584.2491839,24547.43802,22538,50.93333333,2142.14876,56.55416667,49.27083333,21072.5243
7/24/2010,1.67,84.578,363.82,22771,15.3,1565.764956,24228.09917,22771,50.94166667,1957.68595,56.55833333,49.37916667,21517.31399
7/25/2010,2.26,83.804,360.27,23028,14.92,1010.099233,24144.79339,23028,51.09166667,2062.809917,56.73333333,49.35833333,21810.80514
7/26/2010,2.83,80.798,360.21,23320,14.22,563.1783311,24105.12397,23320,51.1375,2181.818182,57.2,49.45,21783.48735
7/27/2010,2.07,79.826,360.01,23237,12.95,56.81843512,24626.77686,23237,51.2,2280.991736,56.9125,49.51666667,21751.26636
7/28/2010,3.69,76.28,361.56,23116,12,473.518764,24402.64463,23116,51.39166667,2261.157025,57.8875,49.525,21511.71034
7/29/2010,1.64,76.91,362.25,22087,10.4,-399.2227367,24589.09091,22087,51.14166667,2201.652893,58.025,49.5375,21148.17357
7/30/2010,2.49,78.35,361.13,22168,9.41,1320.264447,24382.80992,22168,51.14583333,2181.818182,58.43333333,49.59166667,22162.43415
7/31/2010,1.31,78.836,361.76,22865,8.16,735.5575855,24188.42975,22865,51.22083333,2161.983471,58.01666667,49.4,22384.47877
8/1/2010,1.65,78.494,364.01,22771,5.78,-452.032489,24267.7686,22771,51.40833333,2023.140496,58.10833333,49.4,22154.72913
8/2/2010,2.02,78.962,359.39,21253,6.47,-1428.101031,24414.54545,21253,51.4,2161.983471,58.9625,49.70416667,20481.33927
8/3/2010,1.16,81.374,359.18,21775,7.84,2293.222713,24848.92562,21775,51.4125,2122.31405,58.74583333,49.87916667,23007.88478
8/4/2010,2.3,80.852,356.25,22595,8.99,538.7267902,23877.02479,22595,51.61666667,2161.983471,58.00416667,49.8625,22204.46152
8/5/2010,1.69,79.394,353.06,22545,9.59,-539.4201977,23767.93388,22545,51.6875,2161.983471,58.37916667,49.91666667,21283.36162
8/6/2010,1.41,79.88,353.96,22106,8.5,-116.4112068,23393.05785,22106,51.70833333,2142.14876,57.95416667,49.96666667,20584.30633
8/7/2010,1.97,80.186,348.95,22702,8.71,1262.602761,22522.31405,22702,51.8875,2142.14876,58.50833333,49.94583333,20657.85423
8/8/2010,1.94,79.394,345.44,22421,10.04,-558.6889407,21655.53719,22421,51.86666667,2122.31405,58.33333333,50.02083333,19141.36656
8/9/2010,2.91,76.118,344.95,22297,9.25,267.8565805,22038.34711,22297,52.075,2161.983471,58.12083333,50.19166667,19681.41829
8/10/2010,2.67,74.894,338.76,22501,7.23,398.9453464,21500.82645,22501,52.2125,2142.14876,58.79166667,49.69583333,19413.14357
8/11/2010,2.69,72.68,342.56,22651,8.13,95.53411595,20959.33884,22651,51.5875,2102.479339,58.41666667,49.48333333,19086.03052
8/12/2010,1.31,76.694,342.77,22458,8.71,-422.1710159,20560.66116,22458,51.71666667,2161.983471,58.5,49.55833333,17867.23674
8/13/2010,2.2,77.9,343.15,22570,7.56,643.440946,20280.99174,22570,51.64166667,2161.983471,58.52083333,49.5375,18295.91593
8/14/2010,2.44,78.35,334.61,22396,10.22,-350.9076655,19723.63636,22396,51.81666667,2161.983471,58.4875,49.55833333,17130.35681
8/15/2010,2,79.466,332.41,21671,10.73,-293.7039174,19507.43802,21671,52.02083333,2181.818182,60.02083333,49.60833333,16719.88948
8/16/2010,2.2,82.418,333.29,20931,10.91,-134.2696453,19785.12397,20931,52.05,2241.322314,59.4875,49.19166667,16201.55189
8/17/2010,3.81,79.664,335.22,21526,7.97,1937.249763,19890.24793,21526,51.62916667,2181.818182,59.9375,48.60833333,17950.59102
8/18/2010,1.54,78.476,332.62,21459,5.16,-309.1612679,19511.40496,21459,51.09583333,2300.826446,59.12083333,48.58333333,16953.84185
8/19/2010,1.54,80.204,333.6,21199,4.33,-3.263337603,18979.83471,21199,50.9875,2300.826446,58.9,48.56666667,15957.09268
8/20/2010,3.25,77.864,312.68,21744,5.01,1266.915584,18555.3719,21744,51.07916667,2181.818182,59.79166667,48.64166667,16310.82306
8/21/2010,4.22,71.654,330.04,22026,4.73,344.730659,18345.12397,22026,51.10416667,2142.14876,59.5875,48.59583333,15742.75308
8/22/2010,2.72,70.988,327.17,20563,4.33,-1002.777873,18277.68595,20563,51.175,2142.14876,59.80416667,48.54166667,13827.70583
8/23/2010,3.83,74.678,329.18,21708,4.22,3452.83136,18420.49587,21708,51.2625,2161.983471,60,48.7625,17112.84541
8/24/2010,1.95,81.77,326.39,22069,4.06,-493.3330133,17837.35537,22069,51.0625,2122.31405,60.18333333,48.71666667,16025.03693
8/25/2010,1.62,88.214,322.35,21520,4.35,-858.9956077,18043.63636,21520,51.20416667,2161.983471,59.37083333,48.825,15244.72872
8/26/2010,4.43,82.778,319.25,21526,5.33,642.9241726,17724.29752,21526,51.32083333,2023.140496,59.95416667,49,15599.86002
8/27/2010,3.15,75.452,319.41,22223,4.65,798.2970048,17256.19835,22223,51.51666667,2142.14876,59.47083333,48.8875,15870.23611
8/28/2010,2.5,59.234,154.13,21970,5.72,-1009.186523,16833.71901,21970,51.48333333,2161.983471,59.29583333,48.78333333,14546.37389
8/29/2010,1.73,63.968,291.14,21593,5.32,-251.6383528,17087.60331,21593,51.12916667,2161.983471,59.30416667,48.83333333,14657.04597
8/30/2010,2.24,66.452,304.66,21763,4.08,438.5738647,17036.03306,21763,51.1875,2142.14876,59.24583333,48.925,14871.38557
8/31/2010,3.42,68.828,285.85,22260,6.6,519.4987275,16504.46281,22260,51.43333333,2161.983471,59.37083333,49.27916667,14813.94816
9/1/2010,3.85,76.334,281.89,21799,8.8,-932.4688212,17125.28926,21799,51.68333333,2161.983471,59.56666667,49.15,14678.76012
9/2/2010,2.57,82.742,301.1,21763,9.69,248.5456651,16756.36364,21763,51.56666667,2142.14876,59.32916667,49.05833333,14649.34095
9/3/2010,1.99,85.208,299.71,21635,8.13,-163.126074,16694.87603,21635,51.7625,2161.983471,59.40416667,49.19583333,13901.25373
9/4/2010,1.76,80.276,300.59,21423,4.96,419.638832,16760.33058,21423,51.75416667,2142.14876,59.45833333,49.06666667,14365.65619
9/5/2010,4.8,71.384,303.8,21417,1.49,246.5256282,16242.64463,21417,51.9,2142.14876,59.00416667,49.02083333,13966.39616
9/6/2010,3.41,71.312,301.71,21884,-1.64,601.0997078,15941.15702,21884,51.64166667,2161.983471,59.2,49.125,14355.14935
9/7/2010,2.82,72.968,292.7,21958,0.7,-501.9757963,16119.66942,21958,51.4125,2161.983471,59.01666667,49.15833333,14002.11943
9/8/2010,3.12,60.566,175.52,21921,7.91,-81.43347959,16135.53719,21921,51.4375,1237.68595,59.0875,49.2875,14740.40026
9/9/2010,1.87,64.76,277.94,22733,7.15,969.4509797,15994.71074,22733,50.6375,795.3719008,58.47083333,49.28333333,16088.07799
9/10/2010,1.91,68.054,290.51,23160,4.18,-461.739147,16216.8595,23160,51.025,862.8099174,59.40416667,49.18333333,15597.75865
9/11/2010,1.33,72.608,287.32,22445,3.61,-958.7090632,16131.57025,22445,50.78333333,93.2231405,58.2875,49.28333333,15487.08657
9/12/2010,2.18,74.876,283.92,21170,3.19,-723.7394626,15730.90909,21170,50.6625,93.2231405,58.0625,49.54583333,14452.51276
9/13/2010,2.06,74.3,269.9,22708,2.29,2723.17319,15076.36364,22708,51.0375,2241.322314,58.86666667,49.725,14099.48284
9/14/2010,1.79,72.608,279.3,22291,2.31,-1681.441518,14971.23967,22291,51.70416667,1767.272727,59.25416667,49.54166667,12866.67993
9/15/2010,1.82,74.048,268.23,21970,3.3,16.28701215,14715.3719,21970,52.05,2122.31405,59.47083333,49.71666667,12440.1021
9/16/2010,1.9,75.128,260.68,21556,5.15,-261.0442488,14388.09917,21556,52.0625,2142.14876,59.27083333,49.50416667,11584.14463
9/17/2010,2.52,74.606,228.93,21538,9.98,643.8057832,13941.81818,21538,52.09166667,2221.487603,59.16666667,49.02083333,11907.75539
9/18/2010,4.76,69.692,130.12,21128,10.51,-597.4248115,13598.67769,21128,51.77083333,2241.322314,59.09166667,48.60416667,10992.95959
9/19/2010,1.73,58.964,114.09,20973,10.81,209.3957819,13400.33058,20973,51.26666667,2221.487603,58.9,48.90416667,11393.62054
9/20/2010,1.89,64.652,255.51,21477,7.77,289.2224352,13317.02479,21477,51.075,2181.818182,58.8375,48.63333333,11897.949
9/21/2010,2.26,66.902,248.22,21896,5.04,-343.7423884,13303.1405,21896,51.1625,2221.487603,58.79583333,48.89583333,8412.478955
9/22/2010,2.19,68.594,260,21526,5.11,2299.173938,13063.1405,21526,51.23333333,2201.652893,58.8125,48.99166667,9647.383235
9/23/2010,0.94,70.088,249.2,21635,5.16,1323.104368,13382.47934,21635,51.64583333,2221.487603,58.85,48.89583333,11171.57592
9/24/2010,1.05,74.354,255.48,21659,3.65,13.41581554,13184.13223,21659,51.51666667,2201.652893,58.59166667,48.82083333,10812.24189
9/25/2010,1.51,76.478,256.44,21307,2.72,-181.7625512,13196.03306,21307,51.6,2181.818182,58.91666667,49.05833333,10903.3012
9/26/2010,2.2,77.702,250.3,20937,1.37,-259.086324,13055.20661,20937,51.57916667,2181.818182,58.70416667,49.17916667,10567.78268
9/27/2010,1.9,79.394,251.79,20740,-0.99,108.6057498,13172.2314,20740,51.51666667,2181.818182,58.35833333,49.1875,10752.70312
9/28/2010,1.21,79.61,250.89,21026,-3.3,523.7101031,13086.94215,21026,51.82916667,2201.652893,58.59166667,49.68333333,11316.57036
9/29/2010,1.4,80.546,246.07,20973,-1.19,-484.2811038,13122.64463,20973,51.77916667,2142.14876,58.08333333,49.33333333,11050.397
9/30/2010,1.63,81.95,241.93,22118,1.29,1075.098868,13124.6281,22118,51.75,2300.826446,58.90833333,49.3875,12251.67938
10/1/2010,1.46,78.962,240,22057,2.05,-1488.877727,12690.24793,22057,51.81666667,2895.867769,58.09166667,49.29583333,10165.02037
10/2/2010,3.46,77.216,196.52,22013,2.74,-414.6402047,12644.6281,22013,52.10833333,2776.859504,57.90833333,49.2875,9686.608782
10/3/2010,4.17,69.854,109.55,21702,6.23,-129.840187,12714.04959,21702,52.15,2975.206612,57.59166667,49.47083333,9424.638163
10/4/2010,3.35,65.498,197.94,21860,5.36,472.2048122,12961.98347,21860,52.02916667,2181.818182,57.43333333,49.35416667,10526.45577
10/5/2010,3.71,63.212,226.62,21787,2.82,180.7095193,12896.52893,21787,52.16666667,3332.231405,57.5,49.54583333,8684.255961
10/6/2010,2.06,64.868,193.26,21989,5.98,1082.04156,12960,21989,51.94166667,3193.38843,57.4125,49.4125,8850.964536
10/7/2010,4,63.842,136.85,21835,7.6,761.6470342,12454.21488,21835,52.02083333,3074.380165,57.2875,49.50833333,8414.580324
10/8/2010,2.53,63.428,152.93,21769,7.35,899.2543867,12101.15702,21769,52.01666667,2439.669421,57.275,49.5625,8835.5545
10/9/2010,1.65,68.504,154.78,21805,7.46,861.9331033,11863.1405,21805,52.175,3133.884298,57.19583333,49.5,7985.90113
10/10/2010,2.71,72.626,210.46,21520,9.88,458.3550683,11954.38017,21520,52.50416667,3272.727273,57.175,49.89583333,7757.552409
10/11/2010,5.76,69.8,219.86,21164,2.98,568.1004836,12021.81818,21164,53.1125,3292.561983,56.98333333,49.65416667,8297.604139
10/12/2010,2.83,67.478,216.97,21050,-0.35,317.6520593,11807.60331,21050,52.87083333,3173.553719,56.94166667,49.74583333,8501.436893
10/13/2010,1.84,69.764,216.75,21495,-1.92,577.6126938,12000,21495,52.25833333,3213.22314,56.825,49.84166667,8785.82211
10/14/2010,2.35,72.05,208.38,21404,-0.54,-90.0452505,11811.57025,21404,51.85,2340.495868,57.00416667,50.05416667,8785.82211
10/15/2010,2.34,72.176,198.93,21617,0.01,898.2522702,11799.66942,21617,51.75833333,2340.495868,57.03333333,50.1,9065.304133
10/16/2010,4.37,66.02,180.72,21301,2.42,77.86942072,11805.61983,21301,51.79166667,2300.826446,57.05833333,50.3,8275.18954
10/17/2010,3.85,62.024,162.46,21152,5.42,1080.603848,11960.33058,21152,51.75833333,2459.504132,56.48333333,49.94166667,8797.729865
10/18/2010,1.95,64.31,197.58,21056,5.92,607.0965813,12021.81818,21056,51.69583333,2419.834711,56.47916667,49.82916667,8998.060338
10/19/2010,1.75,67.676,197.51,20770,2.63,317.9231331,12091.23967,20770,51.55416667,2360.330579,56.30833333,49.82083333,8881.084153
10/20/2010,2.3,65.138,195.56,21074,2.18,1153.824938,11926.61157,21074,51.45833333,3292.561983,56.21666667,49.725,8750.098843
10/21/2010,5.07,59.342,115.39,21050,5.86,-140.0492562,11950.41322,21050,51.70833333,3451.239669,56.08333333,49.70416667,8289.198664
10/22/2010,3.38,54.662,97.75,20937,8.84,96.97488972,11670.7438,20937,51.625,2439.669421,56.37916667,49.71666667,8441.898116
10/23/2010,7.26,52.844,48.08,20639,10.56,491.1762642,11827.43802,20639,51.24583333,2419.834711,56.2125,49.8,8648.532694
10/24/2010,7.92,56.606,64.85,21182,12.28,1302.070612,11577.52066,21182,51.04166667,2697.520661,56.50416667,50.2,8324.92193
10/25/2010,2.68,52.178,115.14,20943,5.84,316.07807,11736.19835,20943,51.0875,2578.512397,56.48333333,49.79166667,8503.538261
10/26/2010,2.64,50.072,182.37,20457,0.12,168.1476894,11845.28926,20457,51.17916667,3074.380165,56.4,49.7,7743.543285
10/27/2010,2.2,45.05,87.58,19507,1.82,77.36580591,11916.69421,19507,51.3,2856.198347,56.11666667,49.55416667,7046.589366
10/28/2010,3.4,47.48,57.5,19288,7.63,1794.906502,12015.86777,19288,51.24166667,2856.198347,54.3,49.1375,8301.106419
10/29/2010,2.24,49.46,70.91,18929,8.73,499.5630025,12059.50413,18929,51.13333333,2856.198347,55.8,50.20833333,8453.805871
10/30/2010,3.83,49.532,58.37,18269,8.79,89.49991412,11930.57851,18269,51.2375,2856.198347,55.00416667,51.00833333,7578.936078
10/31/2010,2.75,51.332,70.81,19656,9.54,2882.444087,11849.2562,19656,51.44166667,3371.900826,55.80833333,51.4375,8541.362896
11/1/2010,0.95,58.136,133.53,18763,11.27,-957.0075241,11984.13223,18763,51.475,2737.190083,56.23333333,50.18333333,8408.276218
11/2/2010,2.15,61.628,164.71,18035,9.86,110.6659308,11888.92562,18035,51.99583333,2776.859504,56.10416667,50.9625,7721.829143
11/3/2010,1.62,62.636,160.45,19131,8.17,2486.236973,12126.94215,19131,51.88333333,2241.322314,55.14583333,50.19166667,10093.57383
11/4/2010,1.3,64.238,155.5,19507,8.77,168.0460047,11851.23967,19507,51.62916667,2320.661157,56.24583333,51.375,9204.694917
11/5/2010,2.97,63.194,152.78,19916,9.9,734.8835954,11488.26446,19916,51.6375,45.61983471,57.075,51.77916667,11137.95403
11/6/2010,5.23,61.574,147.94,19668,10.75,56.6905981,11494.21488,19668,51.42083333,99.17355372,56.54583333,50.57916667,10768.81361
11/7/2010,3.37,50.018,57.7,19518,8.3,476.2277123,10861.4876,19518,51.45,2261.157025,56.0125,51.14166667,7362.495112
11/8/2010,1.94,45.842,148.63,19582,2.37,1301.835467,11654.87603,19582,51.85416667,285.6198347,56.1875,51.35833333,10514.54801
11/9/2010,2.52,43.394,57.21,19875,3.11,1147.708188,11660.82645,19875,51.00416667,99.17355372,53.64166667,50.60416667,11366.30275
11/10/2010,1.43,46.472,98.86,20405,4.89,725.3501426,11488.26446,20405,50.78333333,99.17355372,55.79166667,50.52916667,11344.58861
11/11/2010,1.85,46.49,143.88,20060,1.98,-300.4977009,11402.97521,20060,50.74583333,99.17355372,55.75833333,50.60416667,10578.28952
11/12/2010,2.84,48.38,146.04,20481,1.91,1146.512133,11478.34711,20481,50.75,99.17355372,55.83333333,50.67916667,11330.57948
11/13/2010,3.65,50.054,141.84,19858,2.18,-574.4059263,11740.16529,19858,50.82083333,99.17355372,55.8875,50.725,10431.19372
11/14/2010,3.49,56.984,134.89,19743,7.68,1094.798016,11668.76033,19743,50.9625,404.6280992,56,50.725,10520.15166
11/15/2010,3.6,57.182,135.1,19582,8.2,582.9805714,11418.84298,19582,51.23333333,69.4214876,55.33333333,50.99583333,10421.38734
11/16/2010,3.23,53.456,141.56,19524,4.29,870.0341476,11418.84298,19524,51.21666667,21.81818182,54.00833333,51.05833333,10897.69755
11/17/2010,2.01,49.244,120.68,20188,1.2,1163.327243,11351.40496,20188,51.19166667,21.81818182,54.00833333,51.0125,11328.47811
11/18/2010,1.83,45.896,46,19847,3.46,-339.8913331,11579.50413,19847,51.10416667,21.81818182,55.57916667,51.12083333,10474.62201
11/19/2010,1.63,47.552,90.25,19806,3.47,1042.06394,11732.2314,19806,51.17916667,21.81818182,55.50416667,51.35833333,10800.33414
11/20/2010,5.15,40.46,86.8,19271,1.62,375.0790831,11942.47934,19271,51.05833333,21.81818182,51.9125,50.9125,10081.66608
11/21/2010,3.64,40.334,86.47,19979,2.38,2546.995077,11613.22314,19979,50.9375,21.81818182,51.9125,51.34583333,11304.6626
11/22/2010,4.99,41.594,80.34,20019,3.06,326.7423587,11851.23967,20019,50.9125,21.81818182,52.05416667,51.25,10611.91142
11/23/2010,4.99,38.462,90.25,20094,-1.82,1292.510068,11769.91736,20094,51.10833333,21.81818182,52.05416667,51.19166667,10923.61443
11/24/2010,2.92,30.866,127.71,20581,-6.51,1311.484744,11198.67769,20581,50.79583333,21.81818182,51.6875,51.3125,11326.37674
11/25/2010,1.81,34.088,126.15,20575,-5.09,-155.5172359,11589.42149,20575,50.74166667,21.81818182,54.03333333,51.4125,10747.09947
11/26/2010,1.54,35.672,82.84,20907,-3.1,1152.503836,11583.47107,20907,50.99166667,21.81818182,53.57916667,51.27083333,11026.58149
11/27/2010,2.98,37.112,34.52,21038,1.09,666.0714026,11696.52893,21038,51.00833333,21.81818182,54.2625,51.27083333,10842.36151
11/28/2010,1.79,36.644,112.29,20399,-1.42,193.3492338,11706.44628,20399,50.95,21.81818182,54.075,51.37083333,10183.23223
11/29/2010,1.01,37.886,122.31,20734,-2.05,1836.395869,11650.90909,20734,50.93333333,21.81818182,53.80833333,51.225,10847.96516
11/30/2010,2.95,41.684,93.67,21050,0.55,1097.125749,11662.80992,21050,51.00833333,21.81818182,53.57916667,51.3125,10647.63469
12/1/2010,1.07,43.574,45.87,21014,1.61,957.3570455,11948.42975,21014,51.19583333,21.81818182,53.45,51.11666667,10250.47602
12/2/2010,2.01,43.574,45.23,20961,5.19,1623.13555,11886.94215,20961,51.2625,21.81818182,53.1625,51.34583333,10232.96462
12/3/2010,1.06,44.978,57.45,21140,6.34,1811.159347,12049.58678,21140,51.15416667,21.81818182,52.66666667,51.18333333,11207.29919
12/4/2010,2.47,45.734,34.67,20651,6.76,331.469405,11781.81818,20651,51.25,21.81818182,52.07083333,50.85833333,12092.67583
12/5/2010,2.97,45.104,60.4,20387,6.42,-596.67583,11722.31405,20387,51.35833333,21.81818182,52.41666667,51.18333333,10004.6159
12/6/2010,5.47,47.066,38.68,21086,7.51,2394.879968,11763.96694,21086,51.3875,21.81818182,52.5125,51.32083333,10321.92255
12/7/2010,2.83,48.092,78.99,21068,6.96,1402.22621,11837.35537,21068,51.40833333,21.81818182,52.2125,51.4,10162.919
12/8/2010,4.63,48.452,52.17,20740,8.09,1324.61819,11460.49587,20740,51.425,21.81818182,52.25,51.3625,9859.621463
12/9/2010,2.36,48.488,56.5,20610,7.95,1449.056223,11720.33058,20610,51.54166667,19.83471074,52.35416667,51.15833333,10961.43906
12/10/2010,2.54,50.72,65.08,20370,8.98,499.0568078,10617.52066,20370,51.49166667,954.0495868,52.69166667,51.49166667,9835.805952
12/11/2010,1.43,51.206,32.98,20048,9.88,-494.3348776,13967.60331,20048,51.42916667,2161.983471,52.3875,51.20416667,10133.49984
12/12/2010,0.8,53.204,106.11,20037,8.93,1661.119995,13626.44628,20037,51.40416667,103.1404959,51.5375,51.07916667,13321.276
12/13/2010,1.69,51.494,41.38,19973,8.97,138.0297851,14074.71074,19973,51.1875,99.17355372,51.15,52.37083333,13704.42554
12/14/2010,4.38,50,72.67,20305,7.26,603.1116501,26338.5124,20305,52.3625,2499.173554,51.4125,53.78333333,22895.11133
12/15/2010,0.94,41.756,116.46,20293,0.57,932.227513,28226.77686,20293,53.25416667,404.6280992,52.6625,53.80416667,27906.87544
12/16/2010,1.3,37.814,113.72,19772,-1.61,-605.7266797,27691.23967,19772,53.20416667,2082.644628,51.74583333,53.78333333,25830.72327
12/17/2010,2.13,38.678,72.49,19187,0.36,-807.1282287,27508.76033,19187,53.17083333,912.3966942,51.48333333,53.60833333,26559.19771
12/18/2010,5.25,41.72,58.19,19288,4.09,138.1659264,27040.66116,19288,53.14583333,595.0413223,51.32916667,53.32916667,26563.40045
12/19/2010,5.55,43.7,65.83,17473,4.69,-1932.780615,26358.34711,17473,53.0125,142.8099174,48.17916667,53.05416667,24992.97765
12/20/2010,5.9,42.206,79.5,17766,3.88,1515.55954,26161.98347,17766,52.61666667,418.5123967,49.25416667,52.76666667,26585.11459
12/21/2010,5.35,42.89,80.65,19605,4.56,997.3564844,26572.56198,19605,52.2375,1160.330579,49.25416667,52.59166667,27013.79379
12/22/2010,1.76,45.248,50.67,20147,6.05,-1059.562385,27151.73554,20147,52.14166667,2638.016529,51.07916667,52.70416667,24651.85548
12/23/2010,2.68,42.764,75,20835,4.24,549.8635283,28911.07438,20835,52.1,3649.586777,50.3375,52.70416667,24832.57318
12/24/2010,3.65,42.89,66.85,19674,4.02,-732.0855767,25146.44628,19674,52.40833333,202.3140496,50.50833333,52.59166667,23194.90659
12/25/2010,5.73,43.844,41.46,19440,5.46,1515.225641,21237.02479,19440,52.3375,174.5454545,49.95833333,52.36666667,20127.60889
12/26/2010,5.58,40.784,48.99,20340,3.76,1834.870449,20759.00826,20340,51.72083333,3114.049587,48.775,52.00416667,17239.62798
12/27/2010,1.17,43.178,57.8,20722,5.02,787.3306977,21153.71901,20722,51.49583333,714.0495868,49.10416667,51.9625,20141.61801
12/28/2010,5.09,43.358,35.19,20540,5.86,116.0514115,21179.50413,20540,51.53333333,2241.322314,49.77916667,51.94583333,17134.55955
12/29/2010,4.26,39.794,94.26,21392,0.09,2655.622268,21290.57851,21392,51.11666667,2261.157025,49.62083333,51.80833333,17765.67059
12/30/2010,1.75,36.014,75.61,20100,-2.71,-28.2491024,27219.17355,20100,50.91666667,2519.008264,49.34166667,51.54166667,25856.64015
12/31/2010,1.48,38.858,9.38,19333,-1.34,-1923.474861,28371.57025,19333,50.825,2657.85124,49.175,51.54166667,24816.46269
1/1/2011,1.87,34.916,49.12,18548,-0.14,112.2563183,28060.16529,18548,50.9125,1632.396694,48.85416667,51.34166667,26025.45009
1/2/2011,1.4,37.634,98.38,19434,0.95,1288.318505,27968.92562,19434,50.89583333,1209.917355,47.62916667,51.35,28030.15573
1/3/2011,1.45,37.22,118.79,20135,-0.19,-570.1474655,28298.18182,20135,50.9875,1162.31405,48.975,51.2875,28163.24241
1/4/2011,0.69,36.518,121.56,18149,-1.26,-3013.374641,28312.06612,18149,50.79583333,1374.545455,46.86666667,51.02916667,25411.85046
1/5/2011,1.11,36.464,105.56,18432,-1.45,1808.670201,27437.35537,18432,50.5875,444.2975207,49.44583333,50.92083333,28549.89423
1/6/2011,1.15,39.344,121.79,19910,-1.87,-78.83637876,25737.52066,19910,50.54583333,470.0826446,49.44583333,50.7125,25066.52555
1/7/2011,1.32,38.498,124.34,20200,-2.58,490.9124665,24733.8843,20200,50.26666667,370.9090909,49.07083333,50.3875,22676.569
1/8/2011,2.14,37.382,112.61,19651,-1.78,1137.406207,24517.68595,19651,49.975,200.3305785,49.64166667,50.25,21810.80514
1/9/2011,3.03,32.666,124.63,20299,-4.67,3154.550232,21409.58678,20299,49.73333333,243.9669421,48.96666667,50.21666667,20086.28197
1/10/2011,1.55,32.306,123.27,20014,-5.67,794.3378647,18420.49587,20014,49.69166667,103.1404959,49.64583333,50.17916667,16434.10335
1/11/2011,1.86,36.194,64.42,19119,-1.5,988.2520219,16573.8843,19119,49.69583333,99.17355372,45.0125,50.0375,14131.00337
1/12/2011,1.64,38.03,42.86,19339,2.15,2563.707374,16605.61983,19339,49.58333333,898.5123967,45.0125,49.90833333,14523.9593
1/13/2011,1.39,44.078,38.83,19007,6.21,851.148138,16782.14876,19007,49.5375,99.17355372,47.6125,49.84583333,14961.04396
1/14/2011,2.05,48.56,88.77,20428,7.24,3142.931247,14532.89256,20428,49.55833333,2062.809917,46.92083333,49.82083333,12599.10566
1/15/2011,1.38,52.034,109.88,20925,7.41,367.9769846,12303.47107,20925,49.45833333,638.677686,47.47083333,49.82083333,11794.98194
1/16/2011,0.57,54.896,49.49,20782,10.01,-273.1885516,12001.98347,20782,49.62916667,2459.504132,47.35833333,49.8375,9353.191631
1/17/2011,2.49,55.094,129.34,20985,9.41,392.2877078,12091.23967,20985,49.34583333,2558.677686,47.42083333,49.62916667,10268.68788
1/18/2011,2.3,49.334,119.36,21483,3.29,-238.1258965,12011.90083,21483,49.2375,2459.504132,47.52916667,49.775,10064.15467
1/19/2011,3.83,47.768,134.42,21410,2.75,-584.7579758,11861.15702,21410,49.2125,668.4297521,48.70833333,49.6875,10913.80804
1/20/2011,2.65,43.664,139.26,21038,-0.09,-93.08076727,11516.03306,21038,49.43333333,234.0495868,49.00416667,49.7625,10653.23834
1/21/2011,1.97,47.192,135.83,21325,1.83,915.7451311,11081.65289,21325,49.61666667,408.5950413,48.67083333,49.65833333,10847.96516
1/22/2011,3.49,49.694,141.13,20575,4.07,-924.9073088,10498.5124,20575,49.75416667,329.2561983,49.09166667,49.65,9393.117634
1/23/2011,1.63,46.022,114.48,19887,0.86,88.13856435,10262.47934,19887,49.67916667,299.5041322,48.7,49.54583333,9269.837343
1/24/2011,1.17,48.326,132.35,19674,2.24,480.1378636,9901.487603,19674,49.60416667,122.9752066,49.93333333,49.52916667,8799.831233
1/25/2011,2.98,48.524,145.01,19703,2.85,1007.681164,10074.04959,19703,49.60416667,545.4545455,48.9125,49.35,9026.078586
1/26/2011,2.23,47.876,142.28,19428,1.96,227.5164553,9490.909091,19428,49.5,337.1900826,48.90416667,49.43333333,8588.993917
1/27/2011,0.7,49.388,147.71,20112,2.53,1248.725091,8975.206612,20112,49.47916667,293.553719,47.74583333,49.31666667,9077.211888
1/28/2011,0.9,47.318,148.56,21092,2.76,584.4410046,8358.347107,21092,49.40833333,813.2231405,48.325,49.22916667,8370.451583
1/29/2011,2.84,46.292,117,21532,4.91,-385.3276161,7991.404959,21532,49.19166667,113.0578512,49.69166667,49.05833333,8142.102862
1/30/2011,1.84,44.798,107.07,21146,4.61,-649.7557546,7890.247934,21146,49.0875,243.9669421,48.64583333,49.14166667,6915.604057
1/31/2011,2.06,43.106,144.53,21116,2.49,700.6769347,8005.289256,21116,48.9625,93.2231405,49.50416667,49.17916667,7693.810895
2/1/2011,3.55,42.008,157.8,20657,0.13,-240.7447793,7981.487603,20657,48.97916667,210.2479339,49.0875,49.2375,7221.703416
2/2/2011,2.7,39.29,162,21074,-4.68,966.5362534,7884.297521,21074,48.97916667,807.2727273,48.67083333,49.22916667,7305.057704
2/3/2011,2.52,41.9,161.87,20793,-3.07,-509.0329106,7951.735537,20793,48.87083333,501.8181818,49.24166667,49.175,7481.572666
2/4/2011,2.43,46.022,162.62,20937,0.89,112.3446894,8080.661157,20937,48.98333333,497.8512397,49.225,49.14166667,7826.897572
2/5/2011,3.41,50.126,150.39,21338,4.48,156.9123454,7959.669421,21338,49.17083333,93.2231405,49.875,48.94583333,8631.021289
2/6/2011,2.86,51.998,164.31,20895,4.45,-1207.575008,8108.429752,20895,49.40833333,93.2231405,49.975,48.8375,7310.661353
2/7/2011,4.13,48.38,171.12,20651,0.2,460.5452586,8118.347107,20651,49.40416667,485.9504132,49.61666667,48.92083333,7034.681611
2/8/2011,4.88,40.388,165.97,20387,-3.43,333.7150832,8066.77686,20387,49.07916667,124.9586777,49.95,48.975,7803.082062
2/9/2011,3.75,39.326,176.69,20633,-2.84,384.7361198,7945.785124,20633,48.7875,107.107438,49.88333333,49.17083333,8295.50277
2/10/2011,2.56,41.72,177.51,21170,-2.09,80.17491595,7856.528926,21170,48.80416667,331.2396694,48.69166667,49.05,8277.290909
2/11/2011,1.31,46.562,164.06,21374,-0.66,-548.0016528,7923.966942,21374,48.9375,158.677686,48.73333333,48.82083333,8202.342095
2/12/2011,2.91,46.724,179.8,21744,2.11,-67.0528388,7830.743802,21744,48.82083333,158.677686,48.7125,48.66666667,8265.383153
2/13/2011,2.41,45.86,182.06,21447,2.42,-890.3170373,7933.884298,21447,48.79583333,93.2231405,49.64166667,48.54166667,7632.170749
2/14/2011,7.87,41.576,46.5,22217,4.09,978.490408,7991.404959,22217,48.5625,549.4214876,48.19583333,48.20833333,7239.214821
2/15/2011,9.63,43.754,60.28,22589,5.74,574.7686501,7888.264463,22589,48.225,1285.289256,47.94583333,47.675,5572.129067
2/16/2011,5.73,40.586,128.73,22733,1.92,1174.84614,7793.057851,22733,47.90833333,2062.809917,47.22083333,47.725,4539.656629
2/17/2011,5.57,36.572,95.07,22192,1.1,649.5913049,7683.966942,22192,47.3875,1965.619835,47.3375,47.95,4174.718949
2/18/2011,2.4,37.04,119.76,22069,0.4,1420.628158,7715.702479,22069,47.0625,1186.115702,46.9,48.25833333,5764.754521
2/19/2011,2.67,36.464,60.68,20823,0.39,-481.1677441,7761.322314,20823,46.90833333,355.0413223,47.77916667,48.2625,5855.813827
2/20/2011,1.23,37.04,126.51,21726,0.18,2453.467165,7616.528926,21726,47.10833333,626.7768595,48.52083333,48.21666667,7543.212812
2/21/2011,1.74,36.896,100.36,22205,-0.2,-74.46074588,7771.239669,22205,47.52916667,725.9504132,48.53333333,48.13333333,6959.732798
2/22/2011,0.82,39.686,175.2,22057,-1.94,-62.4435418,7977.520661,22057,47.55416667,93.2231405,49.17083333,48.13333333,7346.38462
2/23/2011,1.49,40.046,204.84,21520,-2.89,0.912900661,7699.834711,21520,47.70833333,2181.818182,47.21666667,48.12083333,4127.087927
2/24/2011,4.01,37.868,110.38,20680,-0.13,550.9286019,7719.669421,20680,47.41666667,93.2231405,49.05833333,47.72916667,6399.367838
2/25/2011,2.77,37.994,150.5,20393,-0.67,940.078443,7747.438017,20393,47.62916667,97.19008264,49.0875,47.75833333,5238.711916
2/26/2011,3.23,35.24,204.1,19265,-3.59,1283.536018,7628.429752,19265,47.44166667,301.4876033,47.775,47.7625,5191.080894
2/27/2011,2.96,37.418,217.83,19835,-2.95,2705.861255,7426.115702,19835,47.12916667,874.7107438,45.8125,47.65833333,6572.380519
2/28/2011,5.65,40.136,91.98,20961,2.47,1105.02444,7531.239669,20961,47.25416667,1386.446281,47.47916667,47.6875,6844.157525
3/1/2011,4.83,45.086,129.67,21623,4.56,-37.36413657,7743.471074,21623,47.28333333,773.553719,47.05833333,47.78333333,7175.473307
3/2/2011,7.3,44.222,71.54,21110,5.67,-718.5559516,7689.917355,21110,47.425,777.5206612,47.04583333,47.79166667,5073.404253
3/3/2011,3.32,44.132,124.59,19858,4.51,586.9924412,7832.727273,19858,47.70833333,1049.256198,46.37083333,47.89166667,4646.826427
3/4/2011,1.65,45.536,133.69,19685,4.33,1963.644647,7594.710744,19685,47.95833333,1172.231405,46.55416667,48.125,5621.161
3/5/2011,1.56,48.02,82.98,18692,7.5,-191.6816612,7717.68595,18692,48.14583333,817.1900826,47.84166667,48.95416667,5408.922772
3/6/2011,1.77,47.66,62.38,18242,7.97,1041.573096,7626.446281,18242,48.18333333,1118.677686,49.20833333,49.0375,5468.461549
3/7/2011,2.67,45.266,185.97,18537,1.63,1334.307046,7612.561983,18537,48.35833333,499.8347107,49.11666667,47.84166667,6899.493564
3/8/2011,2.27,46.184,70.06,18631,6.01,307.2337087,7358.677686,18631,48.45416667,1059.173554,48.0625,47.15416667,6026.72514
3/9/2011,2.58,51.134,144.82,19417,8.64,1058.778992,7634.380165,19417,48.43333333,894.5454545,49.02083333,47.96666667,7003.161082
3/10/2011,4.82,50.54,139.48,20770,7.29,1089.673629,7606.61157,20770,48.49583333,563.3057851,48.17083333,48.09166667,7929.864634
3/11/2011,1.07,48.884,196.73,21544,4.51,-112.5588489,7588.760331,21544,48.54583333,1180.165289,47.79583333,48.075,6776.91373
3/12/2011,2.72,44.618,72.12,19910,4.4,-2002.318689,7695.867769,19910,48.50416667,1646.280992,48.06666667,48.08333333,11080.51662
3/13/2011,5.75,45.626,72.59,19610,6.44,-5330.929843,7560.991736,19610,48.34347826,733.8842975,48.38695652,48.13478261,6012.716016
3/14/2011,2.7,47.012,142.05,19547,6.76,751.391422,8044.958678,19547,48.41666667,1975.53719,47.6125,48.55833333,5204.389562
3/15/2011,6.18,49.136,77.33,19824,8.51,1142.031926,26961.32231,19824,48.29583333,2181.818182,47.39583333,47.71666667,26878.60574
3/16/2011,4.69,45.986,196.36,19473,2.54,-2450.101608,36416.52893,19473,48.00833333,2895.867769,47.23333333,47.74583333,34971.67667
3/17/2011,3.93,41.81,129.27,22100,1.05,1175.984487,48408.59504,22100,47.925,1900.165289,47.62083333,47.725,50404.82811
3/18/2011,7.47,43.196,145.66,21295,4.23,-4701.398358,57722.97521,21295,47.74166667,2419.834711,47.41666667,47.50416667,55851.57552
3/19/2011,6.58,39.56,122.34,20651,2.77,-1192.435024,71807.60331,20651,47.475,3034.710744,47.32916667,48.39166667,70282.37414
3/20/2011,6.5,43.664,146.98,21896,4.67,-264.481578,72366.94215,21896,47.45,3728.92562,47.15,48.9375,74151.69418
3/21/2011,2.3,43.268,194.67,22094,2.91,-5315.677651,85681.98347,22094,47.61666667,3748.760331,47.14583333,47.97916667,84797.2275
3/22/2011,3.61,42.782,189.27,19887,2.94,-5071.00436,91735.53719,19887,47.56666667,3828.099174,47.19583333,47.39166667,90817.64854
3/23/2011,7.36,44.762,144.86,19417,4.87,-3380.210523,74850.24793,19417,47.74166667,3629.752066,47.1,47.97083333,73198.3733
3/24/2011,8.9,41.54,149.04,17146,2.93,-4248.877432,40248.59504,17146,47.6125,3709.090909,46.50833333,47.1875,34608.1399
3/25/2011,7.29,39.056,80.05,19355,1.61,4140.364232,50116.36364,19355,47.41666667,3847.933884,45.95,47.25416667,49854.96999
3/26/2011,6.1,40.82,123.74,19887,2.14,-3054.540238,78543.47107,19887,47.5625,3907.438017,46.91666667,48.475,74040.32165
3/27/2011,3.83,39.686,81.02,19674,2.03,382.7114079,75205.28926,19674,47.6125,3986.77686,47.04583333,48.1375,72994.54054
3/28/2011,0.72,46.076,280.08,20112,2.93,-1338.028143,80709.42149,20112,47.64583333,4026.446281,46.98333333,47.57083333,77365.38723
3/29/2011,0.56,50.054,107.7,19795,3.97,-999.4120234,94484.6281,19795,47.72916667,4006.61157,47.1875,47.43333333,92518.35619
3/30/2011,3.14,57.47,267.24,19097,7.5,-2738.339661,90648.59504,19097,47.97083333,4006.61157,47.675,47.66666667,89416.03568
3/31/2011,3.53,59.594,291.7,18912,7.13,-2959.052209,89464.46281,18912,48.275,3986.77686,48.1375,47.99166667,88925.71634
4/1/2011,1.57,62.798,272.64,18367,9.33,-3993.03039,83775.86777,18367,48.45833333,4006.61157,48.29166667,48.13333333,86016.02129
4/2/2011,5.34,54.554,288.23,18664,4.05,-5949.765092,73775.20661,18664,48.64583333,3986.77686,48.81666667,48.64583333,72946.90952
4/3/2011,4.29,47.03,297.58,19824,-0.07,-1998.479768,64131.57025,19824,49.01666667,3808.264463,48.53333333,48.72083333,63180.44873
4/4/2011,2.2,55.292,276.27,20118,5.02,-2563.142945,54503.80165,20118,49.0125,3709.090909,48.375,48.55,52725.4395
4/5/2011,3.44,56.642,247.85,19933,6.58,-2115.728756,46262.47934,19933,48.83333333,2836.363636,48.8,48.47916667,45234.06045
4/6/2011,3.45,49.532,294.92,19434,1.64,-2306.944748,39722.97521,19434,48.9375,3114.049587,49.22083333,48.43333333,38413.71843
4/7/2011,2.87,42.332,203.91,20188,-1.72,-1050.79281,34637.35537,20188,48.4,2538.842975,48.925,48.06666667,35431.87639
4/8/2011,3.5,42.026,289.32,19605,-2.12,-3916.363993,28163.30579,19605,48.425,2995.041322,49.14166667,48.55416667,26620.83786
4/9/2011,1.87,45.842,195.07,19933,-0.71,-1124.573397,26647.93388,19933,49.08333333,2638.016529,47.9,48.8,24963.55849
4/10/2011,3.74,49.118,239.81,20170,3.86,-716.6411346,25586.77686,20170,49.2125,2558.677686,48.08333333,48.7,22235.98205
4/11/2011,1.54,50.198,220.75,20411,4.56,1033.117124,22143.47107,20411,49.14583333,2280.991736,48.81666667,48.575,18571.89567
4/12/2011,2.63,51.53,298.39,20305,4.17,1184.583669,19166.28099,20305,49.175,2102.479339,49.07916667,48.925,16076.17023
4/13/2011,3.73,48.272,229.16,22384,3,3066.631423,16347.7686,22384,49.66666667,2300.826446,48.8,48.51666667,15058.40738
4/14/2011,2.57,47.156,227.5,22199,1.66,-1196.465231,14066.77686,22199,49.17916667,2538.842975,49.4875,48.70833333,10436.79737
4/15/2011,2.15,48.776,92.57,22396,7.26,1288.136514,12416.52893,22396,49.17083333,2538.842975,49.125,49.19583333,9246.021833
4/16/2011,0.93,54.68,118.36,22050,11.43,285.6641174,12275.70248,22050,49.57916667,2161.983471,49.64583333,49.875,9274.040081
4/17/2011,2.31,59.162,154.34,21958,12.36,747.6789273,12224.13223,21958,50.2375,99.17355372,49.71666667,49.4125,11572.23687
4/18/2011,3.55,54.896,188.46,21946,9.96,540.7218077,12119.00826,21946,50.65,1201.983471,49.1125,48.75,10288.30066
4/19/2011,2.56,55.094,293.71,22069,7.73,751.7241334,11982.14876,22069,50.28333333,2638.016529,49.2125,49.79166667,8747.997475
4/20/2011,4.63,51.206,147.45,22821,7.79,1348.134756,11857.19008,22821,50.0375,2360.330579,49.34166667,49.94166667,9374.905773
4/21/2011,2.31,51.8,309.33,22371,4.67,-328.0462689,11744.13223,22371,50.45,2340.495868,49.3,50.3125,8555.37202
4/22/2011,2.46,51.944,300.99,22223,3.69,700.2643436,11531.90083,22223,50.72916667,1239.669421,50.37083333,50.35833333,9666.996008
4/23/2011,2.7,49.55,156.79,21787,7.05,189.235397,11565.61983,21787,51.29583333,245.9504132,49.89583333,50.02083333,10516.64938
4/24/2011,3.19,52.304,250.77,21720,7.55,736.0200415,11611.23967,21720,51.5125,247.9338843,50.58333333,49.47916667,11072.11114
4/25/2011,5.3,52.394,222.09,22118,6.19,689.1946451,11589.42149,22118,51.23333333,93.2231405,51.66666667,48.51666667,11743.14818
4/26/2011,2.28,50.504,322.41,21921,2.01,-443.9498329,11652.89256,21921,50.37083333,99.17355372,49.63333333,49.45,11788.67784
4/27/2011,2.28,54.608,334.94,21514,4.46,-641.9588317,11658.84298,21514,49.92083333,160.661157,49.55833333,49.99583333,11072.11114
4/28/2011,3.47,52.808,289.66,22124,3.87,1036.070678,11599.33884,22124,51.075,99.17355372,49.79583333,49.73333333,12568.98604
4/29/2011,4.34,46.328,333.51,22488,-0.45,-704.8207507,11815.53719,22488,51.20833333,2578.512397,49.6625,50.19583333,9393.117634
4/30/2011,3.72,49.874,355.73,22620,0.61,-24.09284061,11898.84298,22620,50.95,2657.85124,49.75,51.39166667,9734.239804
5/1/2011,1.64,56.678,348.21,21020,2.57,-2093.248068,11779.83471,21020,51.5125,119.0082645,50.58333333,51.20833333,10588.09591
5/2/2011,2.84,61.412,297.79,21056,6.13,1108.730536,11656.8595,21056,52.45416667,109.0909091,50.075,50.45,12102.48221
5/3/2011,4.05,59.756,352.58,21223,5.68,-387.713615,14762.97521,21223,52.625,115.0413223,50.27916667,52.03333333,14613.61769
5/4/2011,3.25,61.718,358.27,21495,5.86,306.3161943,15193.38843,21495,52.40833333,1644.297521,50.31666667,52.09583333,13785.67846
5/5/2011,1.99,67.226,347.17,20457,7.97,-1274.587551,14977.19008,20457,53.20416667,99.17355372,50.97916667,51.56666667,13940.47928
5/6/2011,2.42,67.496,337.19,20288,8.94,768.5372489,14703.47107,20288,53.20833333,99.17355372,50.95,50.3125,14537.96842
5/7/2011,3.21,62.852,306.17,20592,9.62,370.3291007,14437.68595,20592,52,99.17355372,51.18333333,49.9,14760.71349
5/8/2011,3.44,56.786,303.93,20229,6.53,-785.2010933,14491.23967,20229,50.82083333,99.17355372,50.57916667,49.82916667,14018.22992
5/9/2011,5.1,52.808,343.9,21068,2.89,1212.836196,14378.18182,21068,50.57916667,109.0909091,50.50416667,50.34583333,15215.30956
5/10/2011,2.39,57.722,363.18,20889,5.59,-1125.218651,14469.42149,20889,51.25833333,99.17355372,50.76666667,50.08333333,13861.32773
5/11/2011,3.18,60.386,170.56,21690,9.26,1309.920204,14737.19008,21690,51.5875,97.19008264,51.00416667,49.7625,15852.02425
5/12/2011,2.16,61.52,318.74,21295,9.72,-1607.02425,14905.78512,21295,51.07916667,99.17355372,50.84166667,49.59583333,14897.30245
5/13/2011,3.14,63.23,352.99,21508,8.98,122.3091202,14578.5124,21508,51.225,99.17355372,50.82083333,49.67083333,14532.36477
5/14/2011,5.42,55.724,263.06,19973,7.2,-1588.025927,14780.82645,19973,51.05416667,99.17355372,50.62083333,49.225,13176.28157
5/15/2011,6.19,47.246,216.87,19316,4.64,848.3713226,14751.07438,19316,50.4625,126.9421488,48.7625,49.20416667,13593.05301
5/16/2011,4.07,48.11,268.91,20276,5.08,1991.079221,14907.7686,20276,49.87916667,99.17355372,49.0125,49.9125,14373.36121
5/17/2011,3.54,45.716,81.16,22928,5.72,3087.233831,14895.86777,22928,50.16666667,99.17355372,49.975,50.63333333,16328.33447
5/18/2011,2.14,54.158,318.86,22316,6.99,-2143.640255,16801.98347,22316,51.27083333,1791.07438,50.2,50.9375,13789.8812
5/19/2011,2.98,60.35,373.94,21860,7.02,765.0278909,16867.43802,21860,52.1375,1267.438017,50.5625,52.2875,13678.50866
5/20/2011,1.17,64.778,283.64,21629,7.91,1690.49134,18753.71901,21629,53.1875,99.17355372,51.14166667,51.925,17853.22761
5/21/2011,2.1,66.92,366.17,21927,9.73,1099.317845,18840.99174,21927,53.09583333,99.17355372,51.025,50.56666667,18089.28135
5/22/2011,3.13,63.302,349.52,22137,7.78,862.5368318,18870.7438,22137,51.92916667,99.17355372,50.87083333,50.3625,18182.44202
5/23/2011,3.64,58.316,362.68,22846,5.58,1298.128228,19449.91736,22846,51.67916667,99.17355372,50.72083333,50.35,19244.33362
5/24/2011,3.01,58.082,334.82,22846,6.65,106.4101817,18829.09091,22846,51.8,99.17355372,50.7875,50.475,17715.9382
5/25/2011,5.79,51.494,176.08,22044,7.96,211.9791554,18844.95868,22044,51.76666667,99.17355372,50.75,49.92083333,17465.87533
5/26/2011,3.04,51.134,174.35,21878,7.17,1113.909794,18666.44628,21878,50.67916667,277.6859504,50.77916667,50.06666667,17926.77551
5/27/2011,3.38,54.086,199.08,22087,8.11,670.9848206,20729.2562,22087,50.94583333,99.17355372,51.35,50.85416667,19748.66209
5/28/2011,2.96,53.528,224.82,22013,4.24,807.4205546,22010.57851,22013,51.48333333,99.17355372,50.7125,50.67916667,21155.87859
5/29/2011,5.15,54.104,377.07,21744,4.21,486.5263687,22222.80992,21744,51.67083333,99.17355372,50.60416667,51.94583333,21066.92065
5/30/2011,4.4,53.564,175.41,21259,5.84,571.7157136,22226.77686,21259,52.59166667,2538.842975,50.7875,51.075,18565.59157
5/31/2011,5.44,51.944,211.96,22445,6.95,2308.342314,22034.38017,22445,51.47083333,926.2809917,51.31666667,50.41666667,21578.95414
6/1/2011,3.88,51.08,248.81,21958,6.23,-957.8549664,22770.24793,21958,51.24583333,2975.206612,51.25,50.95416667,18462.6245
6/2/2011,3.16,51.71,266.07,21447,6.67,821.4168223,25297.19008,21447,51.86666667,3114.049587,50.8125,51.17916667,21041.00377
6/3/2011,2.89,56.246,294.55,21641,8.34,1336.136726,26630.08264,21641,51.775,1287.272727,52.12916667,51.8,24542.58432
6/4/2011,3.05,55.238,195.34,22279,10.91,1438.225597,37463.80165,22279,51.79583333,2261.157025,52.55416667,51.22083333,36395.00367
6/5/2011,2.23,59.918,282.72,22582,11.32,-889.3590419,38050.90909,22582,51.9,1689.917355,52.62916667,51.45416667,37363.73459
6/6/2011,3.99,59.018,225.55,18432,11.36,-5152.742854,36781.4876,18432,51.75,126.9421488,54.32916667,51.43333333,33614.19255
6/7/2011,1.83,64.274,374.02,20522,11.03,5130.352905,33962.97521,20522,52.15416667,2261.157025,52.1,52.07916667,34372.08616
6/8/2011,2.35,67.01,391.65,22840,8.53,-352.2679782,28066.1157,22840,52.69166667,1894.214876,52.6,50.85833333,28589.82024
6/9/2011,2.46,68.252,389.32,22865,8.97,-2392.919414,25412.2314,22865,51.48333333,2102.479339,54.02083333,48.725,22766.22739
6/10/2011,2.6,68.99,376.59,22482,9.59,160.5246761,21649.58678,22482,50.13333333,2697.520661,53.21666667,48.4875,18212.56164
6/11/2011,2.26,66.848,258.18,22242,9.82,499.5044757,18831.07438,22242,49.875,2578.512397,53.78333333,48.28333333,15173.28219
6/12/2011,1.64,71.06,371.24,22081,12.51,918.2797935,18464.13223,22081,49.9,2935.53719,54.0125,48.725,14919.01659
6/13/2011,2.03,73.292,349.7,22242,14.08,770.5784513,19699.83471,22242,50.17916667,2995.041322,53.25416667,48.35416667,15979.50728
6/14/2011,3.98,73.454,383.22,22815,12.81,1298.286108,23000.33058,22815,50.18333333,2935.53719,53.87083333,47.85833333,20298.5202
6/15/2011,4.89,70.358,393.22,23035,8.03,-13.72681157,21685.28926,23035,49.45416667,2935.53719,53.50416667,47.725,17920.47141
6/16/2011,5.05,65.66,384.92,22390,6.13,184.2806561,21685.28926,22390,49.2375,2598.347107,53.44166667,47.725,17968.10243
6/17/2011,2.52,68.648,389.4,22639,7.11,1367.839719,21832.06612,22639,49.225,2935.53719,53.5,47.67083333,19006.17852
6/18/2011,3.13,73.634,364.94,22708,11.25,-40.64959438,21719.00826,22708,49.2,2935.53719,53.12916667,47.75416667,18714.78874
6/19/2011,4.67,69.53,388.78,22802,9.85,162.6823344,21871.73554,22802,49.39583333,3133.884298,52.29166667,47.96666667,18238.47852
6/20/2011,3.5,74.282,386.78,22721,11.82,418.3727197,21949.09091,22721,49.45,3153.719008,52.38333333,47.8875,18520.06191
6/21/2011,2.38,79.232,388.43,20481,11.67,-1964.690009,22177.19008,20481,49.5,3054.545455,54.275,47.77083333,16735.29952
6/22/2011,2.23,81.068,385.49,22909,11.77,4815.345108,22179.17355,22909,49.25,3213.22314,54.1375,47.76666667,20786.73817
6/23/2011,3.34,74.57,391,22815,8.93,-1914.787757,22123.63636,22815,49.3875,3014.876033,53.275,47.87083333,18740.00516
6/24/2011,2.8,70.07,393.78,22520,7.07,73.75517058,20731.23967,22520,49.48333333,3014.876033,53.05416667,47.68333333,17023.18701
6/25/2011,1.96,72.374,386.19,22433,7.24,606.1766264,22331.90083,22433,49.42916667,3133.884298,53.5375,47.67083333,18508.15416
6/26/2011,1.85,74.714,381.47,22513,9.18,769.8623689,22325.95041,22513,49.39166667,3728.92562,53.07916667,47.85833333,18456.3204
6/27/2011,2.79,76.91,375.05,22689,12.6,316.7043934,22321.98347,22689,49.4375,3649.586777,53.3,47.8125,18202.75525
6/28/2011,4.76,62.492,181.5,22708,14.44,488.6414442,22306.1157,22708,49.6875,3748.760331,53.5125,47.725,17642.3903
6/29/2011,1.9,59.738,159.28,22595,13.12,801.9650719,22264.46281,22595,49.1125,3709.090909,53.49583333,47.89166667,17865.13537
6/30/2011,2.04,68.018,382.39,23358,12.8,1453.236531,23631.07438,23358,49.50833333,3867.768595,53.6125,47.78333333,19732.55159
7/1/2011,3.33,73.562,380.44,22396,12.06,-931.2458049,24850.90909,22396,49.62916667,3867.768595,53.85,47.725,19635.88864
7/2/2011,2.16,79.034,382.05,23282,13.39,2233.251856,24569.2562,23282,49.55833333,3907.438017,54.3625,47.79583333,21227.32512
7/3/2011,3.23,79.322,384.54,22909,12.86,-938.5069382,24825.12397,22909,49.62083333,3927.272727,53.9,47.8625,20187.14767
7/4/2011,1.85,80.168,384.7,23173,12.74,974.7035697,24967.93388,23173,49.7875,3887.603306,54.24583333,47.90416667,21293.16801
7/5/2011,2.15,81.572,382.17,22451,13.37,-934.8374315,25543.1405,22451,49.75833333,3907.438017,54.175,47.87916667,20131.81163
7/6/2011,1.96,84.182,378.25,21946,14.92,998.8908493,25785.12397,21946,49.75416667,3887.603306,54.09166667,47.99583333,20498.85068
7/7/2011,2.2,82.292,374.27,23091,15.79,2543.669981,25795.04132,23091,49.79583333,3927.272727,54.39583333,48.00416667,21824.81426
7/8/2011,1.68,80.672,379.79,23148,13.93,99.95433504,25775.20661,23148,49.93333333,3966.942149,54.24583333,48.025,21356.90952
7/9/2011,1.7,80.798,380.17,22928,10.82,231.3549428,24852.89256,22928,49.95833333,3947.107438,54.50416667,48,20334.24347
7/10/2011,1.89,78.44,379.21,22852,10.67,495.541654,24817.19008,22852,49.93333333,3966.942149,54.53333333,48.07083333,20221.47002
7/11/2011,3.16,75.938,373.76,22303,14.04,79.77791388,24801.32231,22303,49.85416667,3927.272727,54.52083333,48.1375,20141.61801
7/12/2011,3.68,72.95,371.96,21380,14.62,-190.5684232,24468.09917,21380,49.82916667,3927.272727,55.26666667,48.15,19206.50899
7/13/2011,2.78,71.15,259.13,21775,14.76,1729.317456,24236.03306,21775,49.59583333,3907.438017,55.05416667,48.14583333,19790.68946
7/14/2011,2.26,70.736,341.03,21253,13.28,15.90558132,24412.56198,21253,49.7625,3907.438017,55.925,48.11666667,19172.88709
7/15/2011,2.65,71.384,372.48,21983,12.63,2062.236877,24245.95041,21983,49.4875,2499.173554,55.7,48.14583333,22140.72001
7/16/2011,4.38,69.296,370.45,22106,12.88,-270.9431505,24172.56198,22106,49.55833333,2221.487603,56.475,48.34166667,21757.57047
7/17/2011,4.12,69.242,291.8,22476,13.24,563.5039102,24805.28926,22476,49.60833333,2558.677686,56.62916667,48.4875,21957.90094
7/18/2011,3.24,70.808,292.01,22915,13.51,727.7106302,24819.17355,22915,49.46666667,2519.008264,55.99166667,48.775,22074.87713
7/19/2011,1.58,74.282,369.62,22783,13.44,93.28815926,24817.19008,22783,49.59166667,2538.842975,56.04166667,48.97916667,21295.26938
7/20/2011,1.93,75.992,371.05,22664,11.48,864.0777274,23736.19835,22664,50.03333333,2558.677686,55.96666667,48.97083333,20592.01135
7/21/2011,2.12,76.262,371,22402,9.7,323.5093112,23644.95868,22402,50.2625,2419.834711,55.97083333,48.9875,20641.74374
7/22/2011,2.11,77.18,369.25,22458,11.13,639.3802269,23359.33884,22458,50.26666667,2459.504132,56.2625,49.0125,20500.95205
7/23/2011,2.21,78.458,367.12,22458,11.97,398.8826607,23361.32231,22458,50.29583333,2519.008264,56.00416667,49.04583333,20531.07166
7/24/2011,2.54,79.052,364.68,22664,13.62,517.2423896,23488.26446,22664,50.30833333,2439.669421,56.1375,49.14583333,21102.64392
7/25/2011,1.66,78.116,367.65,22903,9.8,184.9511213,23875.04132,22903,50.34583333,2538.842975,56.3125,49.13333333,20886.20295
7/26/2011,2.59,75.92,367.14,22928,8.57,474.9953971,23972.2314,22928,50.34166667,2419.834711,56.1375,49.15416667,20491.14566
7/27/2011,1.91,77.414,366.31,22934,8.76,1067.251034,23720.33058,22934,50.40833333,2459.504132,56.54166667,49.19166667,20318.13298
7/28/2011,1.8,80.816,363.31,22959,10.84,967.6934663,23730.24793,22959,50.5,2519.008264,56.33333333,49.2875,20167.53489
7/29/2011,2.05,82.418,358.18,22972,13.03,1056.704779,23702.47934,22972,50.5625,2538.842975,56.28333333,49.375,20731.40213
7/30/2011,2.05,82.832,355.24,22852,14.52,312.2342336,23801.65289,22852,50.64166667,2479.338843,56.62916667,49.4375,19794.19174
7/31/2011,2.94,81.482,355.21,23066,13.62,1742.12231,23720.33058,23066,50.59166667,2102.479339,57.03333333,49.45833333,21179.6941
8/1/2011,3.22,77.576,354.75,22972,12.92,344.1571397,23771.90083,22972,50.69166667,2499.173554,56.79166667,49.47083333,20519.16391
8/2/2011,2.33,78.134,357.4,22482,10.47,263.5633627,23777.85124,22482,50.76666667,2499.173554,56.7375,49.69166667,19000.57487
8/3/2011,1.7,79.232,357.66,22607,8.63,2403.102816,24097.19008,22607,50.8,2439.669421,56.37083333,49.775,30448.13053
8/4/2011,2.5,78.116,351.25,22915,10.4,-8482.609869,23831.40496,22915,50.79166667,2380.165289,56.425,50.30416667,30389.99267
8/5/2011,1.78,77.882,349.09,22266,12.59,-9587.753001,24033.71901,22266,50.82916667,2538.842975,56.90416667,50.06666667,29510.92014
8/6/2011,2.47,77.558,349.07,22390,12.39,-7892.044107,23688.59504,22390,50.9875,2380.165289,57.24583333,49.90833333,30060.77825
8/7/2011,2.8,77.198,346.17,22607,12.67,-8535.348498,23242.31405,22607,51.05,2538.842975,57.02083333,49.9875,29467.49185
8/8/2011,2.3,78.476,345.81,22582,11.01,-8789.020776,23303.80165,22582,51.04166667,2538.842975,58.325,50.14166667,20367.86537
8/9/2011,1.69,79.34,348.23,22796,7.87,611.0933077,23204.6281,22796,51.37083333,2499.173554,58.7,50.17083333,20626.3337
8/10/2011,2.05,79.07,350.17,22965,5.92,248.1208455,23204.6281,22965,51.39583333,2519.008264,58.7,50.18333333,20824.56281
8/11/2011,1.87,79.682,346.41,22940,6.83,-163.9429753,23220.49587,22940,51.39166667,2657.85124,58.7,50.09583333,20044.2546
8/12/2011,1.81,81.446,341.76,23250,8.53,828.3900281,23222.47934,23250,51.075,2757.024793,58.7,49.6125,20804.95004
8/13/2011,1.9,81.32,334.79,23141,9.09,-448.4954945,22774.21488,23141,51.06666667,2657.85124,58.7,49.80416667,19786.48672
8/14/2011,2.13,79.196,334.83,22953,7.21,141.8769164,22526.28099,22953,51.02916667,2657.85124,58.7,49.75416667,19365.51255
8/15/2011,2.01,77.162,336.98,23237,6.48,786.9172021,22474.71074,23237,50.98333333,2677.68595,58.7,49.7375,19984.71583
8/16/2011,1.92,77.432,336.93,23003,6.48,-421.6910366,22792.06612,23003,51.0125,2519.008264,57.71666667,49.84166667,19693.32605
8/17/2011,1.14,79.484,334.51,22273,7.77,-150.2681988,22772.2314,22273,50.95833333,2241.322314,57.55416667,49.99583333,19413.14357
8/18/2011,1.73,79.988,334.99,22865,6.69,1709.765521,21806.28099,22865,51.07083333,1981.487603,57.3625,49.85416667,20419.69913
8/19/2011,2.25,77.954,331.24,22205,7.67,-1254.905742,22397.35537,22205,51.19166667,2459.504132,57.475,49.69583333,18934.73198
8/20/2011,2.86,75.812,325.12,22273,11.1,1071.11926,22169.2562,22273,51.125,2003.305785,58.28333333,49.79583333,19834.11774
8/21/2011,3.29,75.668,322.94,22670,11.9,728.8326732,22040.33058,22670,51.12083333,1832.727273,57.4875,49.89166667,20209.56227
8/22/2011,2.13,77.864,322.45,22192,10.8,-479.9589642,22320,22192,51.225,2320.661157,57.64166667,49.89166667,19179.1912
8/23/2011,2.03,81.482,322.39,22112,9.58,740.147643,22135.53719,22112,51.325,2578.512397,57.45,50.17916667,19512.60835
8/24/2011,2.72,80.924,314.58,21989,8.99,-78.58355661,22058.18182,21989,51.45833333,2499.173554,58.05,50.28333333,19353.60479
8/25/2011,2,79.988,318.79,21605,8.25,-178.5965255,21897.52066,21605,51.45416667,2122.31405,58.1875,50.1,19603.66765
8/26/2011,2.5,80.708,314.62,22260,8.65,826.5389616,21564.29752,22260,51.4125,2419.834711,57.34583333,50.2125,19877.54603
8/27/2011,2.27,79.988,315.04,22353,8.78,-640.0832201,21715.04132,22353,51.675,2360.330579,56.8,50.20416667,19612.07313
8/28/2011,1.39,81.608,316.67,22620,5.87,9.637613802,21528.59504,22620,51.61666667,2439.669421,56.8,50.38333333,19369.71528
8/29/2011,1.59,81.392,308.5,22050,5.89,-850.7896602,21814.21488,22050,51.5625,1705.785124,56.8,50.3875,19528.71884
8/30/2011,1.29,79.916,309.56,22865,6.71,1394.710912,21816.19835,22865,51.64583333,2419.834711,56.80416667,50.79583333,19994.52221
8/31/2011,3.59,74.228,308.86,22758,4.17,-705.1585736,21812.2314,22758,51.90833333,2419.834711,57.02916667,50.9875,18924.9256
9/1/2011,4.18,70.916,315.48,22890,0.75,599.4710942,21155.70248,22890,52.025,2459.504132,57.14166667,50.25416667,18379.27022
9/2/2011,3.27,74.678,311.67,22997,1.07,423.9281271,21302.47934,22997,51.73333333,2300.826446,57.15833333,50.225,18305.72232
9/3/2011,2.19,78.206,308.75,22645,2.24,343.9305726,21175.53719,22645,51.45416667,2479.338843,57.04166667,50.48333333,16205.75463
9/4/2011,2.27,79.106,302.1,22796,4.85,2641.443717,21332.2314,22796,51.6375,2459.504132,57.025,50.47916667,18736.50288
9/5/2011,1.78,79.538,297.93,22607,5.65,-52.77560727,21338.18182,22607,51.6625,2459.504132,56.93333333,50.24166667,18728.0974
9/6/2011,1.8,79.718,291.91,22526,5.98,69.58028595,20679.66942,22526,51.70416667,2439.669421,56.88333333,50.375,18536.17241
9/7/2011,1.47,81.626,276.04,22702,7.06,-120.17241,21296.52893,22702,51.63333333,2261.157025,56.9,50.34583333,19272.35187
9/8/2011,1.3,83.858,288.68,23009,7.56,70.02003083,20764.95868,23009,51.76666667,2300.826446,56.82083333,51.00833333,19062.21501
9/9/2011,3.58,82.058,288.12,22865,6.36,-742.0827786,20883.96694,22865,52.0375,2657.85124,57.4125,50.925,17968.10243
9/10/2011,2.72,81.986,287.6,22702,6.16,95.01327248,20342.47934,22702,52.04166667,2519.008264,57.25833333,50.8875,17809.09887
9/11/2011,2.36,80.726,281.06,22953,10.13,265.3722044,19842.64463,22953,51.95416667,2895.867769,56.90833333,50.3375,17160.47643
9/12/2011,1.76,77.468,267.72,22513,12.55,-653.6995705,19866.44628,22513,51.76666667,2915.702479,56.80416667,49.46666667,16818.6538
9/13/2011,1.41,80.438,251.13,22433,10.7,52.09000165,19866.44628,22433,51.84583333,3768.595041,56.47916667,49.55416667,16387.87324
9/14/2011,1.93,80.024,272.38,21915,10.71,-808.0220003,19457.85124,21915,51.95833333,3966.942149,56.69166667,49.51666667,14282.30191
9/15/2011,3.48,76.352,264.64,21199,9.92,492.6071809,19055.20661,21199,51.98333333,3788.429752,56.84583333,49.80416667,14192.64351
9/16/2011,2.07,73.058,261.17,22118,6.01,1993.13335,18642.64463,22118,51.8875,3947.107438,56.9,49.84166667,15332.28575
9/17/2011,1.64,72.14,272.07,22476,3.26,-278.7485599,18650.57851,22476,52.025,3966.942149,56.9125,48.93333333,14591.90355
9/18/2011,1.94,77.126,268.3,22532,2.51,147.7328136,18654.54545,22532,51.52083333,3153.719008,56.725,48.50416667,13777.97344
9/19/2011,1.32,79.358,255.35,22934,2.42,2124.853006,18682.31405,22934,50.85416667,3649.586777,56.69583333,48.55416667,15072.4165
9/20/2011,1.61,79.736,264.49,22689,5.23,-284.6892273,18370.90909,22689,50.93333333,3173.553719,56.58333333,48.54166667,14927.42207
9/21/2011,1.64,80.78,264.32,22445,5.03,25.9333019,18483.96694,22445,50.9875,3887.603306,56.59166667,48.52916667,13916.66377
9/22/2011,1.81,81.536,261.92,22155,5.13,389.6998664,18640.66116,22155,51.05416667,3867.768595,56.5375,48.49583333,14629.72818
9/23/2011,2.01,82.364,258.5,22384,4.82,372.164382,18259.83471,22384,51.09166667,3709.090909,56.45416667,48.67916667,13547.52335
9/24/2011,3.57,78.548,244.44,22316,5.39,935.2204517,17880.99174,22316,50.62916667,2340.495868,56.975,48.60833333,14292.10829
9/25/2011,4.01,68.45,187.38,22538,7.68,1470.387578,17480.33058,22538,50.85833333,3550.413223,56.35,48.53333333,13106.9364
9/26/2011,1.78,69.404,246.15,22607,6.89,891.9809554,17506.1157,22607,50.80416667,3649.586777,56.3125,48.54166667,13164.37381
9/27/2011,1.67,74.93,243.36,22291,7.05,376.1551156,17468.42975,22291,50.63333333,2003.305785,57.2125,48.64166667,14760.71349
9/28/2011,2.46,77.45,239.44,21665,7.76,78.41047694,17458.5124,21665,50.64583333,2519.008264,56.55833333,49.08333333,13658.89589
9/29/2011,2.4,79.376,232.47,22520,8,2135.608242,17456.52893,22520,50.925,2895.867769,56.90833333,49.22083333,14825.85592
9/30/2011,4.59,76.064,231.57,22570,8.41,-215.194763,17466.44628,22570,51.02083333,2915.702479,56.6125,49.25416667,13821.40173
10/1/2011,4.75,65.804,166.39,22476,9.23,635.3420717,17383.1405,22476,51.00416667,2836.363636,56.68333333,48.88333333,13563.63385
10/2/2011,4.04,64.184,216.05,22248,6.97,755.1430095,17053.8843,22248,50.67916667,2915.702479,56.65833333,49.04583333,12918.51369
10/3/2011,2.58,54.77,75.41,22451,8.71,1422.668128,16310.08264,22451,50.76666667,2995.041322,56.7375,49.19583333,12814.84617
10/4/2011,5.5,55.184,133.73,22451,9.8,500.1951523,16290.24793,22451,50.61666667,2776.859504,56.60833333,49.04583333,13138.45693
10/5/2011,4.52,52.304,164.89,22050,6.59,-26.06850025,16266.44628,22050,50.5,2895.867769,56.73333333,49.45,12612.41433
10/6/2011,1.71,52.898,184.28,22248,6.86,956.1641824,16022.47934,22248,50.84166667,3550.413223,55.97083333,49.22083333,12049.24754
10/7/2011,2.06,56.336,179.79,22777,5.68,951.8185757,16095.86777,22777,51.16666667,3590.082645,55.8625,49.12916667,12473.724
10/8/2011,2.3,60.602,221.71,22488,6.29,-256.938876,16421.15702,22488,51.01666667,3590.082645,55.74166667,49.45833333,12031.03568
10/9/2011,1.82,62.942,213.28,22131,6.34,443.0387002,16226.77686,22131,51.1625,3550.413223,55.5125,49.51666667,11790.77921
10/10/2011,3.2,59.126,51.61,21726,13.19,480.5844264,16492.56198,21726,51.225,3609.917355,55.25833333,49.55,11888.14262
10/11/2011,2.42,63.158,151.8,21714,12.97,982.5020081,16171.23967,21714,51.29583333,3669.421488,55.07916667,49.9625,11961.69052
10/12/2011,2.6,63.338,169.84,22871,8.49,1697.127662,16008.59504,22871,51.40833333,3649.586777,55.07083333,49.75833333,13019.37938
10/13/2011,1.25,68.234,199.98,22081,8.87,-1450.371116,16496.52893,22081,51.15,2439.669421,55.42083333,49.39166667,12928.32007
10/14/2011,1.72,71.564,199.33,22310,11.43,1357.539434,16280.33058,22310,51.17916667,2895.867769,55.35,49.94583333,13321.276
10/15/2011,2.16,72.446,151.82,21896,13.2,-350.8131901,14491.23967,21896,51.48333333,2598.347107,55.34166667,49.85,10974.74773
10/16/2011,2.44,69.818,183.01,21593,13.37,615.144832,12279.66942,21593,51.65416667,2876.033058,55.0875,49.74583333,8705.970103
10/17/2011,1.67,69.458,201.21,21170,11.58,274.6662606,11900.82645,21170,52.075,2915.702479,54.79583333,49.60833333,8146.305599
10/18/2011,2.08,68.486,197.59,21140,9.2,808.8183679,11916.69421,21140,52.12916667,3629.752066,54.54583333,49.64583333,8531.556509
10/19/2011,0.94,68.468,194.93,20990,9.48,-394.6143602,11910.7438,20990,51.9625,3609.917355,54.4875,50.03333333,7679.801771
10/20/2011,1.52,67.478,185.61,20859,8.57,490.0246753,13759.33884,20859,51.92083333,3590.082645,54.4125,50.10416667,9621.466355
10/21/2011,1.27,66.38,178.59,21193,8.66,881.7898433,13896.19835,21193,51.925,3847.933884,54.48333333,50.60416667,10649.73606
10/22/2011,2.4,67.37,190.57,20973,6.16,-821.4715972,13898.18182,20973,52.05833333,3927.272727,54.47083333,50.12083333,10352.04217
10/23/2011,1.3,67.478,189.11,20793,4.8,-561.1330791,13888.26446,20793,51.89583333,3867.768595,54.4625,49.99583333,9500.287433
10/24/2011,2.36,63.122,183.15,21714,3.9,1441.208435,13888.26446,21714,51.84583333,3867.768595,54.3625,50.52916667,10518.75075
10/25/2011,4.59,55.04,188.71,22223,-0.36,10.74511777,13898.18182,22223,51.84583333,3947.107438,54.28333333,50.125,9972.394911
10/26/2011,3.37,49.964,188.91,21939,-5.22,-305.3205308,13939.83471,21939,51.7875,3927.272727,54.25416667,49.95833333,9297.855591
10/27/2011,1.62,54.59,177.61,21587,-4.61,362.7063925,13943.80165,21587,51.49166667,3867.768595,54.2375,49.99583333,9357.394368
10/28/2011,0.99,57.29,175.45,21134,-4.36,265.6386899,13902.14876,21134,51.50833333,3748.760331,54.10416667,50.28333333,9246.021833
10/29/2011,2.41,60.548,174.64,20961,0.46,734.3665968,13894.21488,20961,51.6375,3748.760331,54.00416667,50.42083333,9587.844458
10/30/2011,1.9,64.04,170.65,20949,6.35,545.6100875,13884.29752,20949,51.6375,2459.504132,54.75833333,50.70416667,11100.12939
10/31/2011,4.39,62.726,165.36,20722,5.19,97.66399843,13892.2314,20722,51.75416667,2836.363636,54.09166667,50.62083333,10478.82474
11/1/2011,4.92,51.71,176.77,20770,-4.63,625.0430286,13878.34711,20770,51.55416667,2142.14876,53.95,50.7125,11499.38943
11/2/2011,2.27,47.93,175.24,20811,-8.64,277.8089171,13886.28099,20811,51.23333333,2975.206612,53.75833333,50.57083333,10504.74162
11/3/2011,1.94,46.472,69.63,20871,-1.73,466.3327602,13882.31405,20871,51.32916667,2975.206612,53.66666667,50.925,10631.5242
11/4/2011,1.91,45.14,156.24,20847,-0.78,251.583238,13914.04959,20847,51.18333333,2856.198347,53.39166667,51.06666667,10631.5242
11/5/2011,2.71,40.514,34.91,20746,0.06,325.3270397,13904.13223,20746,51.4625,2935.53719,53.2625,50.57083333,10455.00923
11/6/2011,1.64,42.188,35.27,20698,4.15,465.5858113,13344.79339,20698,51.16666667,2836.363636,53.16666667,50.5,10500.53889
11/7/2011,1.43,43.538,155.66,20698,0.88,7.890862066,13890.24793,20698,51.03333333,2935.53719,52.9625,51.04583333,10469.01836
11/8/2011,1.09,45.626,157.25,21223,-0.25,1010.692384,13898.18182,21223,51.2625,2955.371901,52.65833333,50.87916667,11074.21251
11/9/2011,1.48,47.462,148.73,21750,-0.38,395.5974074,13878.34711,21750,51.37083333,2935.53719,52.425,51.125,11151.96315
11/10/2011,2.64,47.498,115.05,21964,0.05,4.846767355,13896.19835,21964,51.28333333,2975.206612,52.09583333,51.24583333,10554.47401
11/11/2011,4.25,49.244,124.68,22347,1.47,749.5177255,13900.16529,22347,51.4,2856.198347,51.75416667,51.12083333,11028.68286
11/12/2011,1.64,52.016,135.42,22310,4.1,-21.71591785,13902.14876,22310,51.58333333,2975.206612,51.47916667,50.92916667,10546.06854
11/13/2011,1.82,55.238,147.71,21878,3.3,-51.12639124,13896.19835,21878,51.55416667,2836.363636,51.36666667,51.33333333,10240.66964
11/14/2011,1.72,53.6,145.5,21946,2.14,887.1650707,13900.16529,21946,51.43333333,1683.966942,51.3,51.17083333,11947.68139
11/15/2011,2.07,53.348,141.51,21338,1.19,-339.4830429,13420.16529,21338,51.61666667,1582.809917,51.47083333,51.2625,11547.02045
11/16/2011,1.83,55.022,139.12,21170,3.59,122.3349219,13892.2314,21170,51.57083333,2023.140496,51.1875,51.24583333,11416.03514
11/17/2011,2.42,52.394,52.05,20575,5.52,-141.9442309,13896.19835,20575,51.56666667,2023.140496,50.88333333,51.3,11153.36406
11/18/2011,4.14,45.662,50.18,20540,2.29,684.6937912,13896.19835,20540,51.4,2975.206612,50.85,51.30416667,10738.69399
11/19/2011,3.5,42.224,90.57,20270,0.78,-87.70225446,13904.13223,20270,51.13333333,3014.876033,50.87083333,51.92083333,10536.26215
11/20/2011,1.73,42.548,48.68,21211,4.68,1293.994048,13449.91736,21211,51.0625,2995.041322,50.72916667,51.60833333,11312.36762
11/21/2011,4.28,44.762,63.09,21562,5.66,-506.4915869,13892.2314,21562,51.45,3034.710744,50.65,51.34583333,11026.58149
11/22/2011,6.83,47.084,42.4,21641,7.28,-90.06082884,13896.19835,21641,51.30833333,3034.710744,50.5375,51.33333333,10742.89673
11/23/2011,5.76,49.01,54.75,21526,7.87,3.590873306,13902.14876,21526,51.25833333,3054.545455,50.50833333,51.68333333,10405.27684
11/24/2011,3.44,50.27,90.38,21489,8.05,405.3264658,13894.21488,21489,51.2625,3034.710744,50.40833333,51.67916667,11100.12939
11/25/2011,1.61,49.55,74.06,21253,7.45,-476.6252578,13906.1157,21253,51.575,3034.710744,50.17916667,51.43333333,10752.70312
11/26/2011,1.2,51.224,125.64,20895,5.29,-239.2981613,13902.14876,20895,51.4375,3014.876033,50.175,51.7875,10750.60175
11/27/2011,1.47,52.25,125.04,21599,5.06,840.6709773,12093.22314,21599,51.22083333,3034.710744,49.9125,51.50416667,10317.71982
11/28/2011,0.82,53.366,124.08,22050,4.74,-808.2074233,11892.89256,22050,51.39583333,3034.710744,49.75833333,51.63333333,9504.49017
11/29/2011,1.78,50.306,127.24,22396,3.04,-300.3083518,11928.59504,22396,51.22083333,3054.545455,49.74166667,51.5875,8896.494189
11/30/2011,4.59,47.678,127.07,21854,-1.16,-564.4446022,11851.23967,21854,51.19166667,3034.710744,49.69583333,51.46666667,7939.671021
12/1/2011,5.69,44.258,128.05,21502,-4.53,524.8579046,11629.09091,21502,51.01666667,3034.710744,49.49166667,51.70416667,8188.332971
12/2/2011,3.93,45.212,126.65,20716,-4.94,-379.9528057,11535.86777,20716,50.775,3034.710744,49.50416667,51.6,7729.534161
12/3/2011,4.1,40.586,126.31,20469,-7.66,524.6228638,11139.17355,20469,50.7375,3014.876033,49.29166667,51.48333333,7433.941645
12/4/2011,2.94,39.506,124.44,20510,-5.6,731.3558757,11034.04959,20510,50.59166667,3034.710744,49.19166667,51.70833333,7686.105876
12/5/2011,3.06,39.11,123.82,20381,-5.76,184.232967,11109.42149,20381,50.5875,1293.22314,49.27083333,51.6125,9365.099386
12/6/2011,1.37,40.334,114.05,20182,-6.58,252.0989611,10738.5124,20182,50.875,1289.256198,49.1125,51.34583333,9023.977217
12/7/2011,1.09,42.08,103.6,21193,-4.91,1436.278981,10329.91736,21193,50.82083333,1297.190083,49.04166667,51.30416667,9504.49017
12/8/2011,2.39,43.484,120.79,21435,-2.91,-229.7628973,9937.190083,21435,50.625,2062.809917,48.70416667,51.49166667,7757.552409
12/9/2011,1.88,43.322,122.95,21152,-4.06,-166.1722437,9911.404959,21152,50.53333333,1553.057851,48.69166667,51.41666667,7558.622848
12/10/2011,1.05,43.214,119.58,20895,-4.39,542.7242594,9722.975207,20895,50.45,2161.983471,48.45833333,51.2375,7235.012084
12/11/2011,1.01,41.09,115.25,21026,-3.4,456.9796515,9917.355372,21026,50.3125,2479.338843,48.19583333,51.80833333,7084.414001
12/12/2011,2.57,38.588,104.61,21158,-3.33,485.6025279,9903.471074,21158,50.15833333,1154.380165,48.28333333,51.1875,8422.285342
12/13/2011,1.34,39.38,117.46,20716,-4.1,-115.1944329,9907.438017,20716,50.29166667,952.0661157,48.34166667,51.16666667,8146.305599
12/14/2011,1.44,40.1,116.05,20925,-2.28,1018.066302,9917.355372,20925,50.29583333,944.1322314,48.2375,50.90833333,7763.156058
12/15/2011,2.24,42.386,71.43,20770,3.37,1055.067082,9903.471074,20770,50.34166667,795.3719008,48.14583333,50.9875,8670.246837
12/16/2011,3.32,42.944,111.41,20674,-0.13,341.8523366,9909.421488,20674,50.425,1082.975207,48.3,51.2,5222.601423
12/17/2011,1.6,45.338,116.38,20740,-1.73,3669.844858,9911.404959,20740,50.3125,1598.677686,48.19583333,50.9875,7288.947211
12/18/2011,1.16,43.718,111.2,20060,-1.5,343.7800617,9911.404959,20060,50.34166667,107.107438,48.42083333,50.5375,8984.051214
12/19/2011,3.6,42.026,117.01,20159,-1.81,919.2463067,9911.404959,20159,50.50833333,99.17355372,48.17083333,51.97083333,10407.37821
12/20/2011,2.94,42.098,114.98,20393,-3.99,-361.146805,9903.471074,20393,50.24166667,99.17355372,48.02083333,52.77916667,10173.42584
12/21/2011,3.54,41.846,120.63,20270,-4.65,-492.1283193,9899.504132,20270,51.5125,99.17355372,48.09583333,52.60416667,10097.77657
12/22/2011,2.55,35.906,121.21,20008,-9.9,-559.4459915,9919.338843,20008,51.7375,99.17355372,47.90416667,52.45416667,9498.186064
12/23/2011,1.62,36.05,78.39,19870,-10.31,183.9792253,9905.454545,19870,51.49583333,99.17355372,47.94166667,52.2875,9522.001575
12/24/2011,1.35,39.38,117.99,20153,-9.02,567.2794167,9901.487603,20153,51.52916667,99.17355372,47.925,52.1125,9922.662521
12/25/2011,0.98,38.93,117.58,19887,-6.51,-386.3484714,9907.438017,19887,51.44583333,99.17355372,47.875,52.05,9419.034514
12/26/2011,0.92,39.29,113.84,19847,-4.06,349.2299488,9917.355372,19847,51.34583333,99.17355372,47.7875,51.95833333,9788.174931
12/27/2011,0.76,45.23,84.92,19400,-0.44,-416.9931128,9901.487603,19400,51.31666667,99.17355372,47.71666667,51.85416667,9264.233694
12/28/2011,1.36,49.514,33.26,19209,3.36,347.0803556,9877.68595,19209,51.4,99.17355372,47.65,51.79166667,9510.09382
12/29/2011,1.87,50.63,41.11,19187,7.22,246.4185767,9895.53719,19187,51.4875,99.17355372,47.525,51.67083333,9553.522104
12/30/2011,4.6,52.394,68.2,19333,8.04,388.8415324,9919.338843,19333,51.37083333,99.17355372,47.3625,51.39583333,9732.138435
12/31/2011,1.97,49.892,7.47,19384,2.92,139.0268543,9929.256198,19384,51.17083333,99.17355372,47.22916667,52.03333333,9660.691903
1/1/2012,1.66,47.912,111.27,18874,1.12,-340.6092584,9909.421488,18874,50.83333333,99.17355372,47.45416667,51.05,9087.018275
1/2/2012,2.91,46.31,109.7,18443,2.12,292.2296589,9923.305785,18443,50.85416667,99.17355372,47.5125,50.37916667,9160.566176
1/3/2012,1.2,47.444,117.69,18890,2.95,1110.566055,9937.190083,18890,50.87916667,99.17355372,47.50833333,51.00833333,10026.33004
1/4/2012,0.61,51.206,117.61,19507,2.34,428.6864889,9901.487603,19507,50.79583333,99.17355372,47.3375,51.28333333,10278.49427
1/5/2012,1.92,51.026,109.9,20065,1.87,81.81977959,9889.586777,20065,50.77916667,99.17355372,47.17916667,51.12916667,10278.49427
1/6/2012,2.81,47.138,110,20551,1.65,-2.08104686,9915.371901,20551,50.775,99.17355372,47.17916667,50.35416667,10619.61644
1/7/2012,3.48,43.214,122.38,20060,-1.34,-1294.418093,9899.504132,20060,50.61666667,99.17355372,47.16666667,50.9125,9208.197198
1/8/2012,2.42,42.854,126.33,19288,-3.33,-179.8666195,9905.454545,19288,50.4375,99.17355372,47.15833333,51.34166667,8966.539809
1/9/2012,1.06,45.266,125.35,19355,-3.7,906.7411827,9717.024793,19355,50.34166667,99.17355372,47.05833333,50.74583333,9593.448107
1/10/2012,1.61,45.932,116.6,19153,-1.99,-177.5968673,9544.46281,19153,50.325,99.17355372,47.02916667,50.7,9257.929588
1/11/2012,2.72,43.34,129.6,19824,-3.27,858.3596682,9320.330579,19824,50.26666667,99.17355372,46.99583333,50.7,9802.184055
1/12/2012,2.08,41.9,129.27,20106,-4.47,-299.0270302,9114.049587,20106,50.11666667,99.17355372,46.93333333,50.5375,9367.200755
1/13/2012,1.46,43.862,130.64,20627,-4.72,168.6752781,8929.586777,20627,50.03333333,67.43801653,46.85416667,50.375,9381.209879
1/14/2012,1.4,42.458,130.95,20223,-4.33,-923.0611187,8925.619835,20223,49.92083333,93.2231405,46.80416667,50.25,8386.562076
1/15/2012,2.37,38.786,133.62,19777,-5.69,-0.165381785,8909.752066,19777,49.78333333,93.2231405,46.7125,50.03333333,8307.410525
1/16/2012,2.22,30.47,134.13,19502,-11.09,234.1184006,8919.669421,19502,49.4375,93.2231405,46.6375,49.99166667,8420.183973
1/17/2012,2.04,29.768,61.2,19651,-11.05,555.262308,8913.719008,19651,49.18333333,93.2231405,46.31666667,49.84166667,8733.988351
1/18/2012,3.3,34.556,50.63,19789,-2.75,224.5075168,8731.239669,19789,49.2625,93.2231405,46.13333333,49.75,8224.056238
1/19/2012,5.47,39.812,36.8,20434,3.09,1058.960291,8530.909091,20434,49.2125,662.4793388,45.85833333,49.54166667,8130.195107
1/20/2012,6.86,45.104,39.47,20334,6.74,-361.7653549,8362.31405,20334,48.63333333,961.9834711,46.47916667,49.25,6360.142291
1/21/2012,4.74,44.006,95.08,20071,4.03,777.1882875,8154.049587,20071,48.54583333,180.4958678,47.3,49.3625,7058.497122
1/22/2012,6.14,41.144,50.87,20516,4.02,1360.056597,7959.669421,20516,48.575,563.3057851,46.075,49.10416667,7060.59849
1/23/2012,1.51,44.87,116.73,20961,5.23,780.7651464,7953.719008,20961,48.4625,132.892562,47.3375,49.15416667,7594.346114
1/24/2012,1.47,44.816,44,21495,5.94,760.4803323,7945.785124,21495,48.4875,708.0991736,45.26666667,49.10833333,7122.238636
1/25/2012,0.91,48.974,43.34,21319,8.5,-60.55268559,7953.719008,21319,48.675,93.2231405,45.55,49.06666667,7239.214821
1/26/2012,1.59,49.082,67.06,21817,8.07,1119.281047,7951.735537,21817,49,93.2231405,45.65416667,49.01666667,8062.951312
1/27/2012,3.8,42.584,150.64,22174,0.3,152.5610847,7953.719008,22174,49.02083333,93.2231405,45.47916667,49.03333333,7798.879325
1/28/2012,2.21,42.458,151.82,21520,-3.29,-592.3834572,7949.752066,21520,48.84166667,93.2231405,45.35,48.90833333,7026.976593
1/29/2012,0.82,46.616,139.59,21128,-0.19,437.5523326,7943.801653,21128,48.67083333,93.2231405,45.58333333,48.80833333,7233.611172
1/30/2012,2.12,50.9,144,21211,4.47,699.9673404,7953.719008,21211,48.73333333,93.2231405,45.62083333,48.77083333,7741.441916
1/31/2012,1.93,47.084,147.31,21193,2.37,101.0539518,7955.702479,21193,48.74166667,93.2231405,45.60833333,48.67083333,7513.093195
2/1/2012,2.31,48.308,117.68,21038,5.77,194.3861438,7757.355372,21038,48.8125,93.2231405,45.625,48.55,7286.845843
2/2/2012,3.56,45.788,151.49,21086,0.83,425.2863884,7568.92562,21086,48.82916667,93.2231405,45.6,48.57083333,7174.072395
2/3/2012,1.91,44.816,164.47,21307,-2.3,522.6300843,7372.561983,21307,48.71666667,93.2231405,45.5,48.69166667,7005.262451
2/4/2012,1.23,45.554,163.57,20811,-2.18,-221.923608,7166.280992,20811,48.5125,93.2231405,45.41666667,48.58333333,6332.124043
2/5/2012,1.72,45.302,156.83,20716,-1.66,645.9338082,6979.834711,20716,48.5375,93.2231405,45.5625,48.51666667,6494.629881
2/6/2012,2.29,45.59,157.39,20841,-0.77,516.9816892,6759.669421,20841,48.5375,93.2231405,45.62083333,48.4875,6493.228969
2/7/2012,2.76,44.564,58.41,19639,5.4,-1028.782688,6575.206612,19639,48.5,93.2231405,45.625,48.46666667,4641.222777
2/8/2012,1.45,49.19,111.44,19662,7.23,1863.760694,7201.983471,19662,48.54166667,93.2231405,45.44166667,48.31666667,6423.183349
2/9/2012,1.89,50.72,150.96,18945,5.92,-31.42301842,7953.719008,18945,48.61666667,93.2231405,45.34583333,48.25833333,6790.922854
2/10/2012,3.17,49.91,122.11,21301,6.14,3425.573014,7961.652893,21301,48.59583333,1646.280992,45.525,47.90416667,8214.249851
2/11/2012,2.82,49.424,170.22,21086,4.9,-2113.87795,7953.719008,21086,48.15833333,1747.438017,45.33333333,48.32083333,5478.267936
2/12/2012,1.83,44.258,132.54,20805,1.18,447.0130557,7933.884298,20805,47.97916667,1529.256198,46.13333333,48.175,5925.158991
2/13/2012,2.67,43.304,93.71,20698,3.87,372.4691082,7939.834711,20698,47.875,1251.570248,46.6625,48.25833333,6348.234535
2/14/2012,2.38,43.466,179.98,20865,1.55,507.0299278,7947.768595,20865,47.75,1537.190083,46.4,48.26666667,6298.502145
2/15/2012,4.57,41.396,188.69,21659,-2.47,906.0763674,7949.752066,21659,47.74166667,1737.520661,46.34166667,48.35833333,6804.231521
2/16/2012,2.53,43.826,163.95,21253,-1.31,-998.000116,7945.785124,21253,47.73333333,1372.561983,45.7875,48.35,5968.587275
2/17/2012,1.25,51.098,139.81,20311,4.01,-337.3641345,7957.68595,20311,47.78333333,1432.066116,46.7125,48.4375,5180.574051
2/18/2012,4.54,45.968,186.27,19490,-0.3,524.0457837,7955.702479,19490,47.89583333,1392.396694,46.9,48.6875,5291.946587
2/19/2012,2.34,39.11,198.72,19457,-4.68,1238.359198,7955.702479,19457,47.81666667,975.8677686,47.06666667,47.8875,6506.537637
2/20/2012,1.66,43.142,88.94,19893,2.34,909.2970737,7959.669421,19893,47.79583333,1527.272727,46.57916667,46.6875,6506.537637
2/21/2012,2.78,51.314,160.53,19968,6.36,0.859057215,7971.570248,19968,47.8375,1547.107438,46.79166667,48.1,6288.695759
2/22/2012,3.45,54.212,196.56,18692,5.66,-1140.232949,9816.198347,18692,47.9,1545.123967,46.99583333,47.94166667,6699.163091
2/23/2012,4.52,50.288,201.75,19968,0.38,2847.911289,9897.520661,19968,48.2,2380.165289,46.74166667,47.10416667,8469.916364
2/24/2012,2.67,48.758,207.29,20434,0.73,-486.5609921,9895.53719,20434,47.89583333,2380.165289,46.9,48.52083333,7534.807337
2/25/2012,4.79,43.808,213.1,20323,-3.62,-130.4354362,9719.008264,20323,48.06666667,2499.173554,46.97916667,48.10416667,6627.716559
2/26/2012,3.25,39.092,170.4,20764,-6.43,1033.118152,9387.768595,20764,47.95416667,2419.834711,46.83333333,48.35,6919.806794
2/27/2012,3.39,41.63,208.47,21176,-4.39,460.1270903,8977.190083,21176,47.70416667,2439.669421,46.73333333,48.4125,6705.467197
2/28/2012,6.09,40.586,145.53,20094,-1.47,-1249.946536,8937.520661,20094,47.35,2261.157025,46.82916667,47.97083333,5331.87259
2/29/2012,5.54,41.342,152.47,20235,1.61,1485.491046,8931.570248,20235,47.45833333,2102.479339,46.64583333,47.44166667,6919.806794
3/1/2012,3.86,42.188,143.3,21568,1.78,1242.284115,8540.826446,21568,47.475,2142.14876,46.8375,47.525,7386.310623
3/2/2012,3.75,42.098,197.39,21983,-0.64,-572.632937,8207.603306,21983,47.30416667,1977.520661,47.2,47.99583333,6187.12961
3/3/2012,2.38,50.162,221.51,22131,2.19,190.9530346,8021.157025,22131,47.375,2122.31405,47.00416667,48.125,5584.036822
3/4/2012,1.07,55.112,226.75,20728,4.36,-1088.193847,7999.338843,20728,47.60833333,1939.834711,46.77916667,47.9625,4265.778255
3/5/2012,2.66,54.842,223.4,20411,3.7,1476.725877,8003.305785,20411,47.8625,2023.140496,47.18333333,47.98333333,5270.232445
3/6/2012,6.45,43.556,221.75,20698,-4.16,996.9328443,7997.355372,20698,48.15416667,1497.520661,47.32083333,48.02083333,6372.050046
3/7/2012,4.4,41.126,240.47,21392,-4.55,821.7846647,8021.157025,21392,47.86666667,1947.768595,47.32083333,48.18333333,6350.335904
3/8/2012,2.16,47.93,242.83,21398,-1.38,-270.9474742,8001.322314,21398,47.62083333,2042.975207,47.22916667,48.2375,5836.201054
3/9/2012,2.26,51.602,242.26,21714,2.24,438.1460534,7995.371901,21714,47.99166667,2003.305785,47.49583333,48.0875,4770.106718
3/10/2012,2.59,52.214,238.32,21038,3.61,545.9593977,7969.586777,21038,48.15,2062.809917,47.55,47.99583333,3896.637837
3/11/2012,4.38,48.452,151,20967,4.43,1939.139023,7937.85124,20967,48.09565217,2102.479339,47.30434783,47.5826087,5436.94102
3/12/2012,7.56,47.354,110.7,20931,3.34,362.4308808,7941.818182,20931,48.17916667,1898.181818,47.52916667,47.62916667,5760.551784
3/13/2012,8.43,46.832,125.3,21738,6.41,1090.08458,7755.371901,21738,48,2697.520661,47.3,46.97083333,5240.112828
3/14/2012,6.11,48.02,77.43,21866,7.98,-54.26158833,7557.024793,21866,47.6,882.6446281,47.3125,47.55416667,6238.963368
3/15/2012,8.18,50.324,89.28,23434,9.2,2003.416797,7374.545455,23434,47.66666667,1201.983471,47.27916667,47.625,5488.774779
3/16/2012,7.57,48.29,134.45,22758,7.22,7.787204471,7172.231405,22758,47.7625,2895.867769,46.91666667,47.55,1270.627546
3/17/2012,2.87,44.87,237,22507,1.3,2754.73609,6969.917355,22507,47.94583333,2856.198347,46.96666667,47.675,2413.772063
3/18/2012,3.31,40.37,191.93,22211,-2.56,1403.946945,6765.619835,22211,48.04166667,2360.330579,47.4625,47.74166667,3205.988025
3/19/2012,2.58,38.66,83.25,21787,-2.65,775.3012312,6575.206612,21787,47.95833333,1608.595041,47.27083333,47.675,4023.42041
3/20/2012,2.7,42.368,76.91,20787,3.32,-56.80883975,6470.082645,20787,48.12083333,1025.454545,48.93333333,47.86666667,4043.733639
3/21/2012,4.67,48.308,81.45,20205,7.88,818.8944602,6468.099174,20205,47.94583333,1021.487603,49.1125,47.9375,4515.841118
3/22/2012,3.86,51.044,188.16,20716,6.76,1441.770452,6468.099174,20716,47.90833333,1122.644628,47.9125,48,5422.931896
3/23/2012,5.34,46.4,200.97,20895,3.2,101.5226495,6464.132231,20895,48.03333333,1134.545455,48.49583333,47.70416667,5151.154891
3/24/2012,4.91,47.66,152.14,20129,5.67,-587.5681141,6462.14876,20129,48.29583333,1049.256198,49.1,47.70833333,4351.233911
3/25/2012,3.02,46.472,173.47,19221,5.01,153.658651,6466.115702,19221,48.14166667,1059.173554,48.80416667,47.85416667,4146.700701
3/26/2012,5.71,45.896,183.42,19249,3.89,1288.241448,6466.115702,19249,47.93333333,1079.008264,48.8125,45.675,4912.999783
3/27/2012,8.76,45.716,94.74,22038,6.83,3263.107655,6468.099174,22038,47.70416667,2042.975207,48.1375,46.4875,4258.073236
3/28/2012,6.28,48.452,190.78,22991,5.82,1120.050731,6468.099174,22991,47.59583333,2578.512397,47.30833333,47.92083333,2013.111117
3/29/2012,6.51,48.578,101.18,22852,7.96,1737.47566,6470.082645,22852,47.80833333,2657.85124,47.44583333,47.575,2419.375713
3/30/2012,7.89,52.34,93.86,23460,10.13,2000.855692,6476.033058,23460,48.00833333,3074.380165,47.27083333,47.94166667,1297.945338
3/31/2012,9.22,48.812,166.06,22254,5.8,897.7075546,6468.099174,22254,48.08333333,3014.876033,47.25,47.9,359.3340303
4/1/2012,2.3,45.842,184.42,21708,1.65,2547.88911,6466.115702,21708,48.51666667,2955.371901,47.39166667,47.8875,1500.377179
4/2/2012,2.14,50.702,236.12,22695,3.21,2997.366623,6466.115702,22695,48.72083333,2796.694215,47.35833333,48.25,3517.691034
4/3/2012,3.5,52.43,117.84,21970,7.17,-573.2695464,6468.099174,21970,48.86666667,2657.85124,47.57916667,48.24166667,2256.869875
4/4/2012,3.08,46.112,233.56,21477,1.48,1060.378059,6460.165289,21477,48.9625,2975.206612,47.5875,48.43333333,2153.902813
4/5/2012,3.41,42.782,299.1,20710,-2.87,564.0558647,6470.082645,20710,49.0375,1648.264463,48.44583333,48.42083333,3380.401618
4/6/2012,1.88,44.546,310.48,20776,-2.3,1507.416564,6454.214876,20776,49.06666667,1804.958678,48.24166667,48.53333333,4198.534459
4/7/2012,2.45,49.37,258.49,20370,2.51,44.72173935,6466.115702,20370,49.2,995.7024793,49.4625,48.59166667,4676.946044
4/8/2012,3.08,54.266,258.29,19305,5.45,-271.5328209,6468.099174,19305,49.4125,1023.471074,49.74583333,48.74583333,3696.307364
4/9/2012,3.81,55.13,243.64,18830,5.72,1273.320735,6468.099174,18830,49.51666667,1106.77686,49.05416667,49.04166667,4277.68601
4/10/2012,2.94,49.478,132.05,18603,7.93,856.636304,6450.247934,18603,49.64166667,946.1157025,49.12083333,48.825,4458.403709
4/11/2012,5.61,49.244,196.53,19339,6.39,1781.728522,6460.165289,19339,49.425,1057.190083,49.24583333,48.77916667,4984.446315
4/12/2012,7.08,45.968,190,20411,4.51,1490.528892,6468.099174,20411,49.35833333,1023.471074,49.54166667,47.69583333,4956.428067
4/13/2012,3.11,47.462,220.76,21599,4.82,1676.200032,6464.132231,21599,49.32916667,2241.322314,48.35416667,48.68333333,3491.774154
4/14/2012,3.5,53.456,273.95,22545,5.33,1677.035763,6458.181818,22545,49.30416667,2161.983471,48.40416667,48.90833333,3815.384918
4/15/2012,1.45,55.904,233.88,22007,6.25,-57.18657089,6458.181818,22007,49.3375,1975.53719,48.7125,49.15833333,2742.986477
4/16/2012,2.4,56.696,124.05,21307,8.96,1039.658151,7205.950413,21307,49.61666667,1075.041322,49.5375,48.90416667,4817.73774
4/17/2012,2.22,56.75,190.14,18896,9.12,-1097.828649,8449.586777,18896,50.32083333,1073.057851,49.55,48.94583333,4380.653071
4/18/2012,1.66,55.922,111.29,18258,9.06,2357.875855,8925.619835,18258,50.4375,761.6528926,49.48333333,51.1875,6758.701868
4/19/2012,1.21,56.318,97,19400,11.9,2547.265074,8941.487603,19400,50.4875,969.9173554,49.65416667,50.29583333,8207.945745
4/20/2012,2.46,66.506,321.31,19939,12.46,302.6245029,8977.190083,19939,50.60833333,1059.173554,49.71666667,50.03333333,7965.5879
4/21/2012,1.58,71.474,323.21,18680,13.68,-1306.571371,9875.702479,18680,51.20416667,1043.305785,49.98333333,49.65833333,7243.417558
4/22/2012,2.93,72.878,320.4,18291,15.86,1199.979136,9905.454545,18291,51.575,1043.305785,49.88333333,50.1375,7753.349672
4/23/2012,4.11,69.944,265.27,21092,16.27,3909.799088,10909.09091,21092,51.375,2023.140496,48.95,49.78333333,10403.17547
4/24/2012,3.73,64.454,256.13,21587,13.63,-1022.225057,11894.87603,21587,51.22916667,1983.471074,49.03333333,49.35416667,9408.527671
4/25/2012,5.83,60.08,204.32,21976,11.66,891.8772877,11922.64463,21976,50.5625,2300.826446,48.88333333,49.19166667,8710.17284
4/26/2012,4.03,54.536,225.61,21532,6.13,467.6453418,11877.02479,21532,50.43333333,2042.975207,49.075,48.87916667,8029.329414
4/27/2012,3.21,51.692,253.78,21374,3.62,1646.720173,11904.79339,21374,50.43333333,2023.140496,49.20833333,49.56666667,8465.713626
4/28/2012,4.13,58.73,339.39,21429,7.07,1470.939267,11914.71074,21429,50.27083333,1983.471074,49.1375,50.0875,8777.416635
4/29/2012,3.03,64.166,345.27,21307,7.54,1031.823034,11904.79339,21307,50.975,1983.471074,49.3875,51.60833333,8364.847934
4/30/2012,2.53,65.786,312.93,21356,7.71,1605.47438,11896.8595,21356,51.87916667,1832.727273,49.06666667,50.03333333,8789.324391
5/1/2012,3.06,58.982,338.51,21841,4.78,1759.80784,11886.94215,21841,51.90833333,1624.46281,49.65,50.25416667,9243.920464
5/2/2012,2.76,56.516,241.68,21465,4.14,642.5588748,11904.79339,21465,51.6625,942.1487603,50.04583333,50.1,9472.269185
5/3/2012,4.77,52.574,164.63,21362,8.64,1387.375443,12900.49587,21362,51.64166667,1850.578512,49.45833333,49.72083333,9357.394368
5/4/2012,2.8,52.826,290.22,21556,5.48,1886.522987,13896.19835,21556,51.30833333,1693.884298,49.55833333,49.95833333,10702.97073
5/5/2012,5.05,53.6,354.13,20895,3.05,838.3433196,13884.29752,20895,51.2,134.8760331,50.70416667,51.925,11776.77008
5/6/2012,4.15,59.108,361.74,20657,4.63,1734.651408,13795.04132,20657,52.15,255.8677686,50.1,52.79583333,11981.30329
5/7/2012,3,64.472,364.92,21702,5.91,2602.870264,14618.18182,21702,53.40833333,124.9586777,51.2875,51.1125,14297.71194
5/8/2012,1.79,69.476,347.29,21392,7.44,-114.4887995,16865.45455,21392,53.0625,89.25619835,51.625,49.55,15177.48493
5/9/2012,2.31,70.25,357.81,21164,8.37,1370.713417,17877.02479,21164,51.5125,170.5785124,50.56666667,49.0125,16020.83419
5/10/2012,5.21,62.204,368.96,21265,5.71,1786.612091,17849.2562,21265,50.72916667,164.6280992,50.25833333,50.01666667,16622.52607
5/11/2012,2.79,63.986,372.24,21989,4.91,1786.102029,19761.32231,21989,51.45833333,186.446281,50.57916667,50.0625,18077.3736
5/12/2012,1.47,69.836,369.98,22488,6.65,1996.502433,19820.82645,22488,51.5625,146.7768595,50.40833333,49.3625,18200.65389
5/13/2012,2.02,72.086,357.76,21890,9.45,875.3956968,19832.72727,21890,51.02916667,130.9090909,50.57916667,49.30416667,17163.97871
5/14/2012,3.58,69.998,352.6,21756,12.65,2403.839472,19840.66116,21756,50.95,180.4958678,50.51666667,49.2375,17601.06338
5/15/2012,1.83,71.186,365.45,21763,13.88,2066.101909,19850.57851,21763,50.71666667,214.214876,50.38333333,49.475,17596.86064
5/16/2012,1.73,73.832,367.29,21344,12.51,1620.502996,19830.7438,21344,50.87083333,190.4132231,50.6375,49.4125,17461.6726
5/17/2012,3.94,67.784,266.42,21593,7.61,2427.657979,20832.39669,21593,50.63333333,176.5289256,50.42916667,49.52083333,19508.40561
5/18/2012,3.64,60.674,373.56,21933,2.04,1487.462159,20832.39669,21933,50.5875,243.9669421,50.45416667,49.6625,19788.58809
5/19/2012,1.76,66.596,350.09,21763,4.02,629.8416621,20832.39669,21763,51.05416667,232.0661157,50.53333333,49.44166667,19349.40205
5/20/2012,1.26,74.066,363.08,22266,8.15,1753.928529,20858.18182,22266,50.90416667,285.6198347,50.31666667,49.43333333,19577.75077
5/21/2012,3.22,71.582,342.38,21356,10.21,84.81121347,20856.19835,21356,50.85416667,214.214876,50.7125,49.475,18619.52669
5/22/2012,2.7,64.832,275.53,20534,9.13,1200.456781,20834.38017,20534,50.6375,202.3140496,50.79583333,49.375,18740.00516
5/23/2012,3.93,60.422,379.33,19904,5.24,1262.060956,20832.39669,19904,50.62083333,232.0661157,50.44166667,49.40833333,19081.82778
5/24/2012,4.14,58.316,381.45,21750,3.5,3364.502799,19912.06612,21750,50.75416667,150.7438017,50.8875,49.5375,20316.73206
5/25/2012,4.17,53.78,250.99,22972,3.08,666.590254,19840.66116,22972,50.8125,251.9008264,50.82916667,49.62916667,19407.53992
5/26/2012,2.7,57.722,311.01,23053,5.17,262.2204106,19826.77686,23053,50.7875,158.677686,51.05,49.5125,18398.88299
5/27/2012,2.1,62.402,317.71,22614,6.75,830.2161836,19832.72727,22614,50.8625,158.677686,51.20416667,49.425,18234.27578
5/28/2012,1.99,66.056,334.78,22137,7.97,962.7738068,18920.33058,22137,51.05833333,158.677686,51.32083333,49.57083333,17724.34367
5/29/2012,1.14,68.918,382.76,22081,7.8,981.3092226,18833.05785,22081,51.24583333,396.6942149,51.25416667,49.10833333,17612.97113
5/30/2012,3.31,72.212,380.37,21641,8.87,383.3925064,18825.12397,21641,50.88333333,91.23966942,52.29583333,48.62916667,17437.85708
5/31/2012,3.54,76.226,377.97,21659,10.12,1314.027218,18839.00826,21659,50.27916667,170.5785124,51.01666667,48.65833333,17855.32898
6/1/2012,3.41,78.224,376.76,22155,11.75,1309.100772,18793.38843,22155,50.3,194.3801653,51.125,48.74166667,18224.4694
6/2/2012,2.93,73.112,343.3,22384,10.26,603.5388645,18844.95868,22384,50.6,273.7190083,50.74583333,48.74583333,18047.25398
6/3/2012,3.91,71.114,307.93,22075,10.01,214.9856894,20689.58678,22075,50.42083333,236.0330579,50.85,48.93333333,19206.50899
6/4/2012,6.13,62.924,233.64,22303,10.15,1475.044729,20852.2314,22303,50.20416667,236.0330579,50.925,48.95833333,19848.12687
6/5/2012,2.09,54.428,219.33,21841,3.7,306.0714771,20810.57851,21841,49.8125,204.2975207,51.20833333,49.0875,19508.40561
6/6/2012,3.65,60.278,372.41,21817,4.68,1073.875382,20826.44628,21817,50.35,241.9834711,50.96666667,49.025,19558.138
6/7/2012,1.77,64.418,188.95,21841,7.7,1050.32481,20852.2314,21841,50.27916667,124.9586777,51.375,49.0125,19740.95707
6/8/2012,4.18,63.626,394.84,22094,4.81,1239.315657,20830.41322,22094,50.30416667,1436.033058,51.0875,49.02916667,18517.96054
6/9/2012,5.1,59.054,394.31,22223,2.17,1005.419625,20836.36364,22223,50.225,1846.61157,51.075,49.09166667,18017.83482
6/10/2012,4.62,65.336,393.25,22211,4.4,959.9172461,20848.26446,22211,50.7375,1947.768595,50.80416667,49.57916667,17918.37004
6/11/2012,2.81,71.798,386.61,22470,5.54,1241.125828,20840.33058,22470,50.65,1955.702479,51.33333333,49.20833333,18129.20735
6/12/2012,2.99,73.706,381.16,23041,8.94,1326.420749,20848.26446,23041,50.87916667,1572.892562,51.58333333,48.3875,18859.78317
6/13/2012,4.51,73.022,390.77,22651,9.54,25.58873083,21756.69421,22651,50.07916667,1632.396694,51.725,48.35,18758.21702
6/14/2012,4.79,72.806,387.37,22285,6.87,1000.080501,22782.14876,22285,49.7125,1749.421488,51.84166667,48.36666667,19542.02751
6/15/2012,5.76,73.85,387.94,22340,7.68,1545.699763,22805.95041,22340,49.76666667,1890.247934,51.69166667,48.32916667,19768.27486
6/16/2012,4.22,78.674,385.65,22840,9.22,1647.427619,24704.13223,22840,49.675,2241.322314,51.84166667,48.36666667,21848.62977
6/17/2012,2.79,81.554,376.36,22488,9.96,262.1801474,24755.70248,22488,49.69166667,2459.504132,51.57083333,48.40416667,21012.98553
6/18/2012,2.4,76.784,392.39,22063,8,858.2128171,24747.7686,22063,49.79583333,2380.165289,51.3,48.475,20927.52987
6/19/2012,4.11,70.124,392.27,22538,5.79,1915.073436,24757.68595,22538,49.87916667,3193.38843,51.29166667,48.55833333,20931.73261
6/20/2012,2.31,74.408,386.26,23091,6.93,1185.564911,24811.23967,23091,49.85416667,2995.041322,51.48333333,48.42916667,21157.97996
6/21/2012,3.23,77.108,349.22,23454,9.8,1021.218387,24648.59504,23454,49.69583333,2221.487603,51.90416667,48.43333333,21712.04081
6/22/2012,4.77,61.988,121.79,22915,10.83,176.066628,24813.22314,22915,49.62916667,2360.330579,52.1125,49.42916667,20415.49639
6/23/2012,3.3,61.124,281.85,22526,7.82,1648.396172,24807.27273,22526,50.325,1479.669421,52.5125,49.81666667,21821.31198
6/24/2012,3.46,63.32,385.05,21841,6.54,821.2913258,27290.57851,21841,50.9875,1662.14876,52.55416667,50.02916667,24987.374
6/25/2012,4.02,62.672,328.7,21593,6.33,393.0557521,27320.33058,21593,51.2125,2023.140496,52.72916667,50.2,25435.66597
6/26/2012,1.53,65.714,389.58,22279,6.4,547.5241126,27262.80992,22279,51.4,1906.115702,52.94166667,50.41666667,26122.8135
6/27/2012,2.69,70.7,384.44,22353,7.17,-692.1192851,28105.78512,22353,51.78333333,1910.082645,52.82083333,50.3125,25669.61834
6/28/2012,3.54,73.904,378.08,22365,8.95,538.0841393,28325.95041,22365,51.95833333,1910.082645,53.12083333,50.2875,25837.02737
6/29/2012,2.27,75.65,379.74,22081,10.76,294.8403986,28500.49587,22081,51.87083333,2003.305785,53.38333333,50.2,25304.68066
6/30/2012,1.61,73.616,194.09,21915,12.04,1026.509423,28419.17355,21915,51.8875,1878.347107,53.57083333,49.25416667,25489.6011
7/1/2012,1.67,77.9,347.85,22143,14.41,1279.225346,27931.23967,22143,50.50416667,2161.983471,53.65,48.9,25038.5073
7/2/2012,2.44,79.898,372.46,22689,13.86,1276.748898,27732.89256,22689,50.57083333,3094.214876,53.32083333,48.91666667,24429.11041
7/3/2012,3.91,76.262,387.16,23009,9.27,529.567276,28282.31405,23009,50.5375,2400,53.94166667,48.9875,25135.87072
7/4/2012,2.14,77.54,383.88,22714,8.49,451.4433296,28548.09917,22714,50.66666667,2816.528926,53.73333333,49.01666667,24429.11041
7/5/2012,3.31,77.54,381.67,23250,8.76,1838.459838,28323.96694,23250,50.65416667,3153.719008,53.95416667,49.0625,24992.97765
7/6/2012,2.4,78.548,380.51,22639,10.07,-433.7297161,28119.66942,22639,50.55833333,1705.785124,54.825,49.33333333,25318.68978
7/7/2012,1.4,82.184,382.18,22997,9.11,1453.194518,28329.91736,22997,50.86666667,2836.363636,54.2,49.24583333,25635.99644
7/8/2012,1.88,83.624,381.14,22953,7.87,-186.442721,28327.93388,22953,50.78333333,2558.677686,54.4875,49.425,25513.41661
7/9/2012,1.63,83.984,382.53,22614,7.83,-83.16041165,28391.40496,22614,51.1125,3173.553719,54.475,49.43333333,24904.01971
7/10/2012,1.95,85.1,377.83,22020,9.94,-280.1684703,28431.07438,22020,50.925,2479.338843,54.875,49.4375,25296.97564
7/11/2012,1.52,87.962,376.86,22236,10.54,870.7598972,27857.85124,22236,50.88333333,2340.495868,55.0125,49.4625,25467.1865
7/12/2012,2.21,87.638,370.96,22507,9.21,321.1688719,27615.86777,22507,51.04166667,2340.495868,55.3125,49.52083333,25570.85402
7/13/2012,2.76,83.894,371.94,22991,11.27,188.5178808,27603.96694,22991,51.06666667,2459.504132,55.39166667,49.63333333,25425.85958
7/14/2012,2.1,82.148,376.4,22582,9.83,-690.3967701,27738.84298,22582,51.26666667,3233.057851,55.04583333,49.57083333,24101.99737
7/15/2012,2.88,81.518,372.72,22192,10.08,13.78775397,28044.29752,22192,51.275,3193.38843,55.20833333,49.7125,24520.87017
7/16/2012,5.67,76.748,374.74,22260,8.47,398.0389209,27996.69421,22260,51.27916667,2360.330579,55.7875,49.85,25944.19717
7/17/2012,3.28,68.99,291.49,22689,9.5,121.1664664,28018.5124,22689,51.17083333,2439.669421,55.85833333,49.99583333,25526.72528
7/18/2012,1.99,73.526,359.56,22978,8.8,341.1176952,28121.65289,22978,51.37916667,2439.669421,55.875,50.10833333,25521.12163
7/19/2012,4.26,74.57,370.93,22359,7.39,-458.1381589,28113.71901,22359,51.55833333,2519.008264,55.9,49.98333333,24621.73587
7/20/2012,1.79,74.786,372.1,22633,7.57,1246.974874,28076.03306,22633,51.65416667,2519.008264,55.9875,50.2875,25465.78559
7/21/2012,2.55,80.096,368.72,22878,9.13,336.2392034,28119.66942,22878,51.92916667,2459.504132,56.125,50.3375,25709.54434
7/22/2012,1.86,86.45,367.68,22714,8.27,-213.3790507,28068.09917,22714,52.0625,3074.380165,55.74583333,50.28333333,24582.51032
7/23/2012,1.34,85.964,355.57,23141,9.92,838.2086883,28169.2562,23141,52.175,3074.380165,55.85833333,50.18333333,24697.38514
7/24/2012,3.89,80.78,362.34,22871,11.12,127.4908931,28351.73554,22871,51.62916667,2360.330579,56.57083333,49.97083333,25102.24882
7/25/2012,2.78,79.898,366.49,23224,7.92,1242.156139,28335.86777,23224,51.36666667,2400,56.4375,50.15833333,25654.2083
7/26/2012,2.41,81.014,356.91,23072,5.24,129.6594686,28391.40496,23072,51.6625,3173.553719,56.05833333,50.05,24749.21889
7/27/2012,2.1,80.474,365.45,23104,5.31,500.6323497,28397.35537,23104,51.6125,3173.553719,56.1375,50.22083333,24844.48094
7/28/2012,1.83,81.41,365.5,22702,5.2,-22.67928711,28415.20661,22702,51.64583333,2419.834711,56.54166667,50.39583333,25320.79115
7/29/2012,1.69,82.526,362.64,22953,6.32,925.5807508,28298.18182,22953,51.77083333,2380.165289,56.8625,50.49166667,25965.91131
7/30/2012,2.41,83.066,364.53,23047,4.41,46.10521893,28365.61983,23047,52.0875,3014.876033,56.30833333,50.64583333,25098.04608
7/31/2012,2.13,82.922,362.35,23022,3.38,227.6977217,28244.6281,23022,52.1375,2479.338843,56.74166667,50.80833333,25479.09425
8/1/2012,1.98,84.74,364.05,23129,1.44,393.1950062,28270.41322,23129,52.35,3094.214876,56.46666667,50.9625,25052.51643
8/2/2012,1.85,85.208,364.65,22965,0.23,-40.31808289,28220.82645,22965,52.54166667,3074.380165,56.52083333,50.86666667,24826.26908
8/3/2012,2.21,84.848,359.71,22940,1.01,295.177201,28147.43802,22940,52.3125,3114.049587,56.59583333,50.50833333,24847.98322
8/4/2012,3.83,84.488,348.26,23141,2.9,386.4052098,28159.33884,23141,52.22083333,3133.884298,56.63333333,50.5875,25012.59043
8/5/2012,3.1,83.336,347.42,23575,6.21,446.8641155,28264.46281,23575,52.3375,2717.355372,56.74166667,50.9375,25780.99088
8/6/2012,3.76,81.752,351.85,23231,3.98,-577.883442,28191.07438,23231,52.61666667,3133.884298,56.73333333,50.85,24461.3314
8/7/2012,4.21,80.924,350.72,22564,4.34,-71.14131736,28046.28099,22564,52.37916667,2419.834711,57.0375,50.87083333,24618.23359
8/8/2012,1.68,85.622,356.29,22297,-1.6,741.212691,26409.91736,22297,52.6,2419.834711,57.11666667,50.27916667,23710.44235
8/9/2012,2.39,87.998,351.73,21714,-2.73,-303.3597054,26259.17355,21714,52.0375,3034.710744,56.91666667,50.1375,22535.7773
8/10/2012,1.97,86.306,357.19,23110,-5.26,2084.68551,26493.22314,23110,52.09166667,3014.876033,56.925,50.15416667,23435.16306
8/11/2012,2.96,87.548,350.39,23237,-1.35,170.1840474,27310.41322,23237,52.25416667,2697.520661,56.99583333,50.27916667,22694.78086
8/12/2012,3,91.4,339.49,22840,3.85,1521.111702,25570.90909,22840,52.275,2657.85124,57.00833333,50.03333333,20631.93735
8/13/2012,1.66,92.984,334.24,23575,5.74,3016.120501,24821.15702,23575,52.42916667,3074.380165,57.04166667,49.89166667,20431.60688
8/14/2012,2.65,93.182,320.57,23657,3.9,1397.16998,24809.2562,23657,52.17083333,2975.206612,57.09166667,49.47083333,20091.88562
8/15/2012,2.9,91.076,330.18,23141,4.07,1226.163967,24912.39669,23141,51.70416667,3114.049587,57.1,49.4375,19512.60835
8/16/2012,2.23,89.852,334.39,22896,4.84,2040.738757,23980.16529,22896,51.61666667,2975.206612,57.15416667,49.55833333,18910.91647
8/17/2012,3.15,88.988,335.28,23192,0.73,2390.042208,24001.98347,23192,51.85,3034.710744,57.125,49.4,19458.67322
8/18/2012,3.76,83.822,215.38,22790,2.64,1106.599507,24700.16529,22790,51.95833333,2995.041322,57.1375,49.54166667,19470.58098
8/19/2012,2.18,84.326,330.65,22075,3.34,1519.542987,24710.08264,22075,52.05,2955.371901,57.15,48.84583333,19240.83134
8/20/2012,2.54,86.018,331.46,22174,0.8,2612.879404,23984.13223,22174,51.00416667,2876.033058,57.15,48.46666667,19411.0422
8/21/2012,2.24,83.48,334.8,22347,-2.74,1870.056974,24111.07438,22347,50.70416667,2995.041322,57.15,48.49166667,19581.95351
8/22/2012,2.58,82.382,329.73,22834,-0.79,2021.079548,23321.65289,22834,50.65416667,3014.876033,57.16666667,48.52916667,19153.27432
8/23/2012,3.27,82.148,330.37,22802,-2.67,1121.50254,22811.90083,22802,50.84166667,2955.371901,57.19166667,48.51666667,18208.3589
8/24/2012,3.28,81.59,327.28,22670,-2.26,1516.170026,22815.86777,22670,50.8125,3034.710744,57.15833333,48.55416667,18003.82569
8/25/2012,4.45,78.476,325.48,22451,-0.52,1558.331335,22016.52893,22451,50.77083333,2915.702479,57.1875,48.575,17203.90471
8/26/2012,5.34,75.47,320.08,22254,-0.56,1699.921736,21820.16529,22254,50.7375,2459.504132,57.175,48.62083333,17472.17944
8/27/2012,3.29,74.138,318.71,22739,-1.07,2373.481717,21834.04959,22739,50.64166667,2320.661157,57.525,48.7,18529.8683
8/28/2012,3.33,76.19,316.5,22764,-0.95,1008.52013,21893.55372,22764,50.61666667,2300.826446,57.64166667,48.67083333,18122.90325
8/29/2012,1.77,78.116,318.44,22482,-9.47,1187.824023,21425.45455,22482,51.00416667,3094.214876,57.08333333,48.65833333,16261.09067
8/30/2012,2.91,79.124,314.25,22236,-10.61,1824.148999,20838.34711,22236,50.99166667,3074.380165,57.075,48.67083333,15673.40792
8/31/2012,4.68,75.128,314.01,21976,-4.81,1830.559022,20830.41322,21976,51.075,3014.876033,57.00416667,48.75833333,15919.9685
9/1/2012,1.96,73.292,311.68,21193,-2.68,1112.56869,20848.26446,21193,51.08333333,3034.710744,56.90833333,48.74166667,15379.91677
9/2/2012,1.78,79.376,310.56,20925,-3.9,2165.636949,20840.33058,20925,51.05833333,3034.710744,56.86666667,48.75,15854.12562
9/3/2012,2.21,81.608,309.21,21587,-4.45,2613.494215,19906.1157,21587,51.04583333,3034.710744,56.82083333,48.82916667,15925.57215
9/4/2012,2.29,81.122,306,22458,-4.44,1816.832809,19860.49587,22458,51.19583333,3034.710744,56.76666667,48.93333333,15997.01868
9/5/2012,4.14,80.762,290.17,21665,-5.78,35.76644397,18910.41322,21665,51.03333333,2320.661157,57.05416667,48.90416667,14285.80419
9/6/2012,4.31,80.204,274.07,20913,-1.08,1551.947876,18051.57025,20913,51.33333333,2975.206612,56.56666667,48.94583333,13214.1062
9/7/2012,2.54,79.574,291.91,20364,0.91,1313.257436,18011.90083,20364,51.53333333,3094.214876,56.52916667,48.925,10131.39847
9/8/2012,2.46,82.994,287.86,19835,1.34,4257.28748,18025.78512,19835,51.50416667,3114.049587,56.47916667,48.97083333,10625.92055
9/9/2012,2.87,79.448,292.74,20440,-3.54,4890.814987,16772.2314,20440,51.55,3094.214876,56.46666667,49.03333333,13402.52892
9/10/2012,1.73,78.386,290.93,21611,-4.9,1446.487609,16803.96694,21611,51.45,2757.024793,56.825,49.04583333,13922.96788
9/11/2012,2.31,78.782,286.05,22626,-2.51,1138.974269,16891.23967,22626,51.37083333,2201.652893,56.95,49.06666667,13676.40729
9/12/2012,1.98,80.852,284.37,21866,-3.29,253.1794869,15957.02479,21866,51.30416667,2221.487603,56.73333333,49.05,11102.23076
9/13/2012,2.41,82.868,274.61,22180,-1.66,2947.30643,15895.53719,22180,51.575,2737.190083,56.56666667,49.13333333,11528.80859
9/14/2012,3.1,82.508,267.98,22303,1.11,1752.538517,15867.7686,22303,51.7,2737.190083,56.5375,49.15416667,11471.37118
9/15/2012,3.44,78.566,280.21,22254,-2.7,1610.207332,15851.90083,22254,51.84583333,2697.520661,56.70833333,49.14583333,11359.99864
9/16/2012,2.79,77.396,277.81,21732,-6.29,1272.381525,15879.66942,21732,51.95833333,2638.016529,56.70416667,49.2375,10917.31032
9/17/2012,2.57,77.954,275.28,22168,-6.5,2760.342573,15865.78512,22168,51.88333333,2737.190083,56.525,49.37083333,11721.43404
9/18/2012,2.54,78.044,273.53,21756,-7.23,995.1610013,15889.58678,21756,52.025,2915.702479,56.2,49.35,10836.05741
9/19/2012,2.9,77.99,269.72,21835,-4.98,2216.826888,15865.78512,21835,52.05833333,2995.041322,56.125,49.35833333,11371.9064
9/20/2012,2.48,77.63,261.3,22081,-3.21,1744.837402,15840,22081,51.8875,2360.330579,56.62083333,49.38333333,11979.20192
9/21/2012,2.15,77.324,257.29,21915,-2.78,1334.467501,14965.28926,21915,51.78333333,2340.495868,56.59166667,48.725,10842.36151
9/22/2012,1.67,78.332,262.6,21720,-4.78,1587.431878,14887.93388,21720,51.72083333,3034.710744,56.33333333,48.30416667,10627.32146
9/23/2012,3.36,76.694,236.15,21199,-5.16,704.9016805,14870.08264,21199,51.18333333,3014.876033,55.99583333,48.30416667,9698.516537
9/24/2012,3.22,73.256,255.86,21080,-1.51,2037.690075,14935.53719,21080,51.48333333,3054.545455,55.97083333,48.3875,10143.30622
9/25/2012,1.65,76.856,252.74,21562,-1.02,2219.685516,14897.85124,21562,51.10416667,3054.545455,55.9875,48.44583333,10647.63469
9/26/2012,1.49,79.97,251.5,22007,-1.28,1640.671095,13989.42149,22007,51.05,2995.041322,55.90833333,48.69583333,9886.939255
9/27/2012,1.71,79.088,248.31,22316,-0.93,1416.44091,13892.2314,22316,51.35,3094.214876,55.875,48.67083333,9577.337615
9/28/2012,1.95,79.772,244.14,22192,-1.42,1096.678914,13890.24793,22192,51.54583333,3213.22314,55.80416667,48.65,9021.875849
9/29/2012,1.69,79.754,246.23,22396,-4.83,1859.148944,13900.16529,22396,51.62916667,3193.38843,55.79583333,48.65,9186.483056
9/30/2012,1.47,79.826,243.52,22771,-5.24,1895.293804,13888.26446,22771,51.66666667,3252.892562,55.78333333,48.65416667,9026.078586
10/1/2012,1.84,82.094,240.62,22328,-5.22,1166.293315,13900.16529,22328,51.53333333,3213.22314,55.7,48.75,8186.231603
10/2/2012,1.6,82.076,222.62,21769,-6.08,1941.710546,13918.01653,21769,51.65,3153.719008,55.73333333,49.08333333,8203.743008
10/3/2012,2.77,79.502,231.69,22402,-4.07,3193.554513,13898.18182,22402,51.81666667,3213.22314,55.7,48.95,9255.828219
10/4/2012,3.53,74.336,234.2,22038,-3.7,1065.130459,13428.09917,22038,51.75416667,3213.22314,55.61666667,48.99583333,7828.998941
10/5/2012,3.84,67.064,220.49,22260,-0.4,2607.877092,13380.49587,22260,51.69166667,3312.396694,55.61666667,49.075,8247.871748
10/6/2012,2.62,64.256,224.19,22254,3.57,1814.227426,13404.29752,22254,51.67083333,3153.719008,55.675,49.09166667,8233.862624
10/7/2012,2.57,65.858,226.97,22408,0.5,2170.715888,13396.36364,22408,51.65416667,3153.719008,55.65,49.15,8414.580324
10/8/2012,3.48,63.23,219.89,22236,2.74,1656.064304,12946.1157,22236,51.4125,1880.330579,56.2375,49.16666667,8990.35532
10/9/2012,2.9,63.212,216.49,21295,4.49,1134.429804,12894.54545,21295,51.28333333,1927.933884,55.81666667,49.38333333,8112.683702
10/10/2012,1.83,66.218,216.47,22211,2.92,3769.927868,12914.38017,22211,51.33333333,2062.809917,55.70416667,49.42916667,9893.243361
10/11/2012,3.27,66.29,216.03,22303,1.98,1050.326887,12924.29752,22303,51.30833333,1983.471074,55.74166667,49.54166667,9037.986341
10/12/2012,4.29,60.908,210.72,22013,4.75,1612.840105,12896.52893,22013,51.3625,1945.785124,55.8125,49.6,8773.914354
10/13/2012,1.23,64.85,154.42,21593,5.84,1756.829448,12890.57851,21593,51.39166667,1935.867769,55.89166667,49.8,8593.196655
10/14/2012,1.97,69.044,204.09,21380,6.96,2148.514089,12900.49587,21380,51.525,1927.933884,55.95,49.63333333,8995.958969
10/15/2012,1.97,71.744,139.91,21086,7.77,1682.603014,12896.52893,21086,51.5,1939.834711,56.00416667,49.97083333,8962.337072
10/16/2012,2.95,73.112,139.28,21140,10.02,2048.357143,12888.59504,21140,51.70416667,1910.082645,56.0375,50.075,9091.221012
10/17/2012,3.96,67.316,201.21,20358,-5.05,1105.291385,12916.36364,20358,52.175,1483.636364,56.22916667,50.19166667,8859.37001
10/18/2012,2.56,69.044,200.72,20586,-10.43,2801.357263,12910.41322,20586,51.6125,1459.834711,56.24583333,50.14583333,9769.96307
10/19/2012,3.56,69.998,181.79,20188,-1,1282.615442,13394.38017,20188,51.5375,1410.247934,56.2625,50.60833333,9671.198746
10/20/2012,2.91,64.994,183.79,20358,0.36,2482.933485,13422.14876,20358,51.81666667,1128.595041,56.2375,50.52916667,10445.20285
10/21/2012,3.79,55.202,195.04,20487,-6.79,1977.350869,13424.13223,20487,51.76666667,1277.355372,56.1625,50.5375,10222.45777
10/22/2012,6.11,47.21,116.69,20776,4.38,2213.31909,13326.94215,20776,51.64583333,1674.049587,56.13333333,50.5625,9831.603215
10/23/2012,3.92,47.93,130.47,21032,3.1,2077.289347,13402.31405,21032,51.74583333,1616.528926,56.275,51.15833333,10087.97018
10/24/2012,2.99,45.788,86.69,21465,5.05,2130.814944,13424.13223,21465,51.87083333,2042.975207,55.98333333,50.92916667,9950.680769
10/25/2012,1.85,50.036,141.53,21489,5.2,1454.476256,13408.26446,21489,52.22916667,2280.991736,55.9625,51.425,9228.510428
10/26/2012,2.22,54.932,152.14,21008,1.89,1417.762299,13404.29752,21008,52.12083333,1362.644628,56.24166667,51.2,10071.85969
10/27/2012,2.57,62.006,139.17,20446,6.08,1407.793203,13394.38017,20446,52.275,1277.355372,56.1625,51.3625,9895.344729
10/28/2012,1.47,64.778,133.79,19674,8.42,1449.680064,12922.31405,19674,52.25833333,1200,56.3,51.775,9553.522104
10/29/2012,1.76,66.47,163.59,19215,8.18,1709.791946,12918.34711,19215,52.63333333,1116.694215,56.19166667,51.725,9674.701027
10/30/2012,3.18,62.132,165.46,19271,6.65,2182.951866,12922.31405,19271,52.6,515.7024793,56.24166667,51.94166667,10933.42082
10/31/2012,3.68,50.306,60.81,19271,7.13,1473.19075,12910.41322,19271,52.50833333,551.4049587,56.025,52.01666667,10913.80804
11/1/2012,1.85,52.7,124.76,19956,8.81,2130.200224,12904.46281,19956,52.40416667,763.6363636,55.93333333,52.27083333,11042.69198
11/2/2012,0.81,54.698,99.91,20452,7.87,1594.134466,12906.44628,20452,52.70416667,960,56.05833333,52.44583333,10857.77155
11/3/2012,1.6,59.45,110.25,20522,6.38,1158.674731,12910.41322,20522,53.05,817.1900826,55.89583333,51.975,10711.3762
11/4/2012,3.11,63.59,154.67,20663,7.64,1522.84694,13428.09917,20663,52.81666667,890.5785124,55.92916667,52.34166667,10600.00367
11/5/2012,1.93,66.434,157.19,20985,7.06,2259.516991,12874.71074,20985,52.99166667,160.661157,56.05833333,52.39166667,11628.27337
11/6/2012,1.12,65.66,157.01,20651,6.28,751.7762168,12759.66942,20651,52.925,122.9752066,55.69166667,52.49583333,10871.78067
11/7/2012,1.75,62.006,133.84,19933,6.02,1046.913545,12013.8843,19933,52.88333333,79.33884298,55.72083333,52.5875,9845.612339
11/8/2012,3.69,51.386,112.47,19898,1.5,2053.933116,11918.67769,19898,52.77916667,77.3553719,55.74583333,52.6375,10296.00568
11/9/2012,2.01,43.934,123.12,20147,-0.09,1794.316634,11948.42975,20147,52.43333333,77.3553719,55.6375,52.8375,10641.33058
11/10/2012,1.46,43.808,137.71,20135,-3.78,1217.7438,11952.39669,20135,52.59166667,75.37190083,55.53333333,52.99166667,10244.87237
11/11/2012,0.81,43.322,100.58,19910,-4.5,1407.152423,11912.72727,19910,52.72916667,75.37190083,55.62916667,53.025,10071.85969
11/12/2012,0.84,47.624,60.82,19875,-0.71,1730.495682,11926.61157,19875,52.7625,75.37190083,55.5625,53.0375,10443.10148
11/13/2012,1.13,49.046,62.74,19674,1.71,1207.138189,12152.72727,19674,53.01666667,75.37190083,55.49166667,53.3,10286.19929
11/14/2012,1.11,53.312,122.74,19288,4.75,1405.156082,12529.58678,19288,53.2125,75.37190083,55.50416667,53.34583333,10397.57182
11/15/2012,1.86,54.68,126.04,20805,3.75,3573.643056,12083.30579,20805,53.35416667,75.37190083,55.55416667,53.34166667,11999.51515
11/16/2012,3.17,50.234,46.31,21890,5.65,1093.418734,12503.80165,21890,53.28333333,75.37190083,55.55416667,53.45416667,11981.30329
11/17/2012,5.04,49.748,64.95,21574,8.97,131.1264621,12539.50413,21574,53.29166667,75.37190083,55.3375,53.55416667,10469.01836
11/18/2012,4.81,48.074,73.19,21538,6.7,1959.113871,12170.57851,21538,53.14583333,75.37190083,55.25,53.49583333,10548.16991
11/19/2012,7.09,49.856,42.75,22347,8.71,2356.036702,11756.03306,22347,53.15,75.37190083,55.34166667,53.67083333,10742.89673
11/20/2012,8.58,52.484,62.98,22551,10.47,1141.764427,11728.26446,22551,53.32083333,41.65289256,55.2375,53.48333333,9740.543909
11/21/2012,2.58,48.29,81.7,22903,6.69,2298.067661,11385.12397,22903,53.55416667,1406.280992,55.09583333,53.82916667,8620.514446
11/22/2012,1.74,48.938,127.02,22384,4.78,839.3285292,10851.57025,22384,53.60833333,27.76859504,55.49166667,54.00833333,8767.610248
11/23/2012,1.88,51.872,128.77,22878,4.15,2550.191405,10423.1405,22878,53.49583333,27.76859504,55.37083333,53.70833333,9636.876392
11/24/2012,1.01,55.058,128.98,21890,4.18,-229.5044912,10353.71901,21890,53.62083333,27.76859504,55.3625,53.62083333,7828.998941
11/25/2012,1.38,55.526,128.63,21301,5.85,1907.951472,10339.83471,21301,53.64583333,27.76859504,55.3375,53.62916667,8295.50277
11/26/2012,1.47,52.088,128.59,21550,4.92,2265.563346,10337.85124,21550,53.51666667,27.76859504,55.24166667,53.4625,9122.741541
11/27/2012,3.15,50.522,117.58,20692,5.41,329.3411036,10149.42149,20692,53.45,27.76859504,54.875,53.16666667,7684.004508
11/28/2012,6.92,49.946,59.67,20422,8.21,2167.648385,9951.07438,20422,53.2375,712.0661157,54.7,54.45416667,7555.120567
11/29/2012,10.44,51.08,47.78,19668,9.6,929.8876975,9756.694215,19668,53.16666667,1360.661157,54.58333333,55.05416667,5500.682534
11/30/2012,8.19,50.09,63.52,20381,8.25,3608.350524,9554.380165,20381,53.67083333,3788.429752,54.26666667,55.39583333,2753.49332
12/1/2012,8.19,48.668,57.98,22279,8.5,4910.457093,9360,22279,54.29583333,3292.561983,54.20416667,55.20416667,3706.113751
12/2/2012,7.11,51.422,80.6,21970,7.87,2052.324266,9871.735537,21970,54.7125,2280.991736,54.34583333,55.075,1990.696519
12/3/2012,2.93,47.246,88.76,22476,6.04,6106.047283,9695.206612,22476,54.6,3530.578512,53.875,54.7375,4216.045864
12/4/2012,6.98,48.956,33,22248,8.62,1720.582235,9409.586777,22248,54.66666667,1067.107438,54.425,54.1375,6419.681068
12/5/2012,1.34,49.064,26.38,21253,8.62,927.7982708,9397.68595,21253,54.45833333,3728.92562,53.5625,53.775,2473.31084
12/6/2012,1.75,48.956,115.42,22557,7.05,4499.449491,9407.603306,22557,54.0625,2876.033058,51.30833333,53.37083333,6054.042932
12/7/2012,2.35,45.716,113,21471,2.03,-608.4726841,9429.421488,21471,53.5375,2856.198347,48,52.9125,4172.61758
12/8/2012,2.81,43.538,107.9,19243,0.2,172.6055605,9425.454545,19243,53.12083333,1846.61157,48,52.75833333,4404.468582
12/9/2012,3.43,45.122,109.63,20100,1.73,4031.374393,9155.702479,20100,52.64583333,1297.190083,48,52.72916667,7862.620839
12/10/2012,2.47,47.75,116.98,21020,3.91,915.8915577,9320.330579,21020,52.27083333,162.6446281,48,52.7,9327.274752
12/11/2012,1.73,45.932,70.25,19473,4.33,-1716.588802,9060.495868,19473,52.35,162.6446281,48,52.7625,6344.031798
12/12/2012,2.28,43.916,102.24,19316,2.56,2396.819442,9048.595041,19316,52.32083333,162.6446281,48,52.30833333,8007.615272
12/13/2012,1.96,38.93,116.27,19024,-1.16,586.3351412,9024.793388,19024,52.05416667,160.661157,48,52.72916667,7765.257427
12/14/2012,0.77,37.688,84.73,19243,-0.96,1317.874804,9030.743802,19243,51.4375,311.4049587,48,52.2625,7915.85551
12/15/2012,3.17,36.446,55.85,19400,0.82,960.483333,9074.380165,19400,51.5375,162.6446281,48,52.4,8150.508337
12/16/2012,6.14,39.74,32.9,19622,3.46,983.2272002,9028.760331,19622,51.1875,160.661157,48,51.92083333,8128.794194
12/17/2012,3.17,42.764,79.12,19956,3.23,1073.30498,9028.760331,19956,51.39583333,142.8099174,48,52.09583333,8231.761256
12/18/2012,2.95,37.076,104.61,20811,-3.15,1509.189157,9040.661157,20811,50.99583333,2836.363636,48,52.05833333,5843.906072
12/19/2012,3.26,35.51,78.02,21074,-4.43,623.3914487,9062.479339,21074,50.48333333,3292.561983,48,52.2,4696.558817
12/20/2012,6.6,35.006,44.11,20674,-0.44,673.3585384,9062.479339,20674,50.325,2737.190083,48,52.05833333,4496.228344
12/21/2012,5.17,37.436,43.74,22174,1.91,3329.060912,8661.818182,22174,49.93333333,3193.38843,48,51.92916667,5448.848775
12/22/2012,7.43,38.804,72.9,22733,1.46,578.5809771,9260.826446,22733,49.78333333,4502.479339,48,51.8,3044.883099
12/23/2012,5.42,37.13,40.97,23122,1.75,2102.464008,9387.768595,23122,49.475,4046.280992,48,51.52916667,2981.141585
12/24/2012,0.99,37.22,93.74,22075,1.16,1313.346018,9433.38843,22075,49.45,2737.190083,48,51.59166667,3984.194862
12/25/2012,2.5,35.276,37.92,21744,0.79,2381.003485,9433.38843,21744,49.4125,2757.024793,48,51.62916667,4414.975425
12/26/2012,1.21,37.508,69.59,21205,1.67,1722.388211,9421.487603,21205,49.1375,3054.545455,48,51.49166667,4496.228344
12/27/2012,1.16,33.332,89.37,21038,-0.86,1703.713805,9377.85124,21038,49.16666667,3391.735537,48,51.17916667,4591.490387
12/28/2012,1.27,31.424,70.21,21495,-1.72,1851.625315,9240.991736,21495,48.675,3927.272727,48,50.725,4498.329713
12/29/2012,1.46,33.242,73.44,21338,-1.26,658.3892953,9264.793388,21338,48.60833333,3788.429752,48,50.64166667,4230.054988
12/30/2012,2.02,33.008,113.87,21158,-2.47,1066.308648,9215.206612,21158,48.39583333,3014.876033,48,50.5,4960.630804
12/31/2012,1.09,36.068,8.89,21350,-2.15,1431.699775,9260.826446,21350,48.32083333,3451.239669,48,50.29583333,4831.746864
1/1/2013,2.46,32.684,121.14,21152,-3.57,779.8399129,9252.892562,21152,48.1,3947.107438,48,50.11666667,3854.610465
1/2/2013,1.66,35.258,122.34,21562,-3.46,1861.174659,9235.041322,21562,47.82083333,3669.421488,48,50.125,4903.193396
1/3/2013,0.8,37.238,108.3,21356,-2.64,456.4264387,9068.429752,21356,47.69583333,3689.256198,48,49.72083333,3996.102618
1/4/2013,1.17,39.128,102.51,21229,-1.29,1256.070936,9040.661157,21229,47.7,3550.413223,48,49.54583333,5097.219763
1/5/2013,1.26,38.426,72.81,20118,0.98,-717.9718291,9050.578512,20118,47.88333333,1628.429752,48,49.18333333,5482.470673
1/6/2013,2.36,40.892,114.83,18686,2.71,507.6780873,9064.46281,18686,48.16666667,1564.958678,48,49.38333333,5172.869033
1/7/2013,1.63,42.368,79.53,19074,2.62,2714.635099,9082.31405,19074,48.25416667,1438.016529,48,49.34583333,7174.072395
1/8/2013,2.42,44.834,106.32,18465,3.7,-138.7748743,8971.239669,18465,48.45416667,1295.206612,48,49.22083333,6133.894938
1/9/2013,2.18,43.736,68.22,18111,3.86,1188.13812,8802.644628,18111,48.575,1424.132231,48,49.03333333,6210.94512
1/10/2013,2.96,36.428,87.26,21319,-1.62,4375.567277,8856.198347,21319,48.42083333,162.6446281,48,48.82083333,11157.5668
1/11/2013,2.38,34.79,70.17,21301,-2.32,-2482.013081,9068.429752,21301,48.35416667,160.661157,48,48.40833333,8079.061804
1/12/2013,2.43,30.992,128.48,20118,-5.24,-354.293209,9088.264463,20118,48.13333333,478.0165289,48,48.37083333,6458.906615
1/13/2013,2.98,27.716,133.18,18890,-7.02,923.3413189,9072.396694,18890,47.68333333,160.661157,48,48.425,6792.323766
1/14/2013,2.53,28.778,130.61,18835,-7,2064.411771,8868.099174,18835,47.43333333,132.892562,48,48.375,7798.879325
1/15/2013,2.64,34.142,133.68,18030,-4.15,131.3272866,8836.363636,18030,47.67916667,269.7520661,48,48.3375,6796.526503
1/16/2013,2.69,37.22,136.91,18675,-3.25,2415.085067,8772.892562,18675,47.9,111.0743802,48,48.1375,8765.50888
1/17/2013,2.33,38.552,136.48,19282,-3.47,503.3093018,8739.173554,19282,48.07083333,111.0743802,48,48.45833333,8668.145468
1/18/2013,2.18,39.596,140.37,20247,-3.76,924.9537056,8747.107438,20247,47.99166667,107.107438,48,48.01666667,9071.608239
1/19/2013,2.08,39.632,140.09,20498,-4.65,-180.608239,8812.561983,20498,48.10416667,87.27272727,48,47.80833333,8182.028866
1/20/2013,1.82,40.208,137.88,19226,-4.89,-728.7396098,8917.68595,19226,47.85416667,87.27272727,48,47.5625,6804.231521
1/21/2013,1.23,41.396,144.62,18345,-3.93,1145.181702,9006.942149,18345,47.60416667,1388.429752,48,47.4,5758.450416
1/22/2013,1.67,41.81,142.21,19996,-2.2,3511.061981,9042.644628,19996,47.1,87.27272727,48,47.225,9660.691903
1/23/2013,2.94,41.99,55.58,19749,2.39,-952.3200022,9026.77686,19749,47.25833333,87.27272727,48,47.1,7807.284799
1/24/2013,1.06,44.996,51.46,20299,4.58,1682.219333,9056.528926,20299,47.42083333,87.27272727,48,47.05,8577.086162
1/25/2013,0.98,45.968,44.48,19316,4.73,-590.8299637,9008.92562,19316,47.4875,115.0413223,48,46.90833333,6937.318199
1/26/2013,2,45.158,142.16,18388,3.22,1028.566099,9026.77686,18388,47.6,158.677686,48,46.99583333,7034.681611
1/27/2013,3.19,41.162,138.98,17867,-0.55,1312.417563,9066.446281,17867,47.22916667,158.677686,48,46.49166667,7358.292375
1/28/2013,2.3,41.432,103.76,18874,0.63,2556.47622,9026.77686,18874,47.03333333,158.677686,48,46.62916667,8855.167273
1/29/2013,3.31,43.376,145.42,18554,2.26,-307.0680994,9058.512397,18554,46.65416667,170.5785124,48,46.67083333,7602.751589
1/30/2013,3.2,44.402,154.86,19052,2.06,1783.182295,9038.677686,19052,46.825,1501.487603,48,47.20833333,6870.074404
1/31/2013,1.95,45.266,158.19,19198,1.3,813.1156786,9030.743802,19198,46.61666667,158.677686,48,47.60416667,8057.347662
2/1/2013,1.62,44.762,162.78,19559,0.25,1175.718454,9054.545455,19559,47.22916667,305.4545455,48,47.975,8217.752132
2/2/2013,1.39,44.888,153.63,19147,0.54,119.3387771,9038.677686,19147,47.64583333,158.677686,48,47.82083333,8688.458698
2/3/2013,2.17,44.636,164.1,18182,1.45,-773.458698,8832.396694,18182,47.99583333,158.677686,48,47.74583333,6846.258893
2/4/2013,1.09,45.77,159.54,19485,0.41,3130.460115,8705.454545,19485,47.98333333,158.677686,48,47.68333333,8914.70605
2/5/2013,0.97,44.42,109.51,18824,1.95,-1028.92919,8899.834711,18824,47.94166667,904.4628099,48,47.75,6254.373405
2/6/2013,1.58,43.394,167.18,19593,1.56,2509.998496,8917.68595,19593,47.70833333,158.677686,48,47.61666667,8642.929045
2/7/2013,2.78,42.098,129.58,19772,2.7,295.0792195,9074.380165,19772,47.65833333,158.677686,48,47.30833333,8043.338538
2/8/2013,4.08,40.208,160.41,19473,0.26,573.3639413,8870.082645,19473,47.8875,158.677686,48,47.47916667,7555.120567
2/9/2013,3.72,37.814,176.24,19237,-2.95,920.2843917,8558.677686,19237,47.5625,158.677686,48,47.8125,7562.825585
2/10/2013,3.04,39.812,175.4,18388,-0.77,-11.825585,8209.586777,18388,47.44166667,158.677686,48,47.8875,6727.181339
2/11/2013,2.59,41.27,178.62,18487,-0.29,1422.727752,8275.041322,18487,47.59166667,158.677686,48,47.69166667,7394.015641
2/12/2013,2.73,43.286,179.36,18554,0.98,789.3479954,8110.413223,18554,47.70833333,158.677686,48,47.67916667,7132.045023
2/13/2013,3.13,44.078,180.69,18813,1.56,1078.690514,7933.884298,18813,47.80833333,158.677686,48,47.56666667,7138.349128
2/14/2013,4.07,46.202,185.41,20176,2.45,1999.857484,7719.669421,20176,47.99166667,158.677686,48,47.67083333,8215.650763
2/15/2013,2.21,46.814,188.18,21301,1.39,470.3409725,7721.652893,21301,47.99166667,158.677686,48,47.81666667,8081.163173
2/16/2013,1.11,48.974,186.46,21110,2,-709.1879664,7715.702479,21110,48.05,158.677686,48,47.47916667,6636.122033
2/17/2013,3.66,45.41,194.62,19731,-0.26,-458.0972396,7709.752066,19731,48.17083333,158.677686,48,47.45416667,5573.529979
2/18/2013,1.28,42.908,119.36,20094,-0.79,2340.544401,7723.636364,20094,47.85,692.231405,48,47.39166667,6693.559442
2/19/2013,3.53,39.848,133.45,19875,0.26,118.8455167,7741.487603,19875,47.41666667,158.677686,48,47.00833333,6588.491012
2/20/2013,3.54,39.776,188.78,19818,-1.44,937.3189054,7731.570248,19818,47.40833333,158.677686,48,47.19166667,6822.443382
2/21/2013,3.14,41.036,183.99,19818,-1.39,750.44918,7731.570248,19818,47.20416667,158.677686,48,47.2625,6907.899039
2/22/2013,1.89,44.474,161.49,19305,1.63,151.993523,7737.520661,19305,47.19166667,158.677686,48,47.2875,6358.040922
2/23/2013,4.81,42.584,189.11,19496,-1.45,1411.802053,7735.53719,19496,47.48333333,158.677686,48,47.17916667,7017.170206
2/24/2013,2.9,40.892,199.84,19198,-1.97,261.6892981,7719.669421,19198,47.575,158.677686,48,47.33333333,6719.476321
2/25/2013,2.6,43.178,192.78,19841,-1.37,1484.515415,7745.454545,19841,47.43333333,164.6280992,48,47.24583333,7612.557975
2/26/2013,2.78,42.368,203.43,19007,-2.35,-865.7315287,7745.454545,19007,47.67916667,158.677686,48,47.27916667,6026.72514
2/27/2013,1.04,47.804,181.69,19570,1.01,2123.05172,7769.256198,19570,47.59583333,158.677686,48,47.325,7550.91783
2/28/2013,1.04,51.188,102.32,19226,5.35,-284.3393176,7743.471074,19226,47.85416667,158.677686,48,47,6598.297399
3/1/2013,1.65,53.924,210.36,20002,6.56,1762.495989,7291.239669,20002,47.97916667,158.677686,48,47.025,7389.812904
3/2/2013,0.97,57.002,191.22,19559,8.03,-700.2509205,7699.834711,19559,47.85416667,158.677686,48,46.9875,6582.186906
3/3/2013,1.59,55.472,161.69,19316,7.4,715.9701188,7743.471074,19316,47.85416667,158.677686,48,46.9375,6503.035356
3/4/2013,3.1,52.232,206.79,19389,7.74,1154.758032,7680,19389,47.84166667,158.677686,48,46.85,6822.443382
3/5/2013,7.1,48.704,108.15,20405,6.73,1714.878932,7715.702479,20405,47.8375,158.677686,48,46.70416667,7431.840276
3/6/2013,7.83,43.628,157.2,20728,3.58,448.1845174,7689.917355,20728,47.6875,158.677686,48,46.45416667,6802.830609
3/7/2013,1.2,44.978,177.79,21423,2.46,1423.40906,7678.016529,21423,47.475,424.4628099,48,46.79583333,6943.622305
3/8/2013,3.5,44.906,237.06,21447,0.12,333.931414,9770.578512,21447,47.175,168.5950413,48,47.15,8948.327948
3/9/2013,3.29,45.878,243.52,18785,0.09,-2008.344477,10157.35537,18785,47.20416667,158.677686,48,47.04166667,6258.576142
3/10/2013,2.92,48.902,242.73,19074,1.67,4029.101544,10199.00826,19074,47.63478261,158.677686,48,47.1173913,9228.510428
3/11/2013,2.22,55.4,232.59,19777,4.69,1514.820151,10145.45455,19777,47.75833333,158.677686,48,47.0625,9716.728399
3/12/2013,0.98,59.504,237.77,19389,7.28,-117.9515395,9943.140496,19389,47.80416667,158.677686,48,46.8375,8364.847934
3/13/2013,1.54,60.35,218.69,19372,8.74,1402.614876,10113.71901,19372,47.85,158.677686,48,46.95833333,8864.97366
3/14/2013,1.71,61.952,208.34,19063,11.1,781.0676623,10151.40496,19063,47.74166667,158.677686,48,47.05833333,8813.139901
3/15/2013,2.72,59.54,219.78,18868,7.79,984.5873717,9988.760331,18868,47.85416667,158.677686,48,47.0875,8853.065905
3/16/2013,3.2,54.824,217.95,19541,5.06,1650.01674,9742.809917,19541,47.91666667,158.677686,48,47,9531.807962
3/17/2013,3.23,51.08,260.09,18692,1.02,-796.6757306,9477.024793,18692,47.82083333,158.677686,48,46.85833333,7550.91783
3/18/2013,1.18,52.826,183.15,18929,3,2004.429277,9125.950413,18929,47.87083333,158.677686,48,46.9,8432.091729
3/19/2013,3.37,52.7,101,20557,8.21,2163.180998,9048.595041,20557,47.68333333,158.677686,48,47.4875,9793.77858
3/20/2013,5.23,48.956,96.89,20734,7.74,-726.8612246,8826.446281,20734,47.48333333,777.5206612,48,47.32916667,7443.748031
3/21/2013,3.97,46.04,271.25,20014,1.74,-114.8224112,8443.636364,20014,48.075,158.677686,48,48.59166667,7054.994841
3/22/2013,4.47,43.214,276.83,19097,-2.74,312.9638367,8019.173554,19097,48.2125,158.677686,48,49.1375,6389.561451
3/23/2013,2.51,46.562,261.81,18703,-1.01,1076.934417,8003.305785,18703,48.76666667,158.677686,48,49.40833333,6899.493564
3/24/2013,1,54.392,187.19,17282,5.14,-475.8654648,8007.272727,17282,49.6125,158.677686,48,49.24583333,5839.703335
3/25/2013,2.39,56.984,192.32,17393,9.35,2119.891706,8027.107438,17393,49.99583333,158.677686,48,49.4,7150.256884
3/26/2013,2.02,55.148,145.68,17214,8.99,539.1728681,7670.082645,17214,50.30833333,158.677686,48,49.29583333,7082.312632
3/27/2013,3.41,54.194,184.02,17654,8.77,869.0923267,7457.85124,17654,50.4125,158.677686,48,49.8125,7495.58179
3/28/2013,3.58,53.834,194.8,19703,8.66,1852.591764,7904.132231,19703,50.15,158.677686,48,49.65416667,8881.084153
3/29/2013,0.98,58.568,230.01,21350,9.52,511.3703925,11256.19835,21350,50.20833333,166.6115702,48,50.20833333,11476.97483
3/30/2013,2.79,62.006,220.74,21223,11.69,-514.3880531,11516.03306,21223,50.51666667,158.677686,48,50.55833333,10216.85412
3/31/2013,3.99,54.914,147.38,21122,10.34,1039.501252,11516.03306,21122,50.875,158.677686,48,50.28333333,9940.874382
4/1/2013,2.17,53.204,148.19,22260,8.24,2554.48099,11174.87603,22260,50.8125,158.677686,48,50.13333333,10961.43906
4/2/2013,1.3,58.388,263.36,22620,9.86,414.7592871,11351.40496,22620,50.89166667,2181.818182,47.71666667,50.325,7955.781513
4/3/2013,2.7,61.178,274.28,22205,11.69,798.8052639,11484.29752,22205,50.88333333,158.677686,48.32083333,50.42916667,9660.691903
4/4/2013,5.87,53.582,113.09,22340,10.74,1799.927932,11464.46281,22340,51.1,1523.305785,47.94166667,49.875,8610.70806
4/5/2013,4.07,53.312,186.47,21556,9.33,546.4489648,11490.24793,21556,50.825,158.677686,48.37916667,49.3375,8370.451583
4/6/2013,3.92,54.5,192.91,21134,9.12,2539.118665,11486.28099,21134,50.45833333,158.677686,48.25833333,49.075,9313.265628
4/7/2013,4.14,53.672,164.76,20123,8.21,1003.337678,11468.42975,20123,50.325,158.677686,48.20833333,48.6125,7808.685711
4/8/2013,6.42,48.326,276.4,20457,1.65,3835.066355,11492.2314,20457,50.15833333,160.661157,48.30416667,50.49583333,10383.5627
4/9/2013,4.81,51.782,295.82,21122,3.41,1613.007548,11494.21488,21122,49.96666667,158.677686,48.55,51.17916667,10895.59618
4/10/2013,3.43,60.062,277.44,21259,8.19,576.9410101,11484.29752,21259,51.31666667,158.677686,48.5125,50.6125,10355.54445
4/11/2013,4.82,58.082,304.33,20452,6.12,163.0753847,11492.2314,20452,51.95,158.677686,48.65833333,51.825,9416.933145
4/12/2013,2.59,58.802,309.31,20364,5.61,1828.620574,11395.04132,20364,52.00833333,158.677686,48.72083333,51.97916667,10050.14555
4/13/2013,3.95,57.344,308.81,19950,3.9,772.2180864,10688.92562,19950,52.6875,158.677686,48.79583333,51.52083333,9117.137892
4/14/2013,3.24,50.126,240.63,18984,1.39,447.1100419,10897.19008,18984,52.575,158.677686,48.88333333,51.775,8815.24127
4/15/2013,4.62,46.544,278.57,18680,-0.14,1619.271127,10986.44628,18680,52.1625,158.677686,48.92916667,52.22916667,9448.453674
4/16/2013,5.12,46.49,319.47,18291,-0.79,990.314921,10960.66116,18291,52.05833333,158.677686,48.94583333,52.10833333,9365.099386
4/17/2013,4.03,47.822,329.25,19864,0.05,3009.884085,10952.72727,19864,52.19166667,158.677686,48.92916667,52.05416667,11322.17401
4/18/2013,3.07,54.644,326.21,18526,3.75,-1866.124423,11555.70248,18526,52.50416667,164.6280992,49.07916667,52.47916667,9517.798838
4/19/2013,3.56,59.864,313.26,19939,6.02,3286.275542,12384.79339,19939,52.79166667,176.5289256,49.22083333,52.4625,13233.71898
4/20/2013,3.84,57.902,331.84,19288,5.27,-1676.454517,13090.90909,19288,52.89166667,158.677686,49.25,51.88333333,11917.56178
4/21/2013,4.09,61.484,326.27,19322,6.03,1048.669625,13124.6281,19322,53.075,158.677686,49.32083333,52.67083333,12658.64444
4/22/2013,4.43,61.862,338.17,20358,5.77,1343.305973,13969.58678,20358,53.50833333,158.677686,49.44166667,52.125,14399.27809
4/23/2013,4.21,58.388,345.1,18785,3.52,-2161.368999,15955.04132,18785,53.15416667,172.5619835,49.50416667,51.52083333,13894.94963
4/24/2013,3.34,60.278,349.26,19058,2.43,2160.529709,17397.02479,19058,52.38333333,160.661157,49.60416667,51.23333333,17251.53574
4/25/2013,2.16,62.69,342,17654,4.16,-1419.172104,19804.95868,17654,52.4,158.677686,49.65416667,52.07083333,17996.12068
4/26/2013,1.41,68.594,341.31,19685,8.65,3681.160312,20764.95868,19685,52.5,158.677686,49.725,51.72083333,22283.61307
4/27/2013,1.5,70.7,343.47,18487,9.77,-2875.332078,20874.04959,18487,52.51666667,158.677686,49.71666667,51.45,19157.47705
4/28/2013,3.67,68.594,328,18874,7.69,1944.894851,20953.38843,18874,52.5125,160.661157,49.78333333,52.24583333,20842.77467
4/29/2013,4.06,66.128,339.14,19114,7.64,189.9526027,20921.65289,19114,53.10416667,158.677686,49.9125,51.09166667,20187.14767
4/30/2013,5.7,59.45,357.79,20411,1.68,1872.827537,20959.33884,20411,52.1625,160.661157,49.89583333,50.78333333,21622.38242
5/1/2013,4.91,57.092,359.8,21362,0.64,127.295266,20935.53719,21362,51.775,158.677686,49.95833333,50.95833333,21328.89127
5/2/2013,2.25,61.448,360.91,22081,2.68,166.9682341,20957.35537,22081,51.8375,158.677686,50.0125,51.3375,21201.40824
5/3/2013,2.82,68.81,357.09,21884,6.68,-599.730554,20951.40496,21884,51.90833333,158.677686,50.05833333,50.625,20336.34484
5/4/2013,4.62,65.21,360.18,21593,4.25,165.3824327,20941.4876,21593,51.675,158.677686,50.13333333,50.3625,20224.9723
5/5/2013,3.25,63.032,335.5,20182,7.49,-853.1623826,20957.35537,20182,52.05833333,158.677686,50.10416667,50.07083333,19274.45324
5/6/2013,3.08,62.492,266.22,20633,10.44,1975.224446,20955.3719,20633,51.5375,158.677686,50.0875,50.425,21005.28051
5/7/2013,1.78,60.062,173.26,20083,10.94,-758.5862951,22704.79339,20083,51.25416667,158.677686,50.0375,50.47916667,21962.10368
5/8/2013,2.37,61.646,222.25,20841,12.65,1342.012022,22560,20841,51.36666667,212.231405,50.0625,51.21666667,22837.67393
5/9/2013,1.72,68.216,343.59,21829,13.93,498.094665,22563.96694,21829,52.02916667,158.677686,50.17916667,51.0375,23256.54673
5/10/2013,1.63,74.228,353.66,22783,14.87,102.7425262,23970.24793,22783,52.275,158.677686,50.1875,50.7625,23063.92128
5/11/2013,2.33,77.972,350.73,23041,14.72,1005.648968,24000,23041,52.26666667,158.677686,50.28333333,50.775,22517.56544
5/12/2013,3.75,75.272,352.57,22512,13.2,794.756874,23288.92562,22512,52.1625,158.677686,50.35833333,50.40833333,22219.87156
5/13/2013,2.06,74.12,352.84,21983,10.28,381.3763739,22577.85124,21983,52.09583333,158.677686,50.35,50.8875,22821.56343
5/14/2013,2.97,72.014,337.69,21811,8.68,-574.3898763,22556.03306,21811,52.4,172.5619835,50.39583333,50.81666667,21902.5649
5/15/2013,2.99,67.712,345.92,21223,8.35,-107.0938256,22641.32231,21223,52.42083333,158.677686,50.4125,50.51666667,21269.3525
5/16/2013,2.08,63.158,191.95,20633,8.57,623.2921281,22788.09917,20633,52.0625,602.9752066,50.07083333,50.62083333,21267.25113
5/17/2013,2.11,63.356,363.79,20841,6.94,1125.872837,22516.36364,20841,51.87916667,160.661157,50.43333333,50.95833333,21938.28817
5/18/2013,2.64,61.682,255.95,21128,5.83,704.4143093,22587.7686,21128,52.4375,801.322314,50.32916667,50.99166667,21467.5816
5/19/2013,4.25,62.978,377.36,21002,5.5,192.864681,22619.50413,21002,52.29166667,1699.834711,50.37083333,50.80416667,19832.01637
5/20/2013,2.62,67.352,362.24,20859,5.85,944.6530515,22944.79339,20859,52.29166667,1941.818182,50.27916667,51.20833333,20079.97787
5/21/2013,4.29,62.834,379.05,19789,3.13,-147.0026634,25215.86777,19789,52.1,3153.719008,50.17083333,50.575,20312.52933
5/22/2013,5.01,51.008,384.59,18680,-1.26,640.6194303,24710.08264,18680,51.35833333,1943.801653,50.67083333,51.425,21124.35806
5/23/2013,3.06,56.03,380.21,19651,1.13,2612.922932,24720,19651,52.1875,967.9338843,50.975,52.46666667,24438.9168
5/24/2013,2.66,60.314,375.23,21277,2.78,939.1493157,24753.71901,21277,52.77916667,2519.008264,50.80416667,52.24583333,23129.06371
5/25/2013,2.77,62.186,360.94,22470,4.48,298.6470338,24777.52066,22470,52.75833333,3986.77686,50.90833333,51.9375,21249.03927
5/26/2013,2.57,62.654,334.58,21921,6.13,-1007.295468,24182.47934,21921,52.54166667,2400,51.2875,51.38333333,20469.43152
5/27/2013,3.36,55.76,81.77,21477,9.99,869.0478188,24299.50413,21477,52.22083333,3907.438017,51.325,51.15833333,19038.3995
5/28/2013,3.18,61.7,286.77,21020,10.94,896.6666157,24287.60331,21020,51.9875,2776.859504,51.44583333,51.27916667,20386.07723
5/29/2013,3.31,64.112,290.67,22451,9.31,2555.666572,24224.13223,22451,52.5625,4502.479339,51.47083333,51.52083333,20298.5202
5/30/2013,3.02,64.256,383.75,22057,4.28,-970.8673074,23323.63636,22057,52.77083333,4482.644628,51.75833333,51.62916667,17652.89714
5/31/2013,4.36,68,385.09,22057,4.46,1188.094596,23359.33884,22057,52.62083333,4403.305785,51.97083333,51.45,18216.06392
6/1/2013,4.3,72.662,380.71,22714,6.66,1396.969138,23178.84298,22714,52.74583333,4641.322314,52.075,51.41666667,18305.72232
6/2/2013,4.13,74.102,382.7,22714,9.13,231.7983412,23192.72727,22714,53.0125,5256.198347,52.05,51.39583333,17009.17789
6/3/2013,4.02,74.39,388.62,22921,8.78,1134.351036,23168.92562,22921,53.05833333,4542.14876,52.49583333,51.225,18079.47496
6/4/2013,2.51,78.422,384.07,22739,9.59,365.3018995,23178.84298,22739,52.95833333,5355.371901,52.3125,50.99583333,16896.40444
6/5/2013,1.55,82.364,382.26,23028,11.34,1216.066634,23162.97521,23028,53.09166667,4958.677686,52.62083333,51.35,17785.28336
6/6/2013,2.12,83.03,383.22,21587,11.86,-1021.985839,26209.58678,21587,53.3875,4720.661157,52.825,50.22916667,19481.08782
6/7/2013,3.27,82.814,382.29,22211,11.95,2631.8378,26790.7438,22211,52.07083333,4522.31405,52.73333333,50.4125,22109.19948
6/8/2013,4.49,83.012,382.55,22414,12.84,362.2302721,26776.8595,22414,52.2375,4165.289256,52.81666667,50.37083333,22136.51727
6/9/2013,3.38,83.786,378.06,22297,12.73,358.0529779,26760.99174,22297,52.42916667,5236.363636,52.7125,50.3125,20514.96117
6/10/2013,5.26,75.668,330.35,22050,14.01,762.6669292,26776.8595,22050,52.1625,5375.206612,53.14166667,50.27083333,20445.61601
6/11/2013,3.11,70.25,386.67,22347,9.86,1253.036883,26751.07438,22347,51.85833333,5593.38843,53.32916667,50.5375,20765.02403
6/12/2013,4.14,68.684,391.45,21995,5.53,40.66192041,26770.90909,21995,52.22083333,5593.38843,53.4625,50.24583333,20252.99055
6/13/2013,4.77,65.39,394.17,22081,3.39,1010.530111,26759.00826,22081,51.87916667,5533.884298,53.14166667,50.45,20795.14365
6/14/2013,3.94,67.208,396.42,22087,3.8,435.9803169,27193.38843,22087,52.04166667,5752.066116,53.12916667,50.45833333,21088.6348
6/15/2013,2.02,72.41,389.18,22044,4.86,309.687514,27211.23967,22044,51.99166667,5375.206612,53.10416667,49.67916667,21464.07932
6/16/2013,2.39,74.282,387.4,20147,6.84,-1525.046262,27246.94215,20147,51.22916667,4740.495868,53.4875,49.85,20834.3692
6/17/2013,2.4,73.436,388.67,20823,6.38,2348.077081,27237.02479,20823,51.6,6049.586777,53.39583333,50.1625,21243.43562
6/18/2013,3.07,67.64,379.15,23192,6.42,2313.002397,27248.92562,23192,51.77083333,5811.570248,53.49583333,50.0875,22642.9471
6/19/2013,2.44,62.762,374.94,23575,4.99,-822.5917281,27284.6281,23575,51.51666667,5276.033058,53.7625,50.28333333,21667.91207
6/20/2013,3.09,65.012,378.35,22802,5.51,-432.3170287,27290.57851,22802,51.7125,4462.809917,53.72083333,50.47083333,21082.33069
6/21/2013,3.38,67.82,393.79,23358,5.02,2301.437905,27286.61157,23358,52.12916667,7100.826446,53.45416667,50.07916667,19738.8557
6/22/2013,2.92,71.726,378.55,23250,5.86,338.929424,27252.89256,23250,52.0125,7140.495868,53.45,49.65416667,18952.94384
6/23/2013,2.72,69.602,194.35,23600,9.46,1509.452854,27284.6281,23600,51.27916667,4839.669421,53.34166667,49.90416667,21798.89738
6/24/2013,4.44,59.954,103.14,23441,12.77,487.0612977,27278.67769,23441,51.3375,6684.297521,53.45,49.95416667,19401.23581
6/25/2013,2.01,45.05,119.32,22695,5.85,447.1443553,28208.92562,22695,51.16666667,6664.46281,53.43333333,50.3125,21082.33069
6/26/2013,1.47,61.862,144.09,21550,14.23,-682.8678801,28206.94215,21550,51.34166667,4502.479339,53.61666667,50.425,23316.08551
6/27/2013,1.15,77.72,374.55,20651,16.61,-510.6227001,27720.99174,20651,51.84583333,5752.066116,53.425,50.6125,21896.26079
6/28/2013,2.68,85.55,377.59,20241,15.15,-337.3351702,27679.33884,20241,52.25416667,5474.380165,53.44166667,50.59166667,22541.38095
6/29/2013,2.51,85.784,379.07,21744,13.2,1166.577728,28064.13223,21744,52.175,6128.92562,53.43333333,50.75416667,23698.5346
6/30/2013,2.18,87.62,379.22,22402,12.61,-1105.327988,28093.8843,22402,52.27916667,6049.586777,53.39166667,50.9,23095.44181
7/1/2013,1.32,90.302,293.84,21921,14,-1532.144289,27955.04132,21921,52.47083333,6148.760331,53.3625,51.02916667,21541.1295
7/2/2013,2.17,92.138,277.16,22846,16.01,1190.151492,27637.68595,22846,52.65,6247.933884,53.37083333,51.27916667,22069.27348
7/3/2013,3.14,91.292,364.08,22802,16.71,-723.5214139,28107.7686,22802,52.79583333,6247.933884,53.45416667,51.27916667,21916.57402
7/4/2013,4.01,88.214,369.72,21158,14.41,-1700.739309,28206.94215,21158,52.76666667,5236.363636,53.80416667,51.47083333,21931.98406
7/5/2013,2.14,83.426,377.05,22137,13.23,2017.594452,27477.02479,22137,52.95833333,6148.760331,53.5625,51.8125,22930.8346
7/6/2013,2.78,81.914,376.56,22118,13.53,-1621.570137,27667.43802,22118,53.17083333,6247.933884,53.625,52.10416667,22039.15386
7/7/2013,3.47,81.05,376.55,22365,12.45,-372.6497278,27804.29752,22365,53.35833333,5593.38843,53.69166667,52.325,22930.8346
7/8/2013,2.29,81.374,377.55,22614,11.24,-470.9255091,27903.47107,22614,53.49583333,6247.933884,53.67916667,52.32083333,22509.86043
7/9/2013,3.74,81.248,377.75,23262,10.77,-206.3232399,27205.28926,23262,53.61666667,6446.280992,53.775,52.56666667,21809.40423
7/10/2013,3.02,82.886,375.52,22984,10.52,-1328.395966,26957.35537,22984,53.75416667,6247.933884,53.81666667,52.77083333,21338.69766
7/11/2013,3.18,79.826,374.69,22909,11.27,-704.2761724,26772.89256,22909,53.85833333,4938.842975,54.14583333,52.95416667,22930.8346
7/12/2013,3.28,78.548,378.46,21587,9.11,-2418.785013,28264.46281,21587,54.10416667,6208.264463,53.7625,53.375,20324.43708
7/13/2013,1.9,80.618,377.05,22057,7.76,2201.761267,28264.46281,22057,54.25416667,6247.933884,53.89583333,53.25833333,21743.56134
7/14/2013,1.91,81.824,377.91,22921,7.57,1136.967586,28264.46281,22921,54.49583333,6029.752066,53.9375,53.425,21392.63279
7/15/2013,2.2,81.158,370.34,22909,8.5,830.0779538,26604.29752,22909,54.55,6228.099174,53.99583333,53.26666667,20753.11628
7/16/2013,4.11,76.532,374.65,22589,8.92,-696.9179329,27229.09091,22589,54.1,6247.933884,54.04583333,52.7125,20872.19383
7/17/2013,1.17,79.448,376.86,22402,7.55,-78.03680521,27010.90909,22402,53.9,6208.264463,54.14583333,53.29166667,20783.23589
7/18/2013,1.55,84.65,373.89,22458,7.95,75.4087381,26947.43802,22458,54.10833333,6386.77686,54.15833333,53.04166667,20957.64949
7/19/2013,1.69,88.502,372.41,23060,9.81,205.011667,26636.03306,23060,54.16666667,6287.603306,54.175,52.14583333,21195.80459
7/20/2013,2.32,90.608,370.7,22865,10.96,-1042.374838,27042.64463,22865,53.775,5533.884298,54.18333333,52.44166667,21717.64446
7/21/2013,1.53,91.868,367.28,22229,11.79,-844.8841294,27272.72727,22229,53.60833333,2340.495868,54.575,52.87083333,24630.14134
7/22/2013,4.93,84.542,363.69,22607,11.53,680.090065,26959.33884,22607,54.04166667,6208.264463,54.15416667,52.93333333,21519.41536
7/23/2013,3.24,84.164,326.95,22482,12.05,-893.3409798,27100.16529,22482,53.9125,6247.933884,54.225,52.47083333,21055.0129
7/24/2013,1.69,87.512,318.99,22815,12.1,130.218505,27064.46281,22815,53.87083333,6228.099174,54.25833333,52.05,21452.17156
7/25/2013,2.08,90.032,359.68,23110,11.12,-320.8079236,27131.90083,23110,53.33333333,5890.909091,54.51666667,51.85416667,21850.73114
7/26/2013,1.66,89.438,334.48,23180,11.21,-539.7394045,27153.71901,23180,53.3625,6267.768595,54.35,52.07083333,21314.88215
7/27/2013,1.63,88.61,356.95,23339,10.01,-269.9317368,26999.00826,23339,53.52916667,6307.438017,54.425,52.1375,21450.0702
7/28/2013,1.97,85.622,362.64,22702,7.14,-1395.499952,25923.96694,22702,53.7125,5990.082645,54.44166667,51.4125,19194.60123
7/29/2013,4.01,80.33,341.09,22878,5.08,915.2830675,25289.2562,22878,53.45,6267.768595,54.44166667,50.4875,18948.74111
7/30/2013,3.14,79.826,341.51,23167,6.21,361.7464933,25434.04959,23167,52.22916667,6208.264463,54.46666667,50.15,19015.9849
7/31/2013,3.78,81.068,334.64,22545,6.16,-412.199776,25338.84298,22545,52.425,6188.429752,54.5,50.48333333,18286.10954
8/1/2013,2.32,77.234,361.66,22564,3.92,883.3036831,24245.95041,22564,52.66666667,5692.561983,54.525,50.47916667,18241.9808
8/2/2013,2.41,76.73,361.47,22859,2.54,606.4076298,23502.14876,22859,52.76666667,6247.933884,54.46666667,50.50416667,16904.10946
8/3/2013,2.4,80.924,345.22,22633,3.25,124.105416,23819.50413,22633,52.61666667,6069.421488,54.44583333,50.08333333,17203.90471
8/4/2013,3.57,81.032,354.18,22229,3.74,142.1779346,23793.71901,22229,52.35416667,5454.545455,54.275,50.53333333,17380.41968
8/5/2013,3.49,80.564,354.01,22808,5.14,1537.753874,23823.47107,22808,52.825,6188.429752,54.22083333,50.85,17537.32187
8/6/2013,3.29,80.96,350.47,21671,5.54,-1039.280548,23827.43802,21671,52.575,4899.173554,54.475,50.35833333,17394.4288
8/7/2013,4.07,78.404,323.07,22790,7.67,2652.835663,22905.12397,22790,52.70833333,5950.413223,54.1,50.4375,17386.72378
8/8/2013,3.2,74.75,318.83,22959,8.31,-263.0130362,22581.81818,22959,52.83333333,6208.264463,54.1,50.1625,15889.84888
8/9/2013,4.21,74.714,337.7,23122,7.9,646.704839,22385.45455,23122,52.66666667,6188.429752,54.09583333,50.34583333,15637.68465
8/10/2013,3.11,74.696,337.93,22614,8.3,51.34014339,22619.50413,22614,52.62083333,6406.61157,54.08333333,50.22083333,15026.18639
8/11/2013,1.45,78.62,341.02,22808,6.22,1380.706172,22679.00826,22808,52.60833333,5038.016529,54.21666667,50.6,17311.07451
8/12/2013,2.13,80.402,322.03,22365,5.57,-113.0827745,23036.03306,22365,52.81666667,4601.652893,54.2125,50.86666667,17620.67615
8/13/2013,2.52,83.048,326.96,21902,5.85,350.7040153,23006.28099,21902,53.10833333,4145.454545,54.22916667,51.23333333,17938.68327
8/14/2013,2.35,84.902,334.86,21623,4.3,643.1431763,23038.01653,21623,53.35416667,3629.752066,54.24166667,51.41666667,18859.78317
8/15/2013,3.11,84.722,338.46,22001,3.79,926.4812928,23024.13223,22001,53.42916667,4323.966942,54.20833333,51.875,18765.92204
8/16/2013,2.93,83.444,326.31,22149,7.98,82.24324926,21709.09091,22149,53.51666667,4204.958678,54.32083333,50.925,17206.00608
8/17/2013,1.82,87.206,328.05,23060,8.01,1209.126151,20473.38843,23060,53.29166667,4185.123967,54.3125,50.76666667,16455.81749
8/18/2013,3.52,89.24,329.64,23116,6.41,-111.5530272,20622.14876,23116,53.13333333,3669.421488,54.52916667,51.30833333,16275.09979
8/19/2013,2.57,90.266,288.15,22427,6.13,-11.37251727,20820.49587,22427,52.99166667,3728.92562,54.5125,51.65833333,15677.61066
8/20/2013,2.48,88.088,263.11,23371,9.62,2357.959588,20852.2314,23371,53.07083333,4085.950413,54.5125,50.95833333,16816.55244
8/21/2013,2.9,87.314,287.27,21933,8.7,-1488.271448,20850.24793,21933,52.97916667,2717.355372,54.60833333,51.32916667,16034.84332
8/22/2013,4.18,81.446,297.19,22236,6.36,2401.049242,20015.20661,22236,53.15,3986.77686,54.66666667,52.5,15548.72672
8/23/2013,2.93,80.69,315.88,22396,4.99,639.7030321,19120.66116,22396,52.9,3986.77686,54.72916667,52.5,14397.17672
8/24/2013,3.35,79.016,314.43,22260,6.4,600.7075775,19116.69421,22260,52.8875,3966.942149,54.80416667,52.5,14371.25984
8/25/2013,4.08,77.486,283.08,22057,9.74,575.4922261,17966.28099,22057,52.70416667,2419.834711,54.67916667,52.5,15008.67499
8/26/2013,3.93,75.344,313.99,22112,8,592.771291,16544.13223,22112,52.79583333,166.6115702,55.00833333,52.8625,16149.71813
8/27/2013,3.53,77.504,314.97,21477,4.39,-407.1974688,16244.6281,21477,53.39166667,2142.14876,54.50833333,50.39583333,14127.50109
8/28/2013,3.9,76.928,312.37,20487,4.68,-1015.021751,15437.35537,20487,52.60833333,1826.77686,54.45416667,49.9875,13083.12089
8/29/2013,4.34,78.512,308.32,21823,6.37,1863.457622,15240.99174,21823,52.17916667,2380.165289,54.34166667,50.675,14480.53101
8/30/2013,1.95,82.4,306.87,21976,6.61,-1466.704564,14279.00826,21976,52.525,2300.826446,54.675,50.31666667,12428.19435
8/31/2013,4.6,84.29,304.67,21556,6.21,-870.0125318,14161.98347,21556,52.97916667,3550.413223,54.45,49.9375,10272.19016
9/1/2013,4.54,80.474,294.96,22279,6.84,1062.380088,14165.95041,22279,52.88333333,3252.892562,54.81666667,50.6625,11678.00576
9/2/2013,5.29,77.72,245.57,22458,10.03,-585.9479088,14128.26446,22458,52.73333333,3570.247934,54.525,50.2875,11052.49837
9/3/2013,4.2,75.704,298.62,22371,8.25,-581.4818411,14140.16529,22371,53.10833333,3034.710744,54.48333333,50.69166667,11114.13852
9/4/2013,3.96,75.452,296.83,22538,6.11,158.3160255,14114.38017,22538,52.85,2023.140496,54.61666667,50.34166667,12443.60438
9/5/2013,3.39,72.572,298.03,22626,3.68,-264.3647106,14175.86777,22626,52.62083333,2261.157025,54.88333333,50.54583333,12211.75338
9/6/2013,4.44,74.606,294.3,22365,3.21,-558.0426362,14156.03306,22365,52.76666667,2241.322314,54.83333333,50.63333333,11881.83851
9/7/2013,2.4,80.042,294.29,22402,1.31,69.8722338,14035.04132,22402,52.5,2102.479339,54.89166667,50.68333333,12307.01542
9/8/2013,1.34,84.596,291.91,22106,0.88,-670.4534365,14039.00826,22106,52.52916667,1670.082645,54.875,51.1125,12392.47108
9/9/2013,2.59,84.83,286.59,22727,2.05,597.4545398,14070.7438,22727,52.87916667,1929.917355,54.80416667,50.92083333,12809.24252
9/10/2013,2.15,84.668,288.58,23028,0.54,-367.4160737,14251.23967,23028,52.90416667,2261.157025,55.025,50.99583333,12360.2501
9/11/2013,2.84,83.912,282.16,22921,3.36,-477.1674554,14396.03306,22921,53.04166667,2102.479339,55.21666667,50.59166667,11951.88413
9/12/2013,1.3,83.39,275.33,22439,6.06,-140.330411,14647.93388,22439,52.88333333,2161.983471,55.4125,50.1625,11725.63678
9/13/2013,1.38,86.504,274.12,22582,6.57,903.3136332,14386.1157,22582,51.92083333,821.1570248,55.35,50.94166667,13456.46405
9/14/2013,2.77,85.298,275.29,23047,4.58,573.4946277,14396.03306,23047,52.24166667,2161.983471,55.14583333,51.70833333,12656.54307
9/15/2013,4.63,77.72,275.9,21848,2.71,-1621.493483,14054.87603,21848,52.88333333,1142.479339,55.275,51.34166667,11556.82683
9/16/2013,1.93,75.254,272.23,21477,4.06,984.5698642,13882.31405,21477,52.9625,842.9752066,55.41666667,51.47916667,12493.33677
9/17/2013,4.02,71.402,270.12,21044,2.82,113.002073,13888.26446,21044,53.175,1923.966942,55.20416667,50.93333333,11433.54654
9/18/2013,3.29,67.964,272.38,21193,0.2,679.7509807,13880.33058,21193,52.7,164.6280992,55.5375,51.37916667,13920.86651
9/19/2013,2.38,73.562,269.36,21665,-2.98,266.8359693,14215.53719,21665,52.07916667,1009.586777,55.27916667,51.67083333,13640.68403
9/20/2013,2.97,72.176,210.68,21909,0.47,-190.7336168,13914.04959,21909,52.48333333,1747.438017,55.37916667,51.80833333,12402.27747
9/21/2013,4.27,60.638,137.7,22149,9.88,4.334100248,13880.33058,22149,52.75,1743.471074,55.56666667,51.7875,12358.84918
9/22/2013,1.67,61.358,144.34,22601,7.84,230.0103241,13059.17355,22601,52.6125,1743.471074,55.56666667,52.35416667,11822.29973
9/23/2013,1.41,68.882,202.46,22414,8.61,-693.5972507,13009.58678,22414,53.12916667,1689.917355,55.38333333,52.19166667,11121.84353
9/24/2013,3.32,66.614,242.97,21902,5.32,-314.1741085,13269.42149,21902,53.30833333,1598.677686,55.425,52.675,11266.83797
9/25/2013,3.8,57.236,197.12,21259,0.33,-239.0941683,13424.13223,21259,53.1125,1549.090909,55.45,52.59583333,11330.57948
9/26/2013,4.34,57.056,248.74,21392,-1.14,677.4618423,13420.16529,21392,53.3375,1559.008264,55.5375,52.62083333,11943.47866
9/27/2013,2.41,60.026,219.37,21259,-1.94,-215.3216352,12515.70248,21259,53.20833333,1386.446281,55.4375,52.36666667,10806.63824
9/28/2013,4.02,66.02,233.72,21277,-0.7,340.6179583,12232.06612,21277,53.05416667,1090.909091,55.5625,52.91666667,11209.40056
9/29/2013,6.28,60.998,58.74,21890,10.19,544.7564648,12232.06612,21890,53.11666667,1219.834711,55.4875,52.80833333,11308.86534
9/30/2013,3.55,62.618,151.76,22180,11.5,-6.633935041,12497.85124,22180,53.22083333,1574.876033,55.5375,53.54583333,10593.69956
10/1/2013,2.65,64.274,236.58,22340,5.81,489.2756466,12396.69421,22340,53.89166667,1265.454545,55.5875,53.64166667,11212.90284
10/2/2013,3.59,60.17,241.9,22796,0.24,374.3368294,12384.79339,22796,53.85416667,1574.876033,55.55416667,53.14166667,10945.32857
10/3/2013,4.87,55.886,237.9,22414,-2.98,-517.4112146,12398.67769,22414,53.60416667,1582.809917,55.60833333,53.3875,10367.45221
10/4/2013,4.34,58.622,239.13,22557,-5.25,591.4155586,12400.66116,22557,53.49166667,1443.966942,55.7,53.71666667,10983.15321
10/5/2013,1.96,62.888,237.44,21952,-5.79,-631.4589951,12390.7438,21952,53.575,1432.066116,55.6125,54.22083333,10375.85768
10/6/2013,2.18,65.534,228.7,21332,-4.04,-37.17999405,12374.87603,21332,54.025,1319.008264,55.6,54.22083333,10431.19372
10/7/2013,2.68,64.184,222.29,21134,-4.77,426.6740486,12374.87603,21134,54.04583333,1271.404959,55.52916667,54.26666667,10927.11671
10/8/2013,4.42,59.342,222.35,21332,-1.71,374.3543644,12335.20661,21332,54.1,1584.793388,55.46666667,54.83333333,11060.20339
10/9/2013,5.5,58.352,220.53,21678,-0.33,36.20983314,12196.36364,21678,54.25416667,753.7190083,55.4625,54.26666667,12005.1188
10/10/2013,2,59.612,219.06,21989,-1.39,-251.4741719,12236.03306,21989,54.07083333,1463.801653,55.37083333,53.4,11175.77866
10/11/2013,1.07,61.214,207.5,21829,-1.42,-563.547255,12206.28099,21829,53.60416667,1430.082645,55.25833333,53.69583333,10679.15522
10/12/2013,2.24,58.694,179.64,22677,1.06,945.0431271,12075.3719,22677,53.6875,1487.603306,55.17916667,53.9,11649.98751
10/13/2013,3.92,56.426,212.01,22396,1.43,-1343.218915,12234.04959,22396,53.80416667,1523.305785,55.13333333,54.01666667,10659.54244
10/14/2013,3.38,57.704,211.54,22291,-1.21,-53.79863835,12178.5124,22291,53.82083333,1487.603306,55.1375,54.68333333,10883.68843
10/15/2013,3.42,58.874,212.68,22439,-4.1,-44.77933909,12120.99174,22439,54.0875,1309.090909,55.13333333,54.69166667,11233.21607
10/16/2013,1.38,59.54,196.71,22884,-5.41,23.68475645,12120.99174,22884,54.30416667,1438.016529,55.07083333,54.425,11407.62966
10/17/2013,1.05,62.87,204.98,22532,-3.33,-1076.654453,12168.59504,22532,54.54166667,1372.561983,55.2,55.2125,11638.07975
10/18/2013,1.59,64.778,204.75,22689,-2.36,-685.0466921,12122.97521,22689,54.73333333,1459.834711,54.98333333,54.64583333,11137.95403
10/19/2013,1.02,65.282,201.37,22414,-2.28,-749.8135341,12132.89256,22414,54.49583333,1862.479339,54.75,55.05833333,10338.03305
10/20/2013,1.81,66.938,199.22,21556,-2.33,-925.6198269,12107.10744,21556,54.77916667,2023.140496,54.67916667,54.975,9819.69546
10/21/2013,1.59,67.1,196.51,22050,-3.14,758.2714821,11908.76033,22050,54.93333333,2042.975207,54.66666667,54.75833333,10804.53688
10/22/2013,1.21,68.27,193.21,21835,-2.06,-1153.751756,11801.65289,21835,54.9375,1892.231405,54.62083333,55.325,10266.58652
10/23/2013,0.92,67.712,191.68,22273,-1.8,80.8349676,11787.7686,22273,54.8625,1876.363636,54.37916667,55.05416667,10976.8491
10/24/2013,1.8,65.174,188.88,22038,-2.02,-1300.444141,11801.65289,22038,54.975,1890.247934,54.27916667,54.97916667,9617.263618
10/25/2013,1.04,64.814,184.44,21909,-0.81,165.1413407,11815.53719,21909,54.84583333,2618.181818,54.17083333,55.39166667,9859.621463
10/26/2013,1.18,65.264,186.03,21556,-2.85,-1015.266091,11710.41322,21556,54.85,2538.842975,54.1375,56.15416667,9684.507413
10/27/2013,3.52,61.808,181.83,21459,-2.86,-609.9371651,11656.8595,21459,55.0125,2538.842975,54.0875,55.29583333,9889.040624
10/28/2013,3.61,52.142,99.67,21805,0.53,-425.0240951,11660.82645,21805,54.71666667,3173.553719,54.375,55.06666667,9636.876392
10/29/2013,1.99,50.432,71.56,21829,5.84,-1125.603665,11690.57851,21829,54.6625,3431.404959,54.30416667,54.96666667,9051.295009
10/30/2013,1.09,55.292,168.19,21489,5,-1132.121455,11658.84298,21489,54.6875,2280.991736,54.15416667,54.49166667,9847.713708
10/31/2013,1.52,59.18,168.63,21580,1.79,-378.8624683,11668.76033,21580,53.775,2578.512397,54.1625,54.19166667,9954.883506
11/1/2013,1.76,61.664,168.21,22161,2.71,-283.6355721,11222.47934,22161,53.3,164.6280992,54.27916667,53.66666667,12302.81269
11/2/2013,2.81,57.002,144.79,22316,0.82,-1089.96145,10980.49587,22316,53.3,1162.31405,53.90416667,53.69166667,10448.70513
11/3/2013,4.26,49.118,159.28,21532,-5.62,-1414.523312,10206.94215,21532,53.3,1120.661157,54.11666667,54.43333333,9146.557052
11/4/2013,4.21,47.912,163.54,21556,-4.75,-36.27606026,10304.13223,21556,53.3,1201.983471,54.29583333,53.76666667,9623.567724
11/5/2013,1.97,53.474,121.47,21050,-3.03,-1027.418964,9766.61157,21050,53.27916667,1233.719008,54.72916667,53.72916667,8795.628496
11/6/2013,1.54,60.638,115.91,21319,1.97,6.264065983,9492.892562,21319,53.53333333,886.6115702,54.42916667,53.80416667,9160.566176
11/7/2013,2.08,60.44,85.75,22026,2.42,152.7148157,9179.504132,22026,53.84166667,1436.033058,54.54583333,53.99583333,8553.270651
11/8/2013,1.25,57.812,151.63,22777,-0.07,-58.79957662,9090.247934,22777,53.9875,1467.768595,54.45,53.7375,8182.028866
11/9/2013,1.5,56.57,148.96,22695,1.3,-641.5495272,9365.950413,22695,53.94583333,1140.495868,54.60416667,54.4375,7519.397301
11/10/2013,2.73,57.326,131.19,22408,2.43,419.0572445,9252.892562,22408,54.0125,220.1652893,54.35,54.2875,8156.111986
11/11/2013,2.19,58.568,135.05,21702,0.22,170.6152867,9159.669421,21702,54.16666667,212.231405,54.225,54.625,7628.668468
11/12/2013,1.9,61.988,64.54,21313,-0.43,929.7695485,8881.983471,21313,54.10416667,247.9338843,54.29583333,54.57083333,7569.129691
11/13/2013,3.01,61.61,145.84,21520,2.3,1271.919896,8766.942149,21520,54.2375,174.5454545,54.50416667,54.375,8412.478955
11/14/2013,2.67,56.624,142.22,21896,0.16,555.9177392,8247.272727,21896,54.34166667,228.0991736,54.42916667,54.2875,8329.124667
11/15/2013,3.93,49.55,145.57,22414,-2.88,208.0488867,7775.206612,22414,54.3125,253.8842975,54.4125,54.4625,7534.807337
11/16/2013,1.89,52.448,128.18,23358,-2.38,930.514977,7632.396694,23358,54.00416667,400.661157,54.3,54.525,7425.53617
11/17/2013,1.46,50.252,141.7,23205,-1.84,-346.8006328,7521.322314,23205,53.87916667,178.5123967,54.47083333,54.70833333,6417.579699
11/18/2013,3.35,51.332,112.79,22991,1.09,711.2302184,7858.512397,22991,53.825,228.0991736,54.31666667,55.19166667,6230.557894
11/19/2013,4.16,49.262,35.26,22601,8.63,1009.855329,7929.917355,22601,53.80833333,424.4628099,54.49166667,54.95416667,5951.07587
11/20/2013,1.46,48.29,70.13,22445,7.87,1398.378675,7904.132231,22445,54.02083333,236.0330579,54.6,55.0625,6322.317656
11/21/2013,6.04,45.59,139.06,21902,-3.33,802.7815176,7945.785124,21902,53.90833333,253.8842975,54.5625,55.11666667,6084.162548
11/22/2013,4.52,43.376,141.5,21386,-9.67,1091.738278,7945.785124,21386,53.68333333,240,54.59583333,54.87916667,5986.799137
11/23/2013,3.11,42.314,139.16,21134,-8.53,1466.985987,7864.46281,21134,53.68333333,374.8760331,54.7625,54.84166667,6115.683077
11/24/2013,1.37,43.61,135.1,21307,-7.57,1546.9037,7753.38843,21307,53.54583333,331.2396694,54.65416667,54.69583333,6417.579699
11/25/2013,0.76,45.392,132.67,21635,-5.83,1332.569061,7761.322314,21635,53.46666667,238.0165289,54.64583333,54.44583333,6772.710992
11/26/2013,0.9,47.48,127.52,21915,-2.78,1030.594793,7854.545455,21915,53.43333333,198.3471074,54.39166667,53.92916667,6711.070847
11/27/2013,1.15,51.782,113.1,21738,-0.18,768.1275001,8011.239669,21738,53.375,234.0495868,54.15833333,53.99583333,6431.588823
11/28/2013,1.51,54.842,113.74,21665,0.79,1272.60126,7999.338843,21665,53.275,200.3305785,54.2125,53.65416667,6479.219845
11/29/2013,1.06,54.626,125.35,21626,1.19,1280.788419,7949.752066,21626,53.25833333,176.5289256,54.375,53.92083333,6451.201597
11/30/2013,1.38,52.988,123.44,21587,1.22,1283.021543,7900.165289,21587,53.225,347.107438,53.78333333,53.575,6526.850866
12/1/2013,1.35,53.744,112.73,21763,2.46,1202.206985,7717.68595,21763,53.23333333,216.1983471,53.99583333,53.59166667,6580.085537
12/2/2013,1.76,53.06,52.16,22063,3.13,1221.402066,7925.950413,22063,53.07916667,168.5950413,53.73333333,53.375,6796.526503
12/3/2013,5.19,43.502,122.29,22273,-4.44,1170.828869,8068.760331,22273,52.88333333,160.661157,53.30416667,53.62083333,6753.098219
12/4/2013,3.3,32.594,126.45,22390,-11.25,1272.000955,8064.793388,22390,52.40416667,158.677686,53.0375,53.20416667,6641.725683
12/5/2013,1.33,30.02,124.05,22100,-13.24,974.3900195,8060.826446,22100,51.92083333,158.677686,52.62916667,53.09583333,6316.01355
12/6/2013,1.98,29.552,54.97,22903,-9.71,2389.13521,8066.77686,22903,51.42916667,158.677686,52.19583333,52.8875,7213.297942
12/7/2013,2.3,30.47,79.56,22796,-4.28,587.8012316,8046.942149,22796,51.35833333,158.677686,51.825,52.84166667,6429.487455
12/8/2013,2.81,24.71,123.75,22513,-7.49,1175.777008,7868.429752,22513,51.24166667,158.677686,51.44166667,52.7,6018.319666
12/9/2013,2.57,27.734,121.71,22783,-8.57,1961.4324,7882.31405,22783,51.025,158.677686,51.02083333,52.45,6673.246212
12/10/2013,1.9,32.936,117.88,22365,-7.1,632.3901516,7906.115702,22365,50.94166667,158.677686,50.725,52.225,6008.513279
12/11/2013,1.79,35.564,117.91,21909,-5.31,1282.924738,8027.107438,21909,50.99583333,158.677686,50.53333333,52.85416667,6075.757074
12/12/2013,1.17,37.526,118.81,21477,-4.95,1360.672678,7914.049587,21477,51.1375,154.7107438,50.30416667,53.72083333,6119.885814
12/13/2013,2.09,37.418,115.94,21356,-4.09,1518.453029,7920,21356,51.36666667,154.7107438,49.8375,53.60833333,6341.93043
12/14/2013,1.92,39.542,111.3,21044,-2.41,1111.358826,7923.966942,21044,52.17916667,154.7107438,49.475,53.425,6187.12961
12/15/2013,1.38,42.17,117.67,20393,-2.58,931.1265883,7916.033058,20393,52.5125,154.7107438,49.29583333,53.11666667,5970.688644
12/16/2013,1.95,47.03,117.12,20164,-1.72,1561.63367,7918.016529,20164,52.60833333,152.7272727,48.66666667,53.04166667,6332.124043
12/17/2013,1.05,48.542,80.28,19708,-0.64,977.1652132,7914.049587,19708,52.48333333,152.7272727,48.64166667,52.79166667,6084.162548
12/18/2013,1.57,49.604,87.7,19074,-0.17,1043.159766,7920,19074,52.37916667,152.7272727,48.31666667,52.54166667,6020.421034
12/19/2013,5.64,42.98,117.73,18835,-5.56,1507.851693,7785.123967,18835,52.1,152.7272727,48.64166667,52.60833333,6397.966926
12/20/2013,2.66,39.524,86.78,19282,-7.06,1681.429768,7604.628099,19282,51.74166667,152.7272727,49.125,52.30833333,6886.184897
12/21/2013,2.85,46.994,112.86,19254,-0.15,537.7159294,7624.46281,19254,51.64583333,152.7272727,48.65,51.96666667,6369.948678
12/22/2013,2.38,47.786,112.47,19001,1.74,848.7868592,7622.479339,19001,51.7625,152.7272727,48.2,51.75833333,6292.19804
12/23/2013,1.13,49.802,104.24,19904,1.62,2080.554026,7612.561983,19904,51.62083333,152.7272727,48.05,51.69166667,7328.873215
12/24/2013,2.87,50.306,115.11,20135,1.74,361.9614957,7652.231405,20135,51.46666667,152.7272727,48.11666667,51.73333333,6734.886358
12/25/2013,2.05,47.246,118.46,20054,-2.8,683.6177742,7705.785124,20054,51.32916667,152.7272727,48.25833333,51.88333333,6348.234535
12/26/2013,1.38,46.382,118.14,20153,-4.75,1303.823316,7578.842975,20153,51.2,152.7272727,48.47083333,51.59583333,6493.228969
12/27/2013,0.78,46.076,108.58,20405,-3.8,1184.886733,7511.404959,20405,51.15833333,152.7272727,47.89583333,51.24583333,6675.347581
12/28/2013,3.29,44.636,118.48,20446,-4.61,724.330105,7525.289256,20446,51.00416667,152.7272727,47.775,51.225,6600.398767
12/29/2013,2.76,43.772,118.64,19870,-6.39,196.1632165,7241.652893,19870,50.75,152.7272727,47.97083333,51.46666667,6016.218297
12/30/2013,0.98,48.614,117.34,19927,-5.91,1129.707323,7196.033058,19927,50.59166667,152.7272727,48.025,51.12916667,6326.520393
12/31/2013,0.95,55.436,9.29,19720,-2.45,509.7853921,7525.289256,19720,50.725,152.7272727,47.70416667,50.7875,5837.601966
1/1/2014,2.01,48.848,116.38,19852,-3.53,1666.960017,7495.53719,19852,50.7625,150.7438017,47.60416667,50.64583333,6127.590833
1/2/2014,1.18,51.26,116.99,20293,-1.08,1658.202555,7200,20293,50.59166667,146.7768595,47.67083333,50.45833333,6411.275593
1/3/2014,0.63,51.962,117.36,20346,-1.02,694.9475475,7065.123967,20346,50.4375,146.7768595,47.6,50.225,6125.489464
1/4/2014,3.38,46.076,124.21,20405,-4.97,851.8576434,6505.785124,20405,50.25,146.7768595,47.45416667,50.49166667,5843.906072
1/5/2014,2.79,43.79,124.86,19927,-10.65,37.10219246,6162.644628,19927,50.025,148.7603306,47.4625,50.52916667,5242.214197
1/6/2014,1.3,47.984,109.98,19731,-8.95,575.6701005,6152.727273,19731,49.69166667,144.7933884,47.725,50.27083333,5631.667843
1/7/2014,1.24,52.916,78.34,19187,-3.65,-167.7339587,6144.793388,19187,49.76666667,144.7933884,47.5375,49.925,5167.265383
1/8/2014,1.86,49.244,116.52,18857,-0.1,502.734617,6043.636364,18857,49.80416667,144.7933884,47.32916667,49.7,5476.867023
1/9/2014,1.58,49.802,79.75,18824,3.14,388.9759522,5861.157025,18824,49.72083333,144.7933884,47.2875,49.6375,5512.59029
1/10/2014,0.84,51.278,112.11,19277,2.51,656.7733464,6033.719008,19277,49.57083333,144.7933884,47.24583333,49.51666667,6187.12961
1/11/2014,3.91,46.67,65.84,19927,4.26,351.7960098,5954.380165,19927,49.44166667,144.7933884,47.1875,49.37916667,6229.156982
1/12/2014,2.28,43.358,91.27,20352,1.21,5.42979486,5900.826446,20352,49.30833333,144.7933884,47.25833333,49.3625,6050.540651
1/13/2014,2.73,45.266,127.95,20200,-0.14,-446.5075931,5908.760331,20200,49.1875,146.7768595,47.49583333,49.64583333,5448.848775
1/14/2014,2.46,48.56,132.73,19806,-3.54,-80.86530393,5855.206612,19806,48.99166667,146.7768595,47.59166667,49.85416667,5417.328246
1/15/2014,2.03,49.784,136.14,19610,-5.97,95.10150607,5742.14876,19610,49.00833333,113.0578512,47.63333333,49.8625,5349.383995
1/16/2014,1.91,49.118,137.99,19824,-7.75,493.7069141,5726.280992,19824,49.24583333,27.76859504,47.6375,49.70416667,5742.339923
1/17/2014,1.31,49.82,136.64,20112,-7.62,244.1724737,5728.264463,20112,49.375,27.76859504,47.71666667,49.4375,5784.367295
1/18/2014,1.19,49.514,137.71,20153,-5.89,-42.87142723,5736.198347,20153,49.4125,27.76859504,47.63333333,49.03333333,5597.34549
1/19/2014,0.82,49.208,135.01,20217,-5.03,175.0842621,5748.099174,20217,49.40416667,27.76859504,47.60833333,48.8875,5548.313556
1/20/2014,0.86,50.09,140.32,19968,-5.42,-76.98297749,5738.181818,19968,49.20416667,27.76859504,47.54583333,48.82083333,5301.752974
1/21/2014,1.76,48.092,139.73,19766,-6.52,206.6602491,5742.14876,19766,48.88333333,27.76859504,47.54583333,48.7125,5565.824961
1/22/2014,2.98,47.372,143.2,19852,-8.4,234.5552043,5740.165289,19852,48.6625,27.76859504,47.5625,48.72083333,5744.441292
1/23/2014,3.88,46.832,145.75,19789,-7.03,-95.04459779,5748.099174,19789,48.6125,27.76859504,47.65833333,49.29166667,5561.622224
1/24/2014,2.29,48.11,132.67,20317,-4.8,686.7083545,5716.363636,20317,48.68333333,27.76859504,47.60833333,49.39166667,6110.079428
1/25/2014,1.79,50.252,137.76,20217,-5.43,-521.4843867,5644.958678,20217,48.86666667,27.76859504,47.52083333,49.13333333,5387.20863
1/26/2014,1.4,51.386,149.29,19766,-5.9,-221.0185474,5637.024793,19766,49.15416667,27.76859504,47.51666667,48.83333333,4974.639928
1/27/2014,0.6,53.708,122.69,19645,-4.25,513.6162703,6113.057851,19645,49.14166667,27.76859504,47.46666667,48.63333333,6034.430158
1/28/2014,1.07,54.878,41.3,19616,1.23,21.8590982,6648.595041,19616,49.06666667,27.76859504,47.37083333,48.5875,6613.707435
1/29/2014,2.15,52.988,69.14,19496,9.25,-112.8809887,6642.644628,19496,48.98333333,27.76859504,47.21666667,48.48333333,6276.788003
1/30/2014,1.86,49.316,125.67,19108,3.91,-49.91196994,6630.743802,19108,48.97916667,27.76859504,47.075,48.40416667,5953.177239
1/31/2014,3.8,40.532,142.37,19400,-4,941.7979676,6640.661157,19400,48.67916667,27.76859504,47.2,48.40416667,6636.122033
2/1/2014,1.74,38.894,160.4,19639,-5.86,215.770529,6642.644628,19639,48.3625,27.76859504,47.425,48.36666667,6649.430701
2/2/2014,1.99,42.962,135.03,19645,-4.91,-28.55466794,6644.628099,19645,48.125,27.76859504,47.50833333,48.22916667,6472.915739
2/3/2014,1.93,42.008,104.94,19754,-4.07,252.9437651,6624.793388,19754,48.05833333,27.76859504,47.48333333,48.0375,6657.836176
2/4/2014,1.75,40.172,157.78,19916,-6.02,101.1886174,6559.338843,19916,47.99166667,27.76859504,47.41666667,48,6612.306523
2/5/2014,1.85,43.934,121.91,19656,-5.2,-340.7362751,6495.867769,19656,47.8625,27.76859504,47.2875,47.99583333,6241.064737
2/6/2014,3.42,42.494,52.6,19691,3.73,262.0344366,6577.190083,19691,47.85416667,27.76859504,47.29583333,47.85,6574.481888
2/7/2014,6.68,43.214,56.93,19462,5.59,-254.0604004,6765.619835,19462,47.8875,27.76859504,47.36666667,47.56666667,6427.386086
2/8/2014,5.99,50.27,49.4,19378,9.51,226.4651537,7356.694215,19378,47.89166667,27.76859504,47.88333333,47.50416667,7491.379053
2/9/2014,1.87,50.81,45.39,20077,9.89,536.5465668,6848.92562,20077,47.82916667,27.76859504,48.17916667,47.675,7501.18544
2/10/2014,1.21,51.314,166.97,21514,7.58,756.9715848,6999.669421,21514,47.77916667,27.76859504,48.39166667,47.8,8096.573209
2/11/2014,2.23,52.286,166.78,21970,6.1,-668.6723826,6569.256198,21970,47.95833333,27.76859504,48.39166667,47.80833333,6779.015098
2/12/2014,4.24,51.26,55.52,22808,7.75,600.4725053,6295.53719,22808,48.15833333,27.76859504,48.5,47.69166667,6939.419568
2/13/2014,2.37,51.098,55,22871,9.69,-608.650973,6099.173554,22871,48.25416667,27.76859504,48.69583333,47.66666667,6256.474773
2/14/2014,5.67,56.624,69.07,22639,11.95,-417.0698143,5938.512397,22639,48.1875,27.76859504,48.9875,47.49166667,5684.902515
2/15/2014,7.72,54.914,74.47,22297,10.75,-116.1587133,5732.231405,22297,48.15416667,27.76859504,49.15833333,47.33333333,5151.154891
2/16/2014,2.54,50.018,170.49,21629,4.27,-114.6920811,5732.231405,21629,48.275,27.76859504,49.3,47.375,4894.787922
2/17/2014,1.63,49.55,144.81,21471,1.52,651.6748879,5730.247934,21471,48.0875,27.76859504,49.4125,47.5125,5341.678977
2/18/2014,2.04,52.862,83.76,20740,5.28,-370.1996382,5740.165289,20740,47.95833333,27.76859504,49.36666667,48.11666667,4946.62168
2/19/2014,2.89,49.388,189.42,22551,1.02,2576.775014,5815.53719,22551,47.97916667,27.76859504,49.40833333,48.57916667,7185.98015
2/20/2014,2.24,47.804,196.28,21253,0.18,-2696.211555,5746.115702,21253,48.22083333,27.76859504,49.425,48.8875,4609.001792
2/21/2014,2.79,50.396,189.61,20504,2.66,360.3453154,5456.528926,20504,48.71666667,27.76859504,49.475,49.00833333,4896.88929
2/22/2014,1.64,50.936,204.34,19852,0.87,-120.1289594,5500.165289,19852,48.99166667,27.76859504,49.47083333,49.10416667,5099.321132
2/23/2014,0.85,53.168,205.26,19800,1.48,321.0755622,5416.859504,19800,49.225,27.76859504,49.3875,49.075,5315.762098
2/24/2014,1.31,57.578,202.2,19541,3.71,-185.6711889,5371.239669,19541,49.525,27.76859504,49.47083333,49.26666667,5387.20863
2/25/2014,2.13,55.742,204.15,20014,4.96,429.2624444,5379.173554,20014,49.70833333,27.76859504,49.74583333,49.32083333,5736.736273
2/26/2014,3.82,49.244,75.86,20913,7.94,513.6686857,5375.206612,20913,49.83333333,27.76859504,50.19166667,49.27083333,6075.757074
2/27/2014,5.63,47.102,71,21134,7.62,-507.3190575,5192.727273,21134,49.89583333,27.76859504,50.925,49.0875,4232.156357
2/28/2014,2.34,48.002,116.15,20913,7.49,711.8023207,5331.570248,20913,49.82083333,27.76859504,51.56666667,49.175,4637.02004
3/1/2014,2.55,49.946,137.71,21350,7.64,1103.781613,5323.636364,21350,49.8125,27.76859504,51.6625,49.05,5422.931896
3/2/2014,4.77,50.054,108.25,20955,8.26,-522.0641274,5329.586777,20955,49.75,27.76859504,51.8125,49.0125,4956.428067
3/3/2014,6.02,50.036,81.36,22155,9.29,1545.390115,5045.950413,22155,49.75833333,27.76859504,51.9125,48.4,5482.470673
3/4/2014,1.77,51.818,130.57,21848,9.58,-771.2888548,5160.991736,21848,49.875,27.76859504,52.46666667,48.8875,4489.924238
3/5/2014,5.05,52.466,85.47,22260,10.25,1055.298902,5172.892562,22260,49.82083333,15.8677686,52.39583333,49.0375,4730.180715
3/6/2014,3.33,52.43,158.07,21325,6.89,-508.1559216,5147.107438,21325,49.71666667,0,52.99166667,48.775,3660.584098
3/7/2014,1.57,52.538,212.29,20979,4.97,1140.52334,5252.231405,20979,49.98333333,234.0495868,51.4375,49.2,4496.228344
3/8/2014,2.3,54.95,226.43,21295,6.38,837.9534742,5043.966942,21295,50.06666667,289.5867769,48.03333333,49.35,5125.238011
3/9/2014,3.53,51.404,64.94,20405,9.81,-1260.857846,5234.380165,20405,50.21304348,757.6859504,47.72173913,49.53478261,3213.693043
3/10/2014,3.42,52.502,228.35,19204,4.91,62.00117188,5244.297521,19204,50.35416667,142.8099174,48.3625,49.5375,3678.095503
3/11/2014,4.28,48.002,247,20504,0.05,2723.3921,5238.347107,20504,50.50416667,2578.512397,47.89583333,49.4875,3477.76503
3/12/2014,2.59,49.622,252.19,20563,0.52,-758.9303193,5194.710744,20563,49.95,2717.355372,47.62916667,49.7625,2207.137484
3/13/2014,1.03,54.536,254.41,20528,1.88,235.2178879,5218.512397,20528,49.975,2102.479339,47.69583333,49.74583333,3072.901347
3/14/2014,2.41,55.508,202,19013,4.24,-1471.868289,5214.545455,19013,50.18333333,13.88429752,48.45833333,49.4625,3542.907457
3/15/2014,2.08,56.84,252.11,17702,3.75,346.7537,5295.867769,17702,50.8375,13.88429752,48.475,49.7625,3801.375794
3/16/2014,2.06,58.946,245.69,17916,4.82,1694.607677,5323.636364,17916,51.04166667,13.88429752,48.43333333,50.17916667,5061.496497
3/17/2014,4.98,51.494,258.66,17542,1.3,-125.7444309,5339.504132,17542,51.475,13.88429752,48.4625,50.1625,4763.802612
3/18/2014,4.07,47.894,265.08,18399,-1.7,1418.817223,5230.413223,18399,51.28333333,174.5454545,48.47916667,51.19583333,5920.956254
3/19/2014,1.39,52.25,263.13,20352,-0.06,1087.911515,5381.157025,20352,51.16666667,13.88429752,48.5125,50.70833333,7267.233069
3/20/2014,2.52,55.238,267.45,18785,1.67,-3466.960342,6587.107438,18785,51.52083333,111.0743802,48.39166667,50.3,4789.719492
3/21/2014,2.54,53.204,269.57,18443,1.03,1344.313566,6279.669421,18443,51.7,989.7520661,48.50833333,50.35,5027.8746
3/22/2014,2.19,54.212,275.64,17862,0.72,-318.9572446,6093.22314,17862,51.625,581.1570248,48.65,51.04583333,5091.616114
3/23/2014,1.15,57.848,275.15,17965,2.44,523.4500017,6138.842975,17965,51.47083333,755.7024793,48.64166667,50.45,5677.197496
3/24/2014,2.07,59.126,275.7,18785,3.91,525.9429999,6138.842975,18785,51.54166667,1049.256198,48.775,50.31666667,5931.463097
3/25/2014,4.2,50.414,156.27,19536,6.08,-90.87632014,6103.140496,19536,51.375,1075.041322,48.69583333,50.15416667,5752.846766
3/26/2014,5.45,49.064,142.6,20645,6.14,384.2524076,6085.289256,20645,50.84166667,1205.950413,48.62083333,49.56666667,5994.504155
3/27/2014,4.44,46.742,148.11,20188,5.37,-1572.165312,5821.487603,20188,50.56666667,547.4380165,48.69166667,49.4375,4784.115842
3/28/2014,6.98,48.488,106.01,21989,7.98,2290.933745,5678.677686,21989,50.55416667,680.3305785,48.6375,49.41666667,6075.757074
3/29/2014,3.84,51.998,210.5,22607,7.22,-459.4099666,5359.338843,22607,50.5625,2062.809917,48.69583333,49.29583333,2842.451257
3/30/2014,3.09,49.586,244.24,21520,4.35,-632.9223314,5353.38843,21520,50.1125,739.8347107,49.12083333,49.50416667,3325.065579
3/31/2014,5.21,47.192,156.18,21817,5.16,1585.48814,5049.917355,21817,50.15416667,755.7024793,49.025,49.70416667,4164.212106
4/1/2014,4.21,45.05,193.75,22620,3.64,933.00277,4962.644628,22620,49.97916667,2895.867769,48.82916667,49.44583333,2237.257101
4/2/2014,1.91,46.544,278.28,22752,2.72,-38.4802415,5208.595041,22752,49.775,993.7190083,48.93333333,49.86666667,3680.196872
4/3/2014,3.37,49.712,237.4,22915,4.49,697.6791611,5281.983471,22915,49.92083333,1281.322314,49.17916667,50.075,4043.733639
4/4/2014,2.61,50.45,192,23116,5.25,157.927518,5339.504132,23116,50.2625,3391.735537,48.77916667,49.67916667,2011.009749
4/5/2014,1.57,52.826,176.04,22291,5,-888.241154,5283.966942,22291,50.15416667,2856.198347,48.825,49.12083333,949.1181502
4/6/2014,2.07,59.36,292.65,21417,5.77,604.6504448,5426.77686,21417,50.6625,1977.520661,48.97916667,49.49166667,2116.078178
4/7/2014,2.06,62.888,300.46,22940,6.63,2856.17802,5414.876033,22940,50.8875,3986.77686,48.9375,49.82083333,2451.596698
4/8/2014,1.8,64.724,289.63,21995,7.4,-1968.497524,5341.487603,21995,50.90833333,3153.719008,49.19583333,49.84583333,1309.853093
4/9/2014,1.94,65.39,299.48,21659,8.69,541.915502,5349.421488,21659,50.98333333,3570.247934,49.47916667,49.47083333,1604.044697
4/10/2014,1.87,65.606,307.62,20871,10.07,-612.8711433,5331.570248,20871,51.41666667,1761.322314,49.93333333,49.5,2775.207462
4/11/2014,1.72,67.838,310.66,20288,10.64,212.0404719,5299.834711,20288,51.89583333,1773.22314,50.12083333,49.8125,3110.725982
4/12/2014,1.77,66.668,312.22,19485,10.25,-387.1144118,5107.438017,19485,51.94583333,1731.570248,50.17083333,49.64166667,2737.382827
4/13/2014,3.43,60.53,325.63,19731,3.34,884.4849416,4958.677686,19731,52.525,35.70247934,50.1,49.62916667,5298.250693
4/14/2014,2.04,61.268,308.64,19378,4.17,-728.2754864,4936.859504,19378,52.55833333,289.5867769,49.9125,49.67083333,4267.879623
4/15/2014,2.68,62.312,315.07,19921,5.48,922.3931043,4982.479339,19921,52.27916667,289.5867769,50.1125,49.7625,5232.40781
4/16/2014,4.52,60.152,317.59,19462,5.12,-998.515248,5855.206612,19462,52.15416667,287.6033058,50.15416667,49.875,5196.684544
4/17/2014,2.79,62.456,299.32,18996,8.01,-95.08123821,5986.115702,18996,52.34166667,287.6033058,50.225,50.04166667,5079.708358
4/18/2014,3.36,62.258,310.3,18780,7.11,402.8040387,7412.231405,18780,52.52916667,27.76859504,50.50416667,49.90416667,6856.06528
4/19/2014,2.07,63.284,260.19,18253,6.73,1.397529917,7420.165289,18253,51.93333333,83.30578512,50.24166667,49.87916667,6526.850866
4/20/2014,1.93,64.85,325.37,18383,6,940.0086381,7434.049587,18383,52.00416667,27.76859504,50.69583333,49.925,7258.827595
4/21/2014,3.27,63.95,199.17,18253,6.39,17.45339674,7432.066116,18253,51.45,27.76859504,50.4125,49.86666667,7058.497122
4/22/2014,3.63,52.934,298.16,18686,2.17,778.8003987,7307.107438,18686,51.425,27.76859504,50.52916667,50.0125,7489.277684
4/23/2014,2.32,52.232,197.52,18377,2.08,-518.938841,6918.347107,18377,50.9375,27.76859504,50.73333333,49.97916667,6246.668387
4/24/2014,3.99,56.876,212.09,18193,7.36,459.9101254,6656.528926,18193,51.06666667,27.76859504,50.63333333,50.18333333,6065.950687
4/25/2014,2.81,52.034,203.06,19041,3.88,1410.809644,6688.264463,19041,51.175,27.76859504,50.76666667,50.00416667,7412.227502
4/26/2014,2.87,49.964,236.25,18818,1.97,-974.7316342,6682.31405,18818,50.95,27.76859504,50.82083333,50.22916667,6266.28116
4/27/2014,4.57,53.348,223.61,19355,6.11,925.2642945,7001.652893,19355,51.02083333,269.7520661,50.71666667,49.97916667,7177.574676
4/28/2014,1.43,57.74,335.12,18796,5.62,-1004.67385,7447.933884,18796,51.46666667,27.76859504,51.07916667,50.35,6743.291832
4/29/2014,3.39,64.562,324.41,18675,6.12,555.8734573,7531.239669,18675,51.74583333,27.76859504,51.07916667,50.35833333,7274.938087
4/30/2014,2.26,69.764,352.17,18149,5.36,-297.4670126,8215.53719,18149,52.00416667,27.76859504,51.125,50.27916667,7598.548851
5/1/2014,2.47,71.456,334.02,18090,7.43,530.219744,8991.07438,18090,51.9625,107.107438,51.17916667,50.32916667,8960.235703
5/2/2014,3.35,70.952,342.78,18220,8.23,53.73123915,10052.2314,18220,51.85416667,27.76859504,51.275,50.475,10296.00568
5/3/2014,3.56,63.752,343.8,18035,7.12,-456.5428701,10052.2314,18035,51.8625,27.76859504,51.21666667,50.38333333,10045.94281
5/4/2014,2.64,59.954,315.07,18177,6.25,120.5199999,10048.26446,18177,51.93333333,27.76859504,51.25833333,50.40416667,10316.31891
5/5/2014,3.14,57.812,317.43,18100,4.65,-372.8230422,10103.80165,18100,51.60833333,27.76859504,51.28333333,50.60416667,10193.03861
5/6/2014,4.98,56.516,354.34,18220,3.02,2.994447851,11611.23967,18220,51.55416667,35.70247934,51.35833333,51.22083333,11788.67784
5/7/2014,2.36,58.352,360.88,18708,3.1,274.8593501,12769.58678,18708,52.07083333,27.76859504,51.47083333,51.15416667,13577.64297
5/8/2014,4.25,55.922,104.02,19451,6.04,-92.82478818,12735.86777,19451,52.10833333,390.7438017,51.3875,50.8125,13420.74078
5/9/2014,2.19,56.966,322.59,20270,6.61,-256.6168131,13824.79339,20270,51.65,293.553719,51.675,51.025,14736.89798
5/10/2014,4.63,52.862,308.75,20323,1.55,-1152.658311,13880.33058,20323,51.825,27.76859504,51.85416667,51.36666667,14365.65619
5/11/2014,2.93,58.118,370.2,20346,2.37,-490.0942065,13878.34711,20346,51.97916667,622.8099174,51.3,52.1625,13682.7114
5/12/2014,2.08,66.452,359.12,19795,3.1,-978.1742099,13900.16529,19795,53.14166667,27.76859504,51.8125,52.20833333,13752.05656
5/13/2014,1.64,72.284,368.04,18741,4.89,-933.6598658,13856.52893,18741,53.24583333,335.2066116,51.77083333,51.8625,13037.59124
5/14/2014,1.76,75.416,368.7,19428,6.72,1170.731074,13862.47934,19428,53.09583333,604.9586777,51.875,51.7125,14270.39415
5/15/2014,2.96,76.406,347.35,19806,8.4,-634.8734888,13814.87603,19806,52.97083333,285.6198347,52.00416667,51.75833333,14369.15848
5/16/2014,2.56,73.742,334.59,20674,6.31,28.09771835,13773.22314,20674,52.95416667,285.6198347,51.85,51.87916667,14623.42408
5/17/2014,2.81,69.548,353.12,22645,5.95,835.1792258,13876.36364,22645,53.20833333,194.3801653,51.97083333,52.02083333,16022.93556
5/18/2014,3.44,61.898,370.48,23035,5.4,-1950.952089,13886.28099,23035,53.33333333,27.76859504,52,51.84166667,14690.66787
5/19/2014,2.46,59.378,202.59,22796,5.14,-1071.155473,13870.41322,22796,53.0625,1346.77686,51.69583333,52.09166667,12747.60237
5/20/2014,2.77,63.878,340.56,22564,7.83,-455.9660064,13902.14876,22564,53.075,337.1900826,52.09583333,52.28333333,13664.49954
5/21/2014,3.45,67.496,373.01,22260,8.66,-403.5408623,14044.95868,22260,53.51666667,27.76859504,52.12916667,52.4,14009.82444
5/22/2014,2.61,72.806,351.26,22439,8.83,186.3656426,14993.05785,22439,53.625,466.1157025,51.9375,52.68333333,14885.39469
5/23/2014,2.26,73.364,258.57,21799,9.32,-998.4525412,15002.97521,21799,53.8125,464.1322314,52.1375,52.7125,14240.27453
5/24/2014,3.76,72.806,358.51,21835,9.9,334.5684452,14999.00826,21835,53.89166667,898.5123967,52.12916667,52.82083333,14490.3374
5/25/2014,2.95,74.192,358.53,22149,8.56,-75.84153223,14993.05785,22149,54.06666667,626.7768595,52.25416667,52.98333333,15056.30601
5/26/2014,2.7,73.094,373.02,22495,7.91,-344.0250183,14991.07438,22495,54.13333333,27.76859504,52.45,53.10416667,15606.16412
5/27/2014,2.71,69.998,379.48,22229,5.75,-908.8583349,15006.94215,22229,54.33333333,27.76859504,52.25833333,53.13333333,15056.30601
5/28/2014,4.41,62.096,389.95,22199,1.81,-107.1324563,15141.81818,22199,54.17916667,27.76859504,52.29166667,53.575,15405.83365
5/29/2014,2.4,65.642,386.64,21459,2.04,-1031.784063,14856.19835,21459,54.3,1233.719008,52.12083333,53.925,13245.62673
5/30/2014,2.36,69.278,385.08,21890,2.24,807.8526088,16968.59504,21890,54.69166667,1422.14876,52.34583333,53.79583333,16156.02224
5/31/2014,1.63,69.602,387.62,22645,4.06,145.424041,16855.53719,22645,54.72916667,1846.61157,52.325,53.87083333,15836.61421
6/1/2014,1.81,73.31,384.03,22427,5.73,-1045.68859,16847.60331,22427,54.92083333,1386.446281,52.29583333,54.00833333,15417.74141
6/2/2014,2.5,74.552,385.61,22538,6.38,154.4156148,16794.04959,22538,55.375,1572.892562,52.325,53.30833333,15520.70847
6/3/2014,2.48,72.464,383.43,22601,8.62,-236.5514452,16298.18182,22601,54.775,1384.46281,52.3375,53.10416667,15028.28776
6/4/2014,2.55,76.748,388.73,21732,6.77,-983.5687517,16353.71901,21732,54.5875,1765.289256,52.3375,52.94583333,13918.76514
6/5/2014,2.96,77.936,390.98,22260,5.77,1197.664612,16351.73554,22260,54.6375,2459.504132,52.27916667,52.9625,14690.66787
6/6/2014,3.61,78.422,393.59,22564,5.83,-494.436465,16371.57025,22564,54.95833333,2816.528926,52.44166667,51.95,14103.68558
6/7/2014,3.97,78.062,388.21,23047,6.59,-65.64425769,16264.46281,23047,54.47083333,3054.545455,52.86666667,52.02916667,14006.32216
6/8/2014,3.74,77.684,389.17,22470,8.31,-1373.404805,16240.66116,22470,54.12083333,2558.677686,53.2375,51.71666667,13426.34443
6/9/2014,3.18,80.438,388.49,22236,8.59,21.63904107,16232.72727,22236,53.90833333,2578.512397,53.10833333,51.92916667,13724.03832
6/10/2014,4.22,79.574,388.74,20387,7.43,-1918.823444,16236.69421,20387,54.10416667,2876.033058,53.34583333,50.0875,11783.07419
6/11/2014,3.44,77.306,390.99,20996,6.92,2186.586967,16189.09091,20996,53.86666667,1884.297521,53.45833333,52.0875,15192.89497
6/12/2014,4.26,72.5,389.31,20895,7.37,-989.1015816,17022.14876,20895,54.12916667,3034.710744,53.62083333,52.0875,14212.25629
6/13/2014,4.09,68.288,393.85,22371,3.53,1251.181727,16984.46281,22371,53.875,3054.545455,54.075,53.0375,15655.89651
6/14/2014,2.51,69.602,349.57,22777,4.16,-1319.979155,17036.03306,22777,54.47916667,3114.049587,54.20416667,52.62083333,14540.06979
6/15/2014,3.34,70.214,386.2,22347,3.25,-1048.086319,17105.45455,22347,54.55,3153.719008,54.5125,52.38333333,13823.5031
6/16/2014,2.55,67.604,392.95,22727,3.34,508.2324372,17113.38843,22727,54.44166667,2935.53719,54.86666667,52.17083333,14833.56094
6/17/2014,4.42,64.472,395.17,22614,1.82,-768.7097003,17168.92562,22614,54.32083333,2757.024793,54.95416667,52.62916667,14589.80218
6/18/2014,2.36,70.34,394.55,21952,2.75,-839.9013536,18178.5124,21952,53.92916667,2737.190083,54.99166667,52.26666667,15000.26951
6/19/2014,2.17,77.756,381.87,21182,3.17,-328.947196,18148.76033,21182,54.05416667,2717.355372,55.13333333,51.5875,14893.09971
6/20/2014,2.32,78.17,388.31,19680,5.18,-963.6947513,20342.47934,19680,53.77083333,2499.173554,55.2625,52.72083333,16923.72223
6/21/2014,1.85,77.18,375.34,19662,3.13,901.5835551,19701.81818,19662,54.5,1937.85124,55.25416667,52.77916667,18246.18354
6/22/2014,1.67,77.756,379.99,20071,2.04,-73.21659785,19515.3719,20071,54.58333333,1943.801653,55.60833333,54.17916667,18241.9808
6/23/2014,2.23,79.7,368.86,19824,5.18,-917.4105521,19582.80992,19824,55.36666667,1906.115702,55.65,52.85,17803.49522
6/24/2014,2.69,77.846,377.28,21128,7.16,1177.198995,19685.95041,21128,54.875,1959.669421,55.9625,53.6125,19184.79485
6/25/2014,2.77,73.472,167.86,21580,9.98,-1006.513858,19719.66942,21580,55.24583333,1271.404959,55.99166667,52.72083333,19097.93828
6/26/2014,3.99,69.674,208.94,21140,10.85,-1089.673817,20118.34711,21140,54.44166667,1947.768595,56.075,52.6375,18023.43847
6/27/2014,2.83,72.14,288.35,21116,9.97,123.1400424,19231.73554,21116,54.55416667,2122.31405,56.33333333,52.22083333,17346.79778
6/28/2014,1.87,77.396,386.18,20799,7.41,-554.3762924,19182.14876,20799,54.59583333,2459.504132,56.2375,52.49166667,16767.5205
6/29/2014,2.78,80.726,383.29,21062,3.91,218.1241281,19140.49587,21062,54.94583333,2320.661157,56.34583333,52.49583333,17330.68729
6/30/2014,2.82,85.622,377.97,21763,4.06,190.1474207,18725.95041,21763,55.175,2697.520661,56.25416667,51.35416667,16987.46375
7/1/2014,2.95,87.764,381.68,22433,6.81,-289.0339979,18335.20661,22433,54.28333333,4958.677686,56.40833333,50.61666667,14182.83713
7/2/2014,3.07,86.414,380.15,21465,9.69,-1774.308204,18349.09091,21465,54.33333333,6168.595041,56.41666667,49.825,11380.31187
7/3/2014,2.86,86.954,377.99,21471,7.98,806.1839978,18343.1405,21471,54.70416667,6287.603306,56.575,50.3375,12297.20904
7/4/2014,4.02,83.876,386.95,22217,3.27,504.3281501,18351.07438,22217,54.37083333,5771.900826,56.62083333,50.3875,13609.1635
7/5/2014,3.28,81.986,390.14,22464,2.37,-782.9899463,18333.22314,22464,54.45833333,6307.438017,56.5875,50.1875,12338.53595
7/6/2014,2.11,86.27,392.86,22476,1.27,-300.750826,18331.23967,22476,54.35416667,6148.760331,56.71666667,50.23333333,12497.53951
7/7/2014,2.39,87.584,310.68,22464,2.23,-327.0601712,18372.89256,22464,54.12083333,6287.603306,56.74583333,50.19166667,12382.66469
7/8/2014,2.75,85.442,220.75,21989,6.73,-772.3754338,18353.05785,21989,54.21666667,5871.07438,56.7875,49.625,12307.01542
7/9/2014,3.86,85.622,376.71,21453,8.63,-361.0319489,18281.65289,21453,53.9375,5890.909091,56.7875,50.125,12173.92875
7/10/2014,3.61,84.38,381.14,21964,6.97,727.8150517,18003.96694,21964,54.05416667,4621.487603,57.05,50.65,14037.84269
7/11/2014,4.69,82.058,363.85,22081,8.24,-538.3633512,18255.86777,22081,53.9875,4998.347107,57.0875,50.65833333,13537.71697
7/12/2014,2.4,83.948,372.42,21696,8.34,-665.1963088,18416.52893,21696,53.76666667,4561.983471,57.3875,50.69583333,13670.80364
7/13/2014,2.28,88.646,366.65,21817,7.95,304.7418145,18323.30579,21817,53.94583333,4581.818182,57.34583333,51.77083333,13962.19342
7/14/2014,3.22,91.058,371.28,21958,7.96,-79.70581669,18563.30579,21958,54.29166667,4502.479339,56.82083333,50.75833333,14520.45701
7/15/2014,3.63,90.122,275.21,21410,7.19,-1007.630564,18289.58678,21410,53.925,4522.31405,56.80833333,50.55,13462.0677
7/16/2014,3.28,89.222,274.59,21726,10.91,621.2050273,18234.04959,21726,53.8,4680.991736,56.7625,51.08333333,14006.32216
7/17/2014,2.5,90.5,354.87,22118,10.92,-61.26430876,18307.43802,22118,54.00833333,4720.661157,56.89166667,50.60833333,14389.4717
7/18/2014,1.76,89.708,367.73,22013,9.76,-907.6948405,18261.81818,22013,54.0625,4879.338843,57.3,51.18333333,13333.18376
7/19/2014,3.21,90.374,368.14,21684,8.99,-279.7044212,18400.66116,21684,54.39583333,4800,57.40833333,53.15416667,13410.93439
7/20/2014,6.09,86.954,354.5,21265,10.55,-229.273233,18396.69421,21265,54.825,4760.330579,57.36666667,51.41666667,13317.07326
7/21/2014,4.79,82.508,302.6,21763,11.48,817.2903764,18446.28099,21763,54.77916667,4502.479339,57.4375,51.05416667,14488.23603
7/22/2014,5.58,80.402,332.96,21635,10.72,-672.4343771,17928.59504,21635,54.24583333,4442.975207,57.5875,50.5,13889.34598
7/23/2014,3.71,77.36,363.26,21896,7.4,-142.7261453,18347.10744,21896,53.75,4482.644628,57.5625,50.75833333,14283.70282
7/24/2014,3.66,78.512,379.77,21805,-1.05,-510.2400101,18440.33058,21805,54.125,5176.859504,57.5125,50.89166667,13247.7281
7/25/2014,2.28,83.048,373.41,21793,-3.28,3.74297438,18460.16529,21793,53.96666667,4780.165289,57.45833333,51.28333333,13829.8072
7/26/2014,2.71,87.908,368.66,22087,-1.87,144.1928,18416.52893,22087,54.0625,4800,57.4625,51.31666667,14156.92025
7/27/2014,3.13,88.88,262.6,21623,-0.14,-1004.391324,18400.66116,21623,54.30833333,4760.330579,57.425,50.97916667,13356.99927
7/28/2014,3.66,90.05,357.84,22439,1.42,1099.331309,18339.17355,22439,54.11666667,4284.297521,57.38333333,51.84583333,15002.37088
7/29/2014,3.62,89.492,360.03,22702,3.33,-684.4948469,17371.23967,22702,54.6125,4800,57.29583333,51.5375,12862.47719
7/30/2014,3.75,90.986,352.38,22013,5.71,-980.2375206,17656.8595,22013,54.825,4125.619835,57.41666667,51.34583333,12685.96223
7/31/2014,2.4,90.86,349.32,21008,6.38,-159.7225606,17529.91736,21008,54.6125,4522.31405,57.27083333,51.4375,12259.3844
8/1/2014,2.36,92.066,347.85,21750,1.61,1490.218906,16984.46281,21750,54.34583333,3927.272727,57.46666667,51.81666667,14306.11742
8/2/2014,3.99,90.032,359.33,21671,0.09,-1327.927337,17117.35537,21671,54.55,5176.859504,57.29166667,52.11666667,12652.34033
8/3/2014,4.14,87.818,354.28,21247,3.01,-1135.844462,17133.22314,21247,54.6375,4720.661157,57.37916667,52.19166667,12861.07628
8/4/2014,3.76,85.658,306.4,22100,4.11,404.4857035,17020.16529,22100,54.5875,3629.752066,57.425,52.42916667,14947.03484
8/5/2014,2.72,79.574,239.64,21044,13.74,-2612.621617,17137.19008,21044,54.54583333,4680.991736,57.2125,52.28333333,12080.76807
8/6/2014,2.47,82.202,277.85,21866,10.63,1197.430277,16708.76033,21866,54.39583333,2915.702479,57.45416667,52.94583333,15252.43374
8/7/2014,1.65,87.458,347.14,21708,5.3,-1617.375889,16675.04132,21708,54.92083333,2142.14876,57.67083333,52.9875,14913.41294
8/8/2014,2.18,87.692,325.34,21854,4.26,-234.520378,16163.30579,21854,55.25833333,4442.975207,57.425,52.37083333,12328.72957
8/9/2014,3.32,87.17,326.69,22520,4.68,57.60100851,15826.1157,22520,55.07916667,4800,57.47916667,51.34583333,12068.86032
8/10/2014,3.68,86.828,340.23,22285,4.24,-1277.744618,15841.98347,22285,54.35416667,4522.31405,57.42083333,51.65833333,11449.65704
8/11/2014,4,87.152,335.16,21939,4.3,-475.9876185,15960.99174,21939,54.49166667,4819.834711,57.475,52.05833333,11155.46543
8/12/2014,6.22,80.546,324.1,21714,5.87,-239.3084052,15405.61983,21714,54.8,5077.68595,57.3375,51.8875,10474.62201
8/13/2014,4.16,77.504,322.29,21775,6.37,-85.6881257,15014.87603,21775,54.67083333,4482.644628,57.425,52.00416667,11050.397
8/14/2014,3.1,79.754,334.47,20776,7.26,-1517.165595,15014.87603,20776,54.80833333,4026.446281,57.3375,51.975,10438.89874
8/15/2014,3.25,83.516,333.95,21781,4.92,1554.531012,14580.49587,21781,54.8125,4403.305785,57.34583333,52.48333333,11459.46342
8/16/2014,3.09,84.866,331.59,21958,1.87,-1105.273337,14640,21958,54.90833333,4561.983471,57.32916667,52.62916667,10581.7918
8/17/2014,2.52,84.416,337.23,21684,-0.89,-777.7752711,14638.01653,21684,55.2875,4383.471074,57.37916667,52.48333333,10423.4887
8/18/2014,3.13,84.434,332.99,21738,0.33,-114.9432455,14641.98347,21738,55.2625,5077.68595,57.525,52.56666667,10052.24692
8/19/2014,2.97,83.714,326.86,21854,3.85,-371.9493993,14134.21488,21854,55.07916667,4204.958678,57.34166667,52.425,10244.87237
8/20/2014,3.61,83.588,324.09,21976,6.27,-193.6161717,14116.36364,21976,54.77083333,3828.099174,57.37083333,52.79583333,10798.23277
8/21/2014,3.12,82.904,317.83,22601,6.75,115.0316928,14167.93388,22601,55.03333333,4482.644628,57.075,52.65,10600.00367
8/22/2014,2.21,82.346,326.83,22347,4.1,-1168.714414,14235.3719,22347,54.9375,3590.082645,57.25,52.87083333,10748.50038
8/23/2014,1.32,82.256,325.28,22112,0.57,-338.2111238,14290.90909,22112,55.25,4204.958678,57.10416667,53.04166667,10117.38934
8/24/2014,2.41,82.13,322.98,22651,-1.06,507.5610732,14312.72727,22651,54.84166667,2816.528926,57.15,53.39166667,12249.57802
8/25/2014,3,79.682,320.85,22057,2.03,-1347.379673,14282.97521,22057,55,2618.181818,57.47916667,53.70416667,11252.82884
8/26/2014,1.24,82.85,317.4,22161,1.85,515.9645484,14705.45455,22161,55.1625,1691.900826,57.9375,53.09583333,12807.14115
8/27/2014,1.53,86.846,314.79,21593,1.76,-361.587431,14604.29752,21593,54.79583333,1057.190083,57.84583333,52.62083333,12731.49188
8/28/2014,1.89,88.34,288.55,21684,3.44,906.615558,14060.82645,21684,54.15,35.70247934,57.97916667,52.82916667,13976.20255
8/29/2014,2.38,84.974,216.73,21026,4.26,-609.0785831,14378.18182,21026,54.14583333,650.5785124,57.7125,53.12083333,12499.64088
8/30/2014,2.93,82.22,304.28,20674,1.9,875.9624258,13824.79339,20674,54.52916667,71.40495868,58,53.3375,12961.94197
8/31/2014,2.81,79.88,309.02,20823,1.09,940.4464598,13691.90083,20823,54.45833333,27.76859504,57.875,53.44583333,13459.96633
9/1/2014,2.46,84.254,305.1,20387,0.6,-231.8340986,13685.95041,20387,54.60416667,27.76859504,57.91666667,53.8125,12862.47719
9/2/2014,2.63,85.784,305.3,21453,-0.31,1861.704628,13685.95041,21453,54.64583333,27.76859504,57.8625,53.83333333,14137.30747
9/3/2014,3.62,80.996,310.82,21435,-4.83,-497.1256518,13067.10744,21435,55.05833333,27.76859504,57.89583333,54.27083333,12735.69462
9/4/2014,3.29,78.152,313.24,21050,-9.75,-81.35577702,13090.90909,21050,55.06666667,27.76859504,57.90833333,54.575,12467.41989
9/5/2014,2.52,79.754,308.74,21086,-9.1,631.7206059,12680.33058,21086,55.27916667,31.73553719,57.89166667,54.9,12185.8365
9/6/2014,3.03,80.438,303.69,21574,-7.45,950.7585413,12198.34711,21574,55.43333333,35.70247934,57.8625,55.05416667,12199.84563
9/7/2014,2.95,80.312,296.74,21453,-2.9,-158.2010019,12176.52893,21453,55.8125,27.76859504,57.89166667,55.8875,11362.10001
9/8/2014,3.26,78.908,294.09,21176,-1.9,509.6603206,12194.38017,21176,56.05833333,77.3553719,57.92916667,56.0625,11259.13295
9/9/2014,1.47,79.808,293.42,20883,-3.29,564.8918434,11690.57851,20883,56.25,63.47107438,57.85833333,56.6125,10945.32857
9/10/2014,2.05,82.544,290.33,21726,-2.92,1524.778868,11704.46281,21726,56.73333333,41.65289256,57.8875,55.4375,12261.48577
9/11/2014,1.86,84.65,283.1,21939,-2.68,-385.6758526,11153.05785,21939,56.21666667,29.75206612,57.95,56.57916667,11066.50749
9/12/2014,2.05,84.164,275.58,22507,-1.05,624.7982951,11178.84298,22507,56.6875,27.76859504,57.94583333,56,11647.88614
9/13/2014,2.01,83.264,270.44,22921,-1.58,-82.81175983,11285.95041,22921,56.68333333,301.4876033,57.73333333,55.92083333,11439.85065
9/14/2014,2.19,82.94,278.81,21854,0.09,-1522.38784,11032.06612,21854,56.87916667,27.76859504,57.95416667,56.85,10123.69345
9/15/2014,4.56,83.318,269.77,21976,3.5,1002.604071,10893.22314,21976,57.38333333,27.76859504,57.9375,56.70833333,11147.76041
9/16/2014,3.71,79.178,260.4,21520,2.24,-738.3058645,10907.10744,21520,57.76666667,27.76859504,57.875,57.5125,10605.60732
9/17/2014,6.83,77.144,261.71,21750,1.82,503.731523,10897.19008,21750,57.6375,27.76859504,57.9375,57.23333333,10064.15467
9/18/2014,3.4,72.266,161.47,22254,8.54,1309.266818,11014.21488,22254,58.04166667,392.7272727,57.84583333,57.6625,11030.78423
9/19/2014,2.29,79.43,262.71,22199,7.78,-464.2966267,10669.09091,22199,58.3125,446.2809917,58.09166667,58.77083333,9861.722832
9/20/2014,3.47,84.074,260.89,22396,5.72,558.0870854,10550.08264,22396,58.53333333,69.4214876,58.18333333,57.39166667,10554.47401
9/21/2014,4.2,80.114,198.33,21939,8.57,-530.812853,10563.96694,21939,58.77083333,27.76859504,58.09583333,58.45416667,10045.94281
9/22/2014,4.37,79.376,249.86,22458,8.73,1009.255537,10131.57025,22458,58.8125,27.76859504,57.95416667,57.47916667,10768.81361
9/23/2014,4.63,76.46,243.02,22291,6.67,-832.0119571,10145.45455,22291,59.0875,43.63636364,58.00833333,59.1375,9966.791262
9/24/2014,4.4,70.898,194.15,22137,9.29,-18.97308018,9544.46281,22137,59.20833333,27.76859504,57.94166667,58.0375,9393.117634
9/25/2014,2.87,58.802,139.56,21921,11.4,-92.42341912,9526.61157,21921,58.99166667,1152.396694,57.92916667,59.18333333,8182.028866
9/26/2014,1.92,65.714,231.33,21217,9.23,-511.81399,9006.942149,21217,58.98333333,1802.975207,58.13333333,58.9875,6679.550318
9/27/2014,3.86,65.75,236.33,19766,6.79,-926.5833759,8995.041322,19766,59.21666667,1047.272727,58,59.60416667,8215.650763
9/28/2014,2.17,66.866,130.99,19933,9.93,-100.882168,8985.123967,19933,59.49166667,965.9504132,58.09583333,59.9875,8488.128225
9/29/2014,1.74,68.522,237.08,19766,10.18,-635.9546713,8999.008264,19766,59.9125,1055.206612,58.1125,59.45,8277.290909
9/30/2014,4.24,67.514,243.14,19582,5.37,-517.4892561,9070.413223,19582,60.53333333,991.7355372,58.20416667,59.6875,8253.475398
10/1/2014,3.77,65.75,242.79,20088,1.65,331.202288,8925.619835,20088,60.3,1080.991736,58.1375,59.69583333,8898.595558
10/2/2014,2.15,70.178,235.84,20853,1.11,-288.9674588,9217.190083,20853,60.14166667,1011.570248,58.09166667,60.42083333,9133.248384
10/3/2014,1.57,74.696,237.31,20913,2.65,-867.6285493,8745.123967,20913,60.44166667,1297.190083,58.10416667,61.35,8079.061804
10/4/2014,1.65,76.55,237.01,20770,2.74,-774.1279197,8733.22314,20770,60.69166667,1366.61157,58.125,61.1125,7843.008065
10/5/2014,1.51,77.126,234.39,21325,3.03,78.60350525,8717.355372,21325,61.17083333,1281.322314,58.14583333,61.01666667,8572.883425
10/6/2014,1.35,78.008,230.79,22470,3.45,8.149632851,8933.553719,22470,61.23333333,1396.363636,58.1625,61.4,9176.676669
10/7/2014,1.63,78.314,225.32,22205,3.33,-1904.486586,8850.247934,22205,61.27916667,1683.966942,58.02083333,61.0625,7539.010075
10/8/2014,2.48,74.894,226.81,22551,-0.28,-26.72908326,9008.92562,22551,61.5875,1509.421488,58.14166667,60.36666667,8773.914354
10/9/2014,2,71.978,217.11,22322,0.01,-1503.410222,8905.785124,22322,61.17083333,1309.090909,58.27083333,60.02916667,7689.608157
10/10/2014,1.96,70.898,217.41,22445,1.3,30.08605788,8949.421488,22445,60.83333333,1340.826446,58.31666667,61.20416667,7945.975126
10/11/2014,3.39,70.808,214.01,22551,2.98,-231.3800847,9014.876033,22551,60.50833333,2519.008264,57.86666667,61.5125,6818.240645
10/12/2014,3.71,66.218,213.65,21793,-0.62,-1080.372876,8995.041322,21793,60.47916667,2459.504132,57.93333333,62.47083333,5984.697768
10/13/2014,2.95,68.18,199.95,22063,-1.92,820.8394221,8997.024793,22063,60.60416667,2102.479339,58.15,60.81666667,7396.11701
10/14/2014,6.52,65.516,183.01,21708,2.57,-856.5715555,9012.892562,21708,60.56666667,1977.520661,58.07083333,61.4375,6939.419568
10/15/2014,3.77,59.738,114.19,21952,7.15,339.9523328,8967.272727,21952,60.36666667,1160.330579,58.24583333,61.29166667,8249.973117
10/16/2014,3.13,61.97,178.12,21158,6.41,-1237.030968,9014.876033,21158,60.73333333,2340.495868,58.15,61.61666667,6244.567018
10/17/2014,3.49,62.276,117.6,21104,7.24,375.8131473,8991.07438,21104,60.46666667,2201.652893,57.90833333,61.11666667,7181.777413
10/18/2014,1.48,66.434,181.91,20657,8.04,-839.3559254,9000.991736,20657,60.65,2280.991736,58.3,61.3125,6665.541194
10/19/2014,3.82,65.786,172.22,19939,8.84,-663.541194,8991.07438,19939,60.75416667,2003.305785,58.17083333,61.7125,6568.177782
10/20/2014,3.17,60.296,115.76,19114,9.5,-405.409187,8995.041322,19114,60.56666667,3114.049587,58.00833333,59.8875,5744.441292
10/21/2014,1.74,57.992,173.47,18323,5.55,-654.4495565,8981.157025,18323,60.21666667,3213.22314,58.00416667,60.14583333,5708.718025
10/22/2014,2.92,59.054,116.79,19378,5.44,1114.215859,8981.157025,19378,59.62083333,3292.561983,58.0875,62.625,7026.976593
10/23/2014,2.86,55.562,51.14,22217,10.97,1500.618448,9004.958678,22217,59.50833333,2459.504132,58.25,61.66666667,9718.829767
10/24/2014,3.52,60.584,179.84,21350,10.77,-4040.375222,8979.173554,21350,60.07083333,4006.61157,58.02083333,62.0875,4651.029164
10/25/2014,5.43,47.714,74.51,21002,6.29,-26.46718053,8933.553719,21002,59.9875,4105.785124,58.04583333,62.22916667,4868.871042
10/26/2014,2.29,48.128,169.57,21921,3.87,877.897553,8766.942149,21921,60.10833333,2023.140496,58.45,61.29583333,8253.475398
10/27/2014,2.35,53.726,148.67,21829,4.13,-1601.673745,8824.46281,21829,59.94583333,944.1322314,58.6875,61.2125,8150.508337
10/28/2014,1.08,58.01,128.24,21568,3.85,-531.1777585,8826.446281,21568,60.18333333,353.0578512,58.8,61.425,8762.006599
10/29/2014,1.08,63.482,143.22,20323,7.43,-1533.618169,8812.561983,20323,60.25,2856.198347,58.39583333,60.9875,5291.946587
10/30/2014,2.07,64.49,147.74,19760,9.19,101.4170494,8824.46281,19760,60.05,4185.123967,58.1,61.7375,4639.121409
10/31/2014,3.59,57.794,101.97,20817,9.97,1057.217434,8931.570248,20817,59.89583333,1424.132231,58.33333333,61.12916667,8970.04209
11/1/2014,2.22,54.176,160.49,20686,6.37,-1593.604073,8963.305785,20686,59.775,4085.950413,57.925,61.5875,5394.913648
11/2/2014,2.92,51.674,167.81,20008,2.4,-1195.558276,8965.289256,20008,59.38333333,4264.46281,57.94166667,60.89583333,4809.332265
11/3/2014,0.98,53.348,102.56,20895,2.72,778.4941813,9022.809917,20895,59.4625,1914.049587,57.95416667,61.17083333,8408.276218
11/4/2014,1.17,56.75,103.73,20060,4.96,-2134.515887,9135.867769,20060,59.7,37.68595041,58.3375,60.95416667,9083.515994
11/5/2014,1.8,61.844,151.86,19633,7.83,-412.3341758,8915.702479,19633,60.575,27.76859504,58.23333333,60.8375,9267.735975
11/6/2014,2.29,62.348,156.43,19462,8.42,-550.8020907,8834.380165,19462,60.575,27.76859504,58.06666667,60.72916667,9655.088253
11/7/2014,2.22,61.106,154.68,19685,8.45,-625.4766828,8739.173554,19685,60.47916667,27.76859504,57.95416667,60.8,9825.999566
11/8/2014,1.66,62.636,154.25,19462,7.45,-1337.594607,8727.272727,19462,60.35416667,27.76859504,57.85416667,60.60833333,9400.822653
11/9/2014,1.29,62.69,148.7,19507,8.01,-656.3185208,8715.371901,19507,60.3,27.76859504,57.95,60.50833333,9678.903764
11/10/2014,2.96,57.614,155.74,19428,3.33,-1070.300458,8673.719008,19428,60.05,27.76859504,57.85416667,60.34166667,9636.876392
11/11/2014,1.16,53.672,146.68,18122,0.71,-2296.925979,8463.471074,18122,59.8125,27.76859504,57.81666667,60.0625,8378.857058
11/12/2014,2.14,53.384,131.17,18725,4.55,659.8454213,8255.206612,18725,59.66666667,27.76859504,57.9,60.025,9519.900207
11/13/2014,3.78,51.854,93.51,18554,9.12,-1463.46219,8219.504132,18554,59.75,27.76859504,57.8,59.89583333,8871.277766
11/14/2014,1.6,53.78,100.71,19633,8.5,399.4577712,8185.785124,19633,59.57083333,35.70247934,57.83333333,59.74166667,9583.641721
11/15/2014,1.56,52.862,117.63,19933,6.17,-1133.559076,8284.958678,19933,59.44166667,27.76859504,57.93333333,59.65416667,9172.473932
11/16/2014,3.08,47.642,136.74,19800,-2.34,-1048.283849,8152.066116,19800,59.1125,182.4793388,57.87916667,59.6375,8513.344648
11/17/2014,1.26,46.346,142.74,19378,-5.65,-965.7578711,7963.636364,19378,58.66666667,35.70247934,58.2125,59.42083333,8239.466274
11/18/2014,1.29,49.1,132.94,19041,-4.68,-648.5323897,7918.016529,19041,58.25416667,27.76859504,57.9,59.2375,8355.041547
11/19/2014,2.45,44.726,47.82,18171,2.23,-1334.793613,7783.140496,18171,58.24583333,192.3966942,57.8875,59.0125,6998.958345
11/20/2014,1.1,46.238,58.12,17067,6.86,-512.2145433,7791.07438,17067,58.25,126.9421488,58.02916667,58.82916667,6945.723674
11/21/2014,3.84,49.1,58.28,19310,8.46,2961.408557,7850.578512,19310,58.16666667,1965.619835,57.55416667,58.60416667,8624.717184
11/22/2014,4.6,51.368,92.88,18984,7.81,-3065.758506,7912.066116,18984,58.04583333,27.76859504,57.8,58.3375,7741.441916
11/23/2014,1.67,47.21,107.66,19714,2.34,872.8556047,7800.991736,19714,57.85,27.76859504,57.5875,58.0625,8519.648754
11/24/2014,1.4,49.298,130.36,19697,1.77,-763.4256135,7852.561983,19697,57.33333333,29.75206612,57.45416667,57.90833333,7618.161625
11/25/2014,0.7,52.322,114.29,19333,2.8,-159.3517076,7886.280992,19333,57.05833333,27.76859504,57.17916667,57.65833333,7020.672487
11/26/2014,1.43,53.744,122.75,19490,4.98,994.8399097,7908.099174,19490,57.0625,27.76859504,57.0375,57.35416667,7510.991827
11/27/2014,2.01,54.068,121.89,19428,6.2,307.3387515,7896.198347,19428,56.975,27.76859504,56.92916667,57.10833333,7308.559985
11/28/2014,3.83,47.138,70.28,19457,5.23,588.8697671,7898.181818,19457,56.75,27.76859504,56.65833333,56.89166667,7548.816461
11/29/2014,4.31,49.946,53.28,19490,9.2,354.5967621,7904.132231,19490,56.45416667,315.3719008,56.17083333,56.58333333,7148.155515
11/30/2014,1.5,48.596,64.06,19564,8.45,514.6048156,7898.181818,19564,56.26666667,27.76859504,56.20416667,56.46666667,7485.074947
12/1/2014,2.08,51.026,37.63,19760,9.72,581.3382761,7634.380165,19760,56.08333333,432.3966942,55.96666667,56.3625,7078.810351
12/2/2014,1.82,52.592,60.46,20188,10.45,551.1731201,6842.975207,20188,55.99166667,29.75206612,56.07083333,56.22083333,6645.92842
12/3/2014,5.05,51.206,44.54,21104,9.97,1083.29472,6694.214876,21104,55.8875,2023.140496,55.69166667,56.17916667,4656.632814
12/4/2014,3.87,51.656,57.26,21259,9.93,169.4415662,6561.322314,21259,55.6875,35.70247934,56.07083333,55.75,6131.79357
12/5/2014,5.05,52.682,66.44,21793,10.57,927.8262647,6597.024793,21793,55.7875,27.76859504,55.9625,55.61666667,6217.249226
12/6/2014,3.13,53.168,56.39,22217,10.72,776.0069723,6565.289256,22217,55.71666667,1479.669421,55.475,55.45,4237.760007
12/7/2014,2.91,54.032,100.63,21678,10.05,308.8598277,6557.355372,21678,55.42916667,1319.008264,55.37083333,55.49166667,3948.471596
12/8/2014,2.94,52.97,41.82,21896,10.8,1507.875511,6339.173554,21896,55.33333333,452.231405,55.7625,55.07083333,5329.771221
12/9/2014,2.08,55.796,44.25,23072,12.17,1733.170928,6327.272727,23072,55.3,1441.983471,55.55833333,54.675,5492.27706
12/10/2014,6.99,55.868,47.1,22402,12.12,-1276.987804,6081.322314,22402,55.1875,3153.719008,55.14166667,55.44583333,1514.386303
12/11/2014,7.33,51.764,56.63,21176,10,187.2170028,9367.933884,21176,54.84583333,1386.446281,55.3,55.39166667,587.6827513
12/12/2014,1.5,47.336,83.03,20229,6.65,6446.804852,8286.942149,20229,54.52083333,3927.272727,54.91666667,55.26666667,1409.317873
12/13/2014,0.68,46.22,109.62,20159,5.24,2880.351548,7753.38843,20159,54.35416667,3054.545455,54.81666667,54.68333333,3411.922147
12/14/2014,1.74,42.62,78.07,19041,2.78,168.9208282,7660.165289,19041,54.22916667,4105.785124,54.54166667,54.37083333,1518.58904
12/15/2014,2.51,41.918,42.94,19950,3.09,2944.791125,7644.297521,19950,54.07916667,4224.793388,54.27916667,54.1875,2997.252077
12/16/2014,3.18,40.766,41.08,22589,2.7,3061.252055,6057.520661,22589,53.76666667,3411.570248,54.05416667,54.45833333,3745.339298
12/17/2014,2.73,41.108,47.83,22670,3.14,-1018.388885,6073.38843,22670,53.47083333,55.53719008,54.125,54.03333333,4301.501521
12/18/2014,3.66,44.744,44.98,22620,6.18,1666.349719,6507.768595,22620,53.30833333,3669.421488,53.45,53.84583333,1413.52061
12/19/2014,3.99,47.444,63.67,21829,7.11,633.8264974,7057.190083,21829,53.2375,2717.355372,53.27916667,53.74583333,424.4764569
12/20/2014,5.01,48.056,27.24,21958,8.21,4044.358254,6876.694215,21958,53.24583333,2479.338843,53.0875,53.51666667,2485.218596
12/21/2014,1.53,52.178,35.87,21110,10.35,1064.136776,6555.371901,21110,53.375,593.0578512,53.4125,53.375,3533.10107
12/22/2014,1.8,55.094,106.2,21939,10.92,3258.21298,6093.22314,21939,53.7125,1134.545455,53.27083333,53.31666667,4206.239478
12/23/2014,2.37,52.592,111.5,21653,7.83,466.438208,6198.347107,21653,53.7125,1596.694215,53.425,53.24583333,3451.848151
12/24/2014,2.9,42.854,50.96,21271,2.39,767.8047416,6083.305785,21271,53.47083333,3847.933884,53.20833333,53.24166667,1054.18658
12/25/2014,3.75,40.01,107.55,21805,0,1715.185321,5998.016529,21805,53.04583333,4244.628099,53.05,52.80833333,1653.777087
12/26/2014,2.91,36.662,115.92,20907,-1.82,-798.3886572,6029.752066,20907,52.71666667,1527.272727,53.15416667,52.74166667,3251.517678
12/27/2014,1.09,37.868,113.44,20405,-2.41,748.9616608,6025.785124,20405,52.36666667,2618.181818,52.9,52.7625,2670.139032
12/28/2014,1.41,39.236,116.99,21289,-0.33,1621.464274,6033.719008,21289,51.99166667,4105.785124,52.475,52.58333333,2747.189214
12/29/2014,1.96,38.876,113.67,20889,-0.95,-1219.25533,6029.752066,20889,51.60833333,1358.677686,50,52.425,4237.760007
12/30/2014,4.88,38.804,123.74,19927,-2.03,-528.6856268,5982.14876,19927,51.13333333,33.71900826,50,52.47916667,5097.219763
12/31/2014,3.35,39.38,8.98,19361,-3.6,285.2099891,5932.561983,19361,50.675,27.76859504,50,52.07083333,5369.697225
1/1/2015,2.31,37.04,120.31,19198,-5.1,372.0961634,5932.561983,19198,50.56666667,27.76859504,50,51.74583333,5736.035817
1/2/2015,0.68,37.922,118.02,18149,-2.93,-880.2424286,5882.975207,18149,50.74583333,692.231405,50,51.47083333,4123.585646
1/3/2015,0.55,39.29,102.54,19282,-0.63,2200.158156,5877.024793,19282,50.83333333,27.76859504,50,51.2,6880.581247
1/4/2015,0.63,40.82,101.1,18703,0.88,-1610.325049,5920.661157,18703,50.92916667,53.55371901,50,50.95,5204.389562
1/5/2015,1.38,45.896,110.35,18780,2.37,739.717876,5884.958678,18780,50.92083333,170.5785124,50,51.02083333,5909.048498
1/6/2015,0.84,50.342,118.51,17803,4.18,-1171.668333,5884.958678,17803,50.89166667,612.892562,50,51.2375,4326.017488
1/7/2015,1.31,51.08,123.2,17361,4.98,504.0486277,5831.404959,17361,50.80833333,27.76859504,50,51.225,5263.928339
1/8/2015,1.15,50.864,120.23,17409,5.16,587.7080246,5831.404959,17409,50.975,27.76859504,50,51.12916667,5609.253245
1/9/2015,0.74,53.042,95.31,17680,6.47,465.3831186,5956.363636,17680,51.1375,29.75206612,50,50.97083333,6110.779884
1/10/2015,0.57,52.628,53.02,17723,7.63,-141.1683138,6305.454545,17723,51.14583333,27.76859504,50,50.85416667,6043.536089
1/11/2015,0.95,51.008,112.84,17851,6.97,362.1498614,6283.636364,17851,51.1625,33.71900826,50,50.74166667,6085.563461
1/12/2015,2.79,50.45,90.9,18166,6.9,479.3538944,6307.438017,18166,51.10833333,27.76859504,50,50.77083333,6077.157986
1/13/2015,2.61,46.85,128.52,20645,4.2,2681.511435,6305.454545,20645,50.95,29.75206612,50,50.7375,8249.272661
1/14/2015,0.99,45.122,130.23,22402,1.73,-216.5701817,6291.570248,22402,50.8,749.7520661,50,50.5875,6949.926411
1/15/2015,1.88,45.248,70.78,21350,3.42,-2460.108229,6081.322314,21350,50.63333333,33.71900826,50,50.67916667,4708.466573
1/16/2015,2.43,47.372,36.87,20764,7.59,753.1367328,5773.884298,20764,50.6,45.61983471,50,50.77083333,5365.494488
1/17/2015,1.33,49.784,39.68,19616,9.16,-785.2300252,5771.900826,19616,50.65,31.73553719,50,50.73333333,4786.217211
1/18/2015,1.92,51.422,77.98,19125,9.18,462.9480783,5779.834711,19125,50.7375,27.76859504,50,50.7625,5308.057079
1/19/2015,2.31,49.82,135.06,21750,6.66,3069.009037,5773.884298,21750,50.74166667,31.73553719,50,50.74166667,8457.308152
1/20/2015,3.2,44.636,131.43,21878,2,-2587.159392,5775.867769,21878,50.64583333,184.4628099,50,50.70833333,5954.578151
1/21/2015,2.42,44.114,137.01,21653,0.68,-588.1731923,5688.595041,21653,50.5125,27.76859504,50,50.64166667,5650.580161
1/22/2015,1.49,46.724,107.65,19001,1.52,-2641.753715,5684.628099,19001,50.39166667,27.76859504,50,50.51666667,3470.760468
1/23/2015,2.45,48.902,135.74,20252,3.11,3437.099036,5682.644628,20252,50.44166667,739.8347107,50,50.6125,6561.17322
1/24/2015,2.24,52.538,139.61,21732,4.77,-138.3633026,5583.471074,21732,50.525,571.2396694,50,50.58333333,6975.84329
1/25/2015,1.46,54.662,142.82,19605,5.38,-4090.611885,5583.471074,19605,50.50416667,27.76859504,50,50.58333333,3935.162928
1/26/2015,1.35,54.824,143.55,17992,6.48,7.539551339,5583.471074,17992,50.6875,27.76859504,50,50.42083333,4401.666757
1/27/2015,3.31,52.484,116.27,20428,7.91,3590.035722,5577.520661,20428,50.8,27.76859504,49.9625,50.46666667,8418.082605
1/28/2015,1.97,52.178,139.39,18736,7.4,-4560.330539,5585.454545,18736,50.77916667,27.76859504,49.69583333,50.4,4206.939934
1/29/2015,2.42,51.242,148.14,20060,5.25,2674.746016,5609.256198,20060,50.64583333,37.68595041,49.7875,50.49166667,7168.468745
1/30/2015,3.5,50.72,151.86,21122,5.19,-534.8984971,5912.727273,21122,50.57916667,31.73553719,50.1375,50.55,6980.046027
1/31/2015,2.68,48.956,157.04,22359,2.29,137.9457085,6128.92562,22359,50.575,29.75206612,50.12083333,50.525,7160.063271
2/1/2015,1.31,51.116,99.87,20123,3.16,-3296.889717,6128.92562,20123,50.50416667,27.76859504,50.12083333,50.39583333,3859.513659
2/2/2015,1.05,49.028,46.17,18526,7.78,644.6433658,6128.92562,18526,50.65833333,27.76859504,50.08333333,50.49166667,3978.591213
2/3/2015,1.05,52.34,75.24,21289,9.76,4885.565812,6124.958678,21289,50.65833333,27.76859504,49.93333333,50.41666667,8679.352767
2/4/2015,4.12,54.266,138.8,19350,9.58,-4521.162684,6124.958678,19350,50.69583333,27.76859504,49.83333333,50.2625,4046.535464
2/5/2015,7.72,54.536,60.88,20452,10.64,3152.654619,6128.92562,20452,50.67083333,31.73553719,49.88333333,50.18333333,7083.013089
2/6/2015,11.66,54.788,51.6,22859,11.78,1421.176994,6156.694215,22859,50.73333333,1783.140496,49.525,50.175,3270.429995
2/7/2015,6.98,52.646,84.32,19593,9.5,-2162.876276,9387.768595,19593,50.75833333,3034.710744,49.53333333,51.34166667,708.1612176
2/8/2015,6.24,50.342,57.77,16714,9.37,2765.896634,8883.966942,16714,50.87916667,3550.413223,49.57083333,52.60416667,1037.375631
2/9/2015,6.2,47.444,89.86,18073,7.23,5655.178088,7207.933884,18073,51.43333333,1870.413223,49.64166667,50.075,4825.442758
2/10/2015,2.05,46.76,170.44,18095,5.38,534.0779032,6190.413223,18095,51.64166667,4006.61157,49.75416667,49.875,745.9858524
2/11/2015,1.14,52.556,145.07,20610,5.62,3952.8158,6031.735537,20610,51.17916667,3768.595041,50.03333333,50.05,3528.898333
2/12/2015,0.94,55.544,167.56,21593,7,-282.7578371,6027.768595,21593,51.2,3788.429752,50.12916667,50.10416667,2199.432466
2/13/2015,1,56.876,172.65,22670,7.45,1116.906377,6035.702479,22670,51.0375,3907.438017,49.99583333,49.925,2354.233286
2/14/2015,1.71,56.552,184.31,20358,7.19,-2537.968823,6025.785124,20358,51.04166667,1398.347107,50.04166667,49.9375,2034.825259
2/15/2015,2.8,54.77,185.06,18399,6.36,633.6127575,6031.735537,18399,51.20833333,1576.859504,50.08333333,50.14583333,2406.067045
2/16/2015,1.64,53.672,189.46,20112,4.53,3761.808988,6025.785124,20112,50.925,3768.595041,50.04583333,50.59583333,3879.826889
2/17/2015,0.94,53.276,189.95,20996,4.38,-738.6368064,6027.768595,20996,50.65416667,3847.933884,49.975,50.1,2983.242953
2/18/2015,0.77,54.41,191.86,18526,6.23,-3273.408242,6031.735537,18526,50.73333333,1636.363636,50.27916667,50.05,1931.858198
2/19/2015,1.15,56.732,191.1,19406,8.09,3343.513703,6027.768595,19406,50.75833333,3332.231405,50.13333333,49.96666667,3574.427986
2/20/2015,3.34,53.294,197.17,20065,5.64,-219.8907959,6029.752066,20065,50.88333333,2578.512397,50.30833333,49.94166667,3996.803074
2/21/2015,3.67,50.864,198.52,20457,3.52,-153.5634046,6025.785124,20457,50.84583333,2657.85124,50.38333333,50.25833333,3536.603351
2/22/2015,4.51,44.402,205.8,20008,-0.86,-617.6694667,5942.479339,20008,50.70416667,1378.512397,50.25833333,50.7125,4268.580079
2/23/2015,4.07,40.316,212.28,19766,-3.68,53.38686315,5900.826446,19766,50.34166667,1227.768595,50.62083333,50.7375,4326.017488
2/24/2015,1.82,44.276,212.13,19277,-2.24,-141.9596368,5926.61157,19277,50.29166667,1037.355372,50.825,50.375,4391.159914
2/25/2015,2.55,48.884,203.63,19726,1.81,947.0962843,6021.818182,19726,50.64166667,1110.743802,50.75,50.13333333,5273.734726
2/26/2015,3.2,50.99,196.67,20037,4.68,-51.66034583,6158.677686,20037,50.89583333,696.1983471,50.87916667,50.07916667,5502.083447
2/27/2015,3.03,50.648,187.88,20147,4.16,70.39589184,6077.355372,20147,50.95,222.1487603,50.93333333,50.07916667,5690.506164
2/28/2015,2.96,45.842,182.5,20118,2.5,135.7004476,6075.371901,20118,50.925,27.76859504,50.95,50.06666667,5654.782898
3/1/2015,2.51,46.364,220.99,18236,1.41,-1489.179592,6075.371901,18236,50.80833333,27.76859504,50.97083333,50.32083333,3889.633275
3/2/2015,1.44,47.768,203.96,17691,2.3,1612.970031,6077.355372,17691,50.45833333,27.76859504,50.85833333,50.29166667,5230.306441
3/3/2015,1.27,49.478,212.37,18399,3.22,1527.280336,6134.876033,18399,50.575,27.76859504,50.80416667,50.1375,6529.652691
3/4/2015,1.53,50.234,230.02,18835,2.77,13.45474702,6067.438017,18835,50.67916667,45.61983471,50.8125,50.14583333,6253.672949
3/5/2015,1.08,52.07,230.82,19766,3.51,699.1452328,6071.404959,19766,50.54166667,27.76859504,50.92083333,49.93333333,6686.55488
3/6/2015,1.97,54.014,234.13,19339,4.65,-1069.918516,6075.371901,19339,50.7375,27.76859504,50.95,49.84583333,5561.622224
3/7/2015,2.03,56.588,236.18,19164,4.94,310.9810818,6073.38843,19164,50.75,35.70247934,50.90416667,50.10833333,5845.306984
3/8/2015,1.81,58.658,233.98,17883,6.11,-1088.621034,6073.38843,17883,50.86521739,1092.892562,50.74347826,49.76956522,3839.900885
3/9/2015,1.77,59.054,243.24,18443,5.73,1700.594983,6075.371901,18443,51.1,43.63636364,50.9375,49.78333333,6486.224407
3/10/2015,2.48,58.766,200.13,17997,7.78,-900.4888698,6053.553719,17997,51.02916667,29.75206612,50.90833333,49.79166667,5119.634362
3/11/2015,3.93,54.32,89.32,19035,10.68,1942.167291,6132.892562,19035,50.7625,97.19008264,50.7125,49.56666667,6920.50725
3/12/2015,2.97,56.93,232.81,19599,9.73,-320.8047707,6190.413223,19599,50.76666667,91.23966942,50.825,49.775,6587.090099
3/13/2015,1.54,61.88,196.87,19749,9.97,-337.9165453,6186.446281,19749,50.49166667,47.60330579,50.96666667,49.60416667,6200.438277
3/14/2015,1.93,61.016,70.05,20042,12.3,231.4046982,6188.429752,20042,50.83333333,27.76859504,51.02916667,49.62083333,6451.902053
3/15/2015,3.8,60.872,103.4,20475,13.05,141.759104,6184.46281,20475,50.7,27.76859504,50.90416667,49.5375,6608.804242
3/16/2015,1.88,58.406,170.41,18454,11.32,-2473.110027,6158.677686,18454,50.47083333,53.55371901,50.93333333,49.475,3937.264297
3/17/2015,1.7,59.072,251.29,18912,8.69,2625.85967,6146.77686,18912,50.35833333,27.76859504,51.02083333,49.49583333,6507.938549
3/18/2015,4.38,56.714,258.32,19417,6.18,116.0697155,6158.677686,19417,50.89166667,222.1487603,50.97083333,49.58333333,6154.908624
3/19/2015,1.7,58.37,246.14,19046,5.85,-589.3796984,6150.743802,19046,50.81666667,27.76859504,51.45833333,49.79166667,5823.592842
3/20/2015,2.84,60.566,214.41,19651,8.71,904.3823646,5976.198347,19651,50.8125,27.76859504,51.19583333,49.69166667,6477.818932
3/21/2015,2.52,58.748,205.37,19708,8.7,-472.3891799,5984.132231,19708,50.75833333,27.76859504,51.1,49.66666667,5922.357166
3/22/2015,4.71,55.76,182.96,18890,8.7,-783.9935296,5982.14876,18890,50.84583333,33.71900826,51.15,49.48333333,5121.035274
3/23/2015,4.57,52.106,152.57,19052,7,989.3944781,5982.14876,19052,50.83333333,29.75206612,51.14166667,49.46666667,6136.696763
3/24/2015,2.08,51.656,112.57,19795,8.22,558.6999312,5811.570248,19795,50.525,33.71900826,51.17083333,49.61666667,6379.054608
3/25/2015,3.44,55.184,217.74,20211,8.1,-185.2033683,5454.545455,20211,50.83333333,39.66942149,51.19166667,49.85833333,5684.902515
3/26/2015,2.01,62.06,274.12,21283,9.89,801.9735181,5430.743802,21283,50.69583333,27.76859504,51.39166667,50.00416667,6515.643567
3/27/2015,3.1,64.958,272.78,21623,12.45,-772.6683604,5420.826446,21623,50.95833333,27.76859504,51.41666667,49.82916667,5706.616657
3/28/2015,4.94,59.612,287.35,22470,5.93,533.4411942,5418.842975,22470,51.88333333,71.40495868,51.37916667,49.7,6269.783441
3/29/2015,2.81,59.828,276.2,20949,4.79,-2443.345424,5422.809917,20949,51.62083333,41.65289256,51.65,49.80833333,3992.600337
3/30/2015,1.74,63.374,234.07,21976,7.77,2415.556688,5418.842975,21976,51.3875,33.71900826,51.6875,49.82083333,6434.390648
3/31/2015,4.37,54.608,286.22,21902,3.36,-1123.266681,5418.842975,21902,51.74583333,33.71900826,51.67916667,49.65833333,5413.125509
4/1/2015,4.42,48.668,295.78,22112,0.16,181.9984579,6059.504132,22112,51.72083333,29.75206612,51.825,49.61666667,6325.119481
4/2/2015,3.94,48.758,298.17,21744,-0.1,-663.3674149,6452.231405,21744,51.35833333,51.57024793,51.75416667,49.55833333,6229.857438
4/3/2015,1.86,52.736,272.83,20967,-0.53,-606.196281,6224.132231,20967,50.8625,27.76859504,51.80416667,49.46666667,5520.295308
4/4/2015,2.57,53.654,268.98,20534,1.91,243.0683284,6037.68595,20534,50.94583333,29.75206612,51.89583333,49.275,5666.690653
4/5/2015,4.37,47.282,185.58,20311,2.46,118.2432313,5875.041322,20311,50.83333333,27.76859504,51.89583333,49.17916667,5728.330799
4/6/2015,4.97,46.49,209.9,20211,2.35,18.94192827,5708.429752,20211,50.7,27.76859504,51.85,49.3125,5613.455982
4/7/2015,4.95,46.166,179.46,20955,5.54,811.205175,5444.628099,20955,50.2875,31.73553719,51.67083333,49.35416667,5906.94713
4/8/2015,1.32,46.544,168.68,22377,4.75,927.945432,5393.057851,22377,49.9125,31.73553719,51.59166667,49.48333333,6791.62331
4/9/2015,2.32,51.188,307.91,20805,5.22,-3002.300996,5879.008264,20805,50.11666667,31.73553719,51.71666667,49.6875,4369.445772
4/10/2015,2.37,56.228,307.9,20463,6.53,1135.826955,5886.942149,20463,50.525,27.76859504,51.85,49.6,5575.631347
4/11/2015,1.77,57.47,212.33,19777,6.26,-402.4577933,5888.92562,19777,51.17083333,27.76859504,51.8875,49.65,5129.440748
4/12/2015,2.07,60.152,313.94,18394,6.29,-651.2837232,5892.892562,18394,51.62916667,39.66942149,51.95833333,49.6875,4361.740754
4/13/2015,3.74,59.414,313.5,18807,6.21,1904.482386,5886.942149,18807,51.50833333,37.68595041,51.83333333,49.77916667,6158.410905
4/14/2015,4.44,47.894,301.86,18531,-0.01,-585.1547067,5884.958678,18531,51.77916667,27.76859504,52.09166667,49.7625,5506.286184
4/15/2015,4.45,49.982,324.1,18725,1.47,544.9038986,5884.958678,18725,51.81666667,27.76859504,52.37083333,49.88333333,6051.241107
4/16/2015,2.98,57.344,328.81,18912,3.45,-7.051024355,6608.92562,18912,51.525,29.75206612,52.90416667,50.3875,6886.885353
4/17/2015,1.74,63.392,328.11,19316,6.59,96.28820072,7370.578512,19316,51.54166667,33.71900826,52.6125,50.36666667,7892.039999
4/18/2015,2.53,67.172,326.1,19760,8.75,-111.1804949,7319.008264,19760,52.3625,31.73553719,52.45833333,50.83333333,7543.212812
4/19/2015,2.64,67.514,332.42,19559,8.01,-456.9400847,7317.024793,19559,52.45416667,39.66942149,52.52916667,50.19166667,6916.304513
4/20/2015,1.59,68.396,332.41,19933,9.3,735.0508589,7317.024793,19933,52.39166667,31.73553719,52.52083333,50.0875,7709.921387
4/21/2015,1.59,68.216,321.58,20031,11.31,-326.6321308,8304.793388,20031,52.49583333,27.76859504,52.575,50.42083333,8564.47795
4/22/2015,4.13,64.544,326.88,19870,9.46,-448.4531566,9300.495868,19870,52.98333333,27.76859504,52.60416667,50.89583333,9138.151578
4/23/2015,3.09,61.448,296.96,18918,7.28,-817.4243053,10552.06612,18918,52.8,31.73553719,52.61666667,50.18333333,9526.904769
4/24/2015,3.46,54.932,258.23,18923,4.07,998.4258095,11639.00826,18923,52.49583333,27.76859504,52.59583333,50.48333333,11371.20594
4/25/2015,1.9,52.43,279.01,18377,5.9,-305.9662706,12422.47934,18377,52.14166667,27.76859504,52.6875,50.59583333,11734.04225
4/26/2015,2.22,58.028,257.82,19962,6.85,2245.668494,13241.65289,19962,51.97916667,27.76859504,52.65833333,51.31666667,14745.30345
4/27/2015,2.68,66.056,338.41,19622,8.48,-1871.419152,13255.53719,19622,52.55,27.76859504,52.83333333,51.89583333,13088.72454
4/28/2015,1.77,68.99,338.01,19271,8.89,-211.955945,13368.59504,19271,52.75,27.76859504,52.9,51.09166667,13043.19489
4/29/2015,3.81,66.884,342.67,19864,8.84,890.6315563,13275.3719,19864,52.8875,27.76859504,52.9625,51.54583333,13733.8447
4/30/2015,4.62,64.778,353.54,19743,5.86,-607.2413942,13249.58678,19743,53.04166667,27.76859504,53.10833333,52.07916667,13055.10265
5/1/2015,2.23,68.144,351.88,20188,7.03,611.7155318,13261.4876,20188,53.32083333,27.76859504,53.11666667,51.59166667,13503.39461
5/2/2015,1.26,71.042,349.75,19074,7.92,-1383.675602,14076.69421,19074,53.175,27.76859504,53.20416667,51.48333333,12894.69818
5/3/2015,1.58,68.99,355.07,19294,5.38,1374.22744,14100.49587,19294,52.90833333,27.76859504,53.27916667,51.77916667,14378.26441
5/4/2015,1.86,67.586,353.71,18835,7.16,-764.5371373,14088.59504,18835,53.1625,27.76859504,53.28333333,51.53333333,13638.58266
5/5/2015,2.83,64.472,352.92,19806,6.67,1393.243786,14088.59504,19806,53.12083333,27.76859504,53.29583333,51.54166667,15423.34506
5/6/2015,5.27,58.01,364.57,20002,2.04,-1166.518614,13975.53719,20002,53.23333333,27.76859504,53.34583333,51.8,14039.24361
5/7/2015,5.69,55.508,360.3,18225,1.03,-1868.475015,14031.07438,18225,53.3125,39.66942149,53.24166667,53.35416667,13271.54361
5/8/2015,2.87,61.052,358.11,18907,5.73,1401.861349,14044.95868,18907,53.8125,27.76859504,53.44583333,52.87083333,15040.89597
5/9/2015,1.43,66.362,358.45,19001,8.39,-929.7058874,14058.84298,19001,53.72083333,33.71900826,53.4375,52.06666667,14240.97499
5/10/2015,3.06,67.766,336.01,18929,9.52,-287.8510231,14054.87603,18929,53.375,27.76859504,53.49166667,51.87916667,14052.55227
5/11/2015,2.54,65.768,328.88,19852,8.7,897.555168,14048.92562,19852,53.3125,27.76859504,53.5625,52.3125,15203.40181
5/12/2015,2.55,58.118,253.52,19582,5.1,-1452.244785,14048.92562,19582,53.54583333,33.71900826,53.61666667,52.15,13884.44279
5/13/2015,2.86,58.388,310.49,19985,4.48,533.7638216,14058.84298,19985,53.52916667,27.76859504,53.59166667,52.29166667,14477.02873
5/14/2015,2.45,57.632,300.72,22921,5.86,2490.04565,14126.28099,22921,53.69583333,27.76859504,53.6625,52.7375,16958.74504
5/15/2015,2.4,59.522,305.8,19423,5.92,-6358.232643,14280.99174,19423,54.15833333,27.76859504,53.675,51.225,10738.69399
5/16/2015,3.02,62.006,357.55,18730,7.59,2821.52915,14221.4876,18730,53.41666667,27.76859504,53.72916667,52.225,13565.03476
5/17/2015,2.25,63.248,308.85,18410,9.06,308.6842483,14161.98347,18410,53.96666667,27.76859504,53.775,52.87916667,13961.49297
5/18/2015,1.9,62.636,245.32,18625,8.28,387.721906,14150.08264,18625,54.025,27.76859504,53.79166667,52.92083333,14430.09816
5/19/2015,1.72,63.698,236.4,19473,9.27,540.2158896,14217.52066,19473,54.10416667,27.76859504,53.8625,52.21666667,15070.31513
5/20/2015,1.7,64.418,243.55,18014,10.01,-2339.563064,14205.61983,18014,54.3625,33.71900826,53.84166667,52.225,12561.28102
5/21/2015,2.09,65.066,275.46,18956,10.03,2552.619806,14165.95041,18956,53.85833333,27.76859504,53.91666667,52.51666667,15127.75254
5/22/2015,1.51,64.544,241.23,20176,10.83,230.4292782,14245.28926,20176,53.9375,33.71900826,53.94583333,52.525,15134.05664
5/23/2015,2.41,65.786,356.14,20469,9.73,-629.4863921,14185.78512,20469,53.77083333,27.76859504,53.9875,52.8875,14388.07079
5/24/2015,1.98,69.314,371.32,20077,10.85,-622.0542611,14088.59504,20077,54.47916667,27.76859504,54.07916667,53.0125,13593.05301
5/25/2015,2.57,71.222,365.06,19875,12.26,265.7734363,14094.54545,19875,54.22916667,101.1570248,54.025,53.0375,13569.2375
5/26/2015,2.5,71.24,373.33,19916,11.64,465.1509298,14112.39669,19916,54.31666667,29.75206612,54.0875,53.40416667,13882.34142
5/27/2015,1.78,73.364,376.82,19662,10.47,-53.6967919,13717.68595,19662,54.74583333,47.60330579,54.12916667,52.69583333,13307.26688
5/28/2015,1.25,75.308,363.39,20961,10.2,1661.815765,13705.78512,20961,54.34166667,180.4958678,54.08333333,52.79166667,14703.27608
5/29/2015,1.84,77.054,354.74,21140,11.97,-998.9868238,13723.63636,21140,54.38333333,27.76859504,54.3625,52.9,13747.15337
5/30/2015,3.63,77.018,344.47,21140,12.62,-51.2856014,13719.66942,21140,54.41666667,531.5702479,54.17083333,52.8875,12933.92372
5/31/2015,5.33,73.22,337.28,21104,10.73,218.1754536,13717.68595,21104,54.36666667,200.3305785,54.46666667,52.81666667,13358.40018
6/1/2015,4.13,66.74,312.41,20877,10.05,-68.0448081,13921.98347,20877,54.3375,1334.876033,54.04166667,52.87916667,12134.7032
6/2/2015,1.94,69.242,376.98,20835,9.96,410.404238,14046.94215,20835,54.43333333,1338.842975,54.15833333,53.5875,12337.13504
6/3/2015,2.12,69.476,351.89,20329,9.74,-135.0358664,14039.00826,20329,54.95833333,1249.586777,54.175,53.50416667,11900.75083
6/4/2015,3.63,70.232,323.48,21014,10.76,1573.670658,13957.68595,21014,55.09166667,1334.876033,54.21666667,53.0875,12918.51369
6/5/2015,2.71,74.768,378.81,22112,10.31,802.2962274,14042.97521,22112,55.02916667,1336.859504,54.2,53.48333333,13180.4843
6/6/2015,2.25,78.692,380.21,21989,10.73,-597.3685975,14050.90909,21989,55.1625,1176.198347,54.2625,53.37083333,12475.82537
6/7/2015,1.46,83.444,378.74,21671,12.17,80.8853738,14056.8595,21671,55.38333333,729.9173554,54.47916667,53.74166667,12642.53394
6/8/2015,1.31,87.062,377.9,22746,12.27,1759.408209,13935.86777,22746,55.49583333,1370.578512,54.3875,54.11666667,13300.96277
6/9/2015,2.76,84.74,345.14,22576,14.45,-905.6735138,13929.91736,22576,55.75416667,2161.983471,54.18333333,53.57916667,11387.31643
6/10/2015,2.83,77.432,356.88,21605,16.67,-590.3825457,13945.78512,21605,55.52083333,1338.842975,54.4625,54.4625,11466.46798
6/11/2015,2.98,78.98,387.98,21241,13.11,776.4741688,13878.34711,21241,55.95416667,1338.842975,54.52083333,53.7,11976.4001
6/12/2015,3.69,81.32,388.08,20346,9.74,-331.8959678,13838.67769,20346,55.95416667,1497.520661,54.57083333,53.44583333,11192.58961
6/13/2015,3.51,80.402,390.31,20853,8.69,1655.567415,13830.7438,20853,56.24583333,1620.495868,54.4375,53.5,12394.57245
6/14/2015,2.32,80.06,389,20510,8.87,-527.3245161,13747.43802,20510,56.03333333,1380.495868,54.4625,54.5125,11764.16187
6/15/2015,2.1,80.294,388.33,21550,8.54,1642.780279,13660.16529,21550,56.07083333,860.8264463,54.72916667,54.38333333,13557.32974
6/16/2015,2.41,79.196,390.47,22094,6.32,-213.990897,13644.29752,22094,56.48333333,1342.809917,54.7,54.56666667,12648.83805
6/17/2015,2.12,80.204,391.19,21989,5.25,-452.3504467,13674.04959,21989,56.7,1646.280992,54.60833333,53.6,11779.57191
6/18/2015,2.19,81.158,380.97,21750,6.25,9.196685041,13753.38843,21750,56.20833333,2102.479339,54.5625,53.11666667,11829.3043
6/19/2015,1.83,78.602,392.08,22545,4.85,616.6047909,13743.47107,22545,55.475,2023.140496,54.67916667,53.25833333,12251.67938
6/20/2015,2.25,79.538,369.01,22266,6.5,-810.3488015,13743.47107,22266,55.65416667,2142.14876,54.7125,52.71666667,11204.49737
6/21/2015,3.57,75.92,387.19,21702,6.72,-167.175056,13743.47107,21702,55.85,1672.066116,54.93333333,52.8125,11420.93833
6/22/2015,1.27,76.442,390,22947,5.41,1895.466629,13737.52066,22947,55.75,2122.31405,54.925,53.11666667,12594.90292
6/23/2015,1.85,79.322,387.9,22645,7.37,-1281.696308,13733.55372,22645,56.02083333,1842.644628,54.95833333,52.72083333,11065.80704
6/24/2015,3,82.94,372.65,22702,8.92,882.1020509,13731.57025,22702,56.42083333,1830.743802,55.03333333,52.64583333,11666.79846
6/25/2015,2.79,86.522,380.46,22482,10.81,14.02798628,13931.90083,22482,55.9625,1858.512397,55.06666667,52.2125,11192.58961
6/26/2015,2.34,90.068,379.74,22664,13.45,1062.79882,13953.71901,22664,55.42083333,2122.31405,55.12916667,52.225,11476.27437
6/27/2015,3.83,85.73,332,22664,14.03,355.1305887,13979.50413,22664,55.25416667,2161.983471,55.29583333,52.23333333,11200.99509
6/28/2015,2.94,83.732,322.61,22827,12.81,779.5255712,14001.32231,22827,55.1875,1812.892562,55.4625,52.075,11884.64034
6/29/2015,1.37,85.532,385.01,23256,10.51,732.7894121,14029.09091,23256,55.1375,2419.834711,55.425,51.95,11462.26525
6/30/2015,1.87,89.186,377.55,22639,10.4,-470.0090517,14044.95868,22639,55.5625,3054.545455,55.4375,52.75833333,10010.92
7/1/2015,2.06,91.616,370.02,21392,12.03,-267.5067769,14072.72727,21392,55.7375,2499.173554,55.51666667,51.7625,9985.003123
7/2/2015,2.79,91.526,360,21362,13.26,1558.550596,14092.56198,21362,55.8875,3054.545455,55.41666667,51.975,10693.16434
7/3/2015,2.34,85.172,291.21,22087,12.71,1069.852189,14100.49587,22087,56.04166667,3074.380165,55.5625,52.32083333,11355.09545
7/4/2015,1.67,87.98,369.82,22626,12.76,210.0202525,14100.49587,22626,55.87083333,1628.429752,56.24166667,52.275,12568.98604
7/5/2015,3.7,85.316,374.58,22291,13.73,-431.9199243,14100.49587,22291,55.85,1606.61157,56.43333333,52.75,11720.03313
7/6/2015,3.91,83.696,373.76,22677,12.77,1159.851168,14102.47934,22677,55.87916667,2320.661157,56.38333333,52.3375,11791.47966
7/7/2015,3.86,80.6,370.72,22464,11.98,-222.6614782,14092.56198,22464,56.2125,2419.834711,56.59583333,52.53333333,11141.45631
7/8/2015,2.88,79.07,351.53,21307,12.7,-625.7290373,14096.52893,21307,56.3125,971.9008264,56.9375,50.60416667,11628.97382
7/9/2015,3.14,75.956,286.54,20334,13.94,522.6542792,14029.09091,20334,55.44166667,1929.917355,56.54583333,51.07083333,10824.14965
7/10/2015,3.68,73.526,264.31,20008,13.22,949.0239037,14013.22314,20008,54.225,1920,56.875,52.07083333,11440.55111
7/11/2015,3.63,76.334,301.28,20329,12.49,973.6720305,14001.32231,20329,54.3625,1896.198347,56.9375,52.77083333,11974.29873
7/12/2015,3.75,77,318.91,20498,10.47,299.8252369,14114.38017,20498,55.125,1683.966942,57.17083333,52.6625,12355.3469
7/13/2015,1.77,78.44,368.21,20651,10.09,228.0663231,14094.54545,20651,55.15,2320.661157,57.15,52.5875,11601.65603
7/14/2015,1.82,81.122,366.61,21362,9.61,883.2282675,14076.69421,21362,55.4875,2320.661157,57.30833333,53.17083333,12120.69408
7/15/2015,1.38,83.822,365.23,21665,9.04,-61.66102215,13937.85124,21665,55.84583333,2459.504132,57.4125,51.99583333,11367.0032
7/16/2015,2.3,84.884,374.62,21587,7.46,33.34390744,13925.95041,21587,55.8125,2142.14876,57.50833333,51.60416667,11292.05439
7/17/2015,2.14,84.974,372.14,21429,7.97,333.7472629,13882.31405,21429,55.06666667,1789.090909,57.65833333,51.76666667,11402.72647
7/18/2015,3.41,83.768,370.37,21811,8.26,1072.49667,13844.6281,21811,55.05833333,2062.809917,57.725,51.66666667,11692.71534
7/19/2015,2.32,83.174,369.62,20405,8.82,-1316.897158,13852.56198,20405,55.2,2241.322314,57.8,51.52916667,9919.16024
7/20/2015,2.28,87.242,361.19,21447,10.76,2734.079429,13761.32231,21447,55.425,2419.834711,57.95833333,51.97083333,11831.40566
7/21/2015,2.17,86.954,363.4,19389,11.59,-2547.918057,13791.07438,19389,55.00416667,1559.008264,58.12083333,51.13333333,9599.752213
7/22/2015,4.29,82.94,358.75,19674,8.36,2917.313903,13785.12397,19674,55.42083333,3094.214876,57.74583333,51.37916667,10645.53332
7/23/2015,4.26,76.46,370.28,20293,5.72,664.3757709,13785.12397,20293,55.05,2876.033058,57.825,51.65,11292.05439
7/24/2015,3.92,77.882,369.6,20031,4.69,-644.9634809,13791.07438,20031,55.00416667,2915.702479,58.02916667,51.19583333,10393.36909
7/25/2015,2.81,77.27,372.12,19800,2.77,251.0028108,13787.10744,19800,55.00416667,2935.53719,58.1,51.52916667,10393.36909
7/26/2015,2.57,79.322,363.22,20510,5.74,1168.201158,13132.56198,20510,54.9125,2519.008264,58.42083333,51.82916667,11073.51206
7/27/2015,3.61,77.738,369.1,20668,4.76,-301.958341,13559.00826,20668,55.2,2638.016529,58.6375,51.925,11025.88104
7/28/2015,3.37,81.752,370.24,20129,1.32,-643.8893045,13787.10744,20129,55.25416667,2558.677686,58.59583333,52.32083333,10472.52064
7/29/2015,2.61,86.666,369.21,20716,0.19,1342.909112,13789.09091,20716,55.075,2003.305785,58.7625,52.17916667,12014.22473
7/30/2015,2.32,91.796,346.56,20692,2.51,-252.439606,13668.09917,20692,55.325,2459.504132,58.68333333,51.72083333,10857.77155
7/31/2015,2.65,92.642,274.55,20627,6.63,285.8234913,13666.1157,20627,55.125,2558.677686,58.77916667,51.59583333,10786.32502
8/1/2015,2.24,92.822,345.18,20610,7.15,304.1129965,13664.13223,20610,54.80416667,2638.016529,58.79583333,51.47916667,10538.36352
8/2/2015,4.24,88.718,335.13,20973,8.55,850.7521825,13701.81818,20973,54.80833333,2638.016529,58.82916667,51.8,10853.56881
8/3/2015,3.95,84.884,353.36,21429,6.81,666.2328429,13719.66942,21429,54.475,2697.520661,58.84583333,51.4,11292.05439
8/4/2015,3.68,83.066,325.52,21410,5.39,-288.9056297,13715.70248,21410,54.775,3094.214876,58.7625,51.78333333,10288.30066
8/5/2015,3.36,82.76,348.52,21665,6.81,588.1869433,13717.68595,21665,54.475,3094.214876,58.80416667,52.77916667,10538.36352
8/6/2015,0.92,86.072,353.02,22081,4,501.1075544,13717.68595,22081,55.30416667,3054.545455,58.83333333,51.6625,10728.88761
8/7/2015,2.87,84.128,264.62,22334,3.58,187.2528859,13713.71901,22334,55.9875,3014.876033,58.82083333,51.88333333,10705.0721
8/8/2015,2.63,82.85,347.34,22739,4.28,398.7708752,13773.22314,22739,55.82083333,3054.545455,58.82916667,51.69583333,10756.2054
8/9/2015,2.51,83.138,347.83,22488,1.89,-288.527714,13761.32231,22488,55.64583333,2538.842975,58.95,51.50833333,10577.58907
8/10/2015,2.98,83.39,327.5,21520,1.35,-323.1097312,13656.19835,21520,55.32083333,2677.68595,59.04583333,51.1125,9978.699017
8/11/2015,5.04,78.26,324.03,20698,2.23,177.8133797,13608.59504,20698,54.35833333,2201.652893,59.02083333,51.4,10605.60732
8/12/2015,4.85,77.864,346.35,19800,1.4,-96.66517124,13400.33058,19800,54.02083333,2340.495868,59.0125,51.72916667,10123.69345
8/13/2015,4.8,78.638,344.48,19058,1.29,194.1412607,13404.29752,19058,54.54583333,1983.471074,59.02083333,51.84166667,10611.91142
8/14/2015,1.97,76.802,342.78,21265,1.9,3015.915026,13170.24793,21265,54.6125,2697.520661,58.92916667,52.825,12632.72756
8/15/2015,2.14,83.516,343.53,22464,0.27,-961.0002873,13685.95041,22464,54.975,2519.008264,58.96666667,52.37916667,11807.59015
8/16/2015,1.96,88.25,345.72,22013,-4.55,-1091.648001,13676.03306,22013,55.40416667,2439.669421,59.00416667,51.975,10431.19372
8/17/2015,1.37,90.572,344.15,22217,-5.33,1009.169916,13731.57025,22217,55.575,2677.68595,58.875,52.0875,10686.86023
8/18/2015,2.29,91.04,324.17,20937,-2.92,-912.9759325,13723.63636,20937,55.48333333,2995.041322,58.84583333,51.9375,9187.183512
8/19/2015,2.71,87.296,315.54,20716,0.16,1320.411529,13697.85124,20716,55.6625,2479.338843,58.975,51.85416667,10646.93423
8/20/2015,2.08,86.18,331.18,19985,1.09,-159.4218333,13729.58678,19985,55.56666667,2320.661157,58.98333333,52.4625,10212.65139
8/21/2015,2.15,85.964,327.54,20405,2.03,1616.27423,13680,20405,55.78333333,2538.842975,58.92083333,52.66666667,11177.17957
8/22/2015,2.89,86.108,320.66,20907,5.37,465.9774548,13681.98347,20907,55.84166667,2459.504132,58.90416667,53.2,11202.396
8/23/2015,4.39,83.39,314.04,20734,5.99,-152.9166612,13681.98347,20734,56.29583333,3728.92562,58.62916667,53.41666667,9312.565171
8/24/2015,3.9,84.776,319.64,22155,4.26,2061.49268,13626.44628,22155,57.09166667,2856.198347,58.8375,52.4875,11886.7417
8/25/2015,3.67,83.786,309.72,22168,1.96,-1103.493766,13695.86777,22168,56.575,2737.190083,58.87916667,51.98333333,10672.85111
8/26/2015,4.71,82.094,317.96,22303,1.81,420.826576,13687.93388,22303,55.99583333,2995.041322,58.875,52.0875,10464.81562
8/27/2015,2.94,85.37,310.4,20961,2.97,-1113.923058,13697.85124,20961,55.66666667,2816.528926,58.85833333,51.9125,9232.713165
8/28/2015,3.53,85.388,232.81,21319,4.83,2006.609149,13713.71901,21319,55.60416667,2836.363636,58.91666667,52.14166667,10800.33414
8/29/2015,6.92,75.146,199.03,21805,9.16,563.0212319,13697.85124,21805,55.40833333,2895.867769,58.9375,52.45833333,10896.99709
8/30/2015,2.04,73.292,296.16,21032,5.07,-868.0136189,13701.81818,21032,55.675,2836.363636,58.94166667,52.65,9754.553033
8/31/2015,2.62,78.278,308.05,20829,3.7,907.9015125,13707.7686,20829,55.4875,2618.181818,59.07916667,52.00416667,10597.9023
9/1/2015,3.2,80.654,302.06,19956,1.06,-381.3155231,13693.8843,19956,55.16666667,2618.181818,58.975,52.225,9742.645278
9/2/2015,3.39,75.74,302.06,19852,3.97,1229.057201,13687.93388,19852,54.75,2479.338843,58.97083333,52.325,10728.88761
9/3/2015,1.89,72.032,293.73,20147,3.01,774.7074313,13701.81818,20147,54.85416667,2380.165289,59,52.2,11285.75029
9/4/2015,3.29,67.19,304.19,20686,-0.94,574.9026026,13703.80165,20686,54.69166667,2300.826446,59.04166667,52.22083333,11486.08076
9/5/2015,3.59,65.066,302.5,21008,-3.03,238.8944466,13689.91736,21008,54.61666667,2776.859504,58.72916667,52.6,10980.35138
9/6/2015,2.2,72.662,293.2,21854,-5.96,778.7064712,13705.78512,21854,54.45,2181.818182,58.8875,52.85,12096.87856
9/7/2015,2.38,79.088,299.81,22254,-5.08,-172.9116179,13693.8843,22254,54.83333333,2757.024793,58.64166667,52.97083333,11107.13395
9/8/2015,2.44,83.228,299.67,22589,-8.43,164.7255541,13695.86777,22589,55.14166667,2459.504132,58.59166667,53.1375,11252.12839
9/9/2015,2.24,85.964,293.22,21976,-4.42,-628.7647536,13703.80165,21976,55.45833333,3034.710744,58.51666667,53.075,9790.276299
9/10/2015,1.66,88.52,285.29,22279,-0.7,1181.81461,13695.86777,22279,55.30833333,1699.834711,58.80833333,53.44166667,12017.72701
9/11/2015,2.42,91.13,263.25,21459,1.04,-841.6939521,13818.84298,21459,55.0625,27.76859504,59.1125,53.50833333,12472.32309
9/12/2015,2.29,86.612,133.64,19593,0.65,-547.2487098,13719.66942,19593,54.85416667,656.5289256,58.85833333,53.75,10705.0721
9/13/2015,1.64,83.732,176.06,20311,2.91,3076.068396,13699.83471,20311,55.4625,2459.504132,58.62083333,53.86666667,11506.39399
9/14/2015,5.47,77.36,140.02,21562,6.51,984.9365885,13691.90083,21562,55.29166667,1983.471074,58.775,53.32916667,12436.59982
9/15/2015,4.41,66.164,214.99,21817,6.13,-473.1700679,13275.3719,21817,54.89166667,2995.041322,58.50833333,53.4,10119.49071
9/16/2015,3.08,51.836,72.69,21247,6.03,-409.1601315,13229.75207,21247,54.7375,2776.859504,58.73333333,54.07916667,9387.513985
9/17/2015,0.93,59.792,255.38,20835,7.16,653.378577,13261.4876,20835,55.0125,2796.694215,58.80416667,54.19166667,9572.434421
9/18/2015,2.18,71.006,272.02,20416,4,473.3589674,13408.26446,20416,55.7875,2737.190083,58.67916667,54.525,9651.585972
9/19/2015,2.01,77.234,268.26,20540,0.51,1143.488408,13307.10744,20540,55.86666667,2935.53719,58.625,54.21666667,9988.505404
9/20/2015,1.75,81.986,265.49,21217,0.73,1060.064844,13307.10744,21217,55.93333333,1858.512397,58.5875,54.4375,11851.01844
9/21/2015,1.52,82.922,252.37,22100,2.95,480.5766013,13263.47107,22100,55.9625,3153.719008,58.28333333,54.375,10589.49682
9/22/2015,3.43,79.7,255.21,21374,3.88,-1205.744754,13269.42149,21374,56.06666667,2499.173554,58.41666667,54.33333333,9613.761337
9/23/2015,2.27,74.642,257.56,20457,3.09,239.4865969,13301.15702,20457,55.89583333,1862.479339,58.55416667,54.43333333,10024.22867
9/24/2015,1.95,80.096,241.72,21283,1.28,2240.449016,13156.36364,21283,55.77083333,1884.297521,58.37916667,54.75416667,11716.53085
9/25/2015,2.76,79.97,251.47,21362,1.24,-365.4647343,13073.05785,21362,55.92083333,2003.305785,58.52083333,54.55833333,10600.00367
9/26/2015,1.63,78.404,247.21,22026,3.57,1133.748396,13047.27273,22026,56.05833333,1951.735537,58.45,54.12916667,11242.322
9/27/2015,2.13,77.864,230.83,21187,5.59,-985.7848099,12993.71901,21187,55.5875,1971.570248,58.37916667,54.40833333,9727.235242
9/28/2015,2.31,78.296,245.4,20182,3.52,289.9135183,12981.81818,20182,55.625,1398.347107,58.43333333,54.59583333,9940.874382
9/29/2015,3.8,72.662,245.77,20235,0.6,1695.596692,12981.81818,20235,55.54583333,1505.454545,58.475,54.825,10829.7533
9/30/2015,3.08,71.258,192.58,19714,0.64,125.6103364,12975.86777,19714,55.65833333,1880.330579,58.32916667,55.23333333,9899.547467
10/1/2015,2.3,63.446,74.54,20147,8.47,1628.989723,12975.86777,20147,55.64166667,1499.504132,58.4125,55.30416667,11307.46443
10/2/2015,3.03,68.288,237.25,20317,5.54,338.8992064,12979.83471,20317,55.925,1326.942149,58.425,55.60833333,11266.13751
10/3/2015,5.34,69.17,235.89,20387,1.08,456.755052,12981.81818,20387,56.12083333,1328.92562,58.47083333,55.9625,11202.396
10/4/2015,3.58,70.088,232.06,19457,3.7,-479.503438,12977.85124,19457,56.25416667,1176.198347,58.575,55.9,10357.64582
10/5/2015,2.08,72.95,229.49,19513,3.73,1500.007073,12981.81818,19513,56.47916667,1322.975207,58.4875,55.27916667,11204.49737
10/6/2015,1.99,75.2,222.74,19714,4.24,655.3456052,12979.83471,19714,56,1168.264463,58.41666667,55.53333333,11369.10457
10/7/2015,1.99,76.136,206.65,20776,5.13,1504.465678,12979.83471,20776,56.15416667,908.4297521,58.39583333,55.65,12732.19234
10/8/2015,1.86,79.052,219.66,21811,5.19,374.2126187,12963.96694,21811,56.19166667,743.8016529,58.4625,56.09583333,12642.53394
10/9/2015,1.62,77.306,220.39,22501,3.36,267.6313493,12902.47934,22501,56.4875,1600.661157,58.48333333,55.63333333,11404.82784
10/10/2015,3.2,73.562,213.78,22633,3.5,28.99034182,12960,22633,56.525,1562.975207,58.47083333,55.51666667,11177.17957
10/11/2015,2.38,73.364,203.72,21338,5.58,-1075.154777,12912.39669,21338,56.1625,27.76859504,58.625,55.70416667,11025.88104
10/12/2015,1.16,78.08,211.91,22044,3.84,2564.747059,12914.38017,22044,55.80416667,1013.553719,58.29583333,55.46666667,12067.4594
10/13/2015,1.28,79.952,210.72,22229,2.53,18.36704628,12910.41322,22229,55.85833333,1061.157025,58.39166667,55.80416667,11589.74828
10/14/2015,1.59,80.924,206.07,22192,3,222.5079183,12904.46281,22192,55.9875,1132.561983,58.42916667,55.92916667,11144.95859
10/15/2015,2.78,78.674,197.87,21146,3.53,-419.0577636,12912.39669,21146,56.07916667,1342.809917,58.34583333,54.75,9907.252485
10/16/2015,3.3,74.282,165.85,21441,6.31,1957.334292,12910.41322,21441,55.53333333,1608.595041,58.425,54.50416667,11027.9824
10/17/2015,3.24,67.874,144.82,21080,11.13,-87.16421818,12904.46281,21080,55.2,535.5371901,58.55,55.03333333,11399.22419
10/18/2015,1.64,64.256,146.67,20252,9.66,141.7014298,12888.59504,20252,55.2,1184.132231,58.4,54.99583333,10244.87237
10/19/2015,2.65,58.514,87.35,20211,7.66,1418.59044,13194.04959,20211,55.19583333,1297.190083,58.375,54.91666667,10915.20896
10/20/2015,4,62.186,195.62,22174,4.63,2944.650544,12273.71901,22174,55.27083333,1317.024793,58.50833333,54.90833333,12160.62008
10/21/2015,2.6,65.498,193.04,21211,0.1,-2166.925865,11728.26446,21211,55.37083333,811.2396694,58.44166667,55.27083333,9472.969641
10/22/2015,1.33,69.35,191.83,20317,0.21,550.0551524,11369.2562,20317,55.3375,1715.702479,58.675,55.64166667,7973.292918
10/23/2015,2.46,66.704,168.17,20329,1.13,1692.260801,10853.55372,20329,55.85416667,1207.933884,58.69583333,55.975,9215.20176
10/24/2015,2.69,67.1,145.88,20428,0.84,529.4180747,10843.63636,20428,55.8,1592.727273,58.61666667,55.88333333,8808.937164
10/25/2015,3.03,64.994,184.23,20823,1.1,836.9719269,10686.94215,20823,55.83333333,1253.553719,58.90416667,56.74583333,9344.0857
10/26/2015,1.72,63.41,184.67,21032,0.22,298.3027298,10242.64463,21032,56.12916667,1586.77686,58.9,56.60416667,8366.248846
10/27/2015,1.24,59.252,90.35,21417,3.04,674.6189226,10242.64463,21417,56.2375,1445.950413,58.8125,56.04166667,8814.540814
10/28/2015,1.22,52.088,49.78,20428,9.05,-1006.846599,10246.61157,20428,56.35416667,1562.975207,58.7875,56.04166667,7194.385624
10/29/2015,3.13,56.444,175.12,20129,4.92,1190.25074,10250.57851,20129,56.55,424.4628099,58.85,56.54583333,9145.856596
10/30/2015,1.97,63.176,131.23,20865,1.74,1416.259106,9651.570248,20865,56.47083333,372.892562,58.82916667,55.92916667,9468.766904
10/31/2015,2.74,66.74,135.16,21423,5.53,367.910782,9526.61157,21423,56.14583333,366.9421488,58.83333333,56.34583333,9296.454679
11/1/2015,4.12,63.68,94.52,21380,9.69,-179.7852575,10052.2314,21380,56.0375,682.3140496,58.81666667,56.43333333,8425.787623
11/2/2015,4.66,52.988,101.49,21787,4.53,1351.129732,9292.561983,21787,56.16666667,700.1652893,58.85,56.05,8630.320833
11/3/2015,3.72,49.28,158.74,22488,-1.3,663.0758612,9318.347107,22488,56.09166667,27.76859504,58.95833333,56.4375,9939.47347
11/4/2015,2.87,48.236,167.12,21380,-5.44,-1756.894958,9326.280992,21380,55.97083333,27.76859504,58.69583333,58.2,8029.329414
11/5/2015,1,51.044,153.78,21775,-5.58,1664.182983,9330.247934,21775,56.06666667,43.63636364,58.70833333,57.38333333,9401.523109
11/6/2015,1.49,53.834,161.51,21362,-2.5,-527.9115388,9330.247934,21362,56.2875,59.50413223,58.82083333,57.78333333,8610.007603
11/7/2015,2.21,53.672,142.69,21026,-1.01,324.7361987,9324.297521,21026,56.31666667,83.30578512,58.86666667,57.32083333,8838.356324
11/8/2015,2.17,48.506,74.48,21002,4.93,378.6354115,9330.247934,21002,56.575,65.45454545,58.70833333,57.36666667,8885.987346
11/9/2015,2.23,47.3,106.7,20955,4.29,331.8060424,9326.280992,20955,56.49166667,31.73553719,58.6125,57.14166667,8941.323386
11/10/2015,2.24,47.606,154.04,21665,2.09,1063.222069,9324.297521,21665,56.4125,67.43801653,58.50416667,57.24166667,9868.026938
11/11/2015,1.07,45.644,150.21,21050,-0.51,-1226.167434,9316.363636,21050,56.34166667,170.5785124,58.6625,58.08333333,8261.180416
11/12/2015,2.87,46.562,148.97,20996,-0.11,830.604708,8935.53719,20996,56.5125,172.5619835,58.79166667,58.2125,8342.433335
11/13/2015,1.51,50.216,146.69,21307,-0.17,731.5418716,8505.123967,21307,56.73333333,37.68595041,58.625,57.55833333,8490.93005
11/14/2015,2.27,49.478,146.75,21738,-0.02,407.5079665,8509.090909,21738,56.8375,33.71900826,58.3875,57.6,8544.865177
11/15/2015,4.95,46.184,98.91,21805,1.97,-2.493276174,8231.404959,21805,56.80416667,103.1404959,57.85,57.81666667,7969.790637
11/16/2015,2.98,43.25,132.58,20651,-3.81,-995.5261742,7840.661157,20651,56.56666667,35.70247934,57.81666667,58.09166667,6287.294846
11/17/2015,1.06,45.608,81.94,21623,-0.56,2489.663832,7822.809917,21623,56.46666667,450.2479339,57.56666667,57.40416667,8078.361348
11/18/2015,1.62,49.334,132.95,21417,2.88,-911.7993645,8011.239669,21417,56.60416667,47.60330579,57.42083333,57.30416667,7412.227502
11/19/2015,1.05,55.526,90.27,21459,5.53,593.4088616,8094.545455,21459,56.67916667,33.71900826,57.15,57.1625,7735.838267
11/20/2015,3.15,57.506,132.51,21211,5.84,76.98817928,8003.305785,21211,56.71666667,113.0578512,56.875,57.2625,7309.260441
11/21/2015,2.14,54.266,135.96,20528,1.68,-102.0125071,8039.008264,20528,56.60833333,41.65289256,56.71666667,57.23333333,6904.396758
11/22/2015,1.37,55.094,127,20106,1.75,670.9586139,8040.991736,20106,56.65416667,39.66942149,56.50833333,57.18333333,7049.391191
11/23/2015,2.2,54.032,131.36,19697,3.49,542.931123,8054.876033,19697,56.575,29.75206612,56.4625,56.91666667,7126.441373
11/24/2015,4.29,47.966,83.42,19921,3.07,1122.682594,8040.991736,19921,56.34583333,31.73553719,56.2125,56.4,8056.647206
11/25/2015,2.69,38.714,75.27,20223,-2.61,254.6089923,8021.157025,20223,56.00833333,45.61983471,56.2125,56.28333333,8023.025308
11/26/2015,3.27,37.508,132.55,19760,-5.16,-510.4881179,7967.603306,19760,55.40833333,27.76859504,56.14166667,56.52916667,6926.1109
11/27/2015,3.46,35.42,132.73,19468,-8,721.7238107,7957.68595,19468,54.95416667,49.58677686,55.80833333,56.31666667,7150.256884
11/28/2015,1.52,35.096,132.48,19468,-9.07,757.8422896,7943.801653,19468,54.88333333,27.76859504,55.475,55.95416667,7529.203688
11/29/2015,1.45,35.888,131.01,19074,-9.43,-7.170630149,7925.950413,19074,54.775,27.76859504,55.14166667,55.78333333,7085.114457
11/30/2015,0.64,38.336,71.31,18990,-8.17,729.0673612,7925.950413,18990,54.6,29.75206612,54.85833333,55.40416667,7479.471298
12/1/2015,1.03,42.962,89.99,19605,-5.45,1031.727049,7923.966942,19605,54.47083333,136.8595041,54.44166667,55.09583333,8726.983789
12/2/2015,1.07,44.996,38.47,19316,2.21,-1228.876351,7925.950413,19316,54.53333333,31.73553719,54.1125,55.14583333,7134.846847
12/3/2015,6.28,45.302,41.31,20352,5.84,1795.368029,7920,20352,54.525,69.4214876,53.525,54.59583333,8396.368463
12/4/2015,2.64,45.212,97.19,21235,4.4,337.2100494,7927.933884,21235,54.46666667,2102.479339,53.1375,54.50416667,6248.069299
12/5/2015,3.82,44.51,75.6,21665,2.99,7.385246455,8048.92562,21665,53.74583333,3193.38843,52.94583333,54.5375,4980.243578
12/6/2015,3.92,40.784,37.47,21164,3.29,-625.7063879,8346.446281,21164,53.55,27.76859504,53,54.1125,7148.155515
12/7/2015,2.77,47.732,24.74,21092,7.99,1098.522171,8352.396694,21092,53.80833333,99.17355372,52.30416667,53.70416667,7450.052137
12/8/2015,1.53,51.62,64.32,21939,9.58,1650.171003,8356.363636,21939,53.78333333,216.1983471,52.59583333,53.675,8401.972112
12/9/2015,4.92,52.934,43.44,21574,10.69,-626.8068227,8338.512397,21574,53.6625,27.76859504,52.31666667,53.5,7071.105333
12/10/2015,7.45,49.55,94.88,21392,7.11,1057.638469,8253.22314,21392,53.6,89.25619835,51.80416667,53.38333333,6642.426139
12/11/2015,2.28,43.178,77.65,20557,3.56,686.5408031,8310.743802,20557,53.20416667,71.40495868,51.87083333,53.09166667,6521.947673
12/12/2015,2.61,41.774,56.85,19457,2.54,617.39117,8314.710744,19457,52.87083333,43.63636364,51.84166667,53.1875,6384.658258
12/13/2015,4.97,42.962,43.58,18769,3.76,1198.416122,8209.586777,18769,52.5125,428.4297521,52.1375,52.85833333,6206.041927
12/14/2015,3.35,38.57,99.02,18658,-0.93,1464.115098,8205.619835,18658,52.20416667,716.0330579,52.11666667,52.57916667,6751.697306
12/15/2015,3.47,36.788,117.09,18730,-2.29,809.8894709,8243.305785,18730,51.91666667,27.76859504,52.25,53.54166667,7630.06938
12/16/2015,1.22,39.002,83.86,19530,-1.16,1385.46781,8255.206612,19530,51.7875,27.76859504,52.09166667,54.6,8518.948298
12/17/2015,2.74,40.442,35.83,20135,1.35,313.4897185,8273.057851,20135,52.89166667,29.75206612,51.97916667,54.35833333,8209.346657
12/18/2015,4.05,41.954,38,20025,4.64,-76.04087188,8273.057851,20025,53.5125,549.4214876,51.60416667,54.02916667,6598.997855
12/19/2015,1.57,42.44,84.23,19939,3.01,1038.638509,8275.041322,19939,53.37083333,29.75206612,51.4875,53.92916667,7192.284256
12/20/2015,3.63,37.688,33.06,19703,1.6,817.0050002,8273.057851,19703,53.05,27.76859504,51.34166667,53.675,6935.917287
12/21/2015,3.93,37.346,34.99,19080,1.63,686.3719692,8271.07438,19080,52.95,1090.909091,51.03333333,53.3125,5403.319122
12/22/2015,2.14,44.438,59.46,19232,3.2,1928.846167,8237.355372,19232,52.57916667,795.3719008,50.83333333,53.15416667,6765.70643
12/23/2015,2.25,40.802,80.2,20164,-0.72,1608.277041,7713.719008,20164,52.37916667,981.8181818,50.66666667,52.85416667,7052.893472
12/24/2015,3.46,37.598,73.83,20241,-0.56,-243.9926456,7203.966942,20241,52.16666667,140.8264463,50.7125,52.37083333,6636.82249
12/25/2015,2.08,37.562,90.19,21872,-1.36,2057.318006,6614.876033,21872,52.00833333,204.2975207,50.46666667,52.325,7632.170749
12/26/2015,3.02,33.53,101.86,21140,-3.9,-1953.592237,6107.107438,21140,51.72916667,27.76859504,50.34166667,52.45,4736.484821
12/27/2015,1.56,34.286,82.62,20153,-3.48,355.854022,6113.057851,20153,51.32083333,27.76859504,50.19166667,52.12083333,4407.270407
12/28/2015,2.2,35.132,77.44,21008,-1.57,2533.018849,6132.892562,21008,51.19166667,27.76859504,50.00833333,51.7625,6416.879243
12/29/2015,1.62,33.53,94.48,21325,-3.14,5.244723942,6214.214876,21325,51.12916667,31.73553719,49.85416667,51.61666667,5885.232988
12/30/2015,0.74,35.528,94.62,21915,-1.17,887.2463508,6150.743802,21915,51.1,27.76859504,49.625,51.41666667,5867.021126
12/31/2015,2.6,38.12,121.45,22396,-8.02,736.9540806,6154.710744,22396,50.75416667,27.76859504,49.475,51.47083333,5658.985635
1/1/2016,1.65,38.552,83.4,22451,-5.89,522.9565138,6190.413223,22451,50.24583333,27.76859504,49.24166667,51.10416667,5107.726606
1/2/2016,1.38,44.114,77.61,21927,-1.61,530.9180221,6190.413223,21927,49.96666667,27.76859504,49.03333333,50.775,5101.4225
1/3/2016,2.48,45.806,45.81,21562,1.4,696.2221281,6190.413223,21562,49.91666667,27.76859504,48.91666667,50.59166667,5345.881714
1/4/2016,3.73,51.314,70.69,21465,5.59,719.7629141,6186.446281,21465,49.86666667,27.76859504,48.67083333,50.43333333,4009.411286
1/5/2016,3.91,49.262,61.56,21283,4.32,1967.2664,6101.157025,21283,49.80416667,852.892562,48.22916667,50.30416667,4085.060555
1/6/2016,0.94,47.156,53.01,22589,2.22,2469.203908,6109.090909,22589,49.59166667,2003.305785,48.05416667,50.00833333,4317.612013
1/7/2016,1.43,45.878,71.18,22118,1.27,-682.826889,6130.909091,22118,49.30833333,686.2809917,48.00416667,49.95,4412.874056
1/8/2016,1.67,45.392,27.57,22137,1.88,1050.754043,6120.991736,22137,49.24583333,1301.157025,47.78333333,49.77916667,4365.243035
1/9/2016,0.95,45.842,77.21,21176,1.18,-506.4083243,6105.123967,21176,49.1875,27.76859504,47.97083333,49.6375,4456.302341
1/10/2016,0.94,46.616,82.73,20610,0.85,1055.053031,6051.570248,20610,49.14166667,27.76859504,47.6875,49.55833333,5202.988649
1/11/2016,3.59,46.958,79.32,21684,1.1,1894.813004,6077.355372,21684,49.18333333,1529.256198,47.48333333,49.39583333,5537.806713
1/12/2016,5.78,48.452,31.92,22347,3.41,-326.7075394,6079.338843,22347,48.95,696.1983471,47.69166667,49.2375,3493.875523
1/13/2016,4.04,49.604,47.6,22796,5.29,2338.264973,6085.289256,22796,48.825,1785.123967,47.50416667,48.74583333,2742.986477
1/14/2016,1.41,48.668,87.4,22683,3.36,1444.178812,6015.867769,22683,48.58333333,2419.834711,47.19583333,48.79166667,3673.892766
1/15/2016,2.74,46.22,62.86,22513,2.82,-247.8597081,6124.958678,22513,48.21666667,1358.677686,47.25833333,48.82083333,3479.866399
1/16/2016,5.98,55.094,42.7,21014,8.63,-212.5854073,6188.429752,21014,48.23333333,410.5785124,47.425,48.7875,1641.869331
1/17/2016,3.11,53.204,90.47,20340,6.6,3461.981909,5976.198347,20340,48.375,1453.884298,47.175,49.04166667,2123.783197
1/18/2016,5.07,53.798,67.37,19726,7.16,1784.530853,5938.512397,19726,48.52083333,1570.909091,47.2375,48.5625,2179.819693
1/19/2016,1.81,52.844,88.15,20925,6.2,3386.783613,5890.909091,20925,48.80833333,1394.380165,47.1,48.4,1909.4436
1/20/2016,3.69,56.642,75.52,22266,8.41,3928.085326,5912.727273,22266,49.08333333,3887.603306,47.14583333,47.8875,216.4409656
1/21/2016,7.46,56.102,73.77,22168,8.87,1710.683001,5898.842975,22168,48.5875,4899.173554,47.06666667,48.05833333,794.3173302
1/22/2016,5.64,51.872,68.72,20967,5.65,-995.6479087,5896.859504,20967,48.34166667,2618.181818,47.27916667,48.09166667,1512.284935
1/23/2016,1.4,50.684,73.94,21176,5.48,1975.392751,5815.53719,21176,48.69166667,2598.347107,47.20833333,47.925,1516.487672
1/24/2016,1.18,53.33,123.18,19288,6.37,-187.2975894,5873.057851,19288,49.01666667,1493.553719,47.43333333,47.71666667,1721.020882
1/25/2016,1.35,54.32,135.09,19001,5.53,2371.48325,6039.669421,19001,49.175,3252.892562,47.29583333,48.04583333,7012.967469
1/26/2016,0.94,56.462,126.17,20008,6.59,-3219.190609,6043.636364,20008,48.7625,2697.520661,47.37083333,47.975,3541.506544
1/27/2016,1.49,50.18,45.76,21690,3.19,1486.609158,6041.652893,21690,48.62916667,4066.115702,47.5125,47.90416667,2127.985934
1/28/2016,2.86,50.792,45.44,21811,4.65,-31.44874392,6041.652893,21811,48.18333333,3768.595041,47.51666667,47.71666667,2137.792321
1/29/2016,1.57,50.9,125.61,21708,2.3,32.26553024,6075.371901,21708,48.07916667,2776.859504,47.55833333,47.92916667,974.3345734
1/30/2016,5.03,44.888,151.14,21182,-2.31,1798.177823,6037.68595,21182,48.075,4244.628099,47.38333333,47.87083333,780.3082062
1/31/2016,2.34,41.774,146.85,20358,-3.27,188.749645,5948.429752,20358,47.76666667,4185.123967,47.39166667,47.72916667,2203.635203
2/1/2016,1.03,40.28,48.35,20528,-1.01,-270.3294179,5898.842975,20528,47.5125,3391.735537,47.35833333,47.72916667,2249.164856
2/2/2016,1.96,41.396,69.32,20112,0.02,-158.057418,5896.859504,20112,47.65,2935.53719,47.525,47.375,4351.233911
2/3/2016,2.05,43.988,124.31,20704,1.65,-797.911597,5890.909091,20704,47.62916667,2280.991736,47.3875,47.28333333,4434.588199
2/4/2016,0.91,48.776,137.47,19893,1.55,-1635.670844,5888.92562,19893,47.64166667,285.6198347,47.7875,47.3125,4299.400152
2/5/2016,1.19,52.196,143.09,18554,2.25,-35.09436688,5894.876033,18554,47.45416667,31.73553719,47.8625,47.3625,4140.396595
2/6/2016,3.08,53.852,165.42,17240,3.26,408.7439009,5938.512397,17240,47.55833333,27.76859504,47.85416667,47.17916667,4789.719492
2/7/2016,2.88,53.978,171.12,17015,2.81,896.0243097,5942.479339,17015,47.80833333,27.76859504,47.9625,47.22083333,6028.126052
2/8/2016,1.52,56.264,170.07,17830,3.8,701.5846918,5934.545455,17830,48.02083333,27.76859504,48.025,47.25416667,6851.862543
2/9/2016,1.33,58.298,163.53,19350,4.99,574.9143165,5974.214876,19350,47.92916667,37.68595041,47.9875,47.03333333,6601.79968
2/10/2016,1.05,63.194,157.3,21295,6.94,1279.729246,6083.305785,21295,47.86666667,1019.504132,47.70833333,47.04583333,5385.107261
2/11/2016,1.22,61.268,156.87,22464,5.21,847.6943919,6089.256198,22464,47.65416667,1449.917355,47.80833333,46.95416667,4609.001792
2/12/2016,2.99,54.536,175.39,21952,3.04,-481.662949,6051.570248,21952,47.57916667,690.2479339,48.02083333,47.025,5470.562918
2/13/2016,2.37,55.868,121.51,21915,4.45,-146.240604,6053.553719,21915,47.64166667,27.76859504,47.92916667,46.8,5658.985635
2/14/2016,2.22,62.744,180.09,22273,8.85,724.799489,6059.504132,22273,47.65416667,374.8760331,47.89583333,46.70833333,5405.420491
2/15/2016,1.47,62.636,175.21,22796,7.18,802.2076082,6057.520661,22796,47.86666667,731.9008264,47.98333333,46.72916667,4686.75243
2/16/2016,6.17,56.03,113.9,22439,5.22,281.8674047,6059.504132,22439,47.71666667,678.3471074,48.325,47.44583333,4188.027616
2/17/2016,8.13,47.732,89.68,21593,5.53,347.1294088,6059.504132,21593,47.5875,565.2892562,48.1125,48.05,3773.357546
2/18/2016,5.41,47.426,95.25,19812,4.84,-60.14266997,6049.586777,19812,47.46666667,27.76859504,47.94166667,47.75833333,6252.972492
2/19/2016,1.07,50.918,174.16,20776,4.41,732.8456898,6057.520661,20776,47.66666667,374.8760331,47.94166667,47.71666667,5919.555341
2/20/2016,1.31,48.542,96.03,21459,3.03,446.0892871,6059.504132,21459,48.12916667,489.9173554,48.03333333,48.2,6435.091104
2/21/2016,2.72,50.882,203.52,22513,2.9,188.4956729,6063.471074,22513,48.01666667,378.8429752,48.30833333,48.32083333,4692.35608
2/22/2016,1.83,50.378,200.88,21995,0.31,474.2720192,6051.570248,21995,48.12083333,714.0495868,48.54583333,48.48333333,5296.149324
2/23/2016,1.11,54.14,199.74,22708,0.9,754.3713372,6081.322314,22708,48.32083333,961.9834711,48.60833333,48.2375,5141.348504
2/24/2016,1.41,57.146,194.85,22390,3.1,-340.009661,6132.892562,22390,48.62083333,79.33884298,48.7875,48.00416667,5408.922772
2/25/2016,1.39,56.354,92,22199,7.31,453.630947,6186.446281,22199,48.82916667,27.76859504,48.52916667,48.14166667,6165.415467
2/26/2016,1.1,58.46,163.36,22620,7.6,414.262219,6190.413223,22620,48.92083333,27.76859504,48.45416667,48.10416667,5367.595856
2/27/2016,1.84,60.278,141.15,22859,7.84,1034.048772,6184.46281,22859,48.875,771.5702479,48.42083333,48.1375,5266.029707
2/28/2016,1.35,62.006,179.84,22739,6.49,26.86285498,6186.446281,22739,48.70833333,541.4876033,48.67916667,48.05,5958.780889
2/29/2016,3.92,61.394,144.93,22827,8.85,-225.8222113,6186.446281,22827,48.6625,27.76859504,48.84166667,48.20416667,4725.977978
3/1/2016,4.2,61.592,154.6,22470,10.66,1075.699708,6184.46281,22470,48.71666667,602.9752066,48.54583333,48.03333333,4670.641938
3/2/2016,3.6,60.872,143.78,22161,10.27,601.8456653,6184.46281,22161,48.76666667,892.5619835,48.69166667,47.975,3068.69861
3/3/2016,4.82,60.62,150.7,20258,9.84,320.2022164,6186.446281,20258,48.78333333,956.0330579,48.6,47.79583333,4412.874056
3/4/2016,8.05,56.714,86.77,18879,9.68,-561.4608329,6130.909091,18879,49.00833333,230.0826446,48.67083333,47.80416667,4127.087927
3/5/2016,6.79,52.97,141.31,19029,6.1,1923.738519,6273.719008,19029,49.05416667,678.3471074,48.59583333,48.30833333,2340.224162
3/6/2016,3.45,50.072,204.97,18515,3.42,2741.147739,6269.752066,18515,49.47916667,1362.644628,48.35,48.80416667,4777.811736
3/7/2016,2.28,47.552,116.8,20734,1.91,2348.295702,6273.719008,20734,49.575,2142.14876,48.5125,48.6125,1935.360479
3/8/2016,5.6,52.502,67.11,20919,7.8,2381.209769,6166.61157,20919,49.21666667,3490.909091,49.1375,48.1125,2378.048797
3/9/2016,6.68,57.29,84.75,21793,9.81,1171.653682,6000,21793,49.14583333,4085.950413,48.925,47.85833333,1653.777087
3/10/2016,5.21,55.616,136.02,22570,8.74,1037.2725,6130.909091,22570,49.03333333,3788.429752,48.65416667,47.7,1111.623989
3/11/2016,8.31,49.766,97.05,21976,6.05,636.8553498,8368.264463,21976,49.29583333,3530.578512,48.7625,48.00833333,795.7182426
3/12/2016,8.79,50.126,72.95,20811,6.52,2876.967708,8953.38843,20811,49.49166667,3748.760331,48.99583333,48.2875,1093.412127
3/13/2016,2.94,53.294,163.82,21325,4.61,4625.215972,9141.818182,21325,49.78695652,3947.107438,49.19565217,47.93913043,883.2752675
3/14/2016,1.2,55.346,141.12,19518,4.03,2504.435476,8933.553719,19518,50.0375,3887.603306,49.25416667,48.65416667,2504.831369
3/15/2016,2.8,57.578,252.82,18421,4.27,1444.119044,9120,18421,50.28333333,3966.942149,49.30416667,48.22916667,3735.532912
3/16/2016,1.54,60.332,261.48,18046,4.64,1042.524939,9306.446281,18046,50.65416667,3828.099174,49.44583333,48.6625,6147.203606
3/17/2016,1.24,61.682,260.2,19950,5.33,1235.143501,9306.446281,19950,50.77916667,4085.950413,49.57083333,49.25416667,34767.14346
3/18/2016,2.81,61.97,230.02,21952,7.9,-27544.64759,35702.47934,21952,50.29583333,4046.280992,49.47916667,49.22083333,34219.38671
3/19/2016,5.31,56.984,74.2,22254,9.44,-2261.188363,37436.03306,22254,49.95,4224.793388,49.28333333,49.04166667,33522.43279
3/20/2016,5.22,50.468,94.66,22001,6.26,-564.1931206,36874.71074,22001,49.51666667,4224.793388,49.24583333,48.62083333,33919.59146
3/21/2016,1.92,50.666,155.98,21976,4.11,-1294.674105,36767.60331,21976,49.03333333,4244.628099,49.29583333,48.47916667,33812.42166
3/22/2016,1.72,53.906,177.4,21750,4.41,-1515.446453,36809.2562,21750,48.90833333,4244.628099,49.39166667,48.49583333,29217.42899
3/23/2016,1.42,61.358,264.26,21453,5.87,3050.199109,31860.49587,21453,49.25,4165.289256,49.4,49.05416667,27366.82371
3/24/2016,3.39,59.81,253.75,20782,2.9,-342.6170984,26233.38843,20782,49.86666667,753.7190083,49.95833333,49.37083333,23101.04546
3/25/2016,1.75,58.028,157.6,19153,4.88,749.6239615,21086.28099,19153,50.05833333,355.0413223,50.1125,49.70833333,19550.43298
3/26/2016,1.96,61.682,263.59,20123,6,2150.806689,16962.64463,20123,50.39166667,317.3553719,50.12916667,50.2625,13414.43668
3/27/2016,5.89,51.116,283.17,19662,0.04,2769.852576,14154.04959,19662,50.925,517.6859504,50.04583333,49.6875,8429.99036
3/28/2016,3.26,52.232,253.19,19875,1.39,5419.373276,9699.173554,19875,50.79166667,1396.363636,49.99583333,50.04166667,8588.993917
3/29/2016,1.67,59.792,289.32,19372,4.3,-789.1839996,9689.256198,19372,50.55,305.4545455,50.325,50.15,15020.58274
3/30/2016,1.18,62.78,289.92,20147,5.34,-4861.781087,9449.256198,20147,51.025,27.76859504,50.37083333,50.08333333,11217.10558
3/31/2016,1.41,63.554,290.4,21702,8.28,-240.6179767,9802.31405,21702,51.28333333,89.25619835,50.2625,50.04583333,9098.926031
4/1/2016,2.8,67.082,282.8,21116,13.07,28.13182024,9899.504132,21116,51.4,55.53719008,50.32083333,49.69583333,6895.991283
4/2/2016,3.33,66.776,277.36,18703,12.86,534.9756591,9681.322314,18703,51.65,27.76859504,50.45833333,49.48333333,10838.15877
4/3/2016,3.62,62.762,290.01,20065,7.51,177.394949,9756.694215,20065,51.64166667,37.68595041,50.475,49.8125,9502.388802
4/4/2016,3.86,60.332,299.31,20141,5.42,292.6194625,9600,20141,51.8125,29.75206612,50.525,50.075,9285.947836
4/5/2016,2.18,65.21,304.56,20042,6.76,185.3000979,9377.85124,20042,51.575,29.75206612,50.6,50.97916667,10048.04418
4/6/2016,2.17,68.432,303.8,21146,7.39,404.0549936,9100.165289,21146,51.8625,53.55371901,50.69583333,51.48333333,10171.32447
4/7/2016,2.48,64.994,288.67,22451,10.12,180.2871002,9112.066116,22451,52.8125,35.70247934,50.66666667,50.79583333,9218.003585
4/8/2016,3.52,65.552,247.89,22664,12.94,71.36005136,9098.181818,22664,52.97916667,27.76859504,50.74166667,50.33333333,7189.482431
4/9/2016,2.47,63.608,230.43,22557,13.09,1773.930792,9088.264463,22557,52.42916667,1771.239669,50.45833333,49.49583333,9526.204312
4/10/2016,2.12,60.278,124.37,22972,12.27,-1794.179519,9100.165289,22972,51.95,35.70247934,50.8375,49.46666667,6750.99685
4/11/2016,1.94,60.44,186.15,22727,11.2,2068.46596,9100.165289,22727,51.30416667,2221.487603,50.32916667,49.5375,8857.268642
4/12/2016,3.41,58.46,192.44,22464,7.8,-2241.590956,9147.768595,22464,51.0875,35.70247934,50.7875,50.02916667,8394.267094
4/13/2016,4.06,52.034,204.38,21665,5.03,-81.2009783,9240.991736,21665,51.3625,27.76859504,50.84166667,49.875,9317.468365
4/14/2016,3.89,54.374,324.36,21989,3.98,219.7547755,9213.22314,21989,51.475,27.76859504,51.13333333,49.77083333,8916.807419
4/15/2016,2.62,61.844,315.62,21744,6.14,23.64712645,9219.173554,21744,51.62916667,27.76859504,51.575,50.375,8817.342638
4/16/2016,1.88,69.44,324.29,21495,9,125.0623207,9211.239669,21495,51.6625,27.76859504,51.93333333,50.85,9448.453674
4/17/2016,1.61,72.5,326.24,21726,11.33,-33.98259962,9217.190083,21726,52.10416667,27.76859504,52.1875,50.67916667,9700.617906
4/18/2016,2.28,73.526,322.35,22303,13.45,65.8035816,9219.173554,22303,52.725,27.76859504,52.3875,51.40416667,8869.176397
4/19/2016,4.05,69.368,319.23,21970,11.35,-10.77143832,9219.173554,21970,53.15,27.76859504,52.59166667,50.74166667,9579.438983
4/20/2016,5.4,63.824,259.4,21678,10.01,-680.0340243,9223.140496,21678,53.15833333,27.76859504,52.80833333,50.67916667,7989.403411
4/21/2016,6.3,56.192,186.02,20522,8.32,49.96848983,9256.859504,20522,53.2375,27.76859504,52.99166667,50.50416667,9002.263075
4/22/2016,2.51,57.74,242.96,20387,8.2,91.82783409,9260.826446,20387,52.97083333,27.76859504,53.16666667,51.21666667,9889.040624
4/23/2016,4.47,58.658,313.27,21140,5.65,97.01722724,9256.859504,21140,52.02083333,27.76859504,53.24166667,51.3875,9490.481046
4/24/2016,5.84,52.196,325.63,21350,1.14,-51.39013691,9260.826446,21350,52.5375,27.76859504,52.79166667,51.075,9564.028947
4/25/2016,1.98,54.842,279.79,21671,2.76,-9.97109576,9260.826446,21671,52.66666667,27.76859504,52.47916667,52.70416667,9345.486613
4/26/2016,2.54,56.408,245.27,21952,7.08,168.5712382,9102.14876,21952,52.8125,27.76859504,52.72083333,52.17083333,8948.327948
4/27/2016,4.13,59.774,348.37,21708,5.46,-117.9477827,9300.495868,21708,53.61666667,27.76859504,52.89166667,51.87083333,9031.682236
4/28/2016,3.78,59.666,297.72,21338,4.38,-128.9549633,9356.033058,21338,53.64166667,27.76859504,53.10833333,51.18333333,8696.163716
4/29/2016,5,60.764,352.56,20740,5.36,34.10074681,9361.983471,20740,53.68333333,27.76859504,53.39166667,51.875,9442.850025
4/30/2016,2.83,63.302,348.92,20841,7.86,-7.635148967,9407.603306,20841,53.96666667,27.76859504,53.5875,53.11666667,10405.27684
5/1/2016,2.88,66.362,344.59,21170,9.26,-696.4421293,10270.41322,21170,54.3625,27.76859504,53.925,53.2,10103.38022
5/2/2016,1.91,67.64,298.41,21128,10.63,97.2644081,10298.18182,21128,54.55416667,27.76859504,54.25833333,53.2,10768.81361
5/3/2016,1.25,69.818,262.08,21769,11.69,142.5996131,10298.18182,21769,54.42916667,27.76859504,54.525,53.2,10724.68487
5/4/2016,1.69,66.722,279.39,21471,11.09,-752.2716469,11250.24793,21471,53.88333333,27.76859504,54.57916667,53.54583333,11070.00978
5/5/2016,1.92,61.736,257.11,21483,12.63,164.4695588,11297.85124,21483,54.00833333,27.76859504,54.62083333,51.87083333,11858.023
5/6/2016,2.41,57.308,82.95,22414,13.7,343.0596446,11289.91736,22414,54.225,27.76859504,54.5125,51.52916667,11621.96926
5/7/2016,2.09,66.524,348.61,22921,14.94,147.1795003,11416.8595,22921,53.39583333,27.76859504,54.5125,51.65416667,10842.36151
5/8/2016,1.6,69.674,341.27,22526,12.31,151.7293991,11587.43802,22526,53.04166667,27.76859504,53.875,52.15833333,11171.57592
5/9/2016,2.33,68.684,367.35,22155,8.61,17.09350149,11807.60331,22155,53.30416667,27.76859504,53.40416667,51.825,12407.88112
5/10/2016,1.99,70.286,365.24,22551,8.54,-232.0464093,12370.90909,22551,54.10416667,27.76859504,53.25416667,50.71666667,11701.82127
5/11/2016,2.95,73.742,346.62,22223,12.67,313.3192259,12380.82645,22223,52.875,27.76859504,53.5,50.58333333,11691.31442
5/12/2016,4.26,73.598,339.6,21878,14.48,316.7434312,12378.84298,21878,52.87083333,27.76859504,53.3125,50.475,11552.6241
5/13/2016,2.95,64.13,284.73,21417,10.79,337.4502802,12295.53719,21417,52.7125,27.76859504,53.2,50.99166667,11618.46698
5/14/2016,3.13,64.292,357.68,21014,9.27,246.301615,12283.63636,21014,52.79166667,27.76859504,53.27083333,50.48333333,11364.20138
5/15/2016,3.7,65.264,364.82,20569,9.07,446.6663886,12285.61983,20569,52.7,27.76859504,53.32916667,50.67083333,11512.69809
5/16/2016,3.17,70.592,369.24,20164,10.61,340.1531497,12283.63636,20164,52.64583333,27.76859504,53.24166667,50.0875,12433.798
5/17/2016,2.22,76.784,362.87,20645,12.07,303.0697686,12287.60331,20645,52.625,27.76859504,53.32083333,49.95,12156.41734
5/18/2016,4.5,65.102,378.05,20865,6.99,323.4173707,12281.65289,20865,51.725,27.76859504,53.58333333,49.90833333,12886.2927
5/19/2016,3.37,54.446,256.66,21946,4.64,448.5915975,12279.66942,21946,51.80833333,39.66942149,52.89166667,50.20833333,12047.14617
5/20/2016,4.35,54.842,253.18,22075,6.45,321.85383,12283.63636,22075,51.32083333,27.76859504,51.9125,49.87083333,11737.54453
5/21/2016,2.3,56.282,259.14,21860,7.06,303.3232386,12283.63636,21860,50.8,27.76859504,51.80833333,49.425,11221.30831
5/22/2016,1.93,60.44,269.33,21020,7.69,194.5594586,12283.63636,21020,50.61666667,27.76859504,51.775,49.59583333,12062.55621
5/23/2016,1.71,62.888,274.78,21587,10.05,760.3115586,12281.65289,21587,50.975,27.76859504,51.875,50.225,12852.6708
5/24/2016,1.55,66.65,330.47,22777,11.03,591.2134975,12285.61983,22777,51.62916667,138.8429752,52.00833333,50.14166667,11568.73459
5/25/2016,2.01,68.99,378.65,22614,8.51,415.0422695,12281.65289,22614,51.84166667,27.76859504,52.20833333,50.0375,9519.900207
5/26/2016,3.83,66.47,381.87,22143,7.28,2262.984091,12355.04132,22143,52.14166667,2161.983471,51.775,49.87083333,12499.64088
5/27/2016,2.93,70.106,381.38,22689,8.36,-1760.583029,12382.80992,22689,52.12916667,27.76859504,52.35833333,50.18333333,11058.10202
5/28/2016,1.63,76.622,370.37,21665,9.61,272.9393023,12380.82645,21665,52.04166667,27.76859504,52.22083333,50.07083333,12642.53394
5/29/2016,3.09,77.81,381.65,22334,10.43,379.5239112,12378.84298,22334,52,27.76859504,52.25,49.90833333,11012.57237
5/30/2016,1.95,80.33,381.43,21441,11.07,445.5020102,12382.80992,21441,52.41666667,27.76859504,52.32083333,49.97083333,12858.97491
5/31/2016,2.04,77.288,365.27,22488,12.32,543.0664123,12384.79339,22488,52.54583333,39.66942149,52.35416667,50.23333333,13674.30593
6/1/2016,1.16,77.306,383.84,22445,10.57,-1372.181963,14066.77686,22445,52.4875,27.76859504,52.325,50.25833333,14409.08448
6/2/2016,1.99,78.98,382.18,22626,12.33,-189.0762155,14931.57025,22626,52.44166667,700.1652893,52.23333333,50.39166667,14466.52189
6/3/2016,1.82,80.888,344.97,22470,14.61,-391.1169313,15026.77686,22470,52.5125,186.446281,52.57916667,50.05833333,13646.98813
6/4/2016,1.57,84.002,369.01,21854,14.46,577.3424485,15102.14876,21854,52.16666667,555.3719008,52.29166667,49.84583333,14893.09971
6/5/2016,2.07,83.84,374.67,21995,15.69,-205.3228505,15161.65289,21995,51.45,180.4958678,52.68333333,49.49166667,14488.23603
6/6/2016,4.05,79.322,369.59,21556,18.22,53.92099479,15161.65289,21556,51.35416667,27.76859504,52.6375,49.45,14845.46869
6/7/2016,4.46,72.41,348.72,21568,15.13,300.4156075,15127.93388,21568,51.19583333,27.76859504,52.55,49.49583333,15115.84478
6/8/2016,2.81,67.856,380.21,21909,11.44,325.3205093,15116.03306,21909,51.21666667,27.76859504,52.5,49.425,14832.16002
6/9/2016,2.87,65.372,385.96,21939,8.85,286.1044428,15110.08264,21939,51.05833333,27.76859504,52.48333333,49.47083333,15852.02425
6/10/2016,4.75,63.698,396.42,21623,5.61,-1085.7102,15110.08264,21623,51.4625,27.76859504,52.46666667,49.45,15151.56805
6/11/2016,3.18,68.378,393.9,21958,5.68,265.7459996,15110.08264,21958,51.33333333,27.76859504,52.54166667,49.375,14627.62681
6/12/2016,2.54,69.26,373.62,21835,6.52,331.6872396,15108.09917,21835,51.12916667,27.76859504,52.57083333,49.4,14182.83713
6/13/2016,2.53,62.114,367.39,21050,6.99,112.4934485,15129.91736,21050,51.03333333,27.76859504,52.64166667,49.35416667,15014.27863
6/14/2016,3.4,56.66,200.06,21164,6.03,201.8701303,15211.23967,21164,51.24583333,27.76859504,52.6375,49.74166667,14498.74287
6/15/2016,2.41,56.588,251.09,21038,7.6,558.7282044,15161.65289,21038,50.9875,27.76859504,52.54583333,50.16666667,15180.98721
6/16/2016,4.26,59.36,247.35,21350,10.93,264.8970875,15157.68595,21350,51.26666667,27.76859504,52.55416667,49.90833333,14889.59743
6/17/2016,2.08,61.16,346.72,21471,10.89,361.3199254,15155.70248,21471,51.3375,27.76859504,52.54583333,50.11666667,16413.79012
6/18/2016,2.82,67.208,382.01,21781,10.33,-975.8562357,16651.23967,21781,51.2,136.8595041,52.5625,50.07916667,16556.68319
6/19/2016,1.24,73.058,368.05,22236,10.74,412.6969753,17412.89256,22236,51.79166667,757.6859504,52.56666667,49.99166667,16588.90417
6/20/2016,2.03,76.01,345.49,22143,11.81,-26.69755843,17404.95868,22143,51.9125,200.3305785,53.02916667,49.94583333,16892.20171
6/21/2016,2.51,78.314,385.92,22106,11.11,275.4263892,17408.92562,22106,52.05416667,27.76859504,53.05,49.90416667,14958.9426
6/22/2016,2.46,73.526,387.09,21817,8.66,2133.214425,17434.71074,21817,51.92083333,1668.099174,52.6375,49.60833333,15502.49661
6/23/2016,2.98,68.936,391.61,21283,9.07,-269.8850398,17440.66116,21283,51.58333333,944.1322314,53.05833333,49.575,16501.34715
6/24/2016,2.54,74.39,389.55,21939,10.11,651.1817756,17428.76033,21939,51.56666667,817.1900826,53.1625,49.60833333,16352.14998
6/25/2016,2.58,79.322,372,22570,11.36,890.4202679,17432.72727,22570,51.70416667,878.677686,53.2375,49.4625,15272.74697
6/26/2016,2.07,80.51,381.61,22439,11.66,1150.302617,17430.7438,22439,51.67916667,1344.793388,53.12916667,49.09583333,15035.99278
6/27/2016,1.59,83.642,382,22334,12.67,944.9576332,17240.33058,22334,51.40416667,1670.082645,53.20416667,49.1625,15482.88383
6/28/2016,2.42,82.868,381.42,22316,13.52,69.36410388,17240.33058,22316,51.0125,1275.371901,53.1625,49.10416667,14512.05154
6/29/2016,3.65,79.484,384.15,21635,13.25,771.9071377,17234.38017,21635,51.08333333,1676.033058,53.18333333,49.075,15127.75254
6/30/2016,2.3,76.91,381.48,21587,13.27,382.5945674,17238.34711,21587,51.0875,1668.099174,53.325,49.0875,17027.38975
7/1/2016,1.93,77.396,375.98,21787,13.23,-1257.141816,18642.64463,21787,50.9375,1265.454545,53.49583333,49.29166667,16584.70143
7/2/2016,2.03,76.622,376.8,21933,13.77,938.4886526,18624.79339,21933,51.02083333,1640.330579,53.5125,49.34166667,15346.29487
7/3/2016,2.18,74.696,361.78,21641,11.94,1346.16794,18618.84298,21641,51.20416667,2479.338843,53.29583333,49.40833333,16298.9153
7/4/2016,1.65,71.978,380.92,22161,9.63,360.5888322,18618.84298,22161,51.3125,2320.661157,53.43333333,49.35416667,16072.66795
7/5/2016,2.16,69.71,379.88,22451,9.02,515.5138682,18620.82645,22451,51.18333333,2320.661157,53.65416667,49.40833333,15288.15701
7/6/2016,2.4,70.988,377.25,22044,10.43,605.0082793,18664.46281,22044,51.31666667,2300.826446,53.75833333,49.44166667,16665.95435
7/7/2016,2.82,67.154,351.36,21946,11.34,-400.3179864,18620.82645,21946,51.26666667,1388.429752,53.99583333,49.86666667,17334.89002
7/8/2016,3.43,64.598,307.79,21489,12.33,-559.4933258,19937.85124,21489,51.725,1783.140496,53.95416667,49.74166667,16604.31421
7/9/2016,2.78,60.26,355.88,20973,8.14,1034.396534,20007.27273,20973,51.3375,2320.661157,54.14166667,49.75833333,17843.42122
7/10/2016,2.38,64.544,380.47,21896,7.64,766.1903502,20007.27273,21896,51.55833333,2657.85124,54.2875,49.72916667,18591.50845
7/11/2016,1.29,69.458,380.67,22328,7.43,-810.0869624,19995.3719,22328,51.875,1358.677686,54.725,49.575,17245.93209
7/12/2016,1.92,73.454,378.48,22347,8.79,1409.762125,20009.2562,22347,51.42083333,2300.826446,54.54166667,49.49583333,17531.71822
7/13/2016,1.82,77.072,376.58,22796,10.07,625.7115321,20007.27273,22796,51.37916667,2499.173554,54.53333333,49.71666667,16078.2716
7/14/2016,3.33,74.534,355.21,21732,9.62,365.8275736,20017.19008,21732,51.64583333,2499.173554,54.65,49.62083333,17501.5986
7/15/2016,2.44,71.294,378.08,22316,8.36,600.4179289,20013.22314,22316,51.73333333,2757.024793,54.59583333,49.70833333,16429.90061
7/16/2016,2.93,69.818,375.07,22396,8.29,906.2977371,20078.67769,22396,51.92916667,3451.239669,54.775,49.72083333,16471.22753
7/17/2016,4.83,64.22,371.71,22396,9.52,156.2104865,20013.22314,22396,51.8625,3133.884298,54.90416667,49.85833333,17001.47287
7/18/2016,3.4,65.768,371.18,22758,9.17,239.865973,20005.28926,22758,51.9875,3014.876033,55.17083333,49.92083333,16989.56512
7/19/2016,2.71,68.306,371.97,22464,9.06,-293.1518969,20013.22314,22464,52.05,2360.330579,55.36666667,49.925,17170.28282
7/20/2016,3.7,68.936,368.47,22291,8.35,309.609742,20005.28926,22291,51.91666667,2320.661157,55.64583333,49.7125,18075.27223
7/21/2016,1.41,69.422,376.03,22576,6.44,-105.6441308,20011.23967,22576,51.4875,1666.115702,55.91666667,49.85416667,18303.62095
7/22/2016,3.48,70.952,375.2,22721,5.44,186.5030169,20013.22314,22721,51.6,1416.198347,55.9875,49.88333333,18275.6027
7/23/2016,2,76.172,368.61,22802,7.6,402.4220934,20013.22314,22802,51.60416667,1416.198347,55.92083333,49.82083333,17491.79221
7/24/2016,1.38,80.672,366.01,22433,8.72,736.2325834,20009.2562,22433,51.57916667,1715.702479,55.90416667,49.7875,17727.84595
7/25/2016,1.65,82.04,364.7,22334,9.92,466.707769,20003.30579,22334,51.575,1723.636364,56.04583333,50.09166667,18244.08217
7/26/2016,1.27,84.2,364.38,22340,9.43,41.58725149,19921.98347,22340,51.86666667,1414.214876,56.1125,50.02916667,18305.72232
7/27/2016,1.34,84.758,360.16,21866,8.59,-271.953725,19767.27273,21866,51.75416667,900.4958678,56.32083333,49.8375,18230.07305
7/28/2016,1.69,86.342,353.85,22001,10.67,771.7038095,20134.21488,22001,51.60833333,1537.190083,56.25833333,49.94166667,18325.33509
7/29/2016,1.86,85.208,349.22,22488,11.55,758.6897034,20207.60331,22488,51.70833333,1838.677686,56.0875,50.0125,17658.50079
7/30/2016,2.8,79.646,358.22,22359,9.92,581.4248298,20209.58678,22359,51.7875,1894.214876,56.2875,50.09166667,17446.26256
7/31/2016,2.62,71.204,360.04,22316,8.12,826.1093408,20207.60331,22316,52.04583333,2201.652893,56.3125,50.15,17880.5454
8/1/2016,1.93,69.872,358.17,22582,7.54,391.4050132,20209.58678,22582,51.975,2023.140496,56.40833333,50.17916667,17815.40298
8/2/2016,2.69,70.646,361.59,22595,5.33,384.043301,20211.57025,22595,52.0625,1872.396694,56.53333333,50.23333333,17994.01931
8/3/2016,3.86,67.838,356.2,22488,5.96,238.1542437,20217.52066,22488,52.06666667,1566.942149,56.55,50.2875,17739.75371
8/4/2016,2.91,64.724,352.2,22131,7.72,553.8248024,20205.61983,22131,51.9625,1521.322314,56.59166667,50.33333333,18361.05836
8/5/2016,2.21,67.46,349.57,22211,7.59,403.2391607,20209.58678,22211,51.95416667,1406.280992,56.75416667,50.5625,18003.82569
8/6/2016,2.06,65.732,352.67,21902,4.41,490.4800951,20211.57025,21902,52.17916667,1412.231405,56.725,50.59166667,17618.57478
8/7/2016,2.57,64.778,348.4,21927,4.57,1205.764063,20144.13223,21927,52.1875,1870.413223,56.77916667,50.575,18139.01374
8/8/2016,3.51,64.31,347.7,22199,6.68,406.7052683,19975.53719,22199,52.24166667,1564.958678,56.89166667,50.64166667,18212.56164
8/9/2016,1.51,68.018,343.22,22664,6.58,663.0168724,19999.33884,22664,52.58333333,1614.545455,56.8875,50.59166667,18178.23929
8/10/2016,1.42,72.428,344.77,22733,4.75,275.5540984,19761.32231,22733,52.2625,1467.768595,56.8375,50.2,17503.69997
8/11/2016,2.34,73.868,340.82,21927,6.74,-16.14625099,19929.91736,21927,51.975,1257.520661,57.02083333,50.40833333,18127.10599
8/12/2016,1.89,75.524,337.59,21793,7.09,411.2907042,20205.61983,21793,52.25416667,1340.826446,57.025,50.40833333,18867.48819
8/13/2016,2.16,74.624,337.69,22702,5.93,906.3051984,20207.60331,22702,52.0875,1570.909091,57.04166667,50.16666667,17650.79577
8/14/2016,2.06,73.724,335.16,22746,6.32,1029.898445,20150.08264,22746,51.99583333,1741.487603,57.08333333,50.1375,16816.55244
8/15/2016,1.17,76.46,332.38,21884,6.35,730.0426013,19981.4876,21884,52.07916667,1866.446281,57.125,50.1875,18176.83838
8/16/2016,2.18,76.838,332.69,22279,6.64,333.2029423,20106.44628,22279,52.09583333,1566.942149,57.29583333,50.55,18031.84394
8/17/2016,1.99,78.134,326.96,22507,8.19,735.6601922,20150.08264,22507,52.25833333,1564.958678,57.22916667,50.025,17749.56009
8/18/2016,1.97,79.358,327.33,22903,7.86,1231.563877,20207.60331,22903,52.17083333,2181.818182,57.04166667,49.97083333,17916.26867
8/19/2016,2.22,77.738,322.87,22808,8.12,14.51645397,20205.61983,22808,52.0125,1568.92562,57.075,49.6125,16991.66649
8/20/2016,2.24,75.002,325.85,22651,5.79,1488.027725,20106.44628,22651,51.62916667,2181.818182,57.05,49.55,17963.89969
8/21/2016,2.54,71.87,244.35,22921,5.65,230.7284092,20108.42975,22921,51.55833333,1773.22314,57.2375,49.54583333,17267.64623
8/22/2016,2.2,71.204,325.43,22739,2.66,885.5603816,20171.90083,22739,51.58333333,2122.31405,57.20416667,49.625,16608.51694
8/23/2016,1.25,69.53,327.38,22607,-1.4,1309.069837,20112.39669,22607,51.85,2796.694215,57.25416667,49.64166667,17386.72378
8/24/2016,2.34,69.476,323.29,22614,-1.41,-64.02130066,20112.39669,22614,51.75,2042.975207,57.41666667,49.69583333,17708.23318
8/25/2016,2.78,68.162,320.09,21841,2.37,-411.8116924,20058.84298,21841,51.63333333,912.3966942,57.625,49.76666667,18651.04722
8/26/2016,2.77,67.784,316.95,22013,3.47,667.399061,20100.49587,22013,51.30833333,979.8347107,57.55833333,49.92083333,18527.76693
8/27/2016,3.61,68,314.54,21568,2.51,147.894227,20104.46281,21568,51.45833333,608.9256198,57.64166667,49.99583333,18813.55306
8/28/2016,3.7,67.874,266.22,21781,1.88,894.9841301,20114.38017,21781,51.42083333,791.4049587,57.60416667,49.98333333,19117.55105
8/29/2016,2.57,67.982,299.17,22063,2.72,487.4241566,20223.47107,22063,51.36666667,801.322314,57.72916667,50.075,18891.3037
8/30/2016,2.69,70.664,308.19,22310,3.84,777.8450603,20156.03306,22310,51.3625,759.6694215,57.6125,50.10833333,18698.67824
8/31/2016,2.51,71.348,294.32,22371,3.15,758.6853964,20102.47934,22371,51.47916667,650.5785124,57.57083333,50.19166667,18127.10599
9/1/2016,2.45,69.26,271.24,22714,1.32,1667.794836,18775.53719,22714,51.58333333,652.5619835,57.6375,50.12916667,17658.50079
9/2/2016,2.94,66.398,306.14,22796,0.06,546.4744166,18676.36364,22796,51.625,799.338843,57.67083333,50.15416667,17187.79422
9/3/2016,3.2,62.384,305.25,22149,-1.36,42.23057339,18721.98347,22149,51.62083333,495.8677686,57.65,50.13333333,17529.61685
9/4/2016,3.8,63.698,302.42,21659,-0.91,206.4988525,18718.01653,21659,51.6,493.8842975,57.70833333,50.24166667,19167.28344
9/5/2016,2.53,67.46,290.24,22427,-2.69,-175.1512086,18745.78512,22427,51.66666667,27.76859504,57.6875,49.92916667,16862.78255
9/6/2016,2.79,71.96,293.45,22501,4.08,1929.233979,17882.97521,22501,51.125,650.5785124,57.0375,49.33333333,17934.48053
9/7/2016,2.09,73.076,293.18,23060,-1.1,-143.0838358,17867.10744,23060,50.74583333,27.76859504,57.42916667,50.00416667,16487.33802
9/8/2016,2.77,76.154,289.17,23028,-0.8,1320.000823,17930.57851,23028,51.0125,1118.677686,57.04583333,50.09583333,14963.14533
9/9/2016,2.23,77.306,289.57,22607,-2.02,1427.755496,17024.13223,22607,51.70416667,1110.743802,57.6,50.1625,16544.77543
9/10/2016,1.99,76.028,285.71,23091,-1.07,-147.3870002,16950.7438,23091,51.55,608.9256198,57.62083333,50.10833333,15794.58684
9/11/2016,1.6,66.488,288.9,23135,-2.15,591.2313418,16948.76033,23135,51.47083333,803.3057851,57.58333333,50.34583333,15103.93703
9/12/2016,2.67,61.826,284.09,22582,-2.41,488.5175155,16952.72727,22582,51.8625,958.0165289,57.73333333,50.29583333,15641.88739
9/13/2016,1.47,64.058,281.01,22576,-0.9,346.8233538,16948.76033,22576,51.72916667,958.0165289,57.82083333,50.28333333,15856.22699
9/14/2016,1.54,67.766,277.58,22626,-1.38,184.5168117,16952.72727,22626,51.74583333,803.3057851,57.7375,50.49583333,15197.0977
9/15/2016,1.69,71.06,278.06,21989,-2.72,315.3237876,16948.76033,21989,51.92083333,813.2231405,57.69166667,50.22916667,15994.91731
9/16/2016,1.97,73.526,242.43,22174,-3.13,325.6198801,16946.77686,22174,51.8125,541.4876033,57.84166667,50.11666667,16612.71968
9/17/2016,1.98,76.046,263.12,22266,2.28,-115.4304238,16948.76033,22266,51.85,27.76859504,57.70833333,49.66666667,15501.09569
9/18/2016,2.46,76.298,262.14,22186,4.86,1339.896046,16944.79339,22186,50.89583333,1041.322314,57.33333333,49.68333333,16052.35472
9/19/2016,3.69,70.862,261.67,22708,-0.56,373.1163544,16958.67769,22708,51.29166667,981.8181818,57.72916667,49.775,14261.98868
9/20/2016,3.14,64.904,255.85,22038,-4.06,1044.870824,15873.71901,22038,51.375,690.2479339,57.57916667,49.65,15016.38
9/21/2016,4.17,56.246,243.64,21750,-1.19,-120.9089256,15855.86777,21750,51.5,366.9421488,57.86666667,49.75833333,14113.49196
9/22/2016,2.37,60.062,207.62,21896,2.38,1521.43366,14899.83471,21896,51.02916667,718.0165289,57.74583333,49.69583333,14392.97399
9/23/2016,3.04,67.028,253.33,21678,2.93,-429.1558082,14854.21488,21678,51.05416667,41.65289256,57.88333333,49.72083333,14042.04543
9/24/2016,2.68,72.464,253.89,21781,-3.1,873.5165535,14858.18182,21781,50.92916667,634.7107438,57.40416667,49.80833333,14607.31358
9/25/2016,1.93,75.362,249.76,22390,0.52,225.1574944,14864.13223,22390,51.45416667,424.4628099,58.0625,49.925,13019.37938
9/26/2016,1.15,77.954,247.96,21896,1.1,926.2900415,14874.04959,21896,51.325,1164.297521,57.8375,49.79583333,13261.73722
9/27/2016,2.13,75.704,243.96,22273,1.4,825.0148461,14860.16529,22273,51.8,1572.892562,58.1875,49.92916667,12592.80155
9/28/2016,3.9,69.908,237.6,22285,1.63,706.4711773,14536.8595,22285,51.92083333,1471.735537,58.01666667,49.86666667,13301.66323
9/29/2016,3.61,62.654,235.71,22614,-2.14,92.46073694,14610.24793,22614,51.92083333,1158.347107,58.01666667,49.95833333,13232.31806
9/30/2016,2.11,62.96,242.76,22921,-3.32,526.5827664,14608.26446,22921,51.81666667,1182.14876,58.04583333,50.00416667,12483.53039
10/1/2016,1.23,50.63,90.07,22859,3.03,880.5853125,14614.21488,22859,51.49166667,1479.669421,57.98333333,50.05416667,12828.85529
10/2/2016,1.82,51.548,67.76,22205,7.45,-348.3098355,14610.24793,22205,51.42916667,692.231405,58.01666667,50.09583333,13780.07481
10/3/2016,1.29,60.188,222.52,22322,5.54,254.9417189,14576.52893,22322,50.94583333,547.4380165,57.92083333,50.25416667,12840.76305
10/4/2016,3.28,60.08,217.98,22607,1.65,1473.327859,13925.95041,22607,50.9375,900.4958678,57.825,50.175,12993.4625
10/5/2016,2.41,63.482,213.31,22614,1.72,38.99204545,13910.08264,22614,51.36666667,612.892562,57.7625,50.3,11642.28249
10/6/2016,1.45,71.06,195.43,22827,1.37,1867.907593,13416.19835,22827,51.5625,1602.644628,57.94583333,50.30833333,9831.603215
10/7/2016,1.8,74.804,208.46,21544,3.7,698.950504,13390.41322,21544,52.175,2062.809917,57.94583333,50.375,12028.93431
10/8/2016,1.98,73.634,214.28,21247,2.32,-998.3310042,13400.33058,21247,52.19166667,789.4214876,57.95833333,50.34166667,12047.14617
10/9/2016,2.37,71.654,194.23,20776,-1.47,92.76292091,13390.41322,20776,51.89583333,579.1735537,57.8125,50.5125,11631.77565
10/10/2016,2.06,69.422,212.57,20399,0.9,802.4640194,12912.39669,20399,51.9375,579.1735537,57.9,50.60416667,12554.97692
10/11/2016,2.5,68.63,206.52,21092,2.47,471.2462205,12902.47934,21092,52.04166667,723.9669421,58.1,50.625,12455.51214
10/12/2016,7.58,65.84,71.12,21641,5.73,272.0002567,12965.95041,21641,52.02916667,827.107438,57.89583333,50.67916667,11536.5136
10/13/2016,7.82,63.122,130.84,21176,11.55,137.3293752,12981.81818,21176,51.9875,753.7190083,57.975,50.75,12267.08942
10/14/2016,7.83,59.63,89.4,20979,11.21,-235.9902464,12975.86777,20979,51.92916667,27.76859504,57.875,50.975,11004.86735
10/15/2016,6.69,56.786,95.18,20025,9.28,989.2318236,12930.24793,20025,51.87083333,718.0165289,57.40833333,51.04583333,12235.56889
10/16/2016,2.51,52.592,70.1,20581,7.76,532.662515,12922.31405,20581,51.94583333,827.107438,58.36666667,51.2,11963.79189
10/17/2016,1.5,55.904,133.51,21170,6.41,720.4147216,12930.24793,21170,52.06666667,1305.123967,58.17083333,51.08333333,10305.81206
10/18/2016,3.58,57.974,173.58,21514,3.3,1663.311907,12360.99174,21514,52.62083333,2161.983471,58.19583333,51.0625,9552.121192
10/19/2016,1.58,65.372,178.06,20545,5.52,-322.1129275,12341.15702,20545,53.0375,1590.743802,58.50833333,51.1875,10528.55713
10/20/2016,1.84,67.55,182.54,20493,8.32,169.8560931,12347.10744,20493,52.67916667,1447.933884,58.32916667,51.21666667,11490.98395
10/21/2016,2.24,64.796,185.63,21362,5.97,277.1896037,11444.6281,21362,52.63333333,585.1239669,58.33333333,51.47916667,11380.31187
10/22/2016,3.84,63.266,169.22,22075,4.11,192.1922622,10899.17355,22075,52.62083333,31.73553719,58.26666667,51.79583333,11014.67374
10/23/2016,7.82,57.902,66.25,22365,9.43,142.7642765,10895.20661,22365,52.58333333,27.76859504,57.69583333,51.175,10653.23834
10/24/2016,3.14,56.822,60.11,22595,10.44,444.1996765,10798.01653,22595,52.41666667,27.76859504,57.47083333,50.72916667,9561.927578
10/25/2016,4.46,62.366,81.3,21946,12.67,559.3203559,10603.63636,21946,51.66666667,27.76859504,57.45833333,51.24166667,9561.927578
10/26/2016,4.22,60.206,53.36,21983,12.14,1050.940191,9695.206612,21983,51.375,37.68595041,57.59166667,51.49583333,9510.09382
10/27/2016,1.98,58.964,112.81,22414,11.09,578.4268412,9693.22314,22414,52.13333333,378.8429752,57.79583333,50.92083333,8053.144925
10/28/2016,2.66,55.886,67.03,21014,10.17,-138.7647597,9697.190083,21014,51.98333333,27.76859504,58.32916667,51.09166667,7664.391734
10/29/2016,6.04,57.236,86.66,19305,9.85,296.0297536,9697.190083,19305,51.64583333,27.76859504,57.64583333,50.92916667,10867.57793
10/30/2016,4.29,53.006,106.54,21241,8.06,737.8435576,9647.603306,21241,51.80833333,27.76859504,57.49166667,51.62916667,8708.071471
10/31/2016,1.85,52.52,73.94,21958,7.73,1628.76324,9647.603306,21958,51.74166667,1961.652893,58.25,51.275,9783.972194
11/1/2016,1.81,55.76,157.17,22260,6.96,-1796.021781,9818.181818,22260,52.725,35.70247934,58.275,51.625,9538.112068
11/2/2016,1.23,59.648,158.99,21799,7.01,-216.6327292,10208.92562,21799,52.10833333,27.76859504,57.67916667,51.5375,8450.30359
11/3/2016,0.68,62.006,161.6,21550,7.56,1481.853435,9962.975207,21550,52.10416667,1051.239669,57.89166667,51.50416667,8202.342095
11/4/2016,1.33,59.126,136.47,21313,7.5,472.3934422,9582.14876,21313,52.36666667,954.0495868,58.13333333,51.53333333,7910.25186
11/5/2016,1.96,56.822,84.99,20877,10.89,281.8473136,9601.983471,20877,52.44166667,1029.421488,58.09166667,51.57083333,9262.132325
11/6/2016,1.25,62.456,98.25,20817,13.08,-749.5703415,9601.983471,20817,52.49583333,27.76859504,57.89583333,51.325,8791.425759
11/7/2016,1.19,64.238,150.32,20323,11.61,288.789117,9601.983471,20323,52.50833333,27.76859504,57.29166667,51.22083333,8708.071471
11/8/2016,1.03,64.976,149.74,19944,10.54,487.143405,9600,19944,52.05,61.48760331,58.08333333,51.02916667,7836.703959
11/9/2016,0.86,65.156,144.2,19760,9.86,1517.808438,9627.768595,19760,52.03333333,934.214876,57.88333333,51.14166667,7284.744474
11/10/2016,2.8,63.77,126.46,19176,10.66,824.809245,9651.570248,19176,52.3875,1297.190083,58.4,51.37083333,7971.892006
11/11/2016,1.4,63.32,144.97,18449,10.79,-344.5118407,9651.570248,18449,52.43333333,362.9752066,58.44166667,51.45833333,8493.731874
11/12/2016,0.94,61.394,132.17,18394,9.36,739.8631673,9651.570248,18394,52.35416667,357.0247934,58.50416667,51.55833333,9490.481046
11/13/2016,1.39,62.51,138.13,19058,9.76,468.0644085,9649.586777,19058,52.375,45.61983471,58.3375,51.8,9140.953403
11/14/2016,1.74,56.264,65.45,19513,8.82,918.0135391,9645.619835,19513,52.20833333,329.2561983,57.8,51.60416667,9821.796828
11/15/2016,3.6,48.704,137.54,20282,0.56,263.5668084,9479.008264,20282,52.22083333,69.4214876,58.31666667,51.83333333,9934.570277
11/16/2016,1.49,45.896,137.49,21164,-0.89,357.0164999,9649.586777,21164,52.0875,170.5785124,58.08333333,51.9875,9150.759789
11/17/2016,4.2,51.098,90.48,21325,1.87,489.2484755,9651.570248,21325,51.89166667,325.2892562,57.93333333,51.94166667,7985.90113
11/18/2016,6.81,49.748,38.17,20463,7.13,478.3798617,9647.603306,20463,51.99583333,337.1900826,57.94166667,51.95,8429.99036
11/19/2016,3.93,52.124,81.19,20311,7.64,728.4228631,9651.570248,20311,52.08333333,382.8099174,57.74583333,52.225,8690.560066
11/20/2016,0.73,51.206,104.73,20728,5.86,995.2002646,9643.636364,20728,52.125,267.768595,57.91666667,52.6625,8648.532694
11/21/2016,3.55,49.334,68.21,20422,5.65,421.3350746,9649.586777,20422,52.5625,27.76859504,57.5625,52.44166667,9276.141449
11/22/2016,3.18,47.174,81.42,21259,3.92,1182.676733,9647.603306,21259,52.59583333,666.446281,56.92083333,52.33333333,9214.501304
11/23/2016,3.36,46.796,107.17,22248,3.24,755.6557208,9647.603306,22248,52.41666667,1013.553719,57.1125,52.39583333,8255.576767
11/24/2016,3.13,45.068,60.29,21520,4.2,-349.5271802,9651.570248,21520,52.5125,472.0661157,56.90416667,52.62083333,8855.167273
11/25/2016,5.05,47.516,62.48,21653,5.38,457.3368592,9641.652893,21653,52.4125,616.8595041,56.675,52.54583333,8617.012165
11/26/2016,3.13,47.48,69.74,21659,4.7,413.7812234,9548.429752,21659,52.475,339.1735537,56.45416667,52.47916667,8787.923478
11/27/2016,3.06,48.686,79.39,22266,5.26,1028.33272,9550.413223,22266,52.23333333,555.3719008,56.15,52.32916667,8412.478955
11/28/2016,2.37,45.302,123.19,22303,2.07,619.5623673,9540.495868,22303,52.0875,682.3140496,55.81666667,52.625,8779.518004
11/29/2016,1.58,46.67,47.83,21939,3.17,-285.3361858,9552.396694,21939,52.12083333,27.76859504,55.44166667,52.60416667,9486.278309
11/30/2016,3.85,47.408,120.26,22205,0.7,304.3497902,9552.396694,22205,52.06666667,27.76859504,55.34583333,52.31666667,8182.028866
12/1/2016,2.88,41.954,97.31,21020,-1.77,157.5992332,9552.396694,21020,52.00416667,27.76859504,55.10416667,52.525,8299.005051
12/2/2016,2.68,48.992,107.16,20651,1.41,856.6230482,9584.132231,20651,51.775,581.1570248,54.95416667,52.46666667,9190.685793
12/3/2016,1.27,52.736,58.02,20551,1.8,-287.7105864,9603.966942,20551,51.82916667,27.76859504,55.03333333,52.2375,9071.608239
12/4/2016,2.35,48.488,122.27,20416,-0.37,369.5901081,9600,20416,51.9,27.76859504,54.90833333,52.15833333,8184.130234
12/5/2016,1.57,43.736,72.66,19587,-2.86,559.101171,9601.983471,19587,51.72083333,27.76859504,54.49583333,52.1,8046.840819
12/6/2016,2.3,38.228,102.62,18537,-2.42,477.374057,9601.983471,18537,51.47083333,122.9752066,53.9375,52.14166667,8114.78507
12/7/2016,2.65,41.54,39.37,18008,1.76,835.2231945,9596.033058,18008,51.14166667,436.3636364,53.825,52.05416667,9883.436974
12/8/2016,3.33,51.53,32.12,19310,6.73,578.2324475,9590.082645,19310,51.19166667,426.446281,53.56666667,51.85,10095.6752
12/9/2016,3.62,57.596,63.98,20434,9.46,191.9611636,9600,20434,51.34583333,31.73553719,53.4625,52.67083333,9369.302124
12/10/2016,1.16,54.05,101.49,21520,4.54,1284.962339,9598.016529,21520,51.4,257.8512397,53.15416667,53.39166667,8190.43434
12/11/2016,1.63,49.838,116.63,20793,0.59,422.7309493,9594.049587,20793,52.10416667,27.76859504,53.025,53.2625,6853.963911
12/12/2016,1.04,47.192,89.47,19541,0.35,1460.317081,9601.983471,19541,52.31666667,821.1570248,52.6875,53.10833333,7868.224488
12/13/2016,5.58,50.378,33.91,19400,5.11,771.6019583,9600,19400,52.1875,779.5041322,52.35416667,52.84166667,7860.51947
12/14/2016,5.55,56.336,51.4,20176,10.01,1735.976398,9603.966942,20176,52.2125,1156.363636,52.04166667,52.64166667,3289.342313
12/15/2016,3.53,45.932,113.43,20835,0.4,5817.260993,9911.404959,20835,52.1,4145.454545,51.80416667,52.70833333,4855.562374
12/16/2016,3.06,36.788,119.56,21459,-5.41,1534.388039,9810.247934,21459,51.7375,4284.297521,51.56666667,52.25,5560.221311
12/17/2016,2.95,35.186,117.34,21623,-6.29,129.7291022,9697.190083,21623,51.275,3411.570248,51.34583333,51.9875,5698.911639
12/18/2016,1,35.582,99.26,21756,-5.64,719.7081957,9701.157025,21756,50.95416667,3312.396694,51.04166667,51.75833333,5272.333813
12/19/2016,1.02,42.512,37.91,21641,-1.7,1001.426518,9699.173554,21641,50.43333333,3609.917355,50.71666667,51.58333333,6792.323766
12/20/2016,3.17,44.798,116.26,20516,-0.54,-1828.067568,9659.504132,20516,50.34583333,1394.380165,50.37916667,51.21666667,15149.46668
12/21/2016,1.6,44.78,93.81,19108,-0.35,-8292.342713,19251.57025,19108,50.69583333,1029.421488,50.32916667,51.2875,15599.86002
12/22/2016,4.44,46.328,43.24,19576,3.92,3090.28874,19541.15702,19576,50.8625,942.1487603,49.83333333,50.94166667,18494.14503
12/23/2016,2.14,41.81,101.91,20200,0.02,728.8632345,19344.79339,20200,50.62916667,241.9834711,49.90416667,50.60416667,19584.05488
12/24/2016,1.08,36.392,101.56,21946,-4.13,1264.755037,19362.64463,21946,50.2125,624.7933884,49.49166667,50.4625,18234.27578
12/25/2016,1.66,36.716,104.45,21933,-4.64,490.5754597,19358.67769,21933,49.93333333,301.4876033,49.65,50.29583333,18551.58244
12/26/2016,0.73,40.226,96.8,22266,-3.66,838.6076426,19362.64463,22266,49.76666667,396.6942149,49.18333333,50.2,16290.50983
12/27/2016,2.3,41.54,112.67,21835,-2.45,2244.440583,19487.60331,21835,49.8,2082.644628,48.85416667,49.95833333,17234.02433
12/28/2016,1.47,44.222,116.79,20979,-1.81,-685.0656523,19515.3719,20979,49.58333333,700.1652893,48.84166667,49.8875,18244.08217
12/29/2016,0.74,45.446,117.81,20645,-1.11,237.1244416,19509.42149,20645,49.5125,325.2892562,48.75833333,49.775,16731.79724
12/30/2016,2.03,44.096,88.94,21332,-1.4,3139.334991,16913.05785,21332,49.55416667,162.6446281,48.50416667,49.59166667,14811.84679
12/31/2016,4.59,39.632,56.79,22316,-0.77,2922.566433,14231.40496,22316,49.47083333,49.58677686,48.01666667,49.5,11443.35293
1/1/2017,2.11,43.718,52.77,21958,1.13,2380.465252,12255.86777,21958,49.24583333,29.75206612,47.825,49.25833333,10852.1679
1/2/2017,1.81,49.514,75.21,21939,1.68,1354.947802,11857.19008,21939,48.80833333,442.3140496,47.84583333,49.0125,9456.859149
1/3/2017,2.86,43.052,93.15,22614,-1.9,2633.016884,10520.33058,22614,48.44583333,1194.049587,47.7,48.9125,6750.99685
1/4/2017,1.57,37.202,107.37,22205,-5.76,2166.284142,9433.38843,22205,48.15833333,1703.801653,47.79166667,48.91666667,7672.096752
1/5/2017,2.7,39.812,38.37,20889,-0.51,-1258.509975,9473.057851,20889,48.04583333,49.58677686,47.82083333,49.02916667,8505.63963
1/6/2017,7.1,50.828,44.44,20293,3.95,321.8314444,9504.793388,20293,47.94166667,27.76859504,47.61666667,48.90416667,16675.76074
1/7/2017,6,50.684,89.33,20393,1.77,-7098.735947,18904.46281,20393,48.15416667,1354.710744,47.15,48.8125,22861.48944
1/8/2017,7.21,49.208,42.38,22582,2.7,-3122.737374,25848.59504,22582,48.34166667,2499.173554,46.86666667,48.72083333,19494.39649
1/9/2017,2.98,47.624,80.31,22513,1.05,3786.024998,26457.52066,22513,48.32916667,6049.586777,46.42083333,48.3625,18178.23929
1/10/2017,2.38,44.636,96.41,22229,0.03,1945.694594,26735.20661,22229,47.97083333,7080.991736,46.15,48.18333333,23875.75001
1/11/2017,2.72,42.35,130.92,20405,-1.67,-6045.535134,31830.7438,20405,48.00833333,6644.628099,46.14583333,48.125,65022.64854
1/12/2017,2.18,42.728,131.82,20153,-2.88,-40088.53284,63665.45455,20153,48.79166667,1717.68595,46.175,49.51666667,66682.02927
1/13/2017,2.32,42.908,132.17,22334,-2.4,-2553.260675,64272.39669,22334,49.49583333,3252.892562,46.09166667,49.55,66100.65063
1/14/2017,1.83,45.95,126.57,21502,-2.8,-5913.146498,64230.7438,21502,49.39583333,880.661157,46.4125,49.2875,66173.49807
1/15/2017,1.92,47.804,112.39,22439,-2.19,-1886.415425,63582.14876,22439,49.18333333,1693.884298,46.2,49.14166667,64772.58567
1/16/2017,6.53,47.174,42.57,21032,2.09,-4291.321207,63139.83471,21032,49.075,376.8595041,46.43333333,48.96666667,66213.42408
1/17/2017,4.37,46.526,34.12,21593,1.56,-2889.448873,63445.28926,21593,48.89166667,837.0247934,46.22916667,48.69166667,57477.33436
1/18/2017,5.49,45.482,43.27,22254,1.65,5791.930103,56973.22314,22254,48.55833333,2122.31405,46.00416667,48.20833333,52427.74562
1/19/2017,6.22,45.554,41.62,22620,1.52,2789.163471,51395.70248,22620,48.11666667,1392.396694,46.2,47.98333333,48830.90303
1/20/2017,5.76,47.264,64.34,21884,1.61,436.4027551,51506.77686,21884,47.90416667,2776.859504,45.9125,47.72916667,50309.56607
1/21/2017,2.59,44.474,96.8,20949,0.4,-2514.648715,52474.71074,20949,48.02916667,2935.53719,45.8625,47.6625,49148.20969
1/22/2017,1.87,46.49,129.02,19428,0.45,-1130.036136,51367.93388,19428,47.725,1426.115702,45.86666667,47.43333333,53475.62809
1/23/2017,1.12,47.174,121.31,21386,-0.09,-1575.809908,50810.57851,21386,47.875,1699.834711,45.89166667,47.69583333,49156.61516
1/24/2017,1.5,51.134,120.57,18703,2.06,-2728.871358,51443.30579,18703,47.9,2519.008264,45.70416667,47.76666667,54420.5435
1/25/2017,2.87,48.128,150.32,20776,0.37,-3423.245979,50427.7686,20776,47.82083333,1624.46281,45.82083333,47.76666667,55303.81877
1/26/2017,1.88,48.632,143.01,22377,-0.96,-4899.512985,53059.83471,22377,47.82916667,2618.181818,45.6375,47.70416667,52504.7958
1/27/2017,1.6,49.748,155.17,21544,-1.64,-2896.142907,52018.5124,21544,47.76666667,2221.487603,45.70416667,47.7,45500.2338
1/28/2017,1.27,51.242,153.33,21205,-0.52,3957.790993,44062.80992,21205,47.70833333,1977.520661,45.725,47.52083333,42697.00809
1/29/2017,0.9,53.078,78.88,21386,0.81,-430.7188338,42934.21488,21386,47.38333333,4442.975207,45.5375,47.39166667,42000.75463
1/30/2017,1.99,50.954,107.24,21122,1.14,-3773.514961,43219.83471,21122,47.2625,4978.512397,45.57916667,47.26666667,42802.77698
1/31/2017,4.09,49.586,45.24,21520,4.07,-4163.454666,43164.29752,21520,47.19583333,4601.652893,45.59583333,47.20833333,41968.53365
2/1/2017,8.77,55.31,60.83,21817,7.56,-3108.889022,43378.5124,21817,47.12083333,5276.033058,45.55416667,47.09583333,39563.16706
2/2/2017,6.52,54.734,71.41,20299,7.12,-2978.687721,43531.23967,20299,46.9625,6049.586777,45.5125,46.92916667,42834.29751
2/3/2017,7.56,55.04,100.67,22106,7.27,-3545.644617,44267.10744,22106,47.04583333,4482.644628,45.71666667,46.60833333,42037.87881
2/4/2017,8.69,55.202,105.41,22161,7.22,-2198.416,44519.00826,22161,46.8625,4026.446281,45.85,46.34583333,42981.39331
2/5/2017,7.56,59.576,108.27,21623,9.9,-3026.831327,44864.13223,21623,46.81666667,3332.231405,45.8375,46.35416667,53328.53229
2/6/2017,7.41,60.674,58.33,22032,11.47,-11387.63146,54999.66942,22032,46.89166667,2955.371901,45.87916667,47.50833333,46192.98498
2/7/2017,9.82,61.934,76.77,21532,11.18,5351.312541,51268.76033,21532,47.41666667,4026.446281,45.85416667,46.6,37645.31798
2/8/2017,2.97,56.714,114.89,19288,6.63,7352.99607,42368.92562,19288,46.95,3966.942149,45.77916667,46.50833333,32502.56857
2/9/2017,3.7,51.206,179.6,20847,2.71,7458.414901,34282.31405,20847,47.47916667,2201.652893,46.2,46.3625,71459.84101
2/10/2017,3.09,48.488,181.08,18647,0.19,-41579.17985,76585.78512,18647,47.55,5355.371901,46.32916667,48.14583333,98106.59575
2/11/2017,2.02,51.476,159.25,21896,0.25,-23627.18253,97249.58678,21896,47.37916667,5950.413223,46.52083333,47.42083333,117267.5751
2/12/2017,1.93,53.06,184.29,22050,0.77,-25814.40155,117580.1653,22050,47.35833333,4204.958678,46.88333333,47.22916667,134147.869
2/13/2017,3.65,52.394,50.46,21193,2.41,-21629.66239,133761.3223,21193,47.09583333,3828.099174,46.7,47.00416667,148090.4497
2/14/2017,7.38,54.5,104.14,23016,6.2,-16334.22656,146709.4215,23016,46.79166667,4958.677686,46.55416667,46.81666667,129427.4947
2/15/2017,1.74,51.728,86.08,21044,5.94,10351.2491,129715.0413,21044,46.90833333,2261.157025,47.1875,46.92916667,92996.76777
2/16/2017,2.67,55.832,156.82,20123,7.34,33536.11653,91483.63636,20123,47.23333333,2618.181818,47.07083333,47.0375,109347.5168
2/17/2017,8.53,53.168,47.65,20522,6.71,-20083.06225,106567.9339,20522,47.1125,2479.338843,47.1625,47.02083333,95480.58546
2/18/2017,7.66,54.842,72.52,21562,7.46,9648.009581,90493.8843,21562,47.39166667,27.76859504,47.69583333,47.275,89340.38641
2/19/2017,6.36,53.528,141.39,19662,5.15,-774.2707075,90103.1405,19662,47.0875,2241.322314,47.30833333,47.14166667,47393.56691
2/20/2017,2.15,48.362,131.13,20434,1.52,41240.25127,52399.33884,20434,47.32916667,5355.371901,46.76666667,46.66666667,57826.862
2/21/2017,1.74,41.63,192.9,21750,-3.77,-9466.895058,59162.97521,21750,47.09583333,4800,46.96666667,46.7,112423.9205
2/22/2017,2.13,41.972,160.36,21435,-3.03,-58375.94529,113894.876,21435,47.07083333,4919.008264,47.29583333,46.95,130298.8622
2/23/2017,0.8,45.05,143.91,19294,-0.18,-23463.99443,132003.9669,19294,47.1125,4284.297521,47.5375,47.03333333,137079.9787
2/24/2017,2.66,44.78,162.65,21235,-0.77,-7419.309279,134945.4545,21235,47.20833333,4165.289256,47.6,47.13333333,135628.6334
2/25/2017,2.15,47.102,136.3,20829,0.42,-5254.468111,136127.6033,20829,47.30416667,4165.289256,47.65833333,47.20416667,134040.6992
2/26/2017,0.97,48.974,143.77,21289,-0.47,-1618.38515,136673.0579,21289,47.32083333,7180.165289,47.52916667,47.2125,131871.3864
2/27/2017,2.56,47.966,213.52,20782,0.18,-2885.493838,135445.2893,20782,47.31666667,7477.68595,47.45,47.20833333,132768.6708
2/28/2017,1.57,50.522,226.75,20311,0.39,-5272.067494,135756.6942,20311,47.32083333,6942.14876,47.3125,47.22916667,128562.4313
3/1/2017,1.82,54.482,188.38,19697,3.53,-361.8858455,131633.0579,19697,47.425,6961.983471,47.28333333,47.3375,110397.5007
3/2/2017,5.89,52.736,138.39,21271,6.04,15847.57368,112097.8512,21271,47.525,7001.652893,47.33333333,47.4,95561.83838
3/3/2017,4.88,46.328,180.26,20581,0.25,8844.359967,93498.84298,20581,47.5875,2102.479339,47.62916667,47.43333333,82462.60699
3/4/2017,5.75,43.556,113.4,21702,1.03,10054.75665,79630.41322,21702,47.57083333,2082.644628,47.58333333,47.32083333,67055.37243
3/5/2017,2.29,44.33,57.19,20188,2.21,8978.396165,66394.71074,20188,47.2875,1715.702479,47.55,47.14166667,58825.01208
3/6/2017,0.81,51.818,95.5,21866,5.66,7531.996184,55888.26446,21866,47.09583333,2062.809917,47.44583333,46.8875,45293.59922
3/7/2017,0.86,62.438,178.37,21253,9.62,7918.855325,45631.73554,21253,47.00833333,3252.892562,47.26666667,46.775,37176.71278
3/8/2017,2.22,66.524,170.36,20551,11.32,4500.130195,37602.64463,20551,47.10833333,3352.066116,47.03333333,46.79166667,32319.7495
3/9/2017,1.68,64.616,212.99,21187,8.31,2566.829012,31632.39669,21187,47.08333333,3550.413223,47.3625,46.825,26928.33813
3/10/2017,2.34,65.642,244.4,21338,8.53,1304.645341,27092.2314,21338,47.22083333,3649.586777,47.63333333,46.825,22719.99728
3/11/2017,1.47,66.83,244.2,21211,9.02,595.6473481,24178.5124,21211,47.29166667,2915.702479,47.48333333,46.8125,19053.80954
3/12/2017,2.41,66.038,244,20919,10.03,1917.000377,21738.84298,20919,47.34347826,2796.694215,47.53478261,46.82608696,15218.81185
3/13/2017,2.39,54.158,82.09,20440,5.98,3244.33691,19104.79339,20440,47.37916667,2895.867769,47.6125,46.70833333,16918.11858
3/14/2017,1.5,62.15,156.3,19996,10.88,-1153.19296,18646.61157,19996,47.35833333,1378.512397,47.87083333,46.7,14381.06623
3/15/2017,2.82,64.454,185.2,22328,11.26,5219.032944,16083.96694,22328,47.3125,3828.099174,47.2625,46.575,12066.75895
3/16/2017,4.64,63.302,145.61,21714,10.74,-424.8911814,15861.81818,21714,47.17083333,3352.066116,47.6375,46.50416667,12896.79954
3/17/2017,1.86,63.086,158.34,21374,11.15,-727.0474739,15724.95868,21374,47.34166667,2717.355372,47.7,46.50833333,12727.9896
3/18/2017,5.79,60.278,160.93,20931,10.76,-163.3862942,15584.13223,20931,47.32916667,2717.355372,47.72083333,46.49166667,13305.16551
3/19/2017,7.54,57.686,169.45,21562,8.55,192.6113495,15266.77686,21562,47.34166667,2717.355372,47.675,46.49166667,13085.22226
3/20/2017,2.82,55.832,182.59,22254,5.96,156.1992276,15266.77686,22254,47.3375,2856.198347,47.67916667,46.425,11904.25311
3/21/2017,3.47,54.5,222.57,22815,5.19,1067.325402,15276.69421,22815,47.475,3292.561983,47.72083333,46.4875,9617.263618
3/22/2017,6.56,51.836,89.69,23288,7.03,2839.868613,15502.80992,23288,47.72083333,6327.272727,48.04583333,46.50416667,12332.9323
3/23/2017,1.91,54.77,214.46,22482,6.82,-3963.39511,17740.16529,22482,47.69166667,4859.504132,48.02916667,46.55416667,12169.72601
3/24/2017,4.65,51.944,85.15,22714,6.79,942.935147,18031.73554,22714,47.80833333,5712.396694,48.0125,46.95,11264.7366
3/25/2017,1.52,52.808,178.5,21946,4.76,286.602243,18130.90909,21946,47.75833333,6446.280992,48.17083333,47.86666667,13599.35711
3/26/2017,4.04,55.454,280.24,22972,3.62,-888.7290108,17627.10744,22972,48.55833333,5672.727273,48.34583333,47.94583333,14847.57006
3/27/2017,1.39,60.71,112.37,22928,8.02,-2937.189895,17625.12397,22928,48.51666667,3371.900826,48.04166667,48.4875,14668.95373
3/28/2017,5.68,54.446,223.85,22340,3,-1003.73059,17633.05785,22340,49.06666667,3391.735537,48.1125,48.58333333,18958.54749
3/29/2017,5.39,51.998,290.97,22733,1.45,-4324.225176,17635.04132,22733,49.39583333,87.27272727,48.55833333,49.22083333,18096.98637
3/30/2017,4.19,62.096,285.14,21952,6.09,-1330.217775,17631.07438,21952,49.88333333,394.7107438,48.5125,49.9875,17424.54842
3/31/2017,4.66,64.688,297.28,20704,5.88,-1436.184784,17214.54545,20704,50.4875,474.0495868,48.59166667,50.34166667,18139.01374
4/1/2017,3.27,56.768,301.71,19812,0.22,-2290.517872,17329.58678,19812,50.9,27.76859504,48.77083333,50.21666667,17698.42679
4/2/2017,1.57,60.854,171.49,20510,4.34,301.3913918,17111.40496,20510,51.02916667,1689.917355,48.70416667,50.56666667,16566.48957
4/3/2017,5.09,67.154,239.49,20487,9.36,-1168.001967,17186.77686,20487,50.9625,2181.818182,48.9,50.54166667,17785.28336
4/4/2017,9.51,57.002,94.72,20985,9.66,-2282.324682,17244.29752,20985,50.96666667,1848.595041,48.89583333,50.51666667,17617.17387
4/5/2017,7.79,54.014,160.44,22094,6.45,-1112.471391,17244.29752,22094,50.6875,2360.330579,49.0625,50.2875,17025.28838
4/6/2017,2.77,52.304,193.94,22377,3.21,-1858.321438,17238.34711,22377,50.49166667,1598.677686,49.275,49.875,14254.28366
4/7/2017,3.7,50.252,238.7,21635,2.64,643.3857615,17950.41322,21635,50.08333333,4145.454545,48.9375,48.3875,17351.00052
4/8/2017,2.68,54.608,226.57,21599,5.3,-3582.041842,17478.34711,21599,49.29166667,1602.644628,49.26666667,49.475,17110.74404
4/9/2017,4.77,53.564,98.75,21380,7.37,-1454.041561,17395.04132,21380,49.9375,1808.92562,49.37083333,49.67083333,17499.49723
4/10/2017,6.61,57.524,136.53,20919,8.75,-2374.381528,17252.2314,20919,50.1625,1545.123967,49.45833333,49.87083333,16606.41558
4/11/2017,3.99,54.572,164.6,21002,5.61,-816.308142,17726.28099,21002,50.275,1731.570248,49.5,49.91666667,22228.27703
4/12/2017,1.92,53.492,235.06,21708,2.94,-5527.566286,22375.53719,21708,50.23333333,1664.132231,49.35,49.19583333,36563.81361
4/13/2017,2.04,59,278.84,21259,5.05,-16301.40865,35016.19835,21259,49.45416667,1309.090909,49.425,49.2625,42729.22908
4/14/2017,5.41,55.742,118.67,21532,7.64,-8749.121642,41563.63636,21532,49.64166667,2102.479339,49.35,49.66666667,44991.7026
4/15/2017,4.2,56.984,124.07,21927,8.55,-5135.545575,44739.17355,21927,50.02916667,2915.702479,49.37083333,50.01666667,45297.80196
4/16/2017,2.71,58.064,242.05,21708,6.83,-3693.330886,44548.76033,21708,49.99583333,2360.330579,49.30416667,49.84583333,45638.92413
4/17/2017,3.71,60.098,276.41,22266,6.63,-2892.494378,44530.90909,22266,49.65,2062.809917,49.4625,49.55416667,48942.27557
4/18/2017,1.75,61.034,237.99,20829,5.91,-7911.176396,50721.32231,20829,49.81666667,1350.743802,49.825,49.42916667,55144.81521
4/19/2017,2.68,64.364,302.6,20657,6.42,-5946.236698,53266.1157,20657,49.69583333,2499.173554,49.75,49.55416667,56996.8214
4/20/2017,2.35,65.93,228.08,19973,7.28,-6913.879251,52318.01653,19973,49.825,1652.231405,49.45,49.75,59912.82056
4/21/2017,3.01,66.614,322.22,20919,7.95,-8301.035436,52268.42975,20919,50.13333333,1134.545455,49.625,50.20416667,59853.28179
4/22/2017,4.91,58.46,181.76,21508,8.73,-8130.397492,53353.38843,21508,50.23333333,257.8512397,49.85416667,50.10833333,58860.73535
4/23/2017,1.61,58.982,138.21,21301,8.08,-5972.19816,55600.66116,21301,50.1125,132.892562,49.94166667,49.9625,59982.86618
4/24/2017,3.09,60.638,128.25,22520,10.27,-3296.097585,55628.42975,22520,49.80833333,434.3801653,49.89166667,49.68333333,48550.72055
4/25/2017,2.96,60.836,278.64,21116,5.3,5239.329037,44931.57025,21116,49.79583333,75.37190083,49.97916667,49.975,41099.2675
4/26/2017,4.8,56.372,353.21,21374,1.23,4014.930847,36678.34711,21374,50.37916667,323.3057851,49.89583333,50.30833333,35116.6711
4/27/2017,2.9,61.016,346.16,22377,4.28,2241.370222,30698.18182,22377,50.71666667,279.6694215,50.10416667,51.00833333,27279.96714
4/28/2017,3.41,70.016,342.97,21629,7.8,2390.545257,25644.29752,21629,51.57916667,1791.07438,50.225,51.6875,23397.33843
4/29/2017,3.73,64.22,343.46,21338,8.73,164.8847105,22195.04132,21338,52.01666667,1324.958678,50.47083333,52.14583333,21195.80459
4/30/2017,4.44,65.552,328.89,22408,9.94,744.2780546,19963.63636,22408,52.71666667,837.0247934,50.55416667,51.95416667,16939.83273
5/1/2017,2.49,69.998,347.58,22651,10.41,2429.77884,17986.1157,22651,52.825,1150.413223,50.45,51.69166667,14702.57563
5/2/2017,3,70.934,339.76,22396,11.21,1878.126849,15443.30579,22396,52.99583333,220.1652893,50.7875,50.40416667,12898.20046
5/3/2017,2.71,63.482,281.06,22199,8.46,2127.940036,12491.90083,22199,52.76666667,31.73553719,50.72916667,49.34583333,9803.584967
5/4/2017,6.4,55.364,241.79,21404,6.27,1861.580322,10314.04959,21404,51.7125,27.76859504,50.72083333,49.30416667,8505.63963
5/5/2017,5.95,57.254,357.26,21550,6.17,1926.641362,9578.181818,21550,51.9625,906.446281,50.625,49.52916667,7759.653777
5/6/2017,3.56,62.654,360.76,21854,8.49,1216.08176,9453.22314,21854,52.14583333,1547.107438,50.99166667,48.94166667,16960.14596
5/7/2017,2.79,67.64,362.43,20645,9.02,-10263.03026,23278.01653,20645,51.32083333,5652.892562,50.49166667,51.3625,18284.00817
5/8/2017,3.47,69.458,349.48,19829,12.23,-1474.884203,24507.7686,19829,51.94583333,5672.727273,50.57083333,50.8375,19357.80753
5/9/2017,5.86,62.69,294.88,20877,11.14,525.2337923,24154.71074,20877,51.84583333,5990.082645,50.55,50.71666667,18120.80188
5/10/2017,3.09,53.924,256.64,21193,3.67,359.8262192,24257.85124,21193,51.82916667,7180.165289,50.6375,50.34583333,17118.44906
5/11/2017,2.3,52.952,281.12,20440,3,-793.7631096,24162.64463,20440,51.52083333,6783.471074,50.59583333,50.3125,17126.85453
5/12/2017,2.58,56.138,351.33,19485,4.26,-702.6809763,24622.80992,19485,51.17083333,6604.958678,50.82916667,50.39166667,17795.7902
5/13/2017,2.48,58.442,368.89,18388,5.21,-874.9389603,25297.19008,18388,51.17916667,6069.421488,50.7125,50.64583333,20012.73407
5/14/2017,4.17,55.112,136.96,19367,8.37,194.034525,24097.19008,19367,51.46666667,5672.727273,50.57916667,51.57916667,18986.56574
5/15/2017,2.46,57.2,373.52,20487,6.12,557.8970699,24013.8843,20487,52.1875,6783.471074,50.50833333,51.29583333,17658.50079
5/16/2017,3.25,62.6,374.13,20446,6.73,-469.0875669,24267.7686,20446,51.8125,6624.793388,50.32916667,50.40833333,19012.48262
5/17/2017,1.23,72.104,373.61,21068,8.56,-747.5074134,25170.24793,21068,50.95416667,6267.768595,50.16666667,51.1875,19970.7067
5/18/2017,1.83,75.326,375.72,21909,9.09,-227.2273612,25166.28099,21909,51.7375,5593.38843,49.96666667,50.5,17872.84038
5/19/2017,1.59,77.18,372.71,21593,10.73,1384.052182,25166.28099,21593,51.43333333,6347.107438,49.9125,49.67916667,17910.66502
5/20/2017,1.29,80.798,373.88,21092,12.32,407.5085337,25174.21488,21092,50.8375,6247.933884,49.775,49.42083333,18639.13947
5/21/2017,1.81,81.734,364.97,20949,14.39,144.1415217,25172.2314,20949,50.57083333,5990.082645,49.68333333,49.6,18208.3589
5/22/2017,2.53,77.774,356.42,20164,14.67,188.7898603,24009.91736,20164,50.66666667,5950.413223,49.63333333,49.66666667,18353.35334
5/23/2017,3.45,68.27,375.98,19968,12.82,-489.8492078,23153.05785,19968,50.76666667,6327.272727,49.72083333,49.59583333,19800.49585
5/24/2017,2.33,68.072,375.82,20323,12.7,-2619.710726,21782.47934,20323,50.76666667,3590.082645,49.92083333,49.84166667,15961.29542
5/25/2017,1.43,73.724,378.49,20071,12.38,1979.101274,20181.81818,20071,50.98333333,4680.991736,50.025,49.575,17636.78665
5/26/2017,1.91,77.234,378.22,19570,13.64,-2636.960204,19967.60331,19570,51.00416667,2558.677686,50.06666667,49.87916667,17951.99194
5/27/2017,2.86,77.468,361.82,21605,15.65,1491.93368,19971.57025,21605,51.0125,4522.31405,50.17083333,50.08333333,16850.87479
5/28/2017,3.99,75.29,316.55,21738,14.33,-1268.618592,20217.52066,21738,51.3875,4026.446281,50.37916667,49.81666667,17063.11302
5/29/2017,3.01,63.734,182.69,21068,13.07,-1542.03864,20195.70248,21068,51.17916667,3252.892562,50.24583333,49.8375,17986.31429
5/30/2017,2.12,66.38,353.92,21659,13.64,-452.5043726,20187.7686,21659,51.20416667,3590.082645,50.39166667,49.91666667,16455.81749
5/31/2017,1.49,70.7,376.89,22057,13.06,539.8684604,19525.28926,22057,51.03333333,4561.983471,50.20833333,49.9125,17180.0892
6/1/2017,2.82,73.31,348.96,22359,13.55,-1914.783415,19920,22359,51.37916667,3728.92562,50.48333333,49.825,16375.96549
6/2/2017,2.45,69.512,385.83,21176,9.39,-1367.89111,20969.2562,21176,51.35416667,3272.727273,50.6125,49.7375,17594.75927
6/3/2017,2.38,68.846,383.51,21259,7.7,184.7696556,20963.30579,21259,51.1875,3272.727273,50.75,50.0375,17220.01521
6/4/2017,2.25,73.004,382.68,20889,10.69,100.5633024,20868.09917,20889,51.32916667,3292.561983,50.7875,49.94166667,19002.67623
6/5/2017,4.9,68.846,319.34,21641,12.15,-675.1390399,20774.87603,21641,51.3625,2300.826446,51.09583333,50.08333333,17406.33656
6/6/2017,6.29,56.858,217.41,21374,11.63,800.7130268,20860.16529,21374,51.43333333,3114.049587,50.89583333,49.94166667,17234.02433
6/7/2017,2.72,57.83,278.02,20540,9.56,-321.9086275,20887.93388,20540,51.37916667,2657.85124,51.175,50.12083333,15296.56248
6/8/2017,2.78,56.858,310.84,21374,6.99,3767.520165,19311.07438,21374,51.2,4482.644628,51.32916667,49.62916667,15391.82453
6/9/2017,3.46,55.04,308.81,21380,4.79,-557.3947779,19003.63636,21380,51.17083333,3272.727273,51.3375,50.07916667,14609.41495
6/10/2017,3.16,56.93,268.66,20627,7.78,368.4941409,19015.53719,20627,51.325,3431.404959,51.375,49.84583333,15894.05162
6/11/2017,1.82,63.914,388.94,21659,8.14,722.0806114,18872.72727,21659,51.37083333,3728.92562,51.27083333,50.08333333,15482.88383
6/12/2017,1.82,69.08,381.95,21787,7.83,-211.0821771,18997.68595,21787,51.38333333,3371.900826,51.275,49.87083333,13747.85383
6/13/2017,1.93,71.204,302.63,21332,10.3,1422.931294,18908.42975,21332,51.59166667,4680.991736,51.1875,49.90833333,14512.05154
6/14/2017,2.8,74.966,376.06,21344,13.85,-272.6135235,18900.49587,21344,51.85416667,3907.438017,51.375,49.80833333,15078.02015
6/15/2017,4.33,75.866,377.6,22451,14.32,1022.037701,18930.24793,22451,52.29166667,4383.471074,51.4875,49.77083333,13464.16907
6/16/2017,4.6,81.23,378.2,21884,15.67,515.6077895,18914.38017,21884,51.8,4542.14876,51.67916667,49.45416667,13361.202
6/17/2017,2.88,87.098,367.97,21404,17.5,531.029405,18761.65289,21404,51.75833333,5038.016529,51.35833333,49.33333333,16699.57625
6/18/2017,3.39,86.432,382.39,21983,16.65,-2396.939886,18230.08264,21983,51.4125,2538.842975,51.65416667,49.2125,15637.68465
6/19/2017,5.51,82.13,384.16,22155,14.13,225.5550194,18505.78512,22155,51.3125,3689.256198,51.4125,48.91666667,16586.8028
6/20/2017,4.75,79.34,389.04,21265,11.7,-2660.273874,18924.29752,21265,50.8875,2340.495868,51.71666667,49.03333333,17811.20024
6/21/2017,3.39,80.618,390.19,21538,11.89,-954.3985871,18922.31405,21538,50.98333333,2340.495868,51.725,49.07083333,16930.02634
6/22/2017,1.88,86.954,383.41,21823,14.3,-63.20815818,18848.92562,21823,50.95833333,3114.049587,51.8875,48.94583333,16779.42826
6/23/2017,2.5,86.918,374.85,22180,16.54,-687.5522269,18743.80165,22180,50.83333333,3272.727273,51.96666667,48.975,16386.47233
6/24/2017,3.41,78.566,381.58,22020,14.86,-1075.39795,18914.38017,22020,50.87083333,3292.561983,51.98333333,49.0875,14446.90911
6/25/2017,1.88,76.55,384.5,21122,12.07,276.9090718,18835.04132,21122,51.025,4323.966942,52.1375,49.04583333,16985.36238
6/26/2017,1.18,77.576,387.86,21933,9.6,-1663.288,18775.53719,21933,50.90833333,3550.413223,52,49.37083333,15854.12562
6/27/2017,2.2,77.936,392.36,22026,7.85,-536.0016531,18777.52066,22026,51.175,3887.603306,52.22916667,49.5125,17068.71667
6/28/2017,2.46,78.206,375.17,21562,10.43,-2642.799315,18688.26446,21562,51.38333333,1981.487603,52.5625,49.2375,16350.74906
6/29/2017,2.74,72.086,381.2,21835,13.17,629.0277995,18753.71901,21835,51.17916667,3570.247934,52.30833333,49.4875,16804.64468
6/30/2017,1.87,72.806,381.3,22402,14.07,-1054.173606,18604.95868,22402,51.125,3193.38843,52.4875,49.275,15800.89095
7/1/2017,2.28,74.264,378.33,22764,15.4,-27.32070207,18648.59504,22764,51.23333333,3986.77686,52.39583333,49.30416667,15705.6289
7/2/2017,3.29,71.42,377.35,22106,14.3,-1701.810718,18809.2562,22106,51.2375,3272.727273,52.58333333,49.35,16116.09624
7/3/2017,4.27,69.458,380.1,22279,13.3,-406.5673144,18785.45455,22279,51.37916667,3510.743802,52.625,49.32083333,16082.47434
7/4/2017,1.51,74.3,379.62,21970,13.08,-1116.763596,18791.40496,21970,51.30416667,3173.553719,52.70833333,49.375,15411.4373
7/5/2017,1.74,79.124,378.56,21241,11.35,-522.5860603,18769.58678,21241,51.32916667,3451.239669,52.62916667,49.35833333,16185.4414
7/6/2017,2.14,79.844,377.93,21277,10.13,-831.0942926,18696.19835,21277,51.30416667,3431.404959,52.69583333,49.40833333,16983.96147
7/7/2017,1.58,80.474,378.04,22334,10.39,-662.1680816,19122.64463,22334,51.35,3590.082645,52.9125,49.35833333,16505.54988
7/8/2017,2.16,75.884,376.93,21878,10.76,-1428.987897,20152.06612,21878,51.20833333,2598.347107,53.15416667,49.44166667,16459.31977
7/9/2017,2.1,73.598,375.21,21738,11.49,954.3992383,20104.46281,21738,51.3,3114.049587,52.91666667,49.44166667,16941.9341
7/10/2017,2.21,75.092,375.2,21854,13.11,164.4791231,19487.60331,21854,51.27083333,2975.206612,53.03333333,49.51666667,16991.66649
7/11/2017,2.76,74.534,374.71,22433,13.09,99.73020421,19031.40496,22433,51.37083333,3034.710744,53.3875,49.5,15742.75308
7/12/2017,1.87,75.056,370.14,21841,13.05,-338.0588651,19259.50413,21841,51.45833333,3014.876033,53.2,49.47083333,15078.02015
7/13/2017,2.08,76.91,371.46,21562,11.94,887.6079492,19594.71074,21562,51.62083333,4244.628099,53.4875,49.72916667,16487.33802
7/14/2017,3.32,74.822,372.62,21970,10.34,-729.2553754,19670.08264,21970,51.64166667,3570.247934,53.44166667,49.59166667,16413.79012
7/15/2017,2.22,74.156,374.32,22026,7.72,-257.9554093,19678.01653,22026,51.57916667,3352.066116,53.6,49.5875,15836.61421
7/16/2017,3.28,70.736,376.65,21453,6.63,-83.66379678,19525.28926,21453,51.625,3094.214876,53.66666667,49.59583333,17058.91028
7/17/2017,1.91,69.926,374.65,22501,8.24,420.1641002,19237.68595,22501,51.6375,3431.404959,53.55,49.69583333,14613.61769
7/18/2017,1.61,70.916,372.1,22063,8.17,754.6633017,19557.02479,22063,51.83333333,4502.479339,53.78333333,49.775,14923.21933
7/19/2017,1.95,72.014,371.91,21514,8.89,-417.6738755,19582.80992,21514,51.9,4125.619835,53.97916667,49.72916667,16935.62999
7/20/2017,2.83,76.784,370.39,21647,9.61,-1345.439907,19578.84298,21647,51.73333333,2816.528926,54.13333333,49.6,17380.41968
7/21/2017,2.27,79.448,354.25,21866,12.14,-399.1056304,19525.28926,21866,51.51666667,2400,54.36666667,49.65416667,16862.78255
7/22/2017,2.41,75.83,360.72,22063,13.41,459.5067062,19378.5124,22063,51.55416667,2697.520661,54.20416667,49.72916667,16944.03546
7/23/2017,2.27,73.472,354.01,20996,14.61,-1330.043724,19390.41322,20996,51.39166667,1402.31405,54.40833333,49.76666667,17009.17789
7/24/2017,1.27,75.632,348.16,21253,13.3,1235.921284,19289.2562,21253,51.5125,2717.355372,54.275,49.8875,18375.06748
7/25/2017,1.71,77.234,358.71,21223,11.85,-1833.166654,19063.1405,21223,51.53333333,1320.991736,54.60416667,49.85416667,18265.79631
7/26/2017,2.22,79.052,358.65,21744,11.54,-2.647549669,18840.99174,21744,51.47916667,1735.53719,54.64583333,49.9125,16759.11503
7/27/2017,1.8,81.338,357.19,21617,11.73,219.3395155,18999.66942,21617,51.68333333,2776.859504,54.46666667,49.85416667,14841.96641
7/28/2017,1.15,82.868,355.05,20498,11.36,261.8435074,18712.06612,20498,51.94583333,3788.429752,54.02083333,49.43333333,18132.70963
7/29/2017,2.02,84.38,351.09,22087,11.93,-1620.073266,18398.67769,22087,51.44166667,2975.206612,54.20833333,49.39166667,17168.18145
7/30/2017,1.17,82.724,352.82,22211,11.67,-1620.710376,18551.40496,22211,51.22083333,2479.338843,54.45,49.09583333,17255.73847
7/31/2017,2.37,82.85,350.92,22639,11.8,-755.6723543,18700.16529,22639,51.03333333,2776.859504,54.4375,49.125,16801.1424
8/1/2017,3.68,78.674,345.64,21896,12.7,-1620.836615,19017.52066,21896,51.0875,2360.330579,54.55416667,49.225,16958.04459
8/2/2017,2.94,76.964,318.11,21726,11.9,-470.8545074,19277.35537,21726,51.14166667,2400,54.6,49.2125,17551.33099
8/3/2017,1.71,74.012,308.33,21696,10.23,-703.9756181,19315.04132,21696,51.325,2300.826446,54.72916667,49.53333333,17414.04157
8/4/2017,1.53,73.22,314.28,21477,9.34,-618.826694,18880.66116,21477,51.27916667,1824.793388,54.73333333,49.825,16937.73136
8/5/2017,1.51,72.536,309.93,21556,9.2,197.1364086,18513.71901,21556,51.5875,2023.140496,54.725,49.86666667,16948.2382
8/6/2017,1.87,72.788,332.92,22131,10.5,117.3403124,18650.57851,22131,51.66666667,2558.677686,54.64583333,49.90833333,15870.23611
8/7/2017,1.63,74.174,337.67,21799,11.17,-110.3352836,18644.6281,21799,51.69583333,2479.338843,54.7125,49.9625,16711.48401
8/8/2017,1.89,73.832,314.43,22044,11.54,-301.1947538,18662.47934,22044,51.77916667,2558.677686,54.94166667,50.05,16106.28985
8/9/2017,1.62,74.498,339.27,21878,9.1,-168.4881971,18731.90083,21878,51.78333333,2836.363636,54.725,50.12083333,17652.89714
8/10/2017,2.3,73.832,338.94,22796,6.69,-839.3599499,19021.4876,22796,51.76666667,2519.008264,54.85833333,50.20833333,15538.21987
8/11/2017,2.05,71.42,336.47,22063,4.98,231.2594688,19158.34711,22063,52.0625,3133.884298,54.94583333,50.17916667,17751.66146
8/12/2017,3.25,68.558,327.88,22044,9.47,-1746.19865,18969.91736,22044,52.07916667,1983.471074,55.14583333,50.29166667,16691.87123
8/13/2017,2.34,67.226,332.74,22044,9.45,294.575051,18926.28099,22044,52.1125,2558.677686,54.99166667,50.33333333,16322.73082
8/14/2017,1.77,71.42,331.63,22322,8.83,322.8724858,19053.22314,22322,52.225,3431.404959,54.8,50.32083333,17537.32187
8/15/2017,2.8,73.958,333.6,22118,7,-2119.503688,19033.38843,22118,52.075,1834.710744,55.11666667,50.09583333,17932.37916
8/16/2017,1.77,76.19,328.14,22764,6.49,-87.70147405,19019.50413,22764,51.95,2419.834711,55.125,50.05416667,17448.36393
8/17/2017,1.91,77.45,326.23,22865,4.76,-747.6945085,18981.81818,22865,51.975,2519.008264,55.0875,50.37083333,15794.58684
8/18/2017,2.12,75.362,324.18,22390,6.47,193.2230774,18751.73554,22390,52.1125,3213.22314,55.10833333,50.34583333,15921.36941
8/19/2017,2.15,75.128,322.11,21659,7.89,-1113.857013,18704.13223,21659,52.15,2439.669421,55.2,50.3625,16779.42826
8/20/2017,1.34,71.438,251.28,21775,9.47,-398.9654501,18904.46281,21775,52.02916667,2280.991736,55.34583333,50.1125,17005.67561
8/21/2017,2.37,73.49,318.16,22143,8.14,-14.20453562,19019.50413,22143,51.9875,2320.661157,55.00416667,50.30416667,18299.41821
8/22/2017,2.64,72.122,305.87,22947,7.11,-796.5752348,19245.61983,22947,51.85416667,1562.975207,55.10833333,50.17083333,15661.50016
8/23/2017,2.86,71.456,310.32,22607,6.06,1681.144468,19247.60331,22607,52.00833333,3352.066116,55.26666667,50.00416667,16008.92644
8/24/2017,2.76,73.868,318.25,22168,4.64,-552.3892499,19670.08264,22168,51.875,3173.553719,55.2375,49.9125,16606.41558
8/25/2017,1.91,78.638,310.21,21187,3.42,-1090.886654,20126.28099,21187,51.8625,2122.31405,55.43333333,50.07083333,17902.96
8/26/2017,2.16,79.43,312.75,21526,2.77,440.0069421,20074.71074,21526,51.69583333,2201.652893,55.23333333,49.99166667,17809.09887
8/27/2017,2.69,79.754,307.88,21193,5.15,-269.0410188,19935.86777,21193,51.72916667,2419.834711,55.36666667,49.775,16356.35271
8/28/2017,2.17,74.318,311.05,20598,2.29,564.6803479,19935.86777,20598,51.74166667,2479.338843,55.3875,49.75,15477.28018
8/29/2017,2.82,74.066,310.6,21989,-0.08,3370.248746,17071.73554,21989,51.8,2459.504132,55.27916667,50.12916667,13835.41085
8/30/2017,2.11,84.272,307.77,22229,1.01,1016.820555,16659.17355,22229,51.86666667,2697.520661,55.34583333,49.50416667,13597.25574
8/31/2017,2.32,87.512,303.47,21629,2.61,-235.6028474,16663.1405,21629,51.98333333,2142.14876,55.29166667,49.1375,14178.63439
9/1/2017,1.81,87.188,270.96,22063,3.87,776.3573455,16726.61157,22063,51.57083333,2697.520661,55.24583333,49.30416667,13309.36825
9/2/2017,4.07,85.28,233.56,22050,6.88,706.7226591,16774.21488,22050,51.6875,3054.545455,55.35833333,49.525,13733.8447
9/3/2017,3.6,84.47,290.33,21514,8.66,-550.1752785,16863.47107,21514,51.77083333,2280.991736,55.37916667,49.39166667,14561.78393
9/4/2017,3.89,79.538,276.48,21817,12.09,323.6954088,16857.52066,21817,51.62083333,2261.157025,55.3,49.3125,14561.78393
9/5/2017,4.49,72.608,186.83,22322,14.48,539.5797064,16871.40496,22322,51.57083333,2419.834711,55.35416667,49.4875,13085.22226
9/6/2017,1.99,73.742,283.76,21787,10.37,831.3479879,16869.42149,21787,52.04166667,2876.033058,55.19166667,49.69583333,13237.92171
9/7/2017,1.7,75.848,284.24,20598,8.08,-433.5332802,16871.40496,20598,52.2,1828.760331,55.425,48.89583333,15038.09415
9/8/2017,2.3,79.16,284.86,20475,5.41,-118.4495219,16807.93388,20475,51.10416667,1178.181818,55.29166667,48.55416667,14689.26696
9/9/2017,3.79,81.5,275.1,20990,6.57,1455.485106,16567.93388,20990,50.51666667,2102.479339,55.1125,48.87916667,14268.29278
9/10/2017,2.21,80.06,266.43,21817,8.76,1024.161765,16615.53719,21817,50.82916667,2717.355372,55.10416667,48.64583333,14163.22435
9/11/2017,2.14,78.512,277.17,21738,7.62,-344.0425318,16665.12397,21738,50.83333333,2161.983471,55.24166667,48.94166667,13809.49397
9/12/2017,3.06,71.564,244.19,21538,3.26,493.6465259,16671.07438,21538,51.12083333,2419.834711,55.375,49.11666667,12947.93285
9/13/2017,3.01,66.182,281.44,20674,-2.16,439.3068194,16671.07438,20674,51.25833333,2578.512397,55.29583333,48.97916667,14047.64908
9/14/2017,2.1,68.252,220.06,20847,-2.34,217.9129035,16488.59504,20847,51.1875,2439.669421,55.39166667,49.15833333,13037.59124
9/15/2017,2.09,69.044,272.27,20317,-0.99,481.3343798,16567.93388,20317,51.1875,2697.520661,54.72916667,49.03333333,14075.66733
9/16/2017,3.8,65.66,239.53,20698,3.55,175.7458931,16565.95041,20698,50.85833333,2697.520661,54.67916667,49.17083333,13789.8812
9/17/2017,2.68,62.96,261.17,20716,2.7,96.54855207,16550.08264,20716,50.8875,2697.520661,54.66666667,49.25416667,14411.18585
9/18/2017,3.21,61.682,149.76,21344,4.77,69.37613347,16615.53719,21344,51.29583333,2697.520661,54.71666667,49.45,15108.13977
9/19/2017,2.94,57.452,259.34,22155,0.13,-379.1232411,16675.04132,22155,50.97083333,2003.305785,55.35416667,49.375,14649.34095
9/20/2017,1.91,59.522,211.21,21896,-1.61,-236.6054128,16669.09091,21896,50.95416667,1243.636364,55.58333333,49.50833333,15034.59186
9/21/2017,3.6,60.404,259.67,21104,-2.83,-401.1373145,16673.05785,21104,50.89166667,608.9256198,55.53333333,49.4625,15099.73429
9/22/2017,2.03,63.716,254.68,21187,-1.39,1047.397941,16675.04132,21187,50.775,1457.85124,55.4375,49.77083333,15251.03283
9/23/2017,2.97,67.532,239.43,21170,1.65,-50.84274736,16651.23967,21170,50.86666667,1080.991736,55.2,49.49166667,16958.04459
9/24/2017,2.24,70.412,248.81,22433,3.09,-124.7966561,16573.8843,22433,50.89166667,468.0991736,55.28333333,49.84166667,14844.06778
9/25/2017,2.19,71.078,249.46,22137,-0.32,965.717344,16736.52893,22137,51.13333333,1311.07438,54.975,49.68333333,14577.89442
9/26/2017,2.52,71.618,243.66,21671,-1.57,381.5601255,16774.21488,21671,51.40416667,1416.198347,54.87916667,49.75833333,14518.35565
9/27/2017,2.53,69.998,200.73,21068,-0.71,236.6608789,16776.19835,21068,51.20833333,1523.305785,55.075,49.91666667,15659.39879
9/28/2017,3.53,65.876,243.94,21386,0.42,-88.50622802,16776.19835,21386,51.40833333,1192.066116,55.03333333,49.97083333,15155.77079
9/29/2017,4.99,62.33,243.31,21338,-3.24,380.3614414,16752.39669,21338,51.3,1392.396694,55.0875,49.99583333,15744.85445
9/30/2017,3.79,57.326,243.76,21526,-6.55,-196.85445,16663.1405,21526,51.30833333,977.8512397,55.00833333,50.10416667,13956.58977
10/1/2017,3.35,59.558,240.37,22112,-6.48,2314.699486,14893.8843,22112,51.37916667,1326.942149,55.09583333,49.95833333,13649.0895
10/2/2017,1.18,62.078,236.49,22377,-6.59,182.8526488,14592.39669,22377,51.20416667,1086.942149,55.23333333,49.9,13535.6156
10/3/2017,1.29,63.932,234.73,22384,-5.94,-23.16105455,15290.57851,22384,51.2,1090.909091,55.30416667,50.3,11342.48724
10/4/2017,1.79,68.558,231.03,21587,-5.24,2060.182181,14322.64463,21587,51.34166667,2122.31405,55.08333333,49.60416667,13293.25775
10/5/2017,2.33,70.088,225.42,21866,-4.03,-813.9271715,15282.64463,21866,51.775,1475.702479,54.9,50.3125,12176.03011
10/6/2017,5.82,61.376,224.46,22620,-2.68,2384.912039,16072.06612,22620,51.85833333,3272.727273,54.8,50.1125,11511.29718
10/7/2017,2.81,60.458,219.46,22414,-9.11,1082.041663,15951.07438,22414,52.07916667,2975.206612,54.92083333,50.22916667,11183.48368
10/8/2017,2.56,63.23,209.54,21574,-7.82,952.3840886,14705.45455,21574,52.15833333,2380.165289,54.99583333,50.05416667,12479.32765
10/9/2017,4.69,55.616,222.69,22155,-6.15,426.9616062,14679.66942,22155,51.775,2419.834711,55.10833333,50.06666667,12290.90493
10/10/2017,3.36,53.924,217.62,21319,-5.56,-867.0702193,14677.68595,21319,51.63333333,1249.586777,55.27083333,50.0625,14500.14378
10/11/2017,3.61,56.534,213.22,21641,-2.85,-750.0446064,14683.63636,21641,51.40416667,33.71900826,55.31666667,50.67916667,15047.90053
10/12/2017,4.3,57.65,214.5,22310,-4.88,271.0168254,14693.55372,22310,51.30416667,27.76859504,55.04583333,50.72083333,14321.52745
10/13/2017,1.7,62.042,209.71,22273,-9.19,307.257674,14665.78512,22273,51.60416667,27.76859504,55.11666667,50.72916667,13468.3718
10/14/2017,1.36,66.596,199.8,22334,-8.79,1230.644729,14669.75207,22334,51.60416667,1005.619835,55.11666667,51,13599.35711
10/15/2017,1.63,68.414,179.6,22513,-8.37,243.7751214,14679.66942,22513,51.86666667,961.9834711,55.54583333,50.65,13307.26688
10/16/2017,2.3,65.66,203.82,22576,-10.44,473.4190704,14703.47107,22576,51.78333333,1138.512397,55.5,51.0375,12983.65611
10/17/2017,5.43,58.172,120.68,22451,-1.61,456.3025677,14683.63636,22451,52.01666667,1253.553719,55.525,51.0375,12926.2187
10/18/2017,2.35,52.538,135.2,21970,3.5,22.86394463,14685.61983,21970,52.17083333,1043.305785,55.525,51.16666667,13352.79653
10/19/2017,1.92,51.8,54.64,22340,1.96,659.5175196,14663.80165,22340,52.20416667,1428.099174,55.40833333,51.1375,13099.23139
10/20/2017,1.52,60.098,158.44,22260,5.65,56.47108934,14762.97521,22260,52.27083333,1370.578512,55.62083333,51.3125,12576.69106
10/21/2017,4.05,67.064,184.08,21599,7.78,154.7056342,14749.09091,21599,52.25,1303.140496,55.7125,51.40416667,12765.81423
10/22/2017,2.4,70.754,183.61,21002,5.28,83.13618322,14759.00826,21002,52.29166667,1096.859504,55.64166667,51.12916667,13890.74689
10/23/2017,1.8,71.798,183.7,21489,3.96,258.4018703,14751.07438,21489,52.57083333,1180.165289,55.95,51.30833333,13982.50665
10/24/2017,1.68,70.268,181.74,21423,2.03,-477.5975591,14757.02479,21423,52.725,529.5867769,55.75416667,51.02916667,14301.91468
10/25/2017,1.87,71.006,180.4,22273,1.34,775.5233365,14747.10744,22273,52.3,961.9834711,55.59166667,51.275,13702.32417
10/26/2017,1.45,70.016,178.09,22174,1.56,-16.20020306,14842.31405,22174,52.34166667,856.8595041,55.88333333,51.42083333,13543.32062
10/27/2017,1.06,68.846,176.7,22087,2.01,355.1339255,14780.82645,22087,52.43333333,963.9669421,55.78333333,51.27916667,13785.67846
10/28/2017,1.01,64.31,173.7,22260,2.18,204.1810441,14786.77686,22260,52.35833333,965.9504132,55.8625,51.37083333,13579.04388
10/29/2017,3.24,60.224,173.72,22242,0.28,223.7825663,14772.89256,22242,52.37083333,973.8842975,55.8125,51.49583333,13797.58622
10/30/2017,1.88,61.052,168.53,22279,-1.1,38.42204446,14872.06612,22279,52.35,950.0826446,55.79166667,51.59166667,14685.06422
10/31/2017,3.32,59.09,83.27,22328,2.52,-714.0807489,14868.09917,22328,52.4625,27.76859504,55.7625,51.74583333,13759.76158
11/1/2017,4.87,54.176,56.13,21599,6.04,351.5689985,14747.10744,21599,52.24583333,31.73553719,55.33333333,51.62916667,14506.44789
11/2/2017,2.57,51.89,118.59,21756,5.98,365.9240108,14685.61983,21756,52.275,37.68595041,55.25,51.97083333,14675.25783
11/3/2017,2.72,54.176,100.68,22137,4.45,353.6760543,14677.68595,22137,52.3125,31.73553719,55.2375,52,14290.00692
11/4/2017,1.04,54.734,115.04,22001,2.46,219.9434932,14681.65289,22001,52.47083333,29.75206612,55.25,52.325,12171.82738
11/5/2017,2.29,51.188,150.47,21989,0.1,2468.073446,12073.38843,21989,52.475,27.76859504,55.22916667,51.9375,10927.11671
11/6/2017,6.16,51.98,37.5,22365,4.98,1494.503125,10714.71074,22365,52.5,27.76859504,55.0375,52.125,10105.48159
11/7/2017,4.42,48.812,51.37,21793,6.19,9.46055876,10817.85124,21793,52.26666667,27.76859504,55.08333333,52.19583333,10653.23834
11/8/2017,2.74,49.19,60.01,22340,6.58,683.8443046,10318.01653,22340,52.32916667,27.76859504,55.025,52.1625,10210.55002
11/9/2017,1.75,54.464,89.27,22582,8,321.6979139,10302.14876,22582,52.45833333,31.73553719,54.92083333,52.44166667,9958.385787
11/10/2017,4.26,56.804,79.23,22340,7.78,70.02743614,10318.01653,22340,52.74583333,31.73553719,55.04166667,52.56666667,8827.149025
11/11/2017,3.35,52.196,62.12,22081,7.38,1200.131967,10304.13223,22081,52.9,1190.082645,55.04583333,52.65,10268.68788
11/12/2017,3.05,52.556,133.79,22211,6.22,-1024.638293,10314.04959,22211,53.05833333,27.76859504,55.47083333,52.3875,9581.540352
11/13/2017,5.92,50.9,37.75,22026,7.43,519.7406397,9859.834711,22026,52.92083333,29.75206612,54.87083333,52.4125,8285.696383
11/14/2017,4.78,54.716,87.09,20919,7.38,437.3862616,9510.743802,20919,52.81666667,55.53719008,54.97916667,52.94166667,8299.005051
11/15/2017,1.61,49.604,101.54,20317,2.96,554.2015606,9125.950413,20317,52.7,27.76859504,54.96666667,52.71666667,9396.619915
11/16/2017,1.44,47.21,141.39,21368,-0.91,752.5619032,8846.280992,21368,53.0125,313.3884298,54.91666667,52.55833333,8684.255961
11/17/2017,1.52,50.45,121.89,21259,1.02,-260.363399,8959.338843,21259,53.01666667,47.60330579,55.15833333,52.84583333,8289.198664
11/18/2017,3.99,54.176,30.17,20734,8.39,97.53687319,8939.504132,20734,52.7,27.76859504,54.95833333,52.82083333,8703.868734
11/19/2017,1.43,58.64,67.94,20680,10.31,153.8668032,8838.347107,20680,52.7125,27.76859504,54.96666667,52.59166667,9339.182507
11/20/2017,1.65,61.592,127.88,21301,10.88,92.3960054,8840.330579,21301,52.7875,27.76859504,54.77083333,52.73333333,8017.421659
11/21/2017,2.1,62.78,87.69,20937,11.73,431.1403245,8832.396694,20937,52.70833333,27.76859504,54.5125,52.80416667,9012.069462
11/22/2017,1.04,61.574,119.19,21152,8.21,7.558637174,8834.380165,21152,52.91666667,27.76859504,54.45,52.69583333,7965.5879
11/23/2017,2.98,61.808,105.86,20498,7.92,187.0236702,8840.330579,20498,53.17916667,83.30578512,54.42916667,52.575,8443.999484
11/24/2017,6.84,58.262,50.81,20147,10.46,-37.97469061,8844.297521,20147,53.16666667,63.47107438,54.23333333,52.65833333,8762.006599
11/25/2017,1,54.392,107.72,20106,6.42,-22.18015272,8838.347107,20106,53.03333333,27.76859504,54.16666667,52.825,8666.744556
11/26/2017,1.42,50.738,111.47,20205,4.04,242.8339564,8830.413223,20205,53.025,27.76859504,54.0375,52.44583333,8710.17284
11/27/2017,3.95,49.82,123.48,20627,1.86,514.4717881,8796.694215,20627,53.06666667,289.5867769,53.74583333,52.70416667,8948.327948
11/28/2017,1.89,49.802,104.65,21508,0.4,439.77949,8790.743802,21508,52.70416667,535.5371901,54.23333333,52.88333333,8416.681692
11/29/2017,1.41,48.992,118.77,21495,0.07,-174.4750804,8792.727273,21495,52.39583333,351.0743802,54.27916667,52.66666667,8848.863167
11/30/2017,1.37,49.874,71.79,21659,2.78,-243.2102744,8786.77686,21659,52.55833333,33.71900826,54.5375,52.75416667,9160.566176
12/1/2017,1.97,42.782,70.58,22057,2.3,-9.50832476,8792.727273,22057,52.48333333,27.76859504,54.34583333,52.4375,8031.430783
12/2/2017,3.97,38.894,123.87,21483,-2.82,159.5278947,8792.727273,21483,52.45833333,27.76859504,54.13333333,52.54166667,7759.653777
12/3/2017,3.03,41.468,121.86,20522,-3.21,44.30490069,8782.809917,20522,52.2,27.76859504,53.85416667,52.52916667,8741.693369
12/4/2017,3.16,37.904,120.16,20510,-2.12,1.347953314,8804.628099,20510,52.06666667,27.76859504,53.725,52.62083333,9831.603215
12/5/2017,2.46,43.538,123.98,21635,-2.5,70.25628913,8782.809917,21635,51.96666667,27.76859504,53.475,52.79583333,9115.036523
12/6/2017,1.59,46.544,122.34,22044,-2.47,49.00479931,8780.826446,22044,52.07083333,27.76859504,53.31666667,52.65833333,8531.556509
12/7/2017,1.97,48.578,119.6,21835,-1.35,12.50134224,8788.760331,21835,52.25,27.76859504,53.12916667,52.49583333,8622.615815
12/8/2017,1.92,47.804,121.95,21787,-1.8,90.37592054,8776.859504,21787,52.275,27.76859504,52.87916667,52.30833333,8098.674578
12/9/2017,1.96,47.228,121.66,21229,-2.49,92.41633109,8790.743802,21229,52.16666667,27.76859504,52.52916667,52.2875,8642.929045
12/10/2017,2.08,46.292,121.09,21098,-3.35,-10.95383839,8792.727273,21098,51.975,27.76859504,52.24583333,52.25833333,8634.52357
12/11/2017,1.96,47.03,118.35,20996,-3.12,28.43510769,8786.77686,20996,51.88333333,27.76859504,52.025,52.175,8491.630506
12/12/2017,2.51,49.478,118.2,20793,-1.51,64.37775846,8790.743802,20793,51.82916667,27.76859504,51.85,52.19583333,9863.123744
12/13/2017,1.66,52.16,95.48,22365,0.62,471.8514626,8794.710744,22365,51.7,428.4297521,51.86666667,52.1625,8193.936621
12/14/2017,5.98,46.274,115.52,21890,-2.72,-302.6556293,8802.644628,21890,51.8,47.60330579,51.77083333,52.07916667,8708.071471
12/15/2017,3.12,45.536,112,21976,-2.2,132.9698513,8802.644628,21976,51.87916667,130.9090909,51.4,51.9,9319.569733
12/16/2017,1.35,50.126,104.86,22595,1.33,-28.83419581,8780.826446,22595,51.7375,27.76859504,50.99583333,51.94166667,8559.574757
12/17/2017,4.33,50.432,72.33,22414,2.34,12.48309424,8794.710744,22414,51.47916667,33.71900826,51,51.97083333,7843.008065
12/18/2017,3.13,43.664,96.4,21684,-0.41,187.9836705,8850.247934,21684,51.4875,247.9338843,51.125,51.65416667,9097.525118
12/19/2017,2.81,38.642,115.23,21970,-3.49,-209.2110684,8866.115702,21970,51.475,27.76859504,50.51666667,51.50833333,8261.880872
12/20/2017,1.58,42.458,83.74,21362,-2.78,-31.53376456,8885.950413,21362,51.28333333,33.71900826,50.325,51.44166667,8674.449574
12/21/2017,1.05,47.174,77.75,21182,0.06,-2.218169041,8850.247934,21182,50.925,29.75206612,50.55833333,51.5375,8574.984793
12/22/2017,0.5,50.288,55.13,20990,0.77,53.51107477,8854.214876,20990,50.74583333,29.75206612,50.61666667,51.2875,8541.362896
12/23/2017,1.17,53.168,113.62,20758,1.08,51.09991392,8862.14876,20758,50.90833333,67.43801653,50.15416667,51.08333333,9115.036523
12/24/2017,0.94,45.41,87.11,21187,-0.2,108.6742208,8840.330579,21187,50.97916667,73.38842975,49.77083333,51.075,8593.196655
12/25/2017,1.19,42.998,109.17,21026,-0.37,12.74549376,8832.396694,21026,50.7875,27.76859504,49.7125,50.88333333,8380.958426
12/26/2017,1.09,46.526,111.22,20704,0.56,101.6696732,8840.330579,20704,50.72083333,27.76859504,49.52916667,50.75833333,8523.851491
12/27/2017,0.6,48.992,116.24,20540,0.33,124.7104925,8828.429752,20540,50.6625,27.76859504,49.50833333,50.6625,8581.288899
12/28/2017,1.18,49.226,133.05,20375,1.66,54.37225802,8822.479339,20375,50.55416667,41.65289256,49.47083333,51.47083333,8807.536252
12/29/2017,1.18,49.226,133.05,20551,1.66,149.2901943,8840.330579,20551,50.4625,27.76859504,49.25,52.50833333,9148.658421
12/30/2017,1.18,49.226,133.05,20907,1.66,19.90356247,8832.396694,20907,51.2375,27.76859504,49.09583333,52.325,8970.04209
12/31/2017,1.18,49.226,133.05,21098,1.66,25.58600917,8828.429752,21098,51.90833333,27.76859504,48.96666667,52.22916667,8970.04209
,,,,,,-545.380933,,,,,,,
