DATE TIME,qc1
1998-01-01,50.57500000000001
1998-01-02,50.645833333333336
1998-01-03,50.23750000000001
1998-01-04,49.62083333333333
1998-01-05,49.0375
1998-01-06,48.05000000000001
1998-01-07,47.87916666666666
1998-01-08,48.2125
1998-01-09,48.458333333333336
1998-01-10,48.77083333333334
1998-01-11,48.945833333333326
1998-01-12,49.183333333333344
1998-01-13,48.599999999999994
1998-01-14,48.49166666666665
1998-01-15,48.51666666666667
1998-01-16,48.49166666666665
1998-01-17,49.645833333333336
1998-01-18,49.74166666666667
1998-01-19,49.17500000000001
1998-01-20,48.849999999999994
1998-01-21,49.333333333333336
1998-01-22,49.899999999999984
1998-01-23,49.708333333333336
1998-01-24,49.620833333333344
1998-01-25,49.60833333333334
1998-01-26,49.68333333333334
1998-01-27,49.50833333333333
1998-01-28,49.35
1998-01-29,49.57083333333335
1998-01-30,49.362500000000004
1998-01-31,49.17083333333334
1998-02-01,49.408333333333324
1998-02-02,48.89166666666667
1998-02-03,49.07916666666666
1998-02-04,48.879166666666684
1998-02-05,48.72499999999999
1998-02-06,48.808333333333316
1998-02-07,48.745833333333316
1998-02-08,48.76666666666667
1998-02-09,48.64583333333332
1998-02-10,48.575000000000024
1998-02-11,48.637499999999996
1998-02-12,48.57083333333335
1998-02-13,48.758333333333326
1998-02-14,48.79583333333334
1998-02-15,48.699999999999996
1998-02-16,48.34583333333331
1998-02-17,48.28333333333333
1998-02-18,48.39166666666668
1998-02-19,48.383333333333326
1998-02-20,48.29999999999999
1998-02-21,48.05416666666667
1998-02-22,48.12916666666666
1998-02-23,47.98750000000001
1998-02-24,48.15833333333334
1998-02-25,48.07500000000001
1998-02-26,48.0875
1998-02-27,48.04583333333333
1998-02-28,48.125
1998-03-01,48.10416666666666
1998-03-02,48.004166666666684
1998-03-03,47.925000000000004
1998-03-04,47.974999999999994
1998-03-05,47.995833333333344
1998-03-06,48.00416666666666
1998-03-07,47.85833333333333
1998-03-08,47.85
1998-03-09,47.945833333333326
1998-03-10,48.008333333333326
1998-03-11,48.320833333333326
1998-03-12,48.30833333333334
1998-03-13,48.40833333333333
1998-03-14,48.833333333333336
1998-03-15,49.11249999999999
1998-03-16,49.84583333333334
1998-03-17,49.650000000000006
1998-03-18,49.45416666666666
1998-03-19,49.03333333333333
1998-03-20,48.791666666666664
1998-03-21,48.458333333333314
1998-03-22,48.54166666666668
1998-03-23,48.87083333333334
1998-03-24,48.39166666666668
1998-03-25,48.02916666666666
1998-03-26,47.9375
1998-03-27,47.929166666666674
1998-03-28,47.92499999999998
1998-03-29,48.270833333333336
1998-03-30,48.474999999999994
1998-03-31,48.17083333333335
1998-04-01,48.43749999999999
1998-04-02,48.474999999999994
1998-04-03,48.50416666666666
1998-04-04,48.887499999999996
1998-04-05,48.943478260869576
1998-04-06,49.14166666666666
1998-04-07,49.43333333333334
1998-04-08,49.38333333333333
1998-04-09,49.416666666666664
1998-04-10,49.6
1998-04-11,49.80416666666667
1998-04-12,49.195833333333326
1998-04-13,49.5
1998-04-14,49.74583333333333
1998-04-15,49.97083333333334
1998-04-16,50.24166666666667
1998-04-17,50.34583333333333
1998-04-18,50.34166666666666
1998-04-19,51.270833333333336
1998-04-20,51.4
1998-04-21,51.400000000000006
1998-04-22,51.6625
1998-04-23,50.98333333333333
1998-04-24,50.79166666666668
1998-04-25,50.4
1998-04-26,51.31666666666667
1998-04-27,52.14166666666666
1998-04-28,51.800000000000004
1998-04-29,51.55833333333333
1998-04-30,51.53333333333333
1998-05-01,51.05000000000001
1998-05-02,50.69583333333335
1998-05-03,51.04999999999999
1998-05-04,51.62916666666667
1998-05-05,52.175000000000004
1998-05-06,51.99583333333334
1998-05-07,52.525000000000006
1998-05-08,51.29583333333334
1998-05-09,50.787499999999994
1998-05-10,50.354166666666664
1998-05-11,50.19583333333333
1998-05-12,50.99583333333333
1998-05-13,52.11666666666667
1998-05-14,52.212500000000006
1998-05-15,52.337500000000006
1998-05-16,52.26250000000001
1998-05-17,52.69166666666667
1998-05-18,53.458333333333336
1998-05-19,54.12916666666667
1998-05-20,52.287499999999994
1998-05-21,51.63333333333333
1998-05-22,51.94166666666667
1998-05-23,52.93333333333333
1998-05-24,52.41666666666668
1998-05-25,52.61666666666667
1998-05-26,52.24583333333333
1998-05-27,51.71666666666667
1998-05-28,51.75833333333335
1998-05-29,51.291666666666664
1998-05-30,52.112500000000004
1998-05-31,53.4625
1998-06-01,52.72083333333334
1998-06-02,51.37499999999999
1998-06-03,50.2125
1998-06-04,50.39166666666668
1998-06-05,50.75000000000001
1998-06-06,50.92500000000001
1998-06-07,50.333333333333336
1998-06-08,50.4375
1998-06-09,50.591666666666676
1998-06-10,50.64166666666667
1998-06-11,50.449999999999996
1998-06-12,50.35833333333333
1998-06-13,49.56666666666667
1998-06-14,51.05000000000001
1998-06-15,50.816666666666684
1998-06-16,50.1
1998-06-17,49.98749999999999
1998-06-18,50.125
1998-06-19,50.61666666666667
1998-06-20,50.24583333333333
1998-06-21,50.099999999999994
1998-06-22,49.941666666666656
1998-06-23,50.300000000000004
1998-06-24,50.10833333333333
1998-06-25,50.087499999999984
1998-06-26,50.3125
1998-06-27,50.6
1998-06-28,50.58333333333334
1998-06-29,51.900000000000006
1998-06-30,51.900000000000006
1998-07-01,51.900000000000006
1998-07-02,51.900000000000006
1998-07-03,51.8375
1998-07-04,51.300000000000004
1998-07-05,51.458333333333336
1998-07-06,51.2125
1998-07-07,51.050000000000004
1998-07-08,51.02916666666666
1998-07-09,51.05833333333334
1998-07-10,51.07916666666666
1998-07-11,51.125
1998-07-12,51.162499999999994
1998-07-13,51.23333333333333
1998-07-14,51.29583333333334
1998-07-15,51.45833333333334
1998-07-16,51.387499999999996
1998-07-17,51.23333333333333
1998-07-18,51.3375
1998-07-19,51.458333333333336
1998-07-20,51.59166666666666
1998-07-21,51.42083333333333
1998-07-22,51.17083333333333
1998-07-23,51.29166666666668
1998-07-24,51.554166666666674
1998-07-25,51.59166666666667
1998-07-26,51.53333333333333
1998-07-27,51.70000000000001
1998-07-28,51.73333333333333
1998-07-29,51.649999999999984
1998-07-30,51.587500000000006
1998-07-31,51.7125
1998-08-01,51.758333333333326
1998-08-02,51.837499999999984
1998-08-03,51.9625
1998-08-04,52.033333333333324
1998-08-05,52.02083333333334
1998-08-06,52.13750000000001
1998-08-07,51.99999999999999
1998-08-08,52.104166666666664
1998-08-09,51.87083333333333
1998-08-10,51.875
1998-08-11,51.98333333333333
1998-08-12,52.11666666666667
1998-08-13,52.237500000000004
1998-08-14,52.3125
1998-08-15,52.387499999999996
1998-08-16,52.29166666666668
1998-08-17,52.216666666666676
1998-08-18,52.21666666666666
1998-08-19,51.9375
1998-08-20,51.63333333333333
1998-08-21,51.75833333333333
1998-08-22,52.14166666666666
1998-08-23,52.23749999999999
1998-08-24,52.25
1998-08-25,52.383333333333326
1998-08-26,52.224999999999994
1998-08-27,52.40833333333334
1998-08-28,52.416666666666664
1998-08-29,52.6625
1998-08-30,52.69166666666666
1998-08-31,52.43333333333334
1998-09-01,52.3125
1998-09-02,52.445833333333326
1998-09-03,52.65416666666667
1998-09-04,52.820833333333326
1998-09-05,52.470833333333324
1998-09-06,52.49166666666667
1998-09-07,52.3375
1998-09-08,52.74583333333334
1998-09-09,52.879166666666656
1998-09-10,52.574999999999996
1998-09-11,52.875
1998-09-12,53.041666666666664
1998-09-13,52.9625
1998-09-14,52.92500000000001
1998-09-15,52.991666666666674
1998-09-16,53.05833333333334
1998-09-17,52.95416666666667
1998-09-18,52.92916666666667
1998-09-19,52.987500000000004
1998-09-20,53.05833333333333
1998-09-21,52.99583333333333
1998-09-22,53.00833333333333
1998-09-23,53.23333333333333
1998-09-24,53.27083333333332
1998-09-25,53.31249999999999
1998-09-26,53.3125
1998-09-27,52.724999999999994
1998-09-28,53.09166666666666
1998-09-29,53.61249999999999
1998-09-30,53.79583333333333
1998-10-01,53.70833333333334
1998-10-02,53.75833333333333
1998-10-03,53.82916666666668
1998-10-04,53.59166666666667
1998-10-05,53.65416666666667
1998-10-06,53.62083333333334
1998-10-07,53.800000000000004
1998-10-08,54.05833333333333
1998-10-09,53.9625
1998-10-10,53.862500000000004
1998-10-11,53.64166666666667
1998-10-12,53.51666666666666
1998-10-13,54.17083333333333
1998-10-14,54.03749999999999
1998-10-15,53.88333333333333
1998-10-16,53.69166666666666
1998-10-17,53.775000000000006
1998-10-18,53.91666666666668
1998-10-19,54.26666666666667
1998-10-20,54.27916666666666
1998-10-21,54.35833333333334
1998-10-22,54.337499999999984
1998-10-23,54.14583333333332
1998-10-24,53.94166666666666
1998-10-25,54.20833333333332
1998-10-26,54.18333333333334
1998-10-27,54.24999999999999
1998-10-28,54.529166666666676
1998-10-29,54.13750000000001
1998-10-30,53.95833333333332
1998-10-31,53.42916666666667
1998-11-01,53.612500000000004
1998-11-02,53.75416666666667
1998-11-03,54.058333333333316
1998-11-04,53.92083333333333
1998-11-05,53.92916666666667
1998-11-06,53.60416666666666
1998-11-07,53.475
1998-11-08,53.35833333333334
1998-11-09,53.39166666666667
1998-11-10,53.29999999999998
1998-11-11,53.5625
1998-11-12,53.53333333333333
1998-11-13,53.92916666666667
1998-11-14,53.8375
1998-11-15,54.012499999999996
1998-11-16,53.84166666666666
1998-11-17,53.92083333333334
1998-11-18,54.07916666666666
1998-11-19,54.42916666666667
1998-11-20,54.35
1998-11-21,54.266666666666644
1998-11-22,54.13749999999998
1998-11-23,53.816666666666656
1998-11-24,53.475
1998-11-25,53.475000000000016
1998-11-26,53.345833333333324
1998-11-27,53.49166666666667
1998-11-28,53.24999999999999
1998-11-29,52.98333333333334
1998-11-30,52.879166666666656
1998-12-01,52.56666666666666
1998-12-02,53.66666666666666
1998-12-03,53.54583333333334
1998-12-04,52.81666666666666
1998-12-05,52.93750000000002
1998-12-06,52.949999999999996
1998-12-07,52.775000000000006
1998-12-08,53.18333333333334
1998-12-09,53.145833333333336
1998-12-10,53.37916666666666
1998-12-11,53.04583333333335
1998-12-12,53.025
1998-12-13,52.88333333333332
1998-12-14,52.68750000000002
1998-12-15,52.73333333333334
1998-12-16,52.84583333333333
1998-12-17,52.854166666666664
1998-12-18,52.22083333333333
1998-12-19,51.63333333333333
1998-12-20,51.33333333333332
1998-12-21,50.32083333333333
1998-12-22,49.94166666666667
1998-12-23,49.59999999999999
1998-12-24,49.300000000000004
1998-12-25,49.34999999999999
1998-12-26,49.808333333333344
1998-12-27,49.59583333333334
1998-12-28,49.475
1998-12-29,49.387499999999996
1998-12-30,49.30833333333333
1998-12-31,49.462499999999984
1999-01-01,48.84583333333333
1999-01-02,47.737500000000004
1999-01-03,47.3125
1999-01-04,47.150000000000006
1999-01-05,47.458333333333336
1999-01-06,47.65
1999-01-07,48.18333333333333
1999-01-08,48.56666666666667
1999-01-09,48.50833333333335
1999-01-10,48.29583333333333
1999-01-11,48.112500000000004
1999-01-12,47.99999999999999
1999-01-13,48.404166666666676
1999-01-14,48.320833333333326
1999-01-15,48.60833333333332
1999-01-16,48.96666666666666
1999-01-17,48.74166666666667
1999-01-18,48.64166666666668
1999-01-19,48.383333333333326
1999-01-20,48.48333333333334
1999-01-21,48.09583333333334
1999-01-22,48.345833333333324
1999-01-23,48.38750000000001
1999-01-24,47.74999999999999
1999-01-25,47.99583333333334
1999-01-26,48.40833333333334
1999-01-27,48.024999999999984
1999-01-28,47.925000000000004
1999-01-29,47.53333333333334
1999-01-30,47.72083333333334
1999-01-31,47.71666666666666
1999-02-01,47.51250000000001
1999-02-02,47.51666666666665
1999-02-03,47.841666666666676
1999-02-04,47.89166666666667
1999-02-05,47.45416666666667
1999-02-06,47.26666666666667
1999-02-07,47.12083333333334
1999-02-08,46.958333333333336
1999-02-09,47.245833333333344
1999-02-10,47.16666666666666
1999-02-11,47.25416666666667
1999-02-12,47.537499999999994
1999-02-13,47.529166666666676
1999-02-14,47.625
1999-02-15,47.57916666666667
1999-02-16,47.474999999999994
1999-02-17,47.525
1999-02-18,47.52916666666666
1999-02-19,47.30833333333334
1999-02-20,47.1875
1999-02-21,47.10833333333333
1999-02-22,46.962500000000006
1999-02-23,47.07083333333333
1999-02-24,47.070833333333326
1999-02-25,46.84166666666667
1999-02-26,46.695833333333326
1999-02-27,46.854166666666664
1999-02-28,46.966666666666676
1999-03-01,47.04583333333332
1999-03-02,47.104166666666664
1999-03-03,46.96250000000001
1999-03-04,46.78333333333333
1999-03-05,46.81250000000001
1999-03-06,46.88333333333333
1999-03-07,46.949999999999996
1999-03-08,46.683333333333344
1999-03-09,46.55833333333333
1999-03-10,46.76249999999999
1999-03-11,46.89166666666666
1999-03-12,47.008333333333326
1999-03-13,47.19583333333332
1999-03-14,46.92916666666665
1999-03-15,47.04583333333333
1999-03-16,47.50416666666666
1999-03-17,47.44166666666667
1999-03-18,47.28333333333333
1999-03-19,47.525000000000006
1999-03-20,47.98749999999999
1999-03-21,47.425000000000004
1999-03-22,47.34583333333334
1999-03-23,47.666666666666664
1999-03-24,47.57083333333335
1999-03-25,48.21666666666667
1999-03-26,48.44583333333333
1999-03-27,48.39166666666667
1999-03-28,48.770833333333336
1999-03-29,48.42083333333333
1999-03-30,47.725000000000016
1999-03-31,47.850000000000016
1999-04-01,48.12916666666667
1999-04-02,48.324999999999996
1999-04-03,48.42500000000001
1999-04-04,48.8304347826087
1999-04-05,48.38749999999999
1999-04-06,49.15416666666667
1999-04-07,48.89166666666667
1999-04-08,48.84583333333333
1999-04-09,48.72083333333333
1999-04-10,47.69166666666667
1999-04-11,48.67083333333333
1999-04-12,49.354166666666664
1999-04-13,49.99999999999999
1999-04-14,50.145833333333314
1999-04-15,50.699999999999996
1999-04-16,51.133333333333326
1999-04-17,51.175000000000004
1999-04-18,50.91666666666666
1999-04-19,50.79583333333332
1999-04-20,50.91666666666668
1999-04-21,49.94583333333335
1999-04-22,49.69166666666667
1999-04-23,49.8125
1999-04-24,51.125
1999-04-25,51.820833333333326
1999-04-26,51.995833333333344
1999-04-27,50.662499999999994
1999-04-28,50.462499999999984
1999-04-29,51.42500000000001
1999-04-30,52.59166666666666
1999-05-01,52.762499999999996
1999-05-02,51.804166666666674
1999-05-03,51.29583333333334
1999-05-04,51.083333333333336
1999-05-05,51.45416666666666
1999-05-06,52.36249999999999
1999-05-07,51.69583333333333
1999-05-08,51.21666666666667
1999-05-09,51.599999999999994
1999-05-10,52.12500000000001
1999-05-11,51.67500000000001
1999-05-12,50.84166666666667
1999-05-13,50.92083333333332
1999-05-14,52.05416666666667
1999-05-15,52.316666666666656
1999-05-16,52.38333333333333
1999-05-17,51.92083333333334
1999-05-18,51.45833333333334
1999-05-19,51.28333333333333
1999-05-20,51.15416666666666
1999-05-21,50.62916666666667
1999-05-22,49.75
1999-05-23,49.6875
1999-05-24,49.72083333333334
1999-05-25,49.775
1999-05-26,49.912499999999994
1999-05-27,50.15416666666667
1999-05-28,49.90833333333333
1999-05-29,49.45833333333332
1999-05-30,49.61666666666667
1999-05-31,50.025000000000006
1999-06-01,49.60833333333334
1999-06-02,49.283333333333324
1999-06-03,49.2125
1999-06-04,50.362500000000004
1999-06-05,50.99583333333334
1999-06-06,52.083333333333336
1999-06-07,51.087500000000006
1999-06-08,51.67083333333334
1999-06-09,50.80000000000001
1999-06-10,50.95416666666667
1999-06-11,51.137499999999996
1999-06-12,51.17083333333333
1999-06-13,51.10833333333333
1999-06-14,50.962500000000006
1999-06-15,50.4625
1999-06-16,50.40833333333333
1999-06-17,50.4375
1999-06-18,50.066666666666656
1999-06-19,50.59166666666667
1999-06-20,50.34166666666667
1999-06-21,50.60416666666666
1999-06-22,51.09166666666667
1999-06-23,51.10833333333332
1999-06-24,51.041666666666664
1999-06-25,51.449999999999996
1999-06-26,51.849999999999994
1999-06-27,51.21666666666667
1999-06-28,50.94166666666667
1999-06-29,51.02916666666667
1999-06-30,51.35833333333333
1999-07-01,51.5625
1999-07-02,51.599999999999994
1999-07-03,51.649999999999984
1999-07-04,51.75416666666667
1999-07-05,51.94166666666666
1999-07-06,51.741666666666674
1999-07-07,51.475
1999-07-08,51.55833333333333
1999-07-09,51.49166666666667
1999-07-10,51.383333333333326
1999-07-11,51.62916666666666
1999-07-12,51.666666666666664
1999-07-13,51.55833333333333
1999-07-14,51.89166666666666
1999-07-15,52.19166666666666
1999-07-16,52.14166666666667
1999-07-17,51.98333333333333
1999-07-18,52.154166666666676
1999-07-19,52.07916666666666
1999-07-20,52.112500000000004
1999-07-21,52.300000000000004
1999-07-22,52.42499999999999
1999-07-23,52.449999999999996
1999-07-24,52.55416666666667
1999-07-25,52.34166666666666
1999-07-26,52.57083333333333
1999-07-27,52.30000000000001
1999-07-28,52.26666666666667
1999-07-29,52.20416666666666
1999-07-30,52.216666666666676
1999-07-31,52.291666666666664
1999-08-01,52.45416666666665
1999-08-02,52.570833333333326
1999-08-03,52.62916666666666
1999-08-04,52.55833333333333
1999-08-05,52.47083333333334
1999-08-06,51.962500000000006
1999-08-07,51.65416666666667
1999-08-08,52.04999999999999
1999-08-09,52.32083333333333
1999-08-10,52.224999999999994
1999-08-11,52.366666666666674
1999-08-12,52.737500000000004
1999-08-13,52.66666666666668
1999-08-14,52.52916666666667
1999-08-15,51.67500000000001
1999-08-16,51.5375
1999-08-17,50.99583333333333
1999-08-18,51.337500000000006
1999-08-19,51.36666666666667
1999-08-20,51.20833333333332
1999-08-21,51.59583333333333
1999-08-22,51.5375
1999-08-23,50.98749999999998
1999-08-24,51.00416666666667
1999-08-25,51.29999999999998
1999-08-26,51.15416666666667
1999-08-27,50.92916666666665
1999-08-28,51.291666666666664
1999-08-29,51.57083333333333
1999-08-30,51.48749999999999
1999-08-31,51.12916666666667
1999-09-01,51.07916666666667
1999-09-02,51.49166666666665
1999-09-03,51.8125
1999-09-04,52.09166666666666
1999-09-05,52.104166666666664
1999-09-06,52.21666666666666
1999-09-07,52.433333333333316
1999-09-08,51.995833333333316
1999-09-09,51.662499999999994
1999-09-10,51.779166666666676
1999-09-11,52.32083333333333
1999-09-12,52.066666666666684
1999-09-13,52.05833333333333
1999-09-14,51.69583333333333
1999-09-15,51.50416666666667
1999-09-16,51.40833333333333
1999-09-17,51.68333333333333
1999-09-18,52.10833333333334
1999-09-19,52.34166666666667
1999-09-20,52.40833333333335
1999-09-21,52.25416666666667
1999-09-22,52.14166666666668
1999-09-23,52.350000000000016
1999-09-24,52.23333333333333
1999-09-25,51.8375
1999-09-26,51.787500000000016
1999-09-27,51.37916666666667
1999-09-28,51.224999999999994
1999-09-29,51.12500000000002
1999-09-30,50.774999999999984
1999-10-01,51.07500000000001
1999-10-02,51.37916666666666
1999-10-03,51.26666666666666
1999-10-04,51.675000000000004
1999-10-05,51.27083333333334
1999-10-06,51.73749999999999
1999-10-07,52.15416666666667
1999-10-08,52.041666666666664
1999-10-09,51.8375
1999-10-10,51.99999999999999
1999-10-11,52.19583333333333
1999-10-12,52.26666666666667
1999-10-13,52.099999999999994
1999-10-14,52.32083333333333
1999-10-15,51.9375
1999-10-16,51.654166666666676
1999-10-17,51.42916666666668
1999-10-18,51.48333333333334
1999-10-19,51.51250000000002
1999-10-20,51.87916666666667
1999-10-21,51.90833333333333
1999-10-22,51.958333333333336
1999-10-23,52.20000000000001
1999-10-24,52.05833333333333
1999-10-25,52.12916666666667
1999-10-26,51.74166666666665
1999-10-27,52.17499999999999
1999-10-28,52.383333333333326
1999-10-29,52.04583333333333
1999-10-30,52.224999999999994
1999-10-31,52.6875
1999-11-01,52.637499999999996
1999-11-02,52.6875
1999-11-03,52.699999999999996
1999-11-04,52.70833333333332
1999-11-05,52.94583333333333
1999-11-06,52.95000000000001
1999-11-07,52.724999999999994
1999-11-08,53.050000000000004
1999-11-09,52.74583333333333
1999-11-10,52.770833333333314
1999-11-11,53.320833333333326
1999-11-12,53.125
1999-11-13,53.37500000000001
1999-11-14,52.179166666666674
1999-11-15,51.29166666666666
1999-11-16,50.92916666666668
1999-11-17,50.85833333333334
1999-11-18,50.541666666666664
1999-11-19,50.416666666666664
1999-11-20,51.300000000000004
1999-11-21,51.304166666666674
1999-11-22,51.104166666666664
1999-11-23,51.275
1999-11-24,51.54583333333333
1999-11-25,51.69166666666666
1999-11-26,51.64166666666665
1999-11-27,51.89166666666666
1999-11-28,51.86666666666667
1999-11-29,51.68333333333333
1999-11-30,51.51250000000001
1999-12-01,51.29583333333332
1999-12-02,51.24166666666667
1999-12-03,51.19166666666667
1999-12-04,50.92916666666667
1999-12-05,50.95000000000001
1999-12-06,51.0375
1999-12-07,50.975000000000016
1999-12-08,51.7125
1999-12-09,51.79583333333333
1999-12-10,51.80833333333334
1999-12-11,52.099999999999994
1999-12-12,52.32083333333333
1999-12-13,52.07083333333333
1999-12-14,51.68333333333333
1999-12-15,51.583333333333336
1999-12-16,51.40416666666666
1999-12-17,51.92916666666667
1999-12-18,52.25833333333333
1999-12-19,52.57500000000001
1999-12-20,52.637499999999996
1999-12-21,52.375
1999-12-22,52.26666666666666
1999-12-23,51.900000000000006
1999-12-24,51.883333333333326
1999-12-25,51.80416666666667
1999-12-26,51.520833333333336
1999-12-27,51.53333333333333
1999-12-28,51.345833333333324
1999-12-29,51.04166666666668
1999-12-30,51.00416666666667
1999-12-31,51.36249999999999
2000-01-01,51.308333333333316
2000-01-02,50.991666666666674
2000-01-03,51.09166666666667
2000-01-04,51.212500000000006
2000-01-05,51.14166666666666
2000-01-06,50.929166666666674
2000-01-07,51.19166666666666
2000-01-08,51.191666666666684
2000-01-09,50.93333333333334
2000-01-10,51.22083333333334
2000-01-11,51.26666666666667
2000-01-12,50.474999999999994
2000-01-13,50.44999999999999
2000-01-14,50.55416666666668
2000-01-15,50.179166666666674
2000-01-16,49.43333333333333
2000-01-17,48.5375
2000-01-18,49.42500000000001
2000-01-19,49.900000000000006
2000-01-20,49.96666666666667
2000-01-21,49.22083333333334
2000-01-22,49.32500000000002
2000-01-23,49.025000000000006
2000-01-24,49.02916666666667
2000-01-25,49.48750000000001
2000-01-26,49.50833333333332
2000-01-27,49.354166666666664
2000-01-28,49.775
2000-01-29,50.029166666666676
2000-01-30,49.81249999999999
2000-01-31,49.34583333333333
2000-02-01,49.32916666666667
2000-02-02,49.79166666666668
2000-02-03,49.31666666666666
2000-02-04,48.92083333333333
2000-02-05,49.02916666666667
2000-02-06,48.662499999999994
2000-02-07,48.56666666666666
2000-02-08,48.74166666666665
2000-02-09,49.30833333333334
2000-02-10,49.86250000000002
2000-02-11,49.57916666666665
2000-02-12,49.15833333333333
2000-02-13,49.100000000000016
2000-02-14,49.61249999999999
2000-02-15,49.229166666666664
2000-02-16,49.16666666666666
2000-02-17,49.2875
2000-02-18,49.270833333333336
2000-02-19,49.370833333333344
2000-02-20,49.354166666666664
2000-02-21,49.48333333333333
2000-02-22,49.17083333333333
2000-02-23,48.75000000000002
2000-02-24,48.87083333333334
2000-02-25,48.80416666666665
2000-02-26,48.93749999999999
2000-02-27,48.99583333333334
2000-02-28,48.85416666666668
2000-02-29,48.87916666666666
2000-03-01,48.77916666666667
2000-03-02,48.79583333333333
2000-03-03,49.17499999999999
2000-03-04,48.91666666666666
2000-03-05,48.88750000000001
2000-03-06,48.91250000000002
2000-03-07,48.78749999999999
2000-03-08,48.595833333333324
2000-03-09,48.583333333333336
2000-03-10,48.69166666666666
2000-03-11,48.9625
2000-03-12,49.025000000000006
2000-03-13,49.14166666666666
2000-03-14,49.4
2000-03-15,49.32083333333335
2000-03-16,49.55833333333333
2000-03-17,49.52083333333332
2000-03-18,49.79166666666668
2000-03-19,49.712499999999984
2000-03-20,49.38333333333333
2000-03-21,49.51666666666667
2000-03-22,49.89166666666667
2000-03-23,50.07499999999999
2000-03-24,50.074999999999996
2000-03-25,50.00000000000001
2000-03-26,50.229166666666664
2000-03-27,50.20833333333332
2000-03-28,50.26666666666667
2000-03-29,50.52916666666667
2000-03-30,50.91666666666668
2000-03-31,51.50416666666666
2000-04-01,52.06666666666667
2000-04-02,52.43043478260868
2000-04-03,52.51666666666667
2000-04-04,52.08333333333334
2000-04-05,52.37083333333334
2000-04-06,51.929166666666674
2000-04-07,52.32083333333332
2000-04-08,51.50000000000001
2000-04-09,51.78333333333333
2000-04-10,53.06666666666666
2000-04-11,53.72083333333333
2000-04-12,52.90416666666666
2000-04-13,52.412499999999994
2000-04-14,52.012499999999996
2000-04-15,51.7125
2000-04-16,51.620833333333344
2000-04-17,51.02500000000001
2000-04-18,50.729166666666664
2000-04-19,50.974999999999994
2000-04-20,51.487500000000004
2000-04-21,53.149999999999984
2000-04-22,53.60833333333334
2000-04-23,52.20416666666667
2000-04-24,50.92083333333333
2000-04-25,50.99583333333333
2000-04-26,51.24583333333334
2000-04-27,50.43333333333333
2000-04-28,50.57500000000001
2000-04-29,50.71666666666667
2000-04-30,51.04166666666666
2000-05-01,51.00416666666667
2000-05-02,50.98333333333334
2000-05-03,51.341666666666676
2000-05-04,51.45416666666666
2000-05-05,50.92916666666667
2000-05-06,50.691666666666684
2000-05-07,50.375
2000-05-08,50.92916666666667
2000-05-09,51.25833333333333
2000-05-10,51.17083333333333
2000-05-11,51.162499999999994
2000-05-12,50.98333333333333
2000-05-13,50.98749999999999
2000-05-14,50.54999999999998
2000-05-15,50.558333333333344
2000-05-16,51.07500000000001
2000-05-17,52.775000000000006
2000-05-18,52.816666666666684
2000-05-19,51.87499999999999
2000-05-20,50.929166666666674
2000-05-21,50.79166666666666
2000-05-22,50.770833333333336
2000-05-23,51.02083333333335
2000-05-24,50.89166666666667
2000-05-25,51.208333333333336
2000-05-26,51.1875
2000-05-27,51.24583333333334
2000-05-28,50.64583333333332
2000-05-29,50.76666666666667
2000-05-30,50.949999999999996
2000-05-31,50.96250000000001
2000-06-01,51.17916666666667
2000-06-02,51.35833333333333
2000-06-03,51.37083333333333
2000-06-04,51.1625
2000-06-05,51.34583333333333
2000-06-06,51.20000000000001
2000-06-07,51.18333333333333
2000-06-08,51.40833333333333
2000-06-09,51.09166666666667
2000-06-10,51.77916666666666
2000-06-11,51.27500000000001
2000-06-12,50.97499999999999
2000-06-13,51.100000000000016
2000-06-14,51.45416666666666
2000-06-15,51.37083333333334
2000-06-16,51.17083333333333
2000-06-17,51.362500000000004
2000-06-18,51.324999999999996
2000-06-19,51.550000000000004
2000-06-20,51.387499999999996
2000-06-21,51.24583333333334
2000-06-22,51.46666666666667
2000-06-23,51.537500000000016
2000-06-24,51.320833333333326
2000-06-25,51.38333333333333
2000-06-26,51.43333333333334
2000-06-27,51.525
2000-06-28,51.537499999999994
2000-06-29,51.958333333333336
2000-06-30,52.17083333333333
2000-07-01,52.15833333333333
2000-07-02,52.537499999999994
2000-07-03,52.59166666666666
2000-07-04,52.47916666666666
2000-07-05,52.508333333333326
2000-07-06,52.6875
2000-07-07,52.800000000000004
2000-07-08,52.90833333333334
2000-07-09,53.3125
2000-07-10,53.19166666666667
2000-07-11,52.72916666666668
2000-07-12,52.6875
2000-07-13,52.67083333333334
2000-07-14,52.60833333333334
2000-07-15,52.81666666666667
2000-07-16,52.98750000000001
2000-07-17,53.149999999999984
2000-07-18,53.24583333333333
2000-07-19,53.35416666666668
2000-07-20,53.38333333333333
2000-07-21,53.17916666666667
2000-07-22,52.06666666666667
2000-07-23,51.82500000000001
2000-07-24,51.82916666666667
2000-07-25,52.70000000000001
2000-07-26,53.658333333333324
2000-07-27,53.13750000000001
2000-07-28,52.462500000000006
2000-07-29,52.25833333333333
2000-07-30,52.19166666666667
2000-07-31,52.74166666666667
2000-08-01,53.35833333333333
2000-08-02,52.90416666666666
2000-08-03,52.65
2000-08-04,53.18333333333334
2000-08-05,53.449999999999996
2000-08-06,52.94166666666666
2000-08-07,52.554166666666674
2000-08-08,53.22083333333333
2000-08-09,53.82083333333333
2000-08-10,52.962500000000006
2000-08-11,52.75833333333333
2000-08-12,52.40416666666667
2000-08-13,52.529166666666676
2000-08-14,52.583333333333336
2000-08-15,52.65416666666667
2000-08-16,52.895833333333336
2000-08-17,53.05416666666665
2000-08-18,52.94166666666666
2000-08-19,52.96666666666667
2000-08-20,52.67499999999999
2000-08-21,52.56666666666667
2000-08-22,52.70833333333332
2000-08-23,52.833333333333336
2000-08-24,53.04999999999999
2000-08-25,53.1875
2000-08-26,53.3125
2000-08-27,53.14166666666667
2000-08-28,52.824999999999996
2000-08-29,52.508333333333326
2000-08-30,52.72916666666668
2000-08-31,52.699999999999996
2000-09-01,52.80416666666668
2000-09-02,53.07916666666667
2000-09-03,53.7875
2000-09-04,53.883333333333326
2000-09-05,54.199999999999996
2000-09-06,54.45416666666667
2000-09-07,53.933333333333316
2000-09-08,53.737500000000004
2000-09-09,53.558333333333344
2000-09-10,53.55416666666667
2000-09-11,53.72083333333334
2000-09-12,53.48333333333332
2000-09-13,53.32083333333335
2000-09-14,53.01249999999999
2000-09-15,53.274999999999984
2000-09-16,53.65833333333334
2000-09-17,54.09166666666665
2000-09-18,53.92083333333333
2000-09-19,54.12083333333334
2000-09-20,53.89583333333332
2000-09-21,53.574999999999996
2000-09-22,53.24583333333334
2000-09-23,53.15
2000-09-24,53.05416666666667
2000-09-25,53.21666666666667
2000-09-26,53.60833333333333
2000-09-27,54.08333333333334
2000-09-28,54.42083333333333
2000-09-29,54.662499999999994
2000-09-30,54.77083333333334
2000-10-01,54.37499999999998
2000-10-02,54.22083333333333
2000-10-03,53.979166666666664
2000-10-04,53.86666666666667
2000-10-05,53.99166666666668
2000-10-06,53.995833333333316
2000-10-07,54.06250000000001
2000-10-08,54.1875
2000-10-09,53.58333333333334
2000-10-10,53.77083333333334
2000-10-11,53.583333333333336
2000-10-12,53.975000000000016
2000-10-13,54.09583333333333
2000-10-14,54.50000000000001
2000-10-15,54.42916666666667
2000-10-16,54.291666666666664
2000-10-17,54.262499999999996
2000-10-18,54.320833333333326
2000-10-19,54.48333333333334
2000-10-20,54.0625
2000-10-21,54.2125
2000-10-22,53.98333333333334
2000-10-23,54.129166666666684
2000-10-24,54.25833333333333
2000-10-25,54.162499999999994
2000-10-26,54.34166666666666
2000-10-27,54.17916666666667
2000-10-28,54.199999999999996
2000-10-29,54.27916666666666
2000-10-30,54.150000000000006
2000-10-31,54.25416666666667
2000-11-01,54.43333333333334
2000-11-02,55.120833333333344
2000-11-03,55.099999999999994
2000-11-04,54.9625
2000-11-05,55.125
2000-11-06,54.63749999999999
2000-11-07,54.387499999999996
2000-11-08,54.81666666666667
2000-11-09,54.212500000000006
2000-11-10,53.849999999999994
2000-11-11,53.65416666666666
2000-11-12,53.43750000000001
2000-11-13,52.72083333333333
2000-11-14,52.875
2000-11-15,53.12083333333334
2000-11-16,53.36250000000001
2000-11-17,53.50833333333335
2000-11-18,53.28333333333331
2000-11-19,53.36249999999999
2000-11-20,53.220833333333324
2000-11-21,52.925000000000004
2000-11-22,53.37916666666667
2000-11-23,52.92083333333333
2000-11-24,53.36666666666667
2000-11-25,53.03333333333333
2000-11-26,52.949999999999996
2000-11-27,53.06666666666666
2000-11-28,53.224999999999994
2000-11-29,53.14583333333332
2000-11-30,53.14166666666666
2000-12-01,52.82916666666668
2000-12-02,52.774999999999984
2000-12-03,52.933333333333316
2000-12-04,53.93333333333333
2000-12-05,54.00833333333335
2000-12-06,53.80833333333333
2000-12-07,53.929166666666674
2000-12-08,54.0625
2000-12-09,53.40416666666667
2000-12-10,53.79583333333333
2000-12-11,53.291666666666664
2000-12-12,53.525
2000-12-13,52.774999999999984
2000-12-14,52.72083333333333
2000-12-15,52.92083333333333
2000-12-16,52.54583333333332
2000-12-17,52.10416666666666
2000-12-18,51.90416666666667
2000-12-19,52.099999999999994
2000-12-20,52.5375
2000-12-21,51.96666666666667
2000-12-22,52.304166666666674
2000-12-23,51.30833333333334
2000-12-24,51.1625
2000-12-25,50.71666666666666
2000-12-26,50.51666666666667
2000-12-27,50.30416666666667
2000-12-28,50.55833333333333
2000-12-29,50.59583333333333
2000-12-30,50.73749999999999
2000-12-31,50.89166666666667
2001-01-01,51.03333333333334
2001-01-02,51.158333333333324
2001-01-03,50.94583333333335
2001-01-04,50.854166666666664
2001-01-05,50.625
2001-01-06,50.52083333333334
2001-01-07,50.17083333333335
2001-01-08,50.31250000000001
2001-01-09,49.55833333333334
2001-01-10,49.695833333333326
2001-01-11,49.5875
2001-01-12,49.37083333333333
2001-01-13,49.24583333333333
2001-01-14,49.14166666666667
2001-01-15,48.95416666666667
2001-01-16,48.76666666666667
2001-01-17,48.800000000000004
2001-01-18,48.625
2001-01-19,49.16249999999999
2001-01-20,48.708333333333336
2001-01-21,48.97083333333333
2001-01-22,49.37500000000001
2001-01-23,48.8375
2001-01-24,48.61250000000001
2001-01-25,47.36666666666665
2001-01-26,47.06666666666667
2001-01-27,47.09583333333333
2001-01-28,46.849999999999994
2001-01-29,47.29583333333334
2001-01-30,46.64583333333332
2001-01-31,46.84166666666667
2001-02-01,46.824999999999996
2001-02-02,47.69166666666666
2001-02-03,48.63333333333333
2001-02-04,49.26666666666666
2001-02-05,49.287499999999994
2001-02-06,48.745833333333316
2001-02-07,48.48749999999999
2001-02-08,48.0375
2001-02-09,47.25
2001-02-10,46.32083333333333
2001-02-11,45.75416666666666
2001-02-12,45.93750000000001
2001-02-13,45.64166666666667
2001-02-14,45.645833333333336
2001-02-15,45.18333333333334
2001-02-16,46.45416666666666
2001-02-17,46.70416666666667
2001-02-18,47.241666666666674
2001-02-19,47.57916666666666
2001-02-20,47.524999999999984
2001-02-21,47.054166666666674
2001-02-22,46.35833333333332
2001-02-23,46.69166666666666
2001-02-24,45.9625
2001-02-25,46.57083333333333
2001-02-26,46.81666666666666
2001-02-27,46.82083333333333
2001-02-28,46.52083333333334
2001-03-01,46.09999999999999
2001-03-02,46.70416666666666
2001-03-03,46.09166666666667
2001-03-04,46.425000000000004
2001-03-05,47.30416666666665
2001-03-06,47.87083333333333
2001-03-07,48.275
2001-03-08,48.42083333333334
2001-03-09,48.04583333333333
2001-03-10,47.74583333333334
2001-03-11,48.20416666666667
2001-03-12,48.40416666666667
2001-03-13,48.724999999999994
2001-03-14,48.65416666666667
2001-03-15,48.49583333333334
2001-03-16,49.65
2001-03-17,50.05000000000001
2001-03-18,50.37916666666667
2001-03-19,50.875
2001-03-20,50.66666666666668
2001-03-21,51.35833333333332
2001-03-22,51.60833333333333
2001-03-23,51.59166666666665
2001-03-24,51.274999999999984
2001-03-25,51.45833333333332
2001-03-26,50.82916666666665
2001-03-27,50.512499999999996
2001-03-28,51.25416666666667
2001-03-29,51.925000000000004
2001-03-30,52.525000000000006
2001-03-31,52.695833333333326
2001-04-01,52.039130434782614
2001-04-02,50.316666666666656
2001-04-03,49.8375
2001-04-04,49.41666666666668
2001-04-05,49.85
2001-04-06,49.51666666666668
2001-04-07,50.36666666666667
2001-04-08,50.00416666666667
2001-04-09,50.81250000000001
2001-04-10,51.24999999999999
2001-04-11,52.06666666666667
2001-04-12,52.166666666666664
2001-04-13,52.037499999999994
2001-04-14,52.41666666666668
2001-04-15,52.179166666666674
2001-04-16,52.53333333333334
2001-04-17,52.86249999999998
2001-04-18,52.30833333333334
2001-04-19,51.649999999999984
2001-04-20,49.83333333333334
2001-04-21,49.30833333333334
2001-04-22,49.32083333333333
2001-04-23,50.145833333333336
2001-04-24,50.30416666666665
2001-04-25,50.28333333333331
2001-04-26,50.320833333333326
2001-04-27,50.270833333333336
2001-04-28,50.15
2001-04-29,49.5875
2001-04-30,49.804166666666674
2001-05-01,49.92083333333334
2001-05-02,49.58333333333334
2001-05-03,49.587500000000006
2001-05-04,49.82916666666667
2001-05-05,50.2875
2001-05-06,49.987500000000004
2001-05-07,50.00416666666667
2001-05-08,50.05833333333333
2001-05-09,50.25
2001-05-10,50.24583333333334
2001-05-11,50.18333333333334
2001-05-12,50.23750000000001
2001-05-13,50.42083333333334
2001-05-14,49.625
2001-05-15,49.275
2001-05-16,50.56666666666667
2001-05-17,51.074999999999996
2001-05-18,51.32083333333333
2001-05-19,51.487500000000004
2001-05-20,51.77083333333334
2001-05-21,51.64166666666667
2001-05-22,51.025
2001-05-23,50.52916666666666
2001-05-24,50.5375
2001-05-25,50.31666666666666
2001-05-26,50.75416666666667
2001-05-27,51.09166666666666
2001-05-28,51.17500000000001
2001-05-29,51.487500000000004
2001-05-30,51.89583333333334
2001-05-31,52.029166666666676
2001-06-01,51.65416666666667
2001-06-02,51.40833333333335
2001-06-03,51.21666666666666
2001-06-04,51.50833333333333
2001-06-05,51.404166666666676
2001-06-06,50.60833333333334
2001-06-07,50.61249999999998
2001-06-08,50.82083333333333
2001-06-09,51.387499999999996
2001-06-10,52.20833333333334
2001-06-11,52.199999999999996
2001-06-12,52.237500000000004
2001-06-13,52.37083333333334
2001-06-14,52.445833333333326
2001-06-15,52.775
2001-06-16,52.55416666666667
2001-06-17,52.591666666666676
2001-06-18,52.775000000000006
2001-06-19,53.270833333333336
2001-06-20,53.44166666666666
2001-06-21,51.770833333333336
2001-06-22,51.59583333333333
2001-06-23,51.729166666666664
2001-06-24,51.39166666666667
2001-06-25,51.237500000000004
2001-06-26,50.770833333333336
2001-06-27,51.370833333333316
2001-06-28,53.574999999999996
2001-06-29,54.1
2001-06-30,53.25416666666666
2001-07-01,52.208333333333336
2001-07-02,52.587500000000006
2001-07-03,52.583333333333336
2001-07-04,52.537499999999994
2001-07-05,52.975
2001-07-06,53.033333333333324
2001-07-07,53.19166666666666
2001-07-08,53.24583333333334
2001-07-09,53.64583333333332
2001-07-10,53.400000000000006
2001-07-11,53.45416666666666
2001-07-12,53.12083333333333
2001-07-13,53.14166666666667
2001-07-14,53.32916666666667
2001-07-15,53.36666666666665
2001-07-16,53.73333333333333
2001-07-17,53.81250000000001
2001-07-18,53.32500000000001
2001-07-19,53.13750000000001
2001-07-20,53.512499999999996
2001-07-21,53.41666666666666
2001-07-22,53.58333333333332
2001-07-23,53.69166666666666
2001-07-24,52.37083333333334
2001-07-25,51.37916666666666
2001-07-26,52.38333333333333
2001-07-27,52.83333333333335
2001-07-28,52.75416666666666
2001-07-29,52.991666666666646
2001-07-30,52.95416666666667
2001-07-31,52.987500000000004
2001-08-01,53.22916666666668
2001-08-02,52.866666666666674
2001-08-03,52.699999999999996
2001-08-04,53.008333333333326
2001-08-05,52.941666666666684
2001-08-06,52.10833333333333
2001-08-07,51.90416666666667
2001-08-08,51.93750000000001
2001-08-09,52.15416666666666
2001-08-10,52.11666666666665
2001-08-11,52.01666666666665
2001-08-12,52.083333333333336
2001-08-13,52.1
2001-08-14,52.1875
2001-08-15,52.5
2001-08-16,52.566666666666656
2001-08-17,52.55416666666667
2001-08-18,52.683333333333316
2001-08-19,52.89583333333332
2001-08-20,52.92083333333333
2001-08-21,53.25000000000001
2001-08-22,53.16666666666668
2001-08-23,53.33333333333334
2001-08-24,53.36666666666667
2001-08-25,52.92083333333332
2001-08-26,52.79583333333334
2001-08-27,52.96666666666667
2001-08-28,53.3375
2001-08-29,53.375
2001-08-30,53.15000000000001
2001-08-31,53.19166666666666
2001-09-01,53.074999999999996
2001-09-02,53.0875
2001-09-03,53.00416666666666
2001-09-04,53.07500000000001
2001-09-05,52.975
2001-09-06,52.987500000000004
2001-09-07,53.20416666666666
2001-09-08,53.27083333333334
2001-09-09,53.125
2001-09-10,53.27083333333332
2001-09-11,52.64166666666666
2001-09-12,53.054166666666674
2001-09-13,53.475000000000016
2001-09-14,53.883333333333326
2001-09-15,54.10833333333334
2001-09-16,54.17499999999999
2001-09-17,54.47083333333333
2001-09-18,54.320833333333326
2001-09-19,54.55416666666668
2001-09-20,54.57083333333335
2001-09-21,54.675000000000004
2001-09-22,54.53333333333333
2001-09-23,54.42083333333332
2001-09-24,54.39583333333335
2001-09-25,54.76666666666667
2001-09-26,54.837499999999984
2001-09-27,55.05000000000001
2001-09-28,55.27916666666667
2001-09-29,55.354166666666664
2001-09-30,55.48333333333333
2001-10-01,55.708333333333336
2001-10-02,55.875
2001-10-03,55.854166666666664
2001-10-04,55.225
2001-10-05,54.833333333333336
2001-10-06,54.991666666666674
2001-10-07,55.037499999999994
2001-10-08,55.316666666666684
2001-10-09,55.033333333333324
2001-10-10,55.14166666666667
2001-10-11,55.4375
2001-10-12,55.425000000000004
2001-10-13,55.80833333333334
2001-10-14,56.15833333333333
2001-10-15,55.50000000000001
2001-10-16,55.679166666666674
2001-10-17,55.75416666666667
2001-10-18,55.54583333333333
2001-10-19,55.32500000000001
2001-10-20,55.425000000000004
2001-10-21,55.54999999999999
2001-10-22,55.412500000000016
2001-10-23,55.57916666666667
2001-10-24,54.88749999999999
2001-10-25,55.162500000000016
2001-10-26,55.12499999999999
2001-10-27,54.5375
2001-10-28,54.849999999999994
2001-10-29,54.93333333333334
2001-10-30,55.95000000000001
2001-10-31,55.824999999999996
2001-11-01,55.49166666666668
2001-11-02,55.116666666666674
2001-11-03,55.399999999999984
2001-11-04,55.25416666666666
2001-11-05,55.333333333333336
2001-11-06,55.38333333333333
2001-11-07,55.23750000000001
2001-11-08,55.09999999999999
2001-11-09,55.19583333333333
2001-11-10,55.137499999999996
2001-11-11,55.666666666666686
2001-11-12,55.79166666666666
2001-11-13,55.52916666666667
2001-11-14,55.791666666666664
2001-11-15,55.89583333333332
2001-11-16,55.81666666666666
2001-11-17,55.77916666666666
2001-11-18,55.2875
2001-11-19,55.37916666666667
2001-11-20,55.37083333333333
2001-11-21,55.4
2001-11-22,55.49166666666665
2001-11-23,54.22499999999999
2001-11-24,53.33333333333332
2001-11-25,53.637499999999996
2001-11-26,53.933333333333344
2001-11-27,53.40833333333334
2001-11-28,53.14166666666666
2001-11-29,52.19166666666666
2001-11-30,53.025
2001-12-01,51.979166666666664
2001-12-02,52.04166666666666
2001-12-03,52.36249999999999
2001-12-04,52.09166666666667
2001-12-05,51.716666666666676
2001-12-06,52.63333333333333
2001-12-07,52.5875
2001-12-08,52.2125
2001-12-09,52.2125
2001-12-10,51.47083333333334
2001-12-11,51.041666666666664
2001-12-12,50.570833333333326
2001-12-13,50.45416666666667
2001-12-14,49.94583333333333
2001-12-15,50.137499999999996
2001-12-16,50.208333333333336
2001-12-17,50.25
2001-12-18,50.44166666666667
2001-12-19,50.17083333333335
2001-12-20,49.68333333333334
2001-12-21,49.63750000000001
2001-12-22,49.27916666666667
2001-12-23,49.65
2001-12-24,48.74583333333334
2001-12-25,48.91666666666666
2001-12-26,49.24999999999999
2001-12-27,49.17916666666668
2001-12-28,49.12500000000001
2001-12-29,49.32916666666668
2001-12-30,49.40000000000001
2001-12-31,50.0625
2002-01-01,50.120833333333316
2002-01-02,50.716666666666676
2002-01-03,50.587499999999984
2002-01-04,50.26666666666666
2002-01-05,50.22916666666666
2002-01-06,50.10833333333333
2002-01-07,50.49166666666665
2002-01-08,50.412499999999994
2002-01-09,50.38333333333333
2002-01-10,50.51666666666667
2002-01-11,50.38333333333335
2002-01-12,50.32083333333333
2002-01-13,49.98333333333334
2002-01-14,49.87083333333334
2002-01-15,49.56250000000001
2002-01-16,49.29583333333333
2002-01-17,49.258333333333326
2002-01-18,48.99166666666667
2002-01-19,48.90416666666666
2002-01-20,49.08333333333334
2002-01-21,48.899999999999984
2002-01-22,48.458333333333336
2002-01-23,48.25416666666667
2002-01-24,48.083333333333336
2002-01-25,47.83333333333332
2002-01-26,48.40833333333333
2002-01-27,47.787499999999994
2002-01-28,47.395833333333336
2002-01-29,47.4625
2002-01-30,47.23333333333332
2002-01-31,47.19166666666666
2002-02-01,47.56250000000001
2002-02-02,47.73333333333333
2002-02-03,47.912499999999994
2002-02-04,48.01666666666667
2002-02-05,47.76666666666667
2002-02-06,47.758333333333326
2002-02-07,48.15
2002-02-08,48.00833333333335
2002-02-09,47.88333333333333
2002-02-10,47.72083333333334
2002-02-11,47.89166666666667
2002-02-12,48.612500000000004
2002-02-13,48.54999999999998
2002-02-14,48.64583333333334
2002-02-15,48.49583333333334
2002-02-16,48.32500000000001
2002-02-17,48.612500000000004
2002-02-18,48.21666666666667
2002-02-19,48.13333333333333
2002-02-20,48.13333333333333
2002-02-21,48.291666666666664
2002-02-22,48.49583333333334
2002-02-23,48.25833333333333
2002-02-24,49.17916666666667
2002-02-25,49.09583333333333
2002-02-26,49.191666666666656
2002-02-27,49.24583333333334
2002-02-28,49.012499999999996
2002-03-01,48.55833333333334
2002-03-02,48.862500000000004
2002-03-03,49.074999999999996
2002-03-04,49.12083333333334
2002-03-05,48.80833333333334
2002-03-06,49.1875
2002-03-07,48.9625
2002-03-08,48.395833333333336
2002-03-09,47.95416666666667
2002-03-10,48.34166666666667
2002-03-11,49.1
2002-03-12,49.225000000000016
2002-03-13,48.77916666666666
2002-03-14,48.82083333333333
2002-03-15,48.625
2002-03-16,48.695833333333326
2002-03-17,48.57083333333333
2002-03-18,48.59166666666666
2002-03-19,48.9125
2002-03-20,49.629166666666684
2002-03-21,49.93333333333333
2002-03-22,49.474999999999994
2002-03-23,49.54583333333334
2002-03-24,49.97916666666666
2002-03-25,50.01666666666666
2002-03-26,50.4625
2002-03-27,50.93333333333333
2002-03-28,51.4375
2002-03-29,51.74166666666665
2002-03-30,52.04999999999998
2002-03-31,52.300000000000004
2002-04-01,52.21666666666667
2002-04-02,52.270833333333336
2002-04-03,52.03333333333334
2002-04-04,51.37499999999999
2002-04-05,50.30833333333333
2002-04-06,51.541666666666664
2002-04-07,51.595652173913045
2002-04-08,51.3375
2002-04-09,50.5875
2002-04-10,51.5875
2002-04-11,51.479166666666664
2002-04-12,51.849999999999994
2002-04-13,52.28333333333334
2002-04-14,52.37916666666667
2002-04-15,51.21666666666667
2002-04-16,49.870833333333344
2002-04-17,50.23333333333334
2002-04-18,50.87500000000001
2002-04-19,51.42083333333334
2002-04-20,52.229166666666664
2002-04-21,52.29999999999999
2002-04-22,51.49166666666665
2002-04-23,51.41666666666666
2002-04-24,51.56666666666666
2002-04-25,51.81249999999999
2002-04-26,51.462500000000006
2002-04-27,50.662499999999994
2002-04-28,50.9375
2002-04-29,51.625
2002-04-30,51.78749999999999
2002-05-01,50.97916666666668
2002-05-02,51.31249999999999
2002-05-03,51.400000000000006
2002-05-04,51.75833333333333
2002-05-05,51.525
2002-05-06,51.62083333333333
2002-05-07,51.337500000000006
2002-05-08,51.020833333333336
2002-05-09,51.49583333333333
2002-05-10,51.19583333333335
2002-05-11,50.800000000000004
2002-05-12,50.90833333333334
2002-05-13,51.099999999999994
2002-05-14,51.17916666666665
2002-05-15,51.662500000000016
2002-05-16,51.46666666666667
2002-05-17,52.34583333333333
2002-05-18,53.308333333333344
2002-05-19,52.150000000000006
2002-05-20,51.79999999999999
2002-05-21,52.26250000000001
2002-05-22,53.087499999999984
2002-05-23,53.44583333333335
2002-05-24,52.64166666666667
2002-05-25,51.5625
2002-05-26,51.24999999999999
2002-05-27,50.87916666666667
2002-05-28,51.020833333333336
2002-05-29,51.43333333333333
2002-05-30,51.05833333333333
2002-05-31,50.87500000000001
2002-06-01,50.75416666666666
2002-06-02,50.66249999999999
2002-06-03,50.508333333333326
2002-06-04,50.82083333333335
2002-06-05,51.00833333333333
2002-06-06,51.18749999999999
2002-06-07,50.99583333333334
2002-06-08,50.824999999999996
2002-06-09,51.095833333333324
2002-06-10,51.616666666666674
2002-06-11,51.65833333333333
2002-06-12,51.8125
2002-06-13,52.37083333333334
2002-06-14,53.412499999999994
2002-06-15,52.42916666666667
2002-06-16,52.19583333333333
2002-06-17,52.09583333333334
2002-06-18,52.145833333333336
2002-06-19,52.42083333333333
2002-06-20,52.283333333333324
2002-06-21,52.30416666666667
2002-06-22,52.44583333333335
2002-06-23,52.762499999999996
2002-06-24,52.60833333333334
2002-06-25,51.89166666666667
2002-06-26,52.00833333333333
2002-06-27,52.34166666666666
2002-06-28,52.75833333333335
2002-06-29,52.541666666666664
2002-06-30,52.38749999999999
2002-07-01,52.20416666666666
2002-07-02,52.15833333333333
2002-07-03,52.245833333333344
2002-07-04,52.31250000000001
2002-07-05,52.2875
2002-07-06,52.32083333333333
2002-07-07,52.40833333333333
2002-07-08,52.57500000000001
2002-07-09,52.650000000000006
2002-07-10,52.51666666666667
2002-07-11,52.729166666666664
2002-07-12,52.783333333333324
2002-07-13,52.79583333333335
2002-07-14,53.054166666666674
2002-07-15,53.05416666666667
2002-07-16,53.03333333333334
2002-07-17,53.07083333333333
2002-07-18,53.09999999999999
2002-07-19,53.091666666666676
2002-07-20,53.441666666666684
2002-07-21,53.416666666666664
2002-07-22,53.533333333333324
2002-07-23,53.35833333333333
2002-07-24,52.9375
2002-07-25,52.84166666666667
2002-07-26,53.020833333333336
2002-07-27,53.354166666666664
2002-07-28,53.36666666666665
2002-07-29,53.395833333333336
2002-07-30,53.4375
2002-07-31,53.30833333333333
2002-08-01,52.900000000000006
2002-08-02,52.862500000000004
2002-08-03,53.06666666666666
2002-08-04,52.64583333333334
2002-08-05,52.67499999999999
2002-08-06,52.862500000000004
2002-08-07,53.125
2002-08-08,53.262499999999996
2002-08-09,53.120833333333344
2002-08-10,52.5
2002-08-11,52.629166666666656
2002-08-12,52.275
2002-08-13,52.5
2002-08-14,52.55416666666667
2002-08-15,52.958333333333336
2002-08-16,53.1625
2002-08-17,53.270833333333336
2002-08-18,52.81666666666667
2002-08-19,52.95416666666667
2002-08-20,53.054166666666674
2002-08-21,53.220833333333324
2002-08-22,52.94583333333332
2002-08-23,53.162499999999994
2002-08-24,53.15416666666667
2002-08-25,52.895833333333336
2002-08-26,53.11666666666665
2002-08-27,53.112500000000004
2002-08-28,52.20416666666667
2002-08-29,51.912499999999994
2002-08-30,52.337500000000006
2002-08-31,52.69999999999999
2002-09-01,52.81249999999999
2002-09-02,52.78749999999999
2002-09-03,52.79583333333333
2002-09-04,53.24999999999998
2002-09-05,52.75
2002-09-06,51.683333333333344
2002-09-07,52.08333333333334
2002-09-08,52.36249999999999
2002-09-09,52.604166666666664
2002-09-10,52.65833333333334
2002-09-11,52.866666666666674
2002-09-12,52.587499999999984
2002-09-13,52.479166666666664
2002-09-14,52.38749999999999
2002-09-15,52.02916666666667
2002-09-16,52.175000000000004
2002-09-17,52.40833333333333
2002-09-18,52.612500000000004
2002-09-19,52.65416666666667
2002-09-20,52.40416666666667
2002-09-21,52.51666666666666
2002-09-22,52.074999999999996
2002-09-23,52.20416666666666
2002-09-24,52.22083333333334
2002-09-25,52.51666666666666
2002-09-26,52.55416666666667
2002-09-27,52.541666666666664
2002-09-28,52.48333333333332
2002-09-29,52.824999999999996
2002-09-30,52.70416666666667
2002-10-01,52.42499999999999
2002-10-02,53.29999999999998
2002-10-03,53.320833333333326
2002-10-04,54.10416666666668
2002-10-05,54.237500000000004
2002-10-06,54.22083333333334
2002-10-07,53.87916666666667
2002-10-08,53.69583333333333
2002-10-09,53.23333333333333
2002-10-10,53.29999999999999
2002-10-11,53.40416666666666
2002-10-12,53.25
2002-10-13,53.50416666666667
2002-10-14,53.60416666666666
2002-10-15,53.76250000000001
2002-10-16,53.82083333333335
2002-10-17,53.662499999999994
2002-10-18,53.36666666666667
2002-10-19,53.550000000000004
2002-10-20,54.362500000000004
2002-10-21,55.10416666666668
2002-10-22,55.42083333333333
2002-10-23,54.21666666666667
2002-10-24,53.612500000000004
2002-10-25,53.90416666666667
2002-10-26,54.066666666666684
2002-10-27,54.212500000000006
2002-10-28,54.28333333333333
2002-10-29,54.07916666666666
2002-10-30,53.87083333333333
2002-10-31,53.658333333333324
2002-11-01,53.54166666666666
2002-11-02,53.69166666666666
2002-11-03,54.04166666666668
2002-11-04,54.09166666666666
2002-11-05,54.42083333333334
2002-11-06,54.81666666666666
2002-11-07,55.020833333333336
2002-11-08,55.76666666666666
2002-11-09,55.10833333333333
2002-11-10,55.520833333333336
2002-11-11,55.629166666666684
2002-11-12,54.99583333333333
2002-11-13,55.06666666666666
2002-11-14,55.012499999999996
2002-11-15,54.65833333333334
2002-11-16,54.25416666666666
2002-11-17,54.33333333333332
2002-11-18,54.20416666666667
2002-11-19,54.758333333333326
2002-11-20,54.8375
2002-11-21,54.73333333333335
2002-11-22,54.65833333333333
2002-11-23,54.15416666666666
2002-11-24,54.07916666666666
2002-11-25,53.57083333333333
2002-11-26,53.508333333333326
2002-11-27,53.63333333333333
2002-11-28,53.520833333333336
2002-11-29,53.27916666666667
2002-11-30,53.17500000000001
2002-12-01,52.88333333333333
2002-12-02,52.82916666666666
2002-12-03,52.64166666666669
2002-12-04,53.175000000000004
2002-12-05,53.00833333333333
2002-12-06,53.07916666666668
2002-12-07,53.23749999999999
2002-12-08,53.25
2002-12-09,53.029166666666676
2002-12-10,53.62083333333334
2002-12-11,53.64166666666667
2002-12-12,53.35416666666668
2002-12-13,53.00000000000002
2002-12-14,53.11666666666665
2002-12-15,52.13750000000002
2002-12-16,51.57916666666667
2002-12-17,51.60833333333335
2002-12-18,50.791666666666664
2002-12-19,49.92083333333332
2002-12-20,49.05416666666665
2002-12-21,49.87083333333333
2002-12-22,49.7125
2002-12-23,49.36249999999998
2002-12-24,49.28333333333334
2002-12-25,49.7875
2002-12-26,49.77083333333332
2002-12-27,50.55416666666668
2002-12-28,50.29583333333334
2002-12-29,50.09583333333333
2002-12-30,49.79999999999999
2002-12-31,49.55833333333334
2003-01-01,50.24583333333334
2003-01-02,50.220833333333324
2003-01-03,50.54166666666668
2003-01-04,50.775000000000006
2003-01-05,50.62916666666667
2003-01-06,50.65
2003-01-07,50.475
2003-01-08,50.29583333333334
2003-01-09,50.24999999999999
2003-01-10,49.995833333333316
2003-01-11,50.07500000000002
2003-01-12,49.88333333333335
2003-01-13,50.17499999999999
2003-01-14,49.93749999999999
2003-01-15,49.59583333333334
2003-01-16,49.81666666666666
2003-01-17,50.07916666666666
2003-01-18,50.26666666666667
2003-01-19,50.03333333333333
2003-01-20,49.57916666666669
2003-01-21,49.32083333333332
2003-01-22,49.383333333333326
2003-01-23,49.43333333333334
2003-01-24,49.43333333333334
2003-01-25,49.76250000000001
2003-01-26,49.74583333333334
2003-01-27,49.58750000000003
2003-01-28,49.40416666666667
2003-01-29,49.61666666666665
2003-01-30,49.537499999999994
2003-01-31,49.19999999999999
2003-02-01,49.212500000000006
2003-02-02,48.91666666666666
2003-02-03,48.94583333333333
2003-02-04,48.80833333333334
2003-02-05,48.80833333333333
2003-02-06,48.68333333333333
2003-02-07,48.583333333333336
2003-02-08,48.650000000000006
2003-02-09,48.87916666666667
2003-02-10,48.979166666666664
2003-02-11,48.724999999999994
2003-02-12,48.695833333333326
2003-02-13,48.80833333333334
2003-02-14,48.945833333333326
2003-02-15,48.71666666666666
2003-02-16,48.43333333333333
2003-02-17,48.366666666666674
2003-02-18,48.474999999999994
2003-02-19,48.53333333333333
2003-02-20,48.58750000000001
2003-02-21,48.9375
2003-02-22,49.09166666666666
2003-02-23,49.020833333333336
2003-02-24,49.03333333333333
2003-02-25,48.88333333333333
2003-02-26,48.645833333333336
2003-02-27,48.90833333333334
2003-02-28,48.60833333333333
2003-03-01,48.99999999999999
2003-03-02,49.01250000000001
2003-03-03,49.1625
2003-03-04,49.12916666666666
2003-03-05,49.14166666666667
2003-03-06,49.28333333333333
2003-03-07,49.383333333333326
2003-03-08,49.56666666666667
2003-03-09,49.38749999999999
2003-03-10,50.154166666666676
2003-03-11,49.90833333333333
2003-03-12,49.75416666666666
2003-03-13,49.61249999999999
2003-03-14,49.6625
2003-03-15,50.50000000000001
2003-03-16,49.82916666666666
2003-03-17,49.95000000000001
2003-03-18,50.13750000000001
2003-03-19,49.81250000000001
2003-03-20,50.479166666666664
2003-03-21,50.39583333333334
2003-03-22,50.0875
2003-03-23,50.787499999999994
2003-03-24,51.116666666666674
2003-03-25,50.6
2003-03-26,51.29583333333334
2003-03-27,51.20833333333334
2003-03-28,51.770833333333336
2003-03-29,52.17499999999999
2003-03-30,52.30833333333334
2003-03-31,52.320833333333326
2003-04-01,52.56666666666667
2003-04-02,51.54583333333335
2003-04-03,50.80833333333333
2003-04-04,51.48333333333333
2003-04-05,51.34583333333334
2003-04-06,51.130434782608695
2003-04-07,51.93750000000001
2003-04-08,52.47916666666666
2003-04-09,52.791666666666664
2003-04-10,52.599999999999994
2003-04-11,53.29166666666666
2003-04-12,52.04999999999999
2003-04-13,51.65833333333334
2003-04-14,52.18749999999999
2003-04-15,51.25416666666666
2003-04-16,51.28333333333333
2003-04-17,51.89166666666666
2003-04-18,52.23750000000001
2003-04-19,52.741666666666674
2003-04-20,52.59583333333333
2003-04-21,52.537499999999994
2003-04-22,52.70416666666667
2003-04-23,51.849999999999994
2003-04-24,51.12083333333334
2003-04-25,50.45416666666666
2003-04-26,50.729166666666664
2003-04-27,51.20833333333332
2003-04-28,51.48333333333334
2003-04-29,50.10833333333333
2003-04-30,50.54583333333333
2003-05-01,51.208333333333336
2003-05-02,50.89166666666666
2003-05-03,50.724999999999994
2003-05-04,50.65833333333333
2003-05-05,50.76666666666667
2003-05-06,51.09166666666667
2003-05-07,51.76666666666667
2003-05-08,51.48333333333332
2003-05-09,51.75
2003-05-10,52.675000000000004
2003-05-11,53.05833333333333
2003-05-12,53.375
2003-05-13,53.18333333333334
2003-05-14,52.69166666666667
2003-05-15,51.820833333333326
2003-05-16,51.399999999999984
2003-05-17,51.041666666666664
2003-05-18,51.26666666666666
2003-05-19,51.85833333333333
2003-05-20,51.79583333333334
2003-05-21,51.17083333333333
2003-05-22,50.73333333333333
2003-05-23,50.9625
2003-05-24,51.175000000000004
2003-05-25,50.949999999999996
2003-05-26,50.94583333333333
2003-05-27,51.104166666666664
2003-05-28,51.14583333333332
2003-05-29,50.82083333333333
2003-05-30,50.637499999999996
2003-05-31,50.929166666666674
2003-06-01,51.291666666666664
2003-06-02,51.45000000000001
2003-06-03,51.40416666666666
2003-06-04,51.425000000000004
2003-06-05,51.304166666666674
2003-06-06,51.179166666666674
2003-06-07,50.912500000000016
2003-06-08,51.30833333333333
2003-06-09,51.145833333333336
2003-06-10,51.1
2003-06-11,50.98333333333334
2003-06-12,50.9625
2003-06-13,50.92916666666667
2003-06-14,51.01666666666666
2003-06-15,51.1
2003-06-16,51.237500000000004
2003-06-17,51.258333333333326
2003-06-18,51.13750000000001
2003-06-19,51.28333333333333
2003-06-20,51.408333333333324
2003-06-21,51.50000000000001
2003-06-22,51.60416666666666
2003-06-23,51.625
2003-06-24,51.72083333333334
2003-06-25,51.85
2003-06-26,51.779166666666676
2003-06-27,51.8375
2003-06-28,51.637499999999996
2003-06-29,51.64166666666666
2003-06-30,51.61250000000001
2003-07-01,51.712499999999984
2003-07-02,51.6625
2003-07-03,51.62500000000001
2003-07-04,51.58333333333334
2003-07-05,51.804166666666674
2003-07-06,51.88749999999998
2003-07-07,51.97916666666666
2003-07-08,51.4
2003-07-09,51.02916666666666
2003-07-10,51.13333333333333
2003-07-11,51.20833333333334
2003-07-12,51.50000000000001
2003-07-13,51.599999999999994
2003-07-14,51.65
2003-07-15,51.75416666666667
2003-07-16,51.94166666666666
2003-07-17,52.0375
2003-07-18,52.08333333333332
2003-07-19,52.35416666666665
2003-07-20,52.21666666666667
2003-07-21,52.300000000000004
2003-07-22,52.32083333333333
2003-07-23,52.51666666666666
2003-07-24,52.225
2003-07-25,52.08333333333334
2003-07-26,52.416666666666664
2003-07-27,52.479166666666664
2003-07-28,52.604166666666664
2003-07-29,52.6625
2003-07-30,52.53333333333334
2003-07-31,52.79999999999999
2003-08-01,52.67083333333333
2003-08-02,52.487500000000004
2003-08-03,52.637499999999996
2003-08-04,53.0875
2003-08-05,53.14583333333334
2003-08-06,52.72083333333334
2003-08-07,52.666666666666664
2003-08-08,52.64166666666665
2003-08-09,52.77916666666666
2003-08-10,53.162500000000016
2003-08-11,53.150000000000006
2003-08-12,52.89166666666667
2003-08-13,52.92083333333332
2003-08-14,52.87500000000001
2003-08-15,52.85416666666666
2003-08-16,53.16666666666666
2003-08-17,53.21666666666667
2003-08-18,53.49583333333334
2003-08-19,53.66666666666668
2003-08-20,53.87916666666666
2003-08-21,53.82083333333333
2003-08-22,53.7875
2003-08-23,54.14166666666666
2003-08-24,54.27500000000001
2003-08-25,54.32916666666667
2003-08-26,54.06666666666667
2003-08-27,53.81250000000001
2003-08-28,53.72083333333333
2003-08-29,53.82916666666668
2003-08-30,53.75833333333333
2003-08-31,53.666666666666664
2003-09-01,53.72083333333333
2003-09-02,53.837500000000006
2003-09-03,53.22083333333333
2003-09-04,53.39166666666666
2003-09-05,54.01666666666666
2003-09-06,54.14166666666667
2003-09-07,53.529166666666676
2003-09-08,53.554166666666674
2003-09-09,53.24583333333334
2003-09-10,53.866666666666674
2003-09-11,54.212500000000006
2003-09-12,54.14166666666667
2003-09-13,53.92916666666667
2003-09-14,53.48750000000001
2003-09-15,53.45833333333332
2003-09-16,53.67083333333334
2003-09-17,53.83333333333334
2003-09-18,53.93333333333333
2003-09-19,53.92499999999998
2003-09-20,54.212500000000006
2003-09-21,54.22916666666666
2003-09-22,54.12083333333333
2003-09-23,54.12499999999999
2003-09-24,54.14166666666668
2003-09-25,54.099999999999994
2003-09-26,54.066666666666656
2003-09-27,53.85
2003-09-28,53.875
2003-09-29,53.870833333333316
2003-09-30,53.93333333333333
2003-10-01,54.04166666666668
2003-10-02,54.19583333333333
2003-10-03,54.18333333333334
2003-10-04,54.191666666666656
2003-10-05,54.13333333333333
2003-10-06,54.2125
2003-10-07,54.383333333333326
2003-10-08,54.30833333333334
2003-10-09,54.25
2003-10-10,53.87083333333334
2003-10-11,53.6625
2003-10-12,53.82916666666667
2003-10-13,53.533333333333324
2003-10-14,53.53749999999999
2003-10-15,53.162499999999994
2003-10-16,53.40416666666667
2003-10-17,53.51249999999999
2003-10-18,53.51250000000001
2003-10-19,53.63333333333335
2003-10-20,53.64166666666667
2003-10-21,53.787499999999994
2003-10-22,53.666666666666664
2003-10-23,53.945833333333326
2003-10-24,53.73333333333332
2003-10-25,53.9625
2003-10-26,54.05833333333333
2003-10-27,54.01666666666668
2003-10-28,54.462500000000006
2003-10-29,54.02916666666666
2003-10-30,53.26666666666667
2003-10-31,52.762499999999996
2003-11-01,52.55416666666667
2003-11-02,52.25416666666667
2003-11-03,52.77916666666667
2003-11-04,52.87083333333333
2003-11-05,53.23333333333333
2003-11-06,52.854166666666664
2003-11-07,52.91666666666666
2003-11-08,53.04999999999999
2003-11-09,52.90416666666666
2003-11-10,53.416666666666664
2003-11-11,53.31249999999999
2003-11-12,53.570833333333326
2003-11-13,52.824999999999996
2003-11-14,52.991666666666674
2003-11-15,52.879166666666684
2003-11-16,52.82083333333333
2003-11-17,53.47083333333333
2003-11-18,53.387499999999996
2003-11-19,53.354166666666664
2003-11-20,53.416666666666664
2003-11-21,52.69583333333333
2003-11-22,52.23749999999999
2003-11-23,52.15833333333333
2003-11-24,52.162499999999994
2003-11-25,51.933333333333344
2003-11-26,52.224999999999994
2003-11-27,51.90833333333333
2003-11-28,52.191666666666684
2003-11-29,52.40000000000001
2003-11-30,52.724999999999994
2003-12-01,52.64166666666665
2003-12-02,52.80000000000001
2003-12-03,53.00833333333333
2003-12-04,52.354166666666686
2003-12-05,52.574999999999996
2003-12-06,52.900000000000006
2003-12-07,52.537499999999994
2003-12-08,51.56666666666667
2003-12-09,51.32499999999999
2003-12-10,51.27916666666667
2003-12-11,51.92083333333333
2003-12-12,51.737500000000004
2003-12-13,51.8125
2003-12-14,51.570833333333326
2003-12-15,50.558333333333344
2003-12-16,51.14166666666667
2003-12-17,51.92083333333333
2003-12-18,51.949999999999996
2003-12-19,51.75000000000001
2003-12-20,51.754166666666684
2003-12-21,51.97083333333334
2003-12-22,51.50000000000001
2003-12-23,51.54583333333335
2003-12-24,51.17499999999999
2003-12-25,50.975000000000016
2003-12-26,51.07916666666667
2003-12-27,51.11249999999999
2003-12-28,50.787499999999994
2003-12-29,49.587500000000006
2003-12-30,49.92500000000001
2003-12-31,50.24583333333333
2004-01-01,49.19166666666667
2004-01-02,49.099999999999994
2004-01-03,49.46666666666666
2004-01-04,49.89583333333334
2004-01-05,49.85
2004-01-06,49.870833333333344
2004-01-07,50.10416666666666
2004-01-08,50.629166666666656
2004-01-09,50.275
2004-01-10,50.070833333333326
2004-01-11,50.241666666666674
2004-01-12,50.01666666666667
2004-01-13,49.95416666666666
2004-01-14,49.366666666666674
2004-01-15,49.90416666666667
2004-01-16,49.75
2004-01-17,49.73750000000001
2004-01-18,50.025000000000006
2004-01-19,49.458333333333336
2004-01-20,49.712500000000006
2004-01-21,49.35833333333333
2004-01-22,48.779166666666676
2004-01-23,48.458333333333336
2004-01-24,48.82083333333333
2004-01-25,48.337499999999984
2004-01-26,47.86249999999999
2004-01-27,47.67083333333333
2004-01-28,47.60833333333332
2004-01-29,48.41666666666666
2004-01-30,48.80416666666665
2004-01-31,48.625
2004-02-01,48.28333333333333
2004-02-02,47.695833333333326
2004-02-03,47.92916666666667
2004-02-04,48.354166666666664
2004-02-05,48.47916666666666
2004-02-06,48.14166666666667
2004-02-07,48.2875
2004-02-08,48.37916666666667
2004-02-09,48.31250000000001
2004-02-10,48.43750000000001
2004-02-11,48.44166666666666
2004-02-12,48.55833333333334
2004-02-13,48.012499999999996
2004-02-14,48.59999999999999
2004-02-15,48.51250000000001
2004-02-16,48.716666666666676
2004-02-17,48.77916666666666
2004-02-18,48.62083333333334
2004-02-19,48.16666666666668
2004-02-20,48.25833333333333
2004-02-21,48.22916666666666
2004-02-22,48.258333333333304
2004-02-23,48.366666666666674
2004-02-24,48.2125
2004-02-25,48.38333333333333
2004-02-26,47.87916666666666
2004-02-27,47.99166666666667
2004-02-28,48.125
2004-02-29,48.29166666666668
2004-03-01,48.175000000000004
2004-03-02,48.34583333333333
2004-03-03,48.287499999999994
2004-03-04,48.400000000000006
2004-03-05,48.475
2004-03-06,48.65
2004-03-07,48.824999999999996
2004-03-08,48.99583333333334
2004-03-09,48.99583333333334
2004-03-10,48.84583333333333
2004-03-11,48.96666666666667
2004-03-12,49.04583333333333
2004-03-13,48.97083333333334
2004-03-14,49.145833333333336
2004-03-15,49.49166666666667
2004-03-16,49.62916666666666
2004-03-17,49.80416666666667
2004-03-18,49.949999999999996
2004-03-19,49.991666666666674
2004-03-20,50.0375
2004-03-21,50.19583333333333
2004-03-22,50.262499999999996
2004-03-23,50.35
2004-03-24,50.34583333333334
2004-03-25,49.179166666666674
2004-03-26,48.879166666666684
2004-03-27,49.92083333333334
2004-03-28,50.6875
2004-03-29,50.99166666666667
2004-03-30,50.554166666666674
2004-03-31,50.724999999999994
2004-04-01,50.849999999999994
2004-04-02,50.887499999999996
2004-04-03,50.74583333333333
2004-04-04,50.43913043478261
2004-04-05,50.52083333333334
2004-04-06,50.59583333333334
2004-04-07,49.73333333333333
2004-04-08,49.53333333333333
2004-04-09,50.333333333333336
2004-04-10,50.787499999999994
2004-04-11,51.525000000000006
2004-04-12,51.445833333333326
2004-04-13,51.12500000000001
2004-04-14,50.508333333333326
2004-04-15,50.38333333333333
2004-04-16,50.541666666666664
2004-04-17,50.68750000000001
2004-04-18,49.53333333333333
2004-04-19,49.11249999999999
2004-04-20,49.39166666666667
2004-04-21,50.21666666666666
2004-04-22,50.90416666666666
2004-04-23,51.25000000000001
2004-04-24,51.54999999999999
2004-04-25,51.42499999999998
2004-04-26,51.362500000000004
2004-04-27,51.304166666666674
2004-04-28,51.041666666666664
2004-04-29,50.75000000000001
2004-04-30,50.65
2004-05-01,50.824999999999996
2004-05-02,50.94583333333335
2004-05-03,51.11249999999999
2004-05-04,51.27083333333332
2004-05-05,50.94166666666666
2004-05-06,50.41249999999999
2004-05-07,49.74166666666667
2004-05-08,49.79166666666666
2004-05-09,50.099999999999994
2004-05-10,50.237500000000004
2004-05-11,50.066666666666656
2004-05-12,50.23749999999999
2004-05-13,50.612500000000004
2004-05-14,50.64166666666667
2004-05-15,50.75833333333333
2004-05-16,50.86250000000001
2004-05-17,50.74166666666667
2004-05-18,50.65416666666667
2004-05-19,50.633333333333326
2004-05-20,50.9375
2004-05-21,51.06666666666666
2004-05-22,50.93749999999999
2004-05-23,50.775
2004-05-24,51.09583333333334
2004-05-25,51.195833333333326
2004-05-26,51.05833333333334
2004-05-27,50.80416666666668
2004-05-28,50.6
2004-05-29,50.8125
2004-05-30,50.975
2004-05-31,51.0625
2004-06-01,51.133333333333326
2004-06-02,51.38333333333333
2004-06-03,51.31666666666666
2004-06-04,51.479166666666664
2004-06-05,51.283333333333324
2004-06-06,51.387499999999996
2004-06-07,51.024999999999984
2004-06-08,51.012499999999996
2004-06-09,50.925000000000004
2004-06-10,51.28333333333334
2004-06-11,51.525
2004-06-12,51.72499999999999
2004-06-13,51.77083333333332
2004-06-14,52.037499999999994
2004-06-15,52.13749999999999
2004-06-16,52.07916666666666
2004-06-17,51.99583333333333
2004-06-18,52.38750000000001
2004-06-19,52.70416666666666
2004-06-20,52.81250000000001
2004-06-21,52.74166666666665
2004-06-22,52.645833333333336
2004-06-23,52.72083333333334
2004-06-24,52.958333333333336
2004-06-25,52.99583333333334
2004-06-26,52.99583333333334
2004-06-27,53.087500000000006
2004-06-28,53.041666666666664
2004-06-29,53.237500000000004
2004-06-30,52.95416666666667
2004-07-01,52.9
2004-07-02,52.82916666666667
2004-07-03,52.60833333333334
2004-07-04,52.64166666666665
2004-07-05,52.9
2004-07-06,53.025
2004-07-07,52.962500000000006
2004-07-08,52.962500000000006
2004-07-09,53.20000000000001
2004-07-10,53.070833333333326
2004-07-11,53.1625
2004-07-12,53.262499999999996
2004-07-13,53.3125
2004-07-14,53.550000000000004
2004-07-15,53.583333333333336
2004-07-16,53.5875
2004-07-17,53.291666666666664
2004-07-18,53.31666666666666
2004-07-19,53.21666666666667
2004-07-20,53.44166666666666
2004-07-21,53.57916666666668
2004-07-22,52.862500000000004
2004-07-23,52.6875
2004-07-24,52.774999999999984
2004-07-25,52.75833333333335
2004-07-26,52.945833333333326
2004-07-27,52.987500000000004
2004-07-28,53.224999999999994
2004-07-29,53.36250000000001
2004-07-30,53.258333333333326
2004-07-31,52.73750000000001
2004-08-01,52.27083333333332
2004-08-02,52.26666666666668
2004-08-03,52.4375
2004-08-04,53.09166666666666
2004-08-05,53.75833333333333
2004-08-06,53.12083333333334
2004-08-07,52.791666666666664
2004-08-08,52.975
2004-08-09,53.11666666666665
2004-08-10,53.31666666666666
2004-08-11,52.8125
2004-08-12,52.6
2004-08-13,52.85416666666666
2004-08-14,53.175000000000004
2004-08-15,53.00416666666666
2004-08-16,53.16666666666668
2004-08-17,52.98333333333334
2004-08-18,52.80416666666667
2004-08-19,52.720833333333324
2004-08-20,52.758333333333326
2004-08-21,52.9125
2004-08-22,52.675000000000004
2004-08-23,52.82499999999999
2004-08-24,53.5375
2004-08-25,53.76666666666666
2004-08-26,53.62083333333333
2004-08-27,53.383333333333326
2004-08-28,53.625
2004-08-29,53.72916666666665
2004-08-30,54.00416666666667
2004-08-31,54.07083333333335
2004-09-01,54.387499999999996
2004-09-02,54.87083333333334
2004-09-03,54.56666666666667
2004-09-04,54.28333333333333
2004-09-05,54.50833333333335
2004-09-06,54.833333333333336
2004-09-07,55.07916666666667
2004-09-08,55.35833333333333
2004-09-09,54.9
2004-09-10,54.98333333333333
2004-09-11,54.97083333333334
2004-09-12,55.4
2004-09-13,55.495833333333344
2004-09-14,55.53333333333334
2004-09-15,55.81249999999999
2004-09-16,56.01666666666667
2004-09-17,55.67500000000001
2004-09-18,55.58333333333332
2004-09-19,55.35833333333334
2004-09-20,55.666666666666664
2004-09-21,56.070833333333326
2004-09-22,56.25833333333335
2004-09-23,56.604166666666664
2004-09-24,56.94583333333333
2004-09-25,56.99166666666667
2004-09-26,56.93333333333334
2004-09-27,56.933333333333316
2004-09-28,56.90833333333333
2004-09-29,56.554166666666674
2004-09-30,56.729166666666664
2004-10-01,56.81249999999999
2004-10-02,56.949999999999996
2004-10-03,56.89166666666667
2004-10-04,56.89166666666667
2004-10-05,56.712500000000006
2004-10-06,56.637499999999996
2004-10-07,56.599999999999994
2004-10-08,56.51249999999999
2004-10-09,56.20833333333334
2004-10-10,55.82083333333333
2004-10-11,56.37916666666666
2004-10-12,56.229166666666664
2004-10-13,56.64166666666667
2004-10-14,56.445833333333326
2004-10-15,56.37083333333334
2004-10-16,56.3125
2004-10-17,55.7875
2004-10-18,55.037499999999994
2004-10-19,54.60833333333334
2004-10-20,55.23333333333335
2004-10-21,55.895833333333336
2004-10-22,57.01250000000002
2004-10-23,56.82083333333333
2004-10-24,56.35833333333332
2004-10-25,55.55833333333334
2004-10-26,55.9125
2004-10-27,55.94583333333335
2004-10-28,55.45416666666666
2004-10-29,56.095833333333324
2004-10-30,56.00833333333333
2004-10-31,55.86250000000001
2004-11-01,56.349999999999994
2004-11-02,56.533333333333324
2004-11-03,56.18749999999999
2004-11-04,56.07916666666667
2004-11-05,56.304166666666674
2004-11-06,56.69583333333333
2004-11-07,56.4125
2004-11-08,56.429166666666674
2004-11-09,56.400000000000006
2004-11-10,56.23749999999998
2004-11-11,56.179166666666674
2004-11-12,55.99166666666667
2004-11-13,56.46250000000001
2004-11-14,55.662499999999994
2004-11-15,55.67916666666667
2004-11-16,56.28333333333334
2004-11-17,55.97083333333333
2004-11-18,55.854166666666686
2004-11-19,55.3125
2004-11-20,54.57916666666667
2004-11-21,54.1875
2004-11-22,54.50833333333333
2004-11-23,54.583333333333336
2004-11-24,55.17083333333335
2004-11-25,54.762499999999996
2004-11-26,54.73333333333333
2004-11-27,54.633333333333326
2004-11-28,53.70416666666668
2004-11-29,53.4125
2004-11-30,53.55416666666667
2004-12-01,53.44999999999999
2004-12-02,53.154166666666676
2004-12-03,52.916666666666664
2004-12-04,52.75
2004-12-05,52.9625
2004-12-06,52.87916666666666
2004-12-07,52.7125
2004-12-08,52.02916666666666
2004-12-09,53.025000000000006
2004-12-10,53.20416666666666
2004-12-11,53.129166666666656
2004-12-12,53.42083333333333
2004-12-13,53.474999999999994
2004-12-14,53.62083333333333
2004-12-15,53.333333333333336
2004-12-16,52.89166666666667
2004-12-17,52.479166666666664
2004-12-18,52.30416666666667
2004-12-19,52.23333333333333
2004-12-20,52.02083333333332
2004-12-21,51.85833333333334
2004-12-22,51.725
2004-12-23,51.34166666666667
2004-12-24,51.40416666666667
2004-12-25,51.70416666666666
2004-12-26,51.82499999999999
2004-12-27,50.67083333333332
2004-12-28,51.48333333333333
2004-12-29,51.112500000000004
2004-12-30,50.820833333333326
2004-12-31,50.58333333333332
2005-01-01,50.41249999999999
2005-01-02,50.4125
2005-01-03,50.86249999999999
2005-01-04,50.725
2005-01-05,50.63750000000001
2005-01-06,50.86666666666667
2005-01-07,50.54999999999999
2005-01-08,50.22916666666666
2005-01-09,50.583333333333336
2005-01-10,50.69166666666667
2005-01-11,50.82083333333333
2005-01-12,50.449999999999996
2005-01-13,50.175000000000004
2005-01-14,50.145833333333336
2005-01-15,50.25833333333333
2005-01-16,50.44166666666667
2005-01-17,50.68333333333334
2005-01-18,50.72916666666666
2005-01-19,50.72083333333334
2005-01-20,50.637499999999996
2005-01-21,50.479166666666664
2005-01-22,50.40416666666667
2005-01-23,50.28333333333333
2005-01-24,50.34166666666667
2005-01-25,50.55833333333334
2005-01-26,50.62083333333336
2005-01-27,50.429166666666674
2005-01-28,50.05833333333333
2005-01-29,50.17916666666667
2005-01-30,49.90833333333333
2005-01-31,49.84166666666666
2005-02-01,49.83333333333334
2005-02-02,49.75416666666667
2005-02-03,50.008333333333326
2005-02-04,49.741666666666674
2005-02-05,49.791666666666664
2005-02-06,49.41666666666668
2005-02-07,49.73333333333333
2005-02-08,50.029166666666676
2005-02-09,49.974999999999994
2005-02-10,50.025
2005-02-11,49.84166666666667
2005-02-12,49.71666666666667
2005-02-13,49.92083333333333
2005-02-14,50.01666666666666
2005-02-15,49.87916666666667
2005-02-16,50.025
2005-02-17,50.225
2005-02-18,49.94166666666666
2005-02-19,50.125
2005-02-20,50.266666666666644
2005-02-21,50.13333333333333
2005-02-22,50.33333333333332
2005-02-23,50.35833333333334
2005-02-24,50.262499999999996
2005-02-25,50.36666666666667
2005-02-26,50.47916666666666
2005-02-27,50.216666666666676
2005-02-28,50.15416666666667
2005-03-01,49.92083333333331
2005-03-02,50.066666666666656
2005-03-03,49.262499999999996
2005-03-04,49.70416666666667
2005-03-05,50.1875
2005-03-06,50.50833333333333
2005-03-07,50.64166666666667
2005-03-08,50.61666666666665
2005-03-09,50.62083333333334
2005-03-10,51.03333333333334
2005-03-11,51.17083333333334
2005-03-12,51.11249999999999
2005-03-13,50.81666666666667
2005-03-14,50.44583333333335
2005-03-15,50.158333333333324
2005-03-16,49.36666666666665
2005-03-17,49.43333333333333
2005-03-18,49.47916666666666
2005-03-19,49.42916666666667
2005-03-20,49.14166666666666
2005-03-21,49.12083333333334
2005-03-22,50.041666666666664
2005-03-23,50.33333333333334
2005-03-24,49.99583333333333
2005-03-25,50.17083333333333
2005-03-26,50.38749999999999
2005-03-27,49.92083333333335
2005-03-28,50.93333333333333
2005-03-29,51.11666666666667
2005-03-30,51.20416666666665
2005-03-31,51.400000000000006
2005-04-01,51.008333333333326
2005-04-02,51.300000000000004
2005-04-03,50.29130434782608
2005-04-04,51.0875
2005-04-05,51.42916666666667
2005-04-06,51.41666666666666
2005-04-07,51.16666666666666
2005-04-08,50.5375
2005-04-09,51.77083333333332
2005-04-10,51.73749999999999
2005-04-11,51.65416666666667
2005-04-12,51.09166666666667
2005-04-13,51.07500000000001
2005-04-14,51.300000000000004
2005-04-15,51.85833333333333
2005-04-16,51.604166666666664
2005-04-17,51.94999999999999
2005-04-18,51.8375
2005-04-19,51.97916666666666
2005-04-20,52.20000000000001
2005-04-21,52.445833333333326
2005-04-22,52.587500000000006
2005-04-23,51.76250000000001
2005-04-24,51.87083333333333
2005-04-25,52.116666666666674
2005-04-26,52.14166666666667
2005-04-27,52.304166666666674
2005-04-28,52.53333333333334
2005-04-29,52.85416666666668
2005-04-30,52.46666666666667
2005-05-01,52.708333333333314
2005-05-02,52.854166666666664
2005-05-03,52.53333333333334
2005-05-04,51.87500000000001
2005-05-05,51.833333333333336
2005-05-06,51.199999999999996
2005-05-07,51.10833333333333
2005-05-08,50.61666666666665
2005-05-09,51.57916666666666
2005-05-10,51.29583333333333
2005-05-11,50.80416666666667
2005-05-12,51.40833333333335
2005-05-13,51.387499999999996
2005-05-14,51.47083333333333
2005-05-15,51.42916666666667
2005-05-16,52.479166666666664
2005-05-17,50.74999999999999
2005-05-18,50.64166666666667
2005-05-19,51.58750000000001
2005-05-20,52.13749999999999
2005-05-21,52.42499999999999
2005-05-22,52.691666666666656
2005-05-23,52.48750000000001
2005-05-24,52.34166666666667
2005-05-25,51.82499999999999
2005-05-26,52.45416666666666
2005-05-27,51.875
2005-05-28,51.4625
2005-05-29,50.63333333333333
2005-05-30,51.01250000000001
2005-05-31,51.40416666666667
2005-06-01,51.275
2005-06-02,51.208333333333336
2005-06-03,51.45416666666666
2005-06-04,51.42499999999999
2005-06-05,51.30416666666667
2005-06-06,50.849999999999994
2005-06-07,50.85833333333334
2005-06-08,50.625
2005-06-09,51.05833333333333
2005-06-10,51.599999999999994
2005-06-11,51.679166666666674
2005-06-12,51.63749999999999
2005-06-13,51.57083333333333
2005-06-14,51.75833333333332
2005-06-15,51.895833333333336
2005-06-16,51.099999999999994
2005-06-17,50.89166666666667
2005-06-18,50.78750000000002
2005-06-19,51.691666666666656
2005-06-20,52.199999999999996
2005-06-21,52.1875
2005-06-22,52.020833333333336
2005-06-23,52.11666666666665
2005-06-24,52.17083333333333
2005-06-25,51.99583333333334
2005-06-26,52.19166666666667
2005-06-27,52.416666666666664
2005-06-28,52.07500000000001
2005-06-29,51.925000000000004
2005-06-30,51.787499999999994
2005-07-01,51.89166666666668
2005-07-02,51.89166666666667
2005-07-03,51.88333333333333
2005-07-04,52.0375
2005-07-05,52.112500000000004
2005-07-06,52.2125
2005-07-07,52.25
2005-07-08,52.237500000000004
2005-07-09,52.34583333333333
2005-07-10,52.34583333333334
2005-07-11,52.37916666666666
2005-07-12,52.28333333333333
2005-07-13,52.45416666666665
2005-07-14,52.55000000000001
2005-07-15,52.64583333333335
2005-07-16,53.12083333333334
2005-07-17,52.60833333333335
2005-07-18,52.725
2005-07-19,52.96666666666667
2005-07-20,53.041666666666664
2005-07-21,52.22083333333334
2005-07-22,51.7875
2005-07-23,51.900000000000006
2005-07-24,52.23333333333332
2005-07-25,52.14583333333332
2005-07-26,52.14583333333332
2005-07-27,52.44583333333333
2005-07-28,52.40833333333334
2005-07-29,52.53333333333333
2005-07-30,52.650000000000006
2005-07-31,52.77916666666667
2005-08-01,52.80833333333333
2005-08-02,52.712500000000006
2005-08-03,52.54166666666665
2005-08-04,52.93749999999999
2005-08-05,53.02916666666667
2005-08-06,53.17916666666665
2005-08-07,53.32083333333333
2005-08-08,53.225
2005-08-09,53.51250000000001
2005-08-10,53.645833333333336
2005-08-11,53.83333333333334
2005-08-12,53.84166666666667
2005-08-13,54.25833333333333
2005-08-14,53.85416666666668
2005-08-15,53.90416666666667
2005-08-16,53.991666666666674
2005-08-17,54.20833333333334
2005-08-18,53.91666666666668
2005-08-19,53.512499999999996
2005-08-20,53.44583333333333
2005-08-21,53.754166666666656
2005-08-22,53.98333333333334
2005-08-23,54.0375
2005-08-24,54.066666666666684
2005-08-25,54.10416666666668
2005-08-26,53.974999999999994
2005-08-27,54.091666666666676
2005-08-28,54.145833333333336
2005-08-29,54.42500000000001
2005-08-30,54.39166666666667
2005-08-31,54.12916666666666
2005-09-01,53.5
2005-09-02,53.72916666666668
2005-09-03,53.6875
2005-09-04,53.86666666666667
2005-09-05,54.00833333333333
2005-09-06,54.06249999999999
2005-09-07,54.12916666666666
2005-09-08,54.34166666666667
2005-09-09,54.36249999999998
2005-09-10,54.26666666666667
2005-09-11,54.19583333333333
2005-09-12,54.166666666666664
2005-09-13,54.229166666666664
2005-09-14,54.40416666666666
2005-09-15,54.43333333333333
2005-09-16,54.275
2005-09-17,54.48333333333333
2005-09-18,54.604166666666664
2005-09-19,54.54583333333333
2005-09-20,55.025000000000006
2005-09-21,55.37499999999999
2005-09-22,55.383333333333326
2005-09-23,54.99583333333334
2005-09-24,54.32916666666666
2005-09-25,54.39166666666666
2005-09-26,54.19166666666667
2005-09-27,54.59583333333335
2005-09-28,55.087500000000006
2005-09-29,55.13333333333335
2005-09-30,55.00000000000001
2005-10-01,54.59166666666667
2005-10-02,54.49999999999998
2005-10-03,54.49166666666665
2005-10-04,54.55416666666665
2005-10-05,54.737500000000004
2005-10-06,55.037499999999994
2005-10-07,54.850000000000016
2005-10-08,55.229166666666664
2005-10-09,55.137499999999996
2005-10-10,55.12916666666667
2005-10-11,55.21666666666667
2005-10-12,55.29583333333334
2005-10-13,55.616666666666674
2005-10-14,55.479166666666664
2005-10-15,55.291666666666664
2005-10-16,55.645833333333336
2005-10-17,55.758333333333326
2005-10-18,55.85833333333334
2005-10-19,55.791666666666664
2005-10-20,55.93333333333334
2005-10-21,56.050000000000004
2005-10-22,55.93333333333334
2005-10-23,55.895833333333336
2005-10-24,55.98749999999999
2005-10-25,55.99583333333334
2005-10-26,55.98749999999999
2005-10-27,55.77500000000001
2005-10-28,55.479166666666664
2005-10-29,55.79583333333332
2005-10-30,55.787499999999994
2005-10-31,56.07083333333335
2005-11-01,55.87916666666667
2005-11-02,56.00416666666666
2005-11-03,55.36666666666667
2005-11-04,55.61666666666667
2005-11-05,55.275000000000006
2005-11-06,55.429166666666646
2005-11-07,55.65416666666667
2005-11-08,55.237500000000004
2005-11-09,55.462499999999984
2005-11-10,55.70000000000001
2005-11-11,55.712499999999984
2005-11-12,55.595833333333324
2005-11-13,55.56666666666667
2005-11-14,55.60833333333332
2005-11-15,55.400000000000006
2005-11-16,55.33750000000001
2005-11-17,55.39583333333334
2005-11-18,55.12083333333334
2005-11-19,54.98333333333334
2005-11-20,54.88333333333333
2005-11-21,54.70833333333334
2005-11-22,54.870833333333344
2005-11-23,54.50833333333333
2005-11-24,54.27916666666665
2005-11-25,54.475
2005-11-26,53.9375
2005-11-27,53.787499999999994
2005-11-28,53.291666666666664
2005-11-29,52.89166666666667
2005-11-30,52.94166666666666
2005-12-01,52.82916666666668
2005-12-02,52.741666666666674
2005-12-03,52.73750000000001
2005-12-04,52.55833333333333
2005-12-05,52.51666666666667
2005-12-06,52.7125
2005-12-07,52.62083333333334
2005-12-08,52.78333333333333
2005-12-09,52.662499999999994
2005-12-10,52.67083333333335
2005-12-11,52.51666666666666
2005-12-12,52.32500000000001
2005-12-13,52.11250000000001
2005-12-14,51.87916666666666
2005-12-15,51.68749999999999
2005-12-16,51.43333333333333
2005-12-17,51.33333333333334
2005-12-18,51.32916666666665
2005-12-19,51.35416666666665
2005-12-20,51.383333333333326
2005-12-21,51.429166666666646
2005-12-22,51.69583333333335
2005-12-23,51.895833333333336
2005-12-24,51.76666666666668
2005-12-25,51.72500000000002
2005-12-26,50.89166666666665
2005-12-27,50.48750000000001
2005-12-28,50.791666666666664
2005-12-29,50.63749999999999
2005-12-30,51.12083333333334
2005-12-31,51.354166666666664
2006-01-01,50.49166666666667
2006-01-02,50.695833333333326
2006-01-03,50.604166666666664
2006-01-04,50.90416666666667
2006-01-05,50.925000000000004
2006-01-06,51.183333333333316
2006-01-07,51.012499999999996
2006-01-08,50.67916666666665
2006-01-09,50.71666666666666
2006-01-10,50.558333333333344
2006-01-11,50.40416666666665
2006-01-12,50.270833333333336
2006-01-13,50.050000000000004
2006-01-14,49.86249999999998
2006-01-15,49.50416666666667
2006-01-16,49.4625
2006-01-17,49.52916666666666
2006-01-18,49.53333333333334
2006-01-19,49.11249999999999
2006-01-20,49.054166666666674
2006-01-21,49.46666666666667
2006-01-22,49.17916666666667
2006-01-23,49.70000000000001
2006-01-24,50.22916666666666
2006-01-25,50.024999999999984
2006-01-26,49.787500000000016
2006-01-27,49.43333333333334
2006-01-28,49.162500000000016
2006-01-29,48.94166666666667
2006-01-30,48.4625
2006-01-31,48.25416666666667
2006-02-01,48.208333333333336
2006-02-02,48.400000000000006
2006-02-03,48.58333333333332
2006-02-04,48.041666666666664
2006-02-05,47.84583333333333
2006-02-06,48.14166666666666
2006-02-07,48.29583333333334
2006-02-08,48.56249999999999
2006-02-09,48.625
2006-02-10,48.68333333333333
2006-02-11,48.62916666666667
2006-02-12,48.56666666666666
2006-02-13,48.52916666666667
2006-02-14,48.520833333333336
2006-02-15,48.708333333333336
2006-02-16,48.85833333333334
2006-02-17,48.97916666666668
2006-02-18,48.5
2006-02-19,48.76666666666667
2006-02-20,48.69166666666666
2006-02-21,48.61250000000001
2006-02-22,48.74583333333334
2006-02-23,49.08333333333332
2006-02-24,49.04583333333333
2006-02-25,49.07083333333335
2006-02-26,49.00416666666666
2006-02-27,48.17083333333334
2006-02-28,47.79166666666666
2006-03-01,47.470833333333324
2006-03-02,47.262499999999996
2006-03-03,46.949999999999996
2006-03-04,47.54583333333332
2006-03-05,47.41666666666666
2006-03-06,47.574999999999996
2006-03-07,47.86250000000001
2006-03-08,47.720833333333324
2006-03-09,47.67499999999999
2006-03-10,47.387499999999996
2006-03-11,47.54583333333334
2006-03-12,47.429166666666674
2006-03-13,47.39583333333334
2006-03-14,47.41666666666666
2006-03-15,47.21666666666665
2006-03-16,47.18750000000001
2006-03-17,47.25
2006-03-18,47.400000000000006
2006-03-19,47.56250000000001
2006-03-20,47.412500000000016
2006-03-21,47.462500000000006
2006-03-22,47.62083333333334
2006-03-23,47.65416666666667
2006-03-24,47.574999999999996
2006-03-25,47.4375
2006-03-26,47.37083333333334
2006-03-27,47.45833333333332
2006-03-28,47.29999999999998
2006-03-29,47.308333333333344
2006-03-30,47.61666666666667
2006-03-31,47.625
2006-04-01,47.41666666666666
2006-04-02,47.60869565217392
2006-04-03,47.80833333333333
2006-04-04,48.03333333333333
2006-04-05,47.95416666666667
2006-04-06,47.904166666666676
2006-04-07,47.99166666666667
2006-04-08,47.85416666666666
2006-04-09,47.92083333333332
2006-04-10,47.90416666666666
2006-04-11,48.024999999999984
2006-04-12,49.06666666666667
2006-04-13,48.758333333333326
2006-04-14,48.862500000000004
2006-04-15,48.35833333333334
2006-04-16,48.27916666666667
2006-04-17,48.474999999999994
2006-04-18,48.94166666666667
2006-04-19,49.41666666666666
2006-04-20,49.55833333333333
2006-04-21,49.44583333333332
2006-04-22,49.645833333333336
2006-04-23,49.69583333333333
2006-04-24,49.44583333333332
2006-04-25,49.5375
2006-04-26,50.01250000000001
2006-04-27,50.462499999999984
2006-04-28,50.775
2006-04-29,50.85416666666668
2006-04-30,50.43749999999999
2006-05-01,50.24583333333333
2006-05-02,50.412500000000016
2006-05-03,51.01666666666667
2006-05-04,51.195833333333326
2006-05-05,51.304166666666674
2006-05-06,51.56666666666667
2006-05-07,50.79583333333333
2006-05-08,50.29999999999999
2006-05-09,50.020833333333336
2006-05-10,49.800000000000004
2006-05-11,49.816666666666656
2006-05-12,50.416666666666664
2006-05-13,50.35833333333334
2006-05-14,50.63750000000001
2006-05-15,50.77083333333334
2006-05-16,50.55833333333334
2006-05-17,50.67083333333333
2006-05-18,50.73333333333333
2006-05-19,49.93333333333333
2006-05-20,50.02916666666666
2006-05-21,49.89583333333334
2006-05-22,49.9375
2006-05-23,49.92083333333334
2006-05-24,49.94166666666666
2006-05-25,50.3375
2006-05-26,50.375
2006-05-27,50.2875
2006-05-28,50.362500000000004
2006-05-29,50.65416666666667
2006-05-30,50.67499999999999
2006-05-31,50.30833333333333
2006-06-01,50.10416666666666
2006-06-02,50.36666666666667
2006-06-03,50.400000000000006
2006-06-04,50.80833333333333
2006-06-05,50.887499999999996
2006-06-06,51.00416666666666
2006-06-07,51.0875
2006-06-08,50.72083333333334
2006-06-09,50.849999999999994
2006-06-10,50.80833333333334
2006-06-11,50.67916666666668
2006-06-12,50.854166666666664
2006-06-13,50.56250000000001
2006-06-14,50.24583333333334
2006-06-15,51.03749999999999
2006-06-16,51.962499999999984
2006-06-17,51.30416666666667
2006-06-18,51.18333333333333
2006-06-19,51.19999999999999
2006-06-20,51.06249999999999
2006-06-21,50.93749999999999
2006-06-22,50.81666666666667
2006-06-23,50.95416666666667
2006-06-24,50.98333333333333
2006-06-25,51.07500000000001
2006-06-26,50.99583333333333
2006-06-27,51.07916666666667
2006-06-28,50.725
2006-06-29,51.0375
2006-06-30,51.32083333333332
2006-07-01,51.26666666666668
2006-07-02,51.475
2006-07-03,51.47083333333334
2006-07-04,51.4125
2006-07-05,51.36249999999999
2006-07-06,51.466666666666676
2006-07-07,51.62083333333333
2006-07-08,51.68333333333333
2006-07-09,51.75
2006-07-10,51.975
2006-07-11,51.90416666666667
2006-07-12,51.93749999999999
2006-07-13,51.89583333333332
2006-07-14,51.975
2006-07-15,51.87916666666666
2006-07-16,52.0
2006-07-17,52.24583333333334
2006-07-18,52.26666666666667
2006-07-19,51.75833333333333
2006-07-20,51.5375
2006-07-21,51.225
2006-07-22,51.4375
2006-07-23,51.99166666666667
2006-07-24,52.01250000000001
2006-07-25,52.26666666666667
2006-07-26,52.008333333333326
2006-07-27,52.10833333333333
2006-07-28,52.25833333333333
2006-07-29,52.32083333333333
2006-07-30,52.25416666666666
2006-07-31,52.12916666666667
2006-08-01,52.30833333333334
2006-08-02,52.52916666666667
2006-08-03,52.616666666666674
2006-08-04,52.64583333333334
2006-08-05,52.68333333333334
2006-08-06,52.74583333333333
2006-08-07,53.17083333333333
2006-08-08,52.51666666666668
2006-08-09,52.08333333333334
2006-08-10,52.17083333333334
2006-08-11,52.19166666666666
2006-08-12,52.220833333333324
2006-08-13,52.341666666666676
2006-08-14,52.26666666666666
2006-08-15,52.50416666666667
2006-08-16,52.65416666666667
2006-08-17,52.21250000000001
2006-08-18,51.56666666666666
2006-08-19,51.62916666666666
2006-08-20,51.57500000000001
2006-08-21,51.61666666666667
2006-08-22,51.65833333333333
2006-08-23,51.74583333333334
2006-08-24,51.75833333333332
2006-08-25,52.158333333333324
2006-08-26,52.17499999999999
2006-08-27,52.31249999999999
2006-08-28,52.362500000000004
2006-08-29,52.474999999999994
2006-08-30,52.62083333333334
2006-08-31,52.32083333333333
2006-09-01,52.20416666666666
2006-09-02,52.42083333333333
2006-09-03,52.387499999999996
2006-09-04,52.26666666666667
2006-09-05,52.345833333333324
2006-09-06,52.4125
2006-09-07,52.837500000000006
2006-09-08,52.80833333333333
2006-09-09,52.51249999999999
2006-09-10,52.2875
2006-09-11,52.15833333333333
2006-09-12,52.199999999999996
2006-09-13,52.3375
2006-09-14,52.366666666666674
2006-09-15,51.79583333333334
2006-09-16,51.79583333333332
2006-09-17,52.10833333333334
2006-09-18,51.89166666666666
2006-09-19,52.05000000000001
2006-09-20,52.05833333333333
2006-09-21,52.30416666666667
2006-09-22,52.04583333333335
2006-09-23,52.199999999999996
2006-09-24,52.11666666666667
2006-09-25,52.15833333333333
2006-09-26,52.166666666666664
2006-09-27,52.30416666666667
2006-09-28,52.35833333333334
2006-09-29,52.3375
2006-09-30,52.345833333333324
2006-10-01,52.270833333333336
2006-10-02,52.225
2006-10-03,51.97499999999999
2006-10-04,51.82499999999999
2006-10-05,51.84166666666667
2006-10-06,52.14583333333334
2006-10-07,52.349999999999994
2006-10-08,52.54583333333334
2006-10-09,52.73749999999998
2006-10-10,52.60833333333333
2006-10-11,52.63333333333335
2006-10-12,52.666666666666664
2006-10-13,52.62083333333333
2006-10-14,52.67083333333333
2006-10-15,52.81666666666666
2006-10-16,53.0
2006-10-17,52.791666666666664
2006-10-18,52.824999999999996
2006-10-19,53.104166666666664
2006-10-20,53.27083333333332
2006-10-21,53.13333333333333
2006-10-22,53.1875
2006-10-23,53.17083333333333
2006-10-24,53.20416666666667
2006-10-25,52.975
2006-10-26,53.14166666666666
2006-10-27,52.97083333333333
2006-10-28,52.87083333333333
2006-10-29,52.99583333333333
2006-10-30,53.00416666666666
2006-10-31,52.94166666666666
2006-11-01,52.84166666666666
2006-11-02,53.05416666666665
2006-11-03,53.254166666666684
2006-11-04,53.574999999999996
2006-11-05,53.658333333333324
2006-11-06,54.054166666666674
2006-11-07,54.18333333333334
2006-11-08,54.34583333333333
2006-11-09,53.39166666666667
2006-11-10,52.508333333333326
2006-11-11,52.65833333333333
2006-11-12,52.04583333333333
2006-11-13,51.88750000000001
2006-11-14,52.520833333333336
2006-11-15,52.51666666666667
2006-11-16,52.42916666666667
2006-11-17,52.42916666666665
2006-11-18,52.783333333333324
2006-11-19,52.88333333333335
2006-11-20,52.98333333333333
2006-11-21,52.97083333333334
2006-11-22,52.60416666666666
2006-11-23,52.320833333333326
2006-11-24,52.10833333333333
2006-11-25,51.96666666666667
2006-11-26,51.73333333333334
2006-11-27,51.9125
2006-11-28,51.53333333333333
2006-11-29,51.32916666666666
2006-11-30,51.52916666666667
2006-12-01,51.745833333333316
2006-12-02,51.86666666666665
2006-12-03,51.929166666666674
2006-12-04,52.083333333333336
2006-12-05,52.36249999999999
2006-12-06,52.10416666666668
2006-12-07,52.09583333333334
2006-12-08,52.06666666666666
2006-12-09,52.23333333333334
2006-12-10,52.11666666666667
2006-12-11,52.08750000000001
2006-12-12,51.94166666666667
2006-12-13,51.89166666666666
2006-12-14,52.175000000000004
2006-12-15,51.95416666666666
2006-12-16,51.162499999999994
2006-12-17,51.050000000000004
2006-12-18,50.862500000000004
2006-12-19,50.57083333333333
2006-12-20,50.38750000000002
2006-12-21,50.58333333333334
2006-12-22,50.42916666666665
2006-12-23,50.43333333333334
2006-12-24,50.349999999999994
2006-12-25,50.37916666666667
2006-12-26,49.991666666666674
2006-12-27,49.93750000000001
2006-12-28,49.433333333333344
2006-12-29,49.341666666666676
2006-12-30,49.2125
2006-12-31,49.53333333333333
2007-01-01,49.57500000000001
2007-01-02,49.82916666666667
2007-01-03,49.512499999999996
2007-01-04,49.62500000000001
2007-01-05,49.15833333333333
2007-01-06,48.96666666666666
2007-01-07,49.03333333333334
2007-01-08,49.34583333333333
2007-01-09,49.37916666666666
2007-01-10,49.38750000000002
2007-01-11,49.474999999999994
2007-01-12,49.04999999999999
2007-01-13,48.791666666666664
2007-01-14,48.74166666666667
2007-01-15,48.86249999999999
2007-01-16,48.64583333333332
2007-01-17,48.79583333333334
2007-01-18,48.80416666666667
2007-01-19,49.041666666666664
2007-01-20,49.175000000000004
2007-01-21,49.10833333333333
2007-01-22,49.24583333333333
2007-01-23,49.17083333333334
2007-01-24,49.104166666666664
2007-01-25,49.16666666666668
2007-01-26,49.237500000000004
2007-01-27,49.15
2007-01-28,49.15833333333333
2007-01-29,49.24166666666667
2007-01-30,49.29583333333333
2007-01-31,49.26250000000001
2007-02-01,49.39166666666666
2007-02-02,49.25416666666667
2007-02-03,49.229166666666664
2007-02-04,49.287499999999994
2007-02-05,49.37083333333334
2007-02-06,49.425000000000004
2007-02-07,49.466666666666676
2007-02-08,49.387499999999996
2007-02-09,49.4375
2007-02-10,49.38749999999998
2007-02-11,49.72083333333334
2007-02-12,49.42083333333333
2007-02-13,49.48750000000001
2007-02-14,49.4375
2007-02-15,49.5625
2007-02-16,49.72916666666666
2007-02-17,49.96666666666667
2007-02-18,49.99583333333333
2007-02-19,49.82916666666666
2007-02-20,49.616666666666674
2007-02-21,49.25833333333333
2007-02-22,49.36249999999999
2007-02-23,49.10416666666668
2007-02-24,48.83333333333332
2007-02-25,49.06666666666667
2007-02-26,49.11666666666667
2007-02-27,48.716666666666676
2007-02-28,48.63333333333333
2007-03-01,48.5875
2007-03-02,48.83333333333334
2007-03-03,49.26666666666667
2007-03-04,49.62083333333334
2007-03-05,49.74583333333333
2007-03-06,49.93333333333333
2007-03-07,49.99166666666665
2007-03-08,50.0625
2007-03-09,50.145833333333336
2007-03-10,50.300000000000004
2007-03-11,50.58695652173913
2007-03-12,50.841666666666676
2007-03-13,51.17083333333334
2007-03-14,51.42083333333335
2007-03-15,51.54999999999999
2007-03-16,51.74166666666667
2007-03-17,51.875
2007-03-18,52.12499999999999
2007-03-19,52.16249999999999
2007-03-20,52.333333333333336
2007-03-21,52.06249999999999
2007-03-22,51.900000000000006
2007-03-23,52.20416666666668
2007-03-24,52.645833333333336
2007-03-25,52.712500000000006
2007-03-26,52.337500000000006
2007-03-27,51.712499999999984
2007-03-28,51.38333333333335
2007-03-29,51.25000000000001
2007-03-30,52.041666666666664
2007-03-31,52.62083333333334
2007-04-01,52.60833333333334
2007-04-02,52.26666666666666
2007-04-03,52.225000000000016
2007-04-04,52.42916666666667
2007-04-05,52.8125
2007-04-06,53.104166666666664
2007-04-07,53.34166666666667
2007-04-08,53.025000000000006
2007-04-09,52.724999999999994
2007-04-10,52.18750000000001
2007-04-11,51.89166666666667
2007-04-12,52.395833333333336
2007-04-13,52.31249999999998
2007-04-14,52.85833333333334
2007-04-15,53.11249999999999
2007-04-16,53.19166666666666
2007-04-17,54.008333333333326
2007-04-18,53.116666666666674
2007-04-19,51.67916666666667
2007-04-20,52.28333333333333
2007-04-21,52.17916666666665
2007-04-22,53.14583333333332
2007-04-23,52.81250000000001
2007-04-24,53.68333333333333
2007-04-25,54.27083333333332
2007-04-26,54.324999999999996
2007-04-27,52.199999999999996
2007-04-28,51.44166666666667
2007-04-29,51.412499999999994
2007-04-30,51.433333333333344
2007-05-01,50.24166666666665
2007-05-02,50.00416666666667
2007-05-03,50.1
2007-05-04,51.00416666666667
2007-05-05,51.49166666666667
2007-05-06,51.96666666666667
2007-05-07,52.6625
2007-05-08,52.30416666666667
2007-05-09,51.29166666666666
2007-05-10,51.14166666666666
2007-05-11,50.92083333333334
2007-05-12,50.82916666666667
2007-05-13,50.929166666666674
2007-05-14,50.88333333333333
2007-05-15,50.775
2007-05-16,51.112500000000004
2007-05-17,51.19166666666667
2007-05-18,51.17499999999999
2007-05-19,51.06249999999999
2007-05-20,51.06250000000001
2007-05-21,51.04583333333334
2007-05-22,50.675000000000004
2007-05-23,50.7125
2007-05-24,50.787499999999994
2007-05-25,50.875
2007-05-26,50.966666666666676
2007-05-27,51.00416666666666
2007-05-28,50.98749999999999
2007-05-29,50.85833333333332
2007-05-30,50.55833333333334
2007-05-31,50.76666666666667
2007-06-01,50.95416666666667
2007-06-02,51.245833333333344
2007-06-03,50.92083333333333
2007-06-04,50.54583333333333
2007-06-05,50.75833333333333
2007-06-06,50.800000000000004
2007-06-07,51.00416666666664
2007-06-08,50.94166666666667
2007-06-09,51.08333333333332
2007-06-10,51.287500000000016
2007-06-11,51.508333333333326
2007-06-12,51.270833333333336
2007-06-13,52.02500000000001
2007-06-14,51.40416666666667
2007-06-15,51.845833333333324
2007-06-16,51.90833333333334
2007-06-17,51.99999999999998
2007-06-18,52.724999999999994
2007-06-19,52.36250000000001
2007-06-20,52.275
2007-06-21,52.40416666666665
2007-06-22,52.491666666666646
2007-06-23,51.879166666666656
2007-06-24,51.48333333333334
2007-06-25,51.770833333333314
2007-06-26,52.71666666666666
2007-06-27,52.85833333333333
2007-06-28,52.79999999999999
2007-06-29,52.90416666666667
2007-06-30,52.74583333333334
2007-07-01,53.1
2007-07-02,53.0
2007-07-03,52.67083333333334
2007-07-04,53.2125
2007-07-05,53.20416666666667
2007-07-06,53.47083333333334
2007-07-07,53.52916666666667
2007-07-08,53.82083333333335
2007-07-09,54.01250000000001
2007-07-10,53.86666666666665
2007-07-11,53.79166666666668
2007-07-12,53.59583333333334
2007-07-13,53.883333333333326
2007-07-14,54.037499999999994
2007-07-15,54.24166666666665
2007-07-16,54.4375
2007-07-17,54.425000000000004
2007-07-18,53.875
2007-07-19,53.88333333333333
2007-07-20,54.212500000000006
2007-07-21,54.52916666666667
2007-07-22,54.82500000000001
2007-07-23,54.775
2007-07-24,54.50000000000001
2007-07-25,53.75833333333333
2007-07-26,52.89166666666666
2007-07-27,53.00416666666667
2007-07-28,53.133333333333326
2007-07-29,53.07916666666666
2007-07-30,53.18333333333334
2007-07-31,53.32083333333335
2007-08-01,53.300000000000004
2007-08-02,53.44999999999998
2007-08-03,53.92916666666667
2007-08-04,54.074999999999996
2007-08-05,54.00416666666666
2007-08-06,53.966666666666676
2007-08-07,54.229166666666664
2007-08-08,54.19583333333332
2007-08-09,53.94583333333333
2007-08-10,53.654166666666676
2007-08-11,53.45833333333334
2007-08-12,53.287499999999994
2007-08-13,53.45416666666669
2007-08-14,53.37083333333334
2007-08-15,53.275000000000006
2007-08-16,53.625
2007-08-17,53.899999999999984
2007-08-18,53.60833333333334
2007-08-19,52.866666666666674
2007-08-20,52.89166666666665
2007-08-21,53.24583333333333
2007-08-22,53.441666666666656
2007-08-23,53.41666666666666
2007-08-24,53.4625
2007-08-25,53.69166666666667
2007-08-26,53.6875
2007-08-27,53.69166666666667
2007-08-28,53.70416666666667
2007-08-29,53.63333333333333
2007-08-30,53.65833333333333
2007-08-31,54.22083333333333
2007-09-01,54.43333333333333
2007-09-02,54.20000000000001
2007-09-03,53.54166666666666
2007-09-04,53.7125
2007-09-05,54.02083333333332
2007-09-06,54.08333333333334
2007-09-07,53.69166666666666
2007-09-08,53.14583333333334
2007-09-09,53.34166666666667
2007-09-10,53.61666666666667
2007-09-11,53.76666666666666
2007-09-12,54.17916666666665
2007-09-13,53.97083333333333
2007-09-14,54.10416666666668
2007-09-15,54.62083333333334
2007-09-16,54.82500000000001
2007-09-17,55.958333333333336
2007-09-18,56.74166666666667
2007-09-19,54.875
2007-09-20,54.949999999999996
2007-09-21,55.229166666666664
2007-09-22,54.52916666666667
2007-09-23,55.32500000000001
2007-09-24,55.512499999999996
2007-09-25,55.754166666666656
2007-09-26,54.59166666666666
2007-09-27,54.44166666666666
2007-09-28,53.95833333333332
2007-09-29,54.05833333333333
2007-09-30,54.04166666666666
2007-10-01,54.68749999999999
2007-10-02,55.029166666666676
2007-10-03,55.04583333333332
2007-10-04,54.6875
2007-10-05,54.604166666666664
2007-10-06,54.74583333333334
2007-10-07,55.370833333333344
2007-10-08,55.43750000000002
2007-10-09,54.98333333333333
2007-10-10,55.09583333333335
2007-10-11,54.65416666666667
2007-10-12,54.37916666666666
2007-10-13,53.97083333333333
2007-10-14,54.59166666666667
2007-10-15,55.33333333333332
2007-10-16,55.07083333333335
2007-10-17,55.12499999999999
2007-10-18,54.970833333333324
2007-10-19,55.62083333333333
2007-10-20,54.949999999999996
2007-10-21,54.862500000000004
2007-10-22,55.895833333333336
2007-10-23,56.09583333333334
2007-10-24,56.06250000000001
2007-10-25,56.07916666666665
2007-10-26,55.62083333333334
2007-10-27,55.850000000000016
2007-10-28,55.69999999999999
2007-10-29,56.216666666666676
2007-10-30,56.56250000000001
2007-10-31,56.199999999999996
2007-11-01,56.145833333333336
2007-11-02,56.17083333333332
2007-11-03,56.17916666666667
2007-11-04,55.75000000000001
2007-11-05,55.716666666666676
2007-11-06,55.74583333333333
2007-11-07,55.80833333333334
2007-11-08,55.88750000000001
2007-11-09,56.237500000000004
2007-11-10,55.85833333333334
2007-11-11,56.09583333333334
2007-11-12,55.57500000000001
2007-11-13,56.412500000000016
2007-11-14,56.22083333333333
2007-11-15,56.0625
2007-11-16,56.324999999999996
2007-11-17,56.458333333333336
2007-11-18,56.23749999999999
2007-11-19,56.17083333333333
2007-11-20,54.72916666666668
2007-11-21,54.56666666666667
2007-11-22,54.26250000000001
2007-11-23,53.958333333333336
2007-11-24,53.72916666666668
2007-11-25,54.324999999999996
2007-11-26,54.041666666666664
2007-11-27,54.50833333333333
2007-11-28,54.07083333333335
2007-11-29,53.81250000000002
2007-11-30,53.32500000000001
2007-12-01,52.75416666666667
2007-12-02,52.68749999999999
2007-12-03,53.11666666666665
2007-12-04,53.612500000000004
2007-12-05,53.58333333333332
2007-12-06,53.354166666666664
2007-12-07,53.18333333333334
2007-12-08,51.879166666666684
2007-12-09,50.97083333333333
2007-12-10,51.112500000000004
2007-12-11,51.00000000000002
2007-12-12,51.63333333333333
2007-12-13,51.26250000000001
2007-12-14,51.10833333333332
2007-12-15,51.0
2007-12-16,50.64166666666665
2007-12-17,50.650000000000006
2007-12-18,50.691666666666684
2007-12-19,50.28333333333333
2007-12-20,50.13333333333333
2007-12-21,49.287500000000016
2007-12-22,49.06249999999999
2007-12-23,49.9125
2007-12-24,49.73749999999999
2007-12-25,49.09166666666666
2007-12-26,48.541666666666664
2007-12-27,48.01666666666666
2007-12-28,47.9625
2007-12-29,47.67083333333334
2007-12-30,48.541666666666664
2007-12-31,47.541666666666664
2008-01-01,47.72083333333333
2008-01-02,47.7125
2008-01-03,47.80416666666667
2008-01-04,47.845833333333324
2008-01-05,47.30833333333333
2008-01-06,47.07499999999999
2008-01-07,47.23333333333335
2008-01-08,46.945833333333326
2008-01-09,47.35
2008-01-10,47.35
2008-01-11,47.7125
2008-01-12,47.88333333333333
2008-01-13,47.779166666666676
2008-01-14,47.34583333333334
2008-01-15,46.93333333333334
2008-01-16,46.050000000000004
2008-01-17,46.45833333333332
2008-01-18,46.76666666666667
2008-01-19,46.61666666666665
2008-01-20,46.35833333333334
2008-01-21,45.93333333333333
2008-01-22,45.604166666666664
2008-01-23,45.70416666666666
2008-01-24,45.12916666666666
2008-01-25,45.24583333333333
2008-01-26,45.945833333333326
2008-01-27,45.89166666666666
2008-01-28,45.34583333333334
2008-01-29,44.70416666666667
2008-01-30,44.73333333333333
2008-01-31,44.32916666666667
2008-02-01,44.9
2008-02-02,43.97083333333333
2008-02-03,44.64166666666667
2008-02-04,44.887499999999996
2008-02-05,45.04583333333334
2008-02-06,45.62916666666667
2008-02-07,45.916666666666664
2008-02-08,45.770833333333336
2008-02-09,46.162499999999994
2008-02-10,46.10833333333334
2008-02-11,46.50833333333335
2008-02-12,46.645833333333336
2008-02-13,46.36666666666667
2008-02-14,45.8125
2008-02-15,46.06666666666666
2008-02-16,45.962500000000006
2008-02-17,46.041666666666664
2008-02-18,46.32083333333333
2008-02-19,45.79583333333334
2008-02-20,45.89166666666667
2008-02-21,45.46666666666667
2008-02-22,46.34583333333333
2008-02-23,45.23749999999999
2008-02-24,45.80833333333333
2008-02-25,46.79166666666668
2008-02-26,46.82500000000001
2008-02-27,47.12083333333334
2008-02-28,47.650000000000006
2008-02-29,47.19583333333333
2008-03-01,47.49999999999999
2008-03-02,47.09166666666667
2008-03-03,47.5375
2008-03-04,47.4
2008-03-05,47.229166666666664
2008-03-06,46.599999999999994
2008-03-07,46.30833333333333
2008-03-08,47.1875
2008-03-09,47.68260869565218
2008-03-10,47.87083333333334
2008-03-11,48.5875
2008-03-12,48.67500000000001
2008-03-13,48.974999999999994
2008-03-14,48.52083333333332
2008-03-15,48.48749999999999
2008-03-16,48.42083333333334
2008-03-17,48.67083333333334
2008-03-18,49.087500000000006
2008-03-19,48.14166666666667
2008-03-20,48.758333333333326
2008-03-21,49.04166666666668
2008-03-22,49.15833333333333
2008-03-23,49.34583333333333
2008-03-24,49.06666666666667
2008-03-25,49.820833333333326
2008-03-26,48.94166666666667
2008-03-27,48.62916666666666
2008-03-28,47.94166666666667
2008-03-29,47.958333333333336
2008-03-30,48.06666666666666
2008-03-31,48.22083333333333
2008-04-01,48.916666666666664
2008-04-02,49.92916666666667
2008-04-03,50.07083333333333
2008-04-04,49.80833333333333
2008-04-05,49.55833333333333
2008-04-06,49.41666666666668
2008-04-07,49.25
2008-04-08,49.074999999999996
2008-04-09,49.32916666666667
2008-04-10,49.341666666666676
2008-04-11,49.75416666666667
2008-04-12,50.14166666666666
2008-04-13,50.25000000000001
2008-04-14,50.03333333333333
2008-04-15,49.45833333333334
2008-04-16,49.449999999999996
2008-04-17,49.74583333333334
2008-04-18,50.12500000000001
2008-04-19,50.03333333333333
2008-04-20,49.337500000000006
2008-04-21,49.26666666666667
2008-04-22,48.71666666666666
2008-04-23,49.020833333333336
2008-04-24,49.29583333333334
2008-04-25,49.87916666666667
2008-04-26,50.68333333333334
2008-04-27,50.92083333333333
2008-04-28,51.112500000000004
2008-04-29,50.404166666666676
2008-04-30,49.91666666666668
2008-05-01,49.88333333333333
2008-05-02,50.43749999999999
2008-05-03,50.84166666666666
2008-05-04,50.87083333333334
2008-05-05,51.100000000000016
2008-05-06,50.824999999999996
2008-05-07,50.69583333333335
2008-05-08,50.37916666666666
2008-05-09,50.48333333333333
2008-05-10,50.3375
2008-05-11,50.56666666666667
2008-05-12,50.520833333333336
2008-05-13,50.708333333333336
2008-05-14,51.25416666666666
2008-05-15,51.150000000000006
2008-05-16,51.57916666666668
2008-05-17,51.762499999999996
2008-05-18,51.46666666666667
2008-05-19,51.37916666666666
2008-05-20,50.970833333333324
2008-05-21,50.775
2008-05-22,51.1
2008-05-23,50.862500000000004
2008-05-24,50.291666666666664
2008-05-25,50.070833333333326
2008-05-26,50.69999999999999
2008-05-27,51.14583333333332
2008-05-28,51.395833333333336
2008-05-29,51.662499999999994
2008-05-30,51.929166666666674
2008-05-31,52.20416666666666
2008-06-01,52.20416666666666
2008-06-02,52.5
2008-06-03,52.91666666666666
2008-06-04,52.775000000000006
2008-06-05,53.06666666666667
2008-06-06,53.3125
2008-06-07,53.22083333333334
2008-06-08,53.54999999999999
2008-06-09,53.975
2008-06-10,53.70416666666668
2008-06-11,53.779166666666676
2008-06-12,53.99166666666668
2008-06-13,54.30833333333333
2008-06-14,54.137499999999996
2008-06-15,54.162499999999994
2008-06-16,54.41249999999999
2008-06-17,54.449999999999996
2008-06-18,54.40833333333333
2008-06-19,54.49166666666665
2008-06-20,54.79583333333333
2008-06-21,54.42083333333333
2008-06-22,54.55000000000001
2008-06-23,54.67083333333334
2008-06-24,54.96666666666666
2008-06-25,55.02916666666666
2008-06-26,55.54166666666666
2008-06-27,56.083333333333336
2008-06-28,55.287499999999994
2008-06-29,55.195833333333326
2008-06-30,55.458333333333336
2008-07-01,55.32916666666666
2008-07-02,54.99583333333333
2008-07-03,54.92499999999999
2008-07-04,55.05833333333334
2008-07-05,54.94583333333333
2008-07-06,55.612500000000004
2008-07-07,55.291666666666664
2008-07-08,54.93333333333334
2008-07-09,54.74166666666667
2008-07-10,54.57500000000001
2008-07-11,54.54999999999999
2008-07-12,54.350000000000016
2008-07-13,54.63750000000001
2008-07-14,55.083333333333336
2008-07-15,55.083333333333336
2008-07-16,54.30416666666667
2008-07-17,53.69166666666667
2008-07-18,53.4625
2008-07-19,53.72916666666668
2008-07-20,53.895833333333336
2008-07-21,53.97083333333334
2008-07-22,53.93333333333334
2008-07-23,54.24166666666667
2008-07-24,53.90833333333333
2008-07-25,54.229166666666664
2008-07-26,54.37083333333334
2008-07-27,54.47083333333334
2008-07-28,54.5
2008-07-29,54.616666666666674
2008-07-30,54.5625
2008-07-31,54.84583333333333
2008-08-01,54.729166666666664
2008-08-02,54.237500000000004
2008-08-03,54.35416666666666
2008-08-04,54.16666666666666
2008-08-05,54.400000000000006
2008-08-06,54.47083333333333
2008-08-07,54.416666666666664
2008-08-08,53.74583333333333
2008-08-09,53.93333333333333
2008-08-10,54.54583333333333
2008-08-11,54.59166666666667
2008-08-12,54.716666666666676
2008-08-13,55.05833333333334
2008-08-14,55.087500000000006
2008-08-15,54.69583333333333
2008-08-16,54.862500000000004
2008-08-17,54.945833333333326
2008-08-18,55.162499999999994
2008-08-19,55.22083333333334
2008-08-20,55.0625
2008-08-21,54.75
2008-08-22,55.00000000000001
2008-08-23,55.162500000000016
2008-08-24,55.583333333333336
2008-08-25,55.83333333333332
2008-08-26,55.48333333333333
2008-08-27,54.93750000000001
2008-08-28,55.03333333333333
2008-08-29,55.058333333333316
2008-08-30,55.09583333333333
2008-08-31,55.099999999999994
2008-09-01,55.22083333333333
2008-09-02,55.47083333333334
2008-09-03,55.779166666666676
2008-09-04,54.833333333333336
2008-09-05,54.96666666666667
2008-09-06,54.87916666666667
2008-09-07,54.79166666666665
2008-09-08,55.025
2008-09-09,55.11249999999999
2008-09-10,55.34583333333333
2008-09-11,55.449999999999996
2008-09-12,55.52916666666667
2008-09-13,55.65416666666666
2008-09-14,55.79583333333334
2008-09-15,55.93750000000001
2008-09-16,55.96666666666666
2008-09-17,56.30416666666667
2008-09-18,56.191666666666684
2008-09-19,55.941666666666656
2008-09-20,56.17083333333332
2008-09-21,56.491666666666674
2008-09-22,56.65833333333333
2008-09-23,56.725
2008-09-24,56.770833333333336
2008-09-25,57.05833333333333
2008-09-26,57.237500000000004
2008-09-27,57.6625
2008-09-28,57.75833333333333
2008-09-29,57.666666666666664
2008-09-30,57.824999999999996
2008-10-01,57.70416666666666
2008-10-02,57.68749999999999
2008-10-03,57.099999999999994
2008-10-04,57.49166666666667
2008-10-05,57.57499999999998
2008-10-06,57.9375
2008-10-07,58.16666666666666
2008-10-08,58.31666666666667
2008-10-09,57.737500000000004
2008-10-10,56.900000000000006
2008-10-11,56.80416666666665
2008-10-12,57.008333333333326
2008-10-13,57.79583333333333
2008-10-14,58.224999999999994
2008-10-15,58.287499999999994
2008-10-16,58.333333333333336
2008-10-17,58.199999999999996
2008-10-18,57.925000000000004
2008-10-19,57.712500000000006
2008-10-20,57.779166666666676
2008-10-21,57.69583333333333
2008-10-22,57.67083333333332
2008-10-23,57.758333333333326
2008-10-24,57.90833333333334
2008-10-25,57.95000000000001
2008-10-26,58.07916666666667
2008-10-27,57.849999999999994
2008-10-28,57.916666666666664
2008-10-29,57.970833333333324
2008-10-30,57.64583333333335
2008-10-31,58.116666666666674
2008-11-01,57.9
2008-11-02,57.925000000000004
2008-11-03,57.05833333333336
2008-11-04,57.037499999999994
2008-11-05,56.275
2008-11-06,57.01666666666665
2008-11-07,57.48749999999999
2008-11-08,57.80416666666665
2008-11-09,57.64166666666668
2008-11-10,57.1
2008-11-11,56.65
2008-11-12,56.96250000000001
2008-11-13,57.48750000000001
2008-11-14,57.16666666666666
2008-11-15,57.04583333333332
2008-11-16,56.81666666666666
2008-11-17,56.49999999999999
2008-11-18,56.416666666666664
2008-11-19,56.05416666666667
2008-11-20,55.51249999999999
2008-11-21,55.40833333333333
2008-11-22,55.06250000000002
2008-11-23,55.20416666666667
2008-11-24,55.37916666666667
2008-11-25,55.637499999999996
2008-11-26,55.854166666666664
2008-11-27,55.80416666666667
2008-11-28,55.383333333333326
2008-11-29,55.69583333333332
2008-11-30,55.56666666666667
2008-12-01,55.041666666666664
2008-12-02,55.179166666666674
2008-12-03,54.37083333333334
2008-12-04,54.10833333333334
2008-12-05,54.112500000000004
2008-12-06,53.72916666666665
2008-12-07,53.47083333333333
2008-12-08,53.70416666666667
2008-12-09,53.112500000000004
2008-12-10,52.97916666666668
2008-12-11,52.7125
2008-12-12,52.525000000000006
2008-12-13,52.18333333333333
2008-12-14,51.43333333333333
2008-12-15,51.26666666666667
2008-12-16,51.125
2008-12-17,50.5625
2008-12-18,49.966666666666676
2008-12-19,50.64166666666667
2008-12-20,50.350000000000016
2008-12-21,50.4375
2008-12-22,50.2875
2008-12-23,50.029166666666676
2008-12-24,49.80416666666667
2008-12-25,49.5625
2008-12-26,49.241666666666674
2008-12-27,49.30833333333334
2008-12-28,48.99999999999999
2008-12-29,49.20416666666667
2008-12-30,49.12083333333333
2008-12-31,48.975
2009-01-01,48.60833333333334
2009-01-02,48.29999999999999
2009-01-03,47.75416666666667
2009-01-04,47.333333333333336
2009-01-05,47.39166666666667
2009-01-06,47.79166666666666
2009-01-07,48.01666666666667
2009-01-08,47.95416666666666
2009-01-09,47.675000000000004
2009-01-10,48.05833333333334
2009-01-11,47.96666666666667
2009-01-12,48.449999999999996
2009-01-13,48.28333333333334
2009-01-14,47.791666666666664
2009-01-15,47.64166666666668
2009-01-16,47.57083333333333
2009-01-17,47.262499999999996
2009-01-18,47.15833333333333
2009-01-19,47.15833333333333
2009-01-20,46.88333333333333
2009-01-21,46.62500000000001
2009-01-22,46.90833333333334
2009-01-23,47.39166666666665
2009-01-24,48.383333333333326
2009-01-25,48.699999999999996
2009-01-26,48.30833333333333
2009-01-27,47.962500000000006
2009-01-28,47.96666666666667
2009-01-29,48.2125
2009-01-30,48.45416666666667
2009-01-31,48.62083333333333
2009-02-01,48.708333333333336
2009-02-02,48.82916666666667
2009-02-03,48.729166666666664
2009-02-04,48.64583333333332
2009-02-05,48.32500000000001
2009-02-06,48.599999999999994
2009-02-07,48.370833333333344
2009-02-08,47.58750000000001
2009-02-09,47.51666666666667
2009-02-10,46.487500000000004
2009-02-11,46.595833333333324
2009-02-12,46.824999999999996
2009-02-13,46.22083333333333
2009-02-14,45.966666666666676
2009-02-15,45.958333333333336
2009-02-16,45.75833333333333
2009-02-17,45.675000000000004
2009-02-18,46.5
2009-02-19,46.9625
2009-02-20,47.48333333333333
2009-02-21,47.43333333333334
2009-02-22,47.67499999999999
2009-02-23,48.712499999999984
2009-02-24,48.76666666666666
2009-02-25,47.762499999999996
2009-02-26,48.45416666666666
2009-02-27,47.99583333333334
2009-02-28,47.81249999999999
2009-03-01,47.962500000000006
2009-03-02,48.82916666666667
2009-03-03,48.4375
2009-03-04,48.333333333333336
2009-03-05,48.28333333333334
2009-03-06,48.40000000000001
2009-03-07,48.429166666666674
2009-03-08,48.36521739130435
2009-03-09,47.85
2009-03-10,47.71666666666666
2009-03-11,48.404166666666676
2009-03-12,48.98750000000001
2009-03-13,49.262499999999996
2009-03-14,48.800000000000004
2009-03-15,48.43333333333334
2009-03-16,49.62916666666666
2009-03-17,49.83333333333334
2009-03-18,49.675000000000004
2009-03-19,50.04999999999999
2009-03-20,50.09583333333335
2009-03-21,49.275
2009-03-22,49.387499999999996
2009-03-23,49.12916666666666
2009-03-24,49.72083333333333
2009-03-25,49.61666666666668
2009-03-26,50.166666666666664
2009-03-27,50.654166666666676
2009-03-28,50.77083333333332
2009-03-29,50.10833333333335
2009-03-30,49.9375
2009-03-31,50.14166666666667
2009-04-01,50.09583333333333
2009-04-02,50.02083333333335
2009-04-03,49.5375
2009-04-04,49.40000000000001
2009-04-05,49.30000000000001
2009-04-06,49.73333333333333
2009-04-07,49.212500000000006
2009-04-08,48.88333333333333
2009-04-09,48.525000000000006
2009-04-10,49.112500000000004
2009-04-11,49.416666666666664
2009-04-12,50.13333333333332
2009-04-13,50.49583333333334
2009-04-14,49.39166666666667
2009-04-15,49.45416666666666
2009-04-16,49.73333333333332
2009-04-17,50.237500000000004
2009-04-18,50.49583333333334
2009-04-19,50.68750000000001
2009-04-20,50.97916666666668
2009-04-21,50.77500000000001
2009-04-22,50.97916666666668
2009-04-23,50.94166666666667
2009-04-24,50.537499999999994
2009-04-25,49.91666666666665
2009-04-26,50.0625
2009-04-27,49.966666666666676
2009-04-28,49.25416666666667
2009-04-29,49.42916666666667
2009-04-30,49.462500000000006
2009-05-01,49.29583333333334
2009-05-02,49.20416666666667
2009-05-03,49.85416666666666
2009-05-04,50.12916666666666
2009-05-05,50.987500000000004
2009-05-06,51.35833333333332
2009-05-07,51.40416666666666
2009-05-08,51.01666666666668
2009-05-09,51.18749999999999
2009-05-10,51.23333333333333
2009-05-11,51.362500000000004
2009-05-12,51.00416666666666
2009-05-13,50.804166666666674
2009-05-14,51.345833333333324
2009-05-15,51.525000000000006
2009-05-16,51.54583333333334
2009-05-17,51.429166666666674
2009-05-18,51.31250000000001
2009-05-19,51.35833333333334
2009-05-20,51.3375
2009-05-21,51.34166666666667
2009-05-22,51.387499999999996
2009-05-23,51.45416666666666
2009-05-24,51.574999999999996
2009-05-25,51.74166666666665
2009-05-26,52.00416666666666
2009-05-27,52.0875
2009-05-28,51.949999999999996
2009-05-29,51.92083333333334
2009-05-30,52.17916666666665
2009-05-31,52.24166666666667
2009-06-01,51.76666666666668
2009-06-02,51.74583333333333
2009-06-03,51.975
2009-06-04,52.39583333333334
2009-06-05,51.225000000000016
2009-06-06,51.33333333333334
2009-06-07,52.23333333333334
2009-06-08,52.541666666666686
2009-06-09,52.445833333333326
2009-06-10,52.53333333333333
2009-06-11,52.24166666666665
2009-06-12,52.520833333333336
2009-06-13,52.974999999999994
2009-06-14,53.07916666666667
2009-06-15,53.07916666666666
2009-06-16,53.09166666666667
2009-06-17,53.54166666666666
2009-06-18,53.46666666666666
2009-06-19,53.65
2009-06-20,53.399999999999984
2009-06-21,53.279166666666676
2009-06-22,53.5
2009-06-23,53.85
2009-06-24,53.69583333333335
2009-06-25,53.87916666666666
2009-06-26,54.133333333333326
2009-06-27,54.24166666666665
2009-06-28,54.25833333333335
2009-06-29,54.375
2009-06-30,54.55833333333333
2009-07-01,54.558333333333344
2009-07-02,54.67083333333333
2009-07-03,54.883333333333354
2009-07-04,55.083333333333336
2009-07-05,55.31666666666667
2009-07-06,55.304166666666674
2009-07-07,54.962499999999984
2009-07-08,54.599999999999994
2009-07-09,54.525000000000006
2009-07-10,54.7875
2009-07-11,55.024999999999984
2009-07-12,55.179166666666674
2009-07-13,55.2875
2009-07-14,54.88749999999999
2009-07-15,54.99166666666667
2009-07-16,54.970833333333324
2009-07-17,54.458333333333336
2009-07-18,54.47916666666666
2009-07-19,54.67083333333333
2009-07-20,54.63333333333335
2009-07-21,53.97083333333333
2009-07-22,53.62083333333334
2009-07-23,53.52500000000001
2009-07-24,53.72083333333334
2009-07-25,53.787499999999994
2009-07-26,53.775000000000006
2009-07-27,54.14583333333332
2009-07-28,54.275
2009-07-29,54.274999999999984
2009-07-30,54.199999999999996
2009-07-31,54.412499999999994
2009-08-01,54.30833333333333
2009-08-02,54.56249999999999
2009-08-03,54.54583333333332
2009-08-04,54.60833333333333
2009-08-05,54.28333333333333
2009-08-06,54.083333333333336
2009-08-07,54.19166666666666
2009-08-08,54.637499999999996
2009-08-09,54.68333333333334
2009-08-10,54.80416666666667
2009-08-11,55.1625
2009-08-12,54.60833333333335
2009-08-13,53.72916666666666
2009-08-14,53.57083333333333
2009-08-15,53.94999999999999
2009-08-16,53.708333333333336
2009-08-17,54.04583333333333
2009-08-18,54.25416666666667
2009-08-19,54.30833333333334
2009-08-20,54.35833333333333
2009-08-21,54.52500000000001
2009-08-22,54.70833333333334
2009-08-23,54.65416666666667
2009-08-24,54.558333333333344
2009-08-25,54.92499999999998
2009-08-26,54.73333333333335
2009-08-27,54.962500000000006
2009-08-28,54.67916666666665
2009-08-29,55.16666666666666
2009-08-30,54.73333333333333
2009-08-31,54.85416666666668
2009-09-01,54.77916666666666
2009-09-02,54.76666666666666
2009-09-03,54.68333333333334
2009-09-04,54.08333333333334
2009-09-05,54.75
2009-09-06,54.87500000000001
2009-09-07,54.800000000000004
2009-09-08,54.754166666666656
2009-09-09,54.725000000000016
2009-09-10,54.9
2009-09-11,54.883333333333326
2009-09-12,54.820833333333326
2009-09-13,54.69583333333333
2009-09-14,55.16666666666668
2009-09-15,55.29583333333333
2009-09-16,55.479166666666664
2009-09-17,55.758333333333326
2009-09-18,55.9125
2009-09-19,56.12916666666666
2009-09-20,56.37916666666666
2009-09-21,56.412499999999994
2009-09-22,56.16666666666665
2009-09-23,55.90833333333334
2009-09-24,55.78333333333334
2009-09-25,55.79583333333335
2009-09-26,56.08333333333334
2009-09-27,55.94583333333333
2009-09-28,55.51249999999999
2009-09-29,55.300000000000004
2009-09-30,55.15416666666667
2009-10-01,55.19583333333332
2009-10-02,55.087500000000006
2009-10-03,54.87083333333334
2009-10-04,54.27916666666667
2009-10-05,54.616666666666674
2009-10-06,54.72916666666666
2009-10-07,55.262499999999996
2009-10-08,55.4375
2009-10-09,55.77916666666667
2009-10-10,55.99166666666668
2009-10-11,55.83750000000001
2009-10-12,54.94999999999999
2009-10-13,54.81666666666666
2009-10-14,55.741666666666674
2009-10-15,55.54999999999999
2009-10-16,56.73749999999999
2009-10-17,57.58333333333332
2009-10-18,57.12916666666666
2009-10-19,56.60416666666665
2009-10-20,56.89166666666667
2009-10-21,56.83333333333332
2009-10-22,57.383333333333326
2009-10-23,57.65833333333333
2009-10-24,57.62499999999999
2009-10-25,57.48750000000001
2009-10-26,57.183333333333316
2009-10-27,56.89583333333334
2009-10-28,56.55833333333334
2009-10-29,56.5875
2009-10-30,57.400000000000006
2009-10-31,57.32500000000001
2009-11-01,57.970833333333324
2009-11-02,57.86666666666665
2009-11-03,57.95833333333332
2009-11-04,57.92083333333333
2009-11-05,57.09166666666669
2009-11-06,57.60833333333334
2009-11-07,57.42083333333334
2009-11-08,57.19583333333333
2009-11-09,56.48749999999999
2009-11-10,57.183333333333316
2009-11-11,56.95416666666666
2009-11-12,57.10833333333334
2009-11-13,56.52916666666667
2009-11-14,56.524999999999984
2009-11-15,56.21666666666667
2009-11-16,55.93750000000001
2009-11-17,55.36666666666665
2009-11-18,55.60416666666666
2009-11-19,55.43333333333334
2009-11-20,54.73333333333334
2009-11-21,54.966666666666676
2009-11-22,55.34583333333334
2009-11-23,55.162500000000016
2009-11-24,55.695833333333326
2009-11-25,55.58333333333332
2009-11-26,55.14166666666668
2009-11-27,55.27083333333335
2009-11-28,54.38333333333333
2009-11-29,54.27916666666667
2009-11-30,54.24583333333334
2009-12-01,53.9125
2009-12-02,53.68333333333333
2009-12-03,53.64166666666666
2009-12-04,52.975000000000016
2009-12-05,52.14166666666668
2009-12-06,51.39583333333334
2009-12-07,50.9375
2009-12-08,50.32083333333333
2009-12-09,50.12500000000001
2009-12-10,50.05833333333333
2009-12-11,50.33333333333334
2009-12-12,50.54583333333334
2009-12-13,51.104166666666664
2009-12-14,51.06666666666666
2009-12-15,51.087500000000006
2009-12-16,50.97916666666668
2009-12-17,51.22916666666666
2009-12-18,51.12083333333334
2009-12-19,50.43333333333334
2009-12-20,50.20833333333334
2009-12-21,50.275
2009-12-22,49.58333333333334
2009-12-23,49.02916666666666
2009-12-24,49.19166666666666
2009-12-25,49.10833333333333
2009-12-26,48.62916666666667
2009-12-27,48.95416666666667
2009-12-28,48.74166666666667
2009-12-29,48.100000000000016
2009-12-30,48.67916666666667
2009-12-31,48.387499999999996
2010-01-01,48.61250000000001
2010-01-02,48.90416666666666
2010-01-03,48.68749999999999
2010-01-04,48.47083333333334
2010-01-05,48.854166666666664
2010-01-06,48.72916666666668
2010-01-07,48.61666666666667
2010-01-08,48.68333333333334
2010-01-09,48.62916666666667
2010-01-10,49.05833333333334
2010-01-11,48.76666666666666
2010-01-12,48.658333333333324
2010-01-13,49.441666666666684
2010-01-14,49.00833333333333
2010-01-15,49.1625
2010-01-16,49.533333333333324
2010-01-17,49.49583333333334
2010-01-18,49.449999999999996
2010-01-19,49.02083333333334
2010-01-20,48.52916666666667
2010-01-21,48.55833333333334
2010-01-22,48.40833333333334
2010-01-23,48.17083333333333
2010-01-24,48.32083333333332
2010-01-25,48.1625
2010-01-26,48.40416666666667
2010-01-27,48.36666666666667
2010-01-28,48.50833333333333
2010-01-29,48.51250000000001
2010-01-30,48.804166666666674
2010-01-31,48.99166666666667
2010-02-01,48.32500000000001
2010-02-02,48.333333333333336
2010-02-03,48.550000000000004
2010-02-04,48.15416666666667
2010-02-05,48.479166666666664
2010-02-06,48.39583333333334
2010-02-07,48.68333333333334
2010-02-08,48.22916666666666
2010-02-09,48.88333333333333
2010-02-10,47.975000000000016
2010-02-11,48.304166666666674
2010-02-12,48.30416666666665
2010-02-13,48.72083333333333
2010-02-14,48.25416666666667
2010-02-15,48.85833333333334
2010-02-16,49.43750000000001
2010-02-17,49.45416666666667
2010-02-18,49.4375
2010-02-19,49.55416666666667
2010-02-20,49.666666666666686
2010-02-21,49.32916666666666
2010-02-22,48.75
2010-02-23,48.3375
2010-02-24,48.63750000000001
2010-02-25,48.82916666666668
2010-02-26,48.604166666666664
2010-02-27,49.49166666666667
2010-02-28,49.320833333333354
2010-03-01,49.145833333333336
2010-03-02,49.316666666666684
2010-03-03,49.25416666666666
2010-03-04,48.72083333333334
2010-03-05,49.458333333333336
2010-03-06,49.75000000000001
2010-03-07,50.23333333333334
2010-03-08,49.387499999999996
2010-03-09,48.73333333333333
2010-03-10,49.520833333333336
2010-03-11,49.70416666666666
2010-03-12,48.61249999999999
2010-03-13,48.791666666666664
2010-03-14,49.17391304347826
2010-03-15,49.44166666666667
2010-03-16,49.47916666666666
2010-03-17,50.34166666666667
2010-03-18,50.479166666666664
2010-03-19,50.79583333333334
2010-03-20,50.56666666666667
2010-03-21,50.37916666666666
2010-03-22,51.10833333333334
2010-03-23,51.15416666666666
2010-03-24,51.02916666666667
2010-03-25,50.270833333333336
2010-03-26,50.78333333333333
2010-03-27,50.99166666666665
2010-03-28,50.19166666666666
2010-03-29,50.25416666666667
2010-03-30,50.46666666666667
2010-03-31,49.73749999999999
2010-04-01,50.06666666666666
2010-04-02,48.99166666666667
2010-04-03,49.08333333333334
2010-04-04,48.616666666666674
2010-04-05,48.90833333333333
2010-04-06,49.63333333333335
2010-04-07,50.57916666666665
2010-04-08,51.070833333333326
2010-04-09,51.087500000000006
2010-04-10,50.712500000000006
2010-04-11,50.01250000000001
2010-04-12,49.74166666666667
2010-04-13,50.479166666666664
2010-04-14,50.10833333333332
2010-04-15,51.1
2010-04-16,51.40833333333333
2010-04-17,51.87916666666667
2010-04-18,52.20833333333335
2010-04-19,51.95833333333332
2010-04-20,51.2875
2010-04-21,51.58333333333332
2010-04-22,51.79583333333333
2010-04-23,51.82499999999999
2010-04-24,52.07499999999999
2010-04-25,52.291666666666664
2010-04-26,50.60416666666668
2010-04-27,50.76666666666666
2010-04-28,50.14583333333334
2010-04-29,50.412499999999994
2010-04-30,50.97083333333334
2010-05-01,51.84583333333334
2010-05-02,52.412499999999994
2010-05-03,51.85833333333335
2010-05-04,51.120833333333344
2010-05-05,50.96666666666667
2010-05-06,50.95000000000001
2010-05-07,50.92916666666667
2010-05-08,51.287499999999994
2010-05-09,52.008333333333326
2010-05-10,51.649999999999984
2010-05-11,51.9375
2010-05-12,52.5
2010-05-13,53.179166666666674
2010-05-14,53.34166666666667
2010-05-15,53.24583333333334
2010-05-16,53.15416666666666
2010-05-17,52.57916666666665
2010-05-18,52.37083333333334
2010-05-19,51.69583333333333
2010-05-20,51.958333333333336
2010-05-21,51.770833333333336
2010-05-22,51.475
2010-05-23,51.67916666666665
2010-05-24,52.07916666666666
2010-05-25,52.02916666666666
2010-05-26,52.854166666666664
2010-05-27,52.67916666666667
2010-05-28,53.42499999999999
2010-05-29,54.10833333333334
2010-05-30,54.887499999999996
2010-05-31,54.92499999999999
2010-06-01,54.14166666666667
2010-06-02,51.09583333333333
2010-06-03,50.804166666666674
2010-06-04,50.98333333333333
2010-06-05,51.0625
2010-06-06,51.47083333333334
2010-06-07,51.7875
2010-06-08,51.89166666666667
2010-06-09,52.020833333333336
2010-06-10,51.512499999999996
2010-06-11,51.07499999999999
2010-06-12,51.22916666666666
2010-06-13,51.25416666666666
2010-06-14,51.29583333333334
2010-06-15,51.46666666666666
2010-06-16,51.20833333333334
2010-06-17,51.60416666666666
2010-06-18,51.083333333333336
2010-06-19,51.22916666666666
2010-06-20,51.30416666666667
2010-06-21,51.62083333333334
2010-06-22,51.25000000000001
2010-06-23,51.04999999999999
2010-06-24,50.783333333333324
2010-06-25,51.104166666666664
2010-06-26,51.54583333333334
2010-06-27,51.55833333333334
2010-06-28,51.5375
2010-06-29,51.5875
2010-06-30,51.51666666666668
2010-07-01,51.37916666666667
2010-07-02,51.46666666666666
2010-07-03,51.487500000000004
2010-07-04,51.62916666666666
2010-07-05,51.62083333333334
2010-07-06,51.78333333333333
2010-07-07,51.78333333333334
2010-07-08,51.775000000000006
2010-07-09,51.97083333333334
2010-07-10,51.87916666666666
2010-07-11,51.816666666666684
2010-07-12,52.02083333333334
2010-07-13,51.98750000000001
2010-07-14,51.949999999999996
2010-07-15,51.87083333333333
2010-07-16,51.78333333333333
2010-07-17,51.79999999999999
2010-07-18,51.654166666666676
2010-07-19,51.62916666666667
2010-07-20,51.59166666666667
2010-07-21,51.662499999999994
2010-07-22,51.74166666666667
2010-07-23,51.80416666666667
2010-07-24,51.78333333333333
2010-07-25,51.93750000000001
2010-07-26,51.979166666666664
2010-07-27,52.02083333333334
2010-07-28,52.03333333333334
2010-07-29,51.81249999999999
2010-07-30,51.8375
2010-07-31,51.86666666666667
2010-08-01,52.0
2010-08-02,52.066666666666656
2010-08-03,52.07916666666667
2010-08-04,52.33333333333334
2010-08-05,52.462500000000006
2010-08-06,52.51666666666667
2010-08-07,52.68749999999999
2010-08-08,52.75
2010-08-09,52.82916666666667
2010-08-10,52.70416666666668
2010-08-11,52.504166666666684
2010-08-12,52.479166666666664
2010-08-13,52.54583333333333
2010-08-14,52.68333333333333
2010-08-15,52.875
2010-08-16,53.00416666666666
2010-08-17,52.82083333333332
2010-08-18,51.92916666666667
2010-08-19,51.84583333333334
2010-08-20,52.024999999999984
2010-08-21,52.06666666666667
2010-08-22,52.04166666666666
2010-08-23,52.366666666666674
2010-08-24,52.01666666666667
2010-08-25,52.2125
2010-08-26,52.279166666666676
2010-08-27,52.59583333333335
2010-08-28,51.67083333333333
2010-08-29,51.85833333333334
2010-08-30,51.8375
2010-08-31,52.229166666666664
2010-09-01,52.712500000000006
2010-09-02,52.77083333333334
2010-09-03,52.77916666666667
2010-09-04,52.73333333333333
2010-09-05,52.90416666666667
2010-09-06,52.67916666666667
2010-09-07,52.279166666666676
2010-09-08,51.96666666666667
2010-09-09,51.67499999999999
2010-09-10,51.54999999999999
2010-09-11,51.76249999999999
2010-09-12,51.50000000000001
2010-09-13,51.587500000000006
2010-09-14,52.512499999999996
2010-09-15,52.6875
2010-09-16,53.041666666666664
2010-09-17,52.762499999999996
2010-09-18,53.162500000000016
2010-09-19,51.974999999999994
2010-09-20,52.07916666666667
2010-09-21,51.80416666666665
2010-09-22,52.12916666666666
2010-09-23,52.65000000000001
2010-09-24,52.929166666666674
2010-09-25,52.85833333333333
2010-09-26,53.04583333333333
2010-09-27,52.962500000000006
2010-09-28,53.225
2010-09-29,53.29583333333334
2010-09-30,53.274999999999984
2010-10-01,53.320833333333326
2010-10-02,53.34166666666667
2010-10-03,53.25
2010-10-04,52.6875
2010-10-05,53.212500000000006
2010-10-06,53.287499999999994
2010-10-07,53.120833333333344
2010-10-08,53.22916666666666
2010-10-09,53.40416666666667
2010-10-10,53.979166666666664
2010-10-11,54.112500000000004
2010-10-12,54.09166666666666
2010-10-13,53.92083333333333
2010-10-14,53.416666666666664
2010-10-15,53.20416666666666
2010-10-16,53.05833333333334
2010-10-17,52.529166666666676
2010-10-18,53.0625
2010-10-19,52.92083333333333
2010-10-20,52.67500000000001
2010-10-21,52.699999999999996
2010-10-22,52.64583333333332
2010-10-23,52.07083333333335
2010-10-24,52.495833333333316
2010-10-25,51.9125
2010-10-26,51.975
2010-10-27,51.47083333333334
2010-10-28,51.662499999999994
2010-10-29,51.87916666666666
2010-10-30,51.662500000000016
2010-10-31,52.28749999999999
2010-11-01,52.541666666666664
2010-11-02,52.88750000000001
2010-11-03,52.650000000000006
2010-11-04,52.39166666666667
2010-11-05,52.38750000000001
2010-11-06,52.25833333333333
2010-11-07,52.22916666666668
2010-11-08,52.15416666666667
2010-11-09,50.90416666666669
2010-11-10,51.29166666666668
2010-11-11,51.00833333333333
2010-11-12,51.02916666666667
2010-11-13,50.887499999999996
2010-11-14,51.35
2010-11-15,51.94166666666666
2010-11-16,51.76666666666666
2010-11-17,51.50416666666667
2010-11-18,51.24999999999999
2010-11-19,51.11666666666667
2010-11-20,50.50416666666666
2010-11-21,50.68333333333333
2010-11-22,50.56666666666667
2010-11-23,50.775000000000006
2010-11-24,50.18333333333333
2010-11-25,50.19999999999998
2010-11-26,50.24999999999999
2010-11-27,50.32916666666667
2010-11-28,50.43750000000001
2010-11-29,50.42916666666665
2010-11-30,50.491666666666646
2010-12-01,51.0
2010-12-02,50.98333333333334
2010-12-03,50.94166666666666
2010-12-04,51.19583333333335
2010-12-05,51.441666666666656
2010-12-06,51.49583333333334
2010-12-07,51.604166666666664
2010-12-08,51.4125
2010-12-09,51.72083333333333
2010-12-10,51.87916666666666
2010-12-11,51.912499999999994
2010-12-12,51.54583333333332
2010-12-13,51.429166666666674
2010-12-14,52.12916666666667
2010-12-15,53.17916666666665
2010-12-16,53.15
2010-12-17,52.97916666666666
2010-12-18,53.237500000000004
2010-12-19,53.18750000000002
2010-12-20,52.72083333333333
2010-12-21,52.40416666666665
2010-12-22,52.3125
2010-12-23,52.237500000000004
2010-12-24,52.55416666666667
2010-12-25,52.475000000000016
2010-12-26,52.0
2010-12-27,51.729166666666664
2010-12-28,51.633333333333326
2010-12-29,51.18333333333334
2010-12-30,50.82083333333333
2010-12-31,50.75416666666667
2011-01-01,50.85833333333334
2011-01-02,50.98333333333334
2011-01-03,51.029166666666676
2011-01-04,50.85416666666666
2011-01-05,50.645833333333336
2011-01-06,50.65833333333333
2011-01-07,50.258333333333326
2011-01-08,49.908333333333324
2011-01-09,49.770833333333336
2011-01-10,49.58333333333335
2011-01-11,49.55833333333333
2011-01-12,49.75416666666667
2011-01-13,49.64166666666665
2011-01-14,50.00416666666666
2011-01-15,49.88333333333335
2011-01-16,50.24583333333334
2011-01-17,49.912499999999994
2011-01-18,49.725
2011-01-19,49.520833333333336
2011-01-20,49.68333333333334
2011-01-21,49.84166666666667
2011-01-22,50.13333333333333
2011-01-23,49.883333333333326
2011-01-24,49.92083333333332
2011-01-25,50.058333333333344
2011-01-26,49.99583333333333
2011-01-27,49.79166666666666
2011-01-28,49.70416666666666
2011-01-29,49.037499999999994
2011-01-30,49.37499999999999
2011-01-31,49.37499999999999
2011-02-01,49.27500000000001
2011-02-02,49.087500000000006
2011-02-03,49.42083333333333
2011-02-04,49.587500000000006
2011-02-05,49.88749999999999
2011-02-06,50.145833333333336
2011-02-07,49.99166666666667
2011-02-08,49.31666666666666
2011-02-09,49.112500000000004
2011-02-10,49.254166666666656
2011-02-11,49.40833333333333
2011-02-12,49.712499999999984
2011-02-13,49.70833333333334
2011-02-14,48.86249999999999
2011-02-15,48.85416666666668
2011-02-16,48.5625
2011-02-17,47.11666666666667
2011-02-18,47.60833333333333
2011-02-19,47.44166666666667
2011-02-20,47.520833333333336
2011-02-21,48.31666666666666
2011-02-22,48.34583333333333
2011-02-23,48.5625
2011-02-24,47.56666666666666
2011-02-25,48.11666666666667
2011-02-26,48.14166666666666
2011-02-27,47.97083333333333
2011-02-28,47.47916666666666
2011-03-01,48.36666666666665
2011-03-02,48.05833333333334
2011-03-03,48.587500000000006
2011-03-04,48.67083333333334
2011-03-05,48.59166666666667
2011-03-06,48.84583333333333
2011-03-07,49.02083333333334
2011-03-08,49.00416666666666
2011-03-09,49.22499999999999
2011-03-10,49.25833333333333
2011-03-11,49.449999999999996
2011-03-12,48.92083333333333
2011-03-13,48.547826086956505
2011-03-14,48.95416666666666
2011-03-15,48.52916666666667
2011-03-16,48.24166666666667
2011-03-17,47.95416666666667
2011-03-18,47.708333333333314
2011-03-19,47.37916666666666
2011-03-20,47.37500000000001
2011-03-21,47.62499999999999
2011-03-22,47.57499999999998
2011-03-23,47.637499999999996
2011-03-24,47.62916666666666
2011-03-25,47.31666666666666
2011-03-26,47.587499999999984
2011-03-27,47.5875
2011-03-28,47.68750000000001
2011-03-29,47.80833333333334
2011-03-30,48.07916666666667
2011-03-31,48.400000000000006
2011-04-01,48.587500000000006
2011-04-02,48.74583333333333
2011-04-03,49.087500000000006
2011-04-04,49.20833333333335
2011-04-05,49.104166666666664
2011-04-06,49.14166666666665
2011-04-07,48.62916666666667
2011-04-08,48.741666666666674
2011-04-09,49.5
2011-04-10,49.77916666666666
2011-04-11,49.991666666666674
2011-04-12,50.083333333333336
2011-04-13,50.337500000000006
2011-04-14,50.14166666666666
2011-04-15,49.99583333333333
2011-04-16,50.82083333333333
2011-04-17,51.00000000000001
2011-04-18,51.92916666666667
2011-04-19,51.779166666666676
2011-04-20,50.762499999999996
2011-04-21,51.72083333333333
2011-04-22,51.67916666666667
2011-04-23,51.88333333333333
2011-04-24,52.887499999999996
2011-04-25,52.36249999999999
2011-04-26,51.95833333333332
2011-04-27,51.36250000000001
2011-04-28,51.96250000000001
2011-04-29,52.16666666666666
2011-04-30,52.3125
2011-05-01,52.45833333333334
2011-05-02,53.74166666666667
2011-05-03,53.86666666666667
2011-05-04,53.5875
2011-05-05,54.23333333333333
2011-05-06,54.70416666666668
2011-05-07,53.120833333333344
2011-05-08,52.175000000000004
2011-05-09,51.770833333333336
2011-05-10,52.23333333333333
2011-05-11,52.612500000000004
2011-05-12,52.60833333333333
2011-05-13,52.56666666666667
2011-05-14,51.73749999999999
2011-05-15,50.6625
2011-05-16,50.349999999999994
2011-05-17,50.2875
2011-05-18,51.91666666666668
2011-05-19,53.05833333333334
2011-05-20,54.099999999999994
2011-05-21,54.60833333333334
2011-05-22,53.1
2011-05-23,52.64166666666666
2011-05-24,52.816666666666684
2011-05-25,52.054166666666674
2011-05-26,51.458333333333336
2011-05-27,51.40416666666667
2011-05-28,51.8125
2011-05-29,52.116666666666674
2011-05-30,52.81666666666666
2011-05-31,51.95000000000002
2011-06-01,51.54583333333334
2011-06-02,52.39166666666666
2011-06-03,52.024999999999984
2011-06-04,51.441666666666656
2011-06-05,51.76666666666666
2011-06-06,51.466666666666676
2011-06-07,52.037499999999994
2011-06-08,53.04583333333333
2011-06-09,52.43750000000001
2011-06-10,51.104166666666664
2011-06-11,50.74999999999999
2011-06-12,51.05833333333334
2011-06-13,51.337500000000006
2011-06-14,51.220833333333324
2011-06-15,50.73749999999999
2011-06-16,50.34166666666666
2011-06-17,50.166666666666664
2011-06-18,50.166666666666664
2011-06-19,50.48749999999999
2011-06-20,50.59166666666667
2011-06-21,50.604166666666686
2011-06-22,50.425000000000004
2011-06-23,50.43333333333334
2011-06-24,50.77916666666667
2011-06-25,50.387499999999996
2011-06-26,50.412499999999994
2011-06-27,50.46666666666667
2011-06-28,50.19583333333333
2011-06-29,50.02916666666667
2011-06-30,50.35833333333333
2011-07-01,50.74583333333334
2011-07-02,50.80833333333334
2011-07-03,50.962500000000006
2011-07-04,51.07500000000001
2011-07-05,50.99166666666667
2011-07-06,50.970833333333324
2011-07-07,51.06666666666667
2011-07-08,51.1625
2011-07-09,51.24166666666667
2011-07-10,51.225000000000016
2011-07-11,51.2125
2011-07-12,51.274999999999984
2011-07-13,51.104166666666664
2011-07-14,51.19583333333333
2011-07-15,50.987500000000004
2011-07-16,51.070833333333326
2011-07-17,51.07916666666666
2011-07-18,50.48333333333333
2011-07-19,50.9125
2011-07-20,51.50416666666667
2011-07-21,51.78333333333334
2011-07-22,51.9125
2011-07-23,51.912499999999994
2011-07-24,51.86250000000001
2011-07-25,51.82500000000001
2011-07-26,51.84166666666667
2011-07-27,51.90833333333335
2011-07-28,52.012499999999996
2011-07-29,52.04999999999999
2011-07-30,52.17083333333334
2011-07-31,52.22083333333334
2011-08-01,52.23333333333332
2011-08-02,52.23333333333332
2011-08-03,52.32083333333333
2011-08-04,52.40416666666666
2011-08-05,52.37916666666667
2011-08-06,52.60833333333332
2011-08-07,52.65416666666666
2011-08-08,52.63749999999998
2011-08-09,52.8125
2011-08-10,52.949999999999996
2011-08-11,52.87083333333334
2011-08-12,52.75833333333333
2011-08-13,52.58333333333332
2011-08-14,52.56249999999999
2011-08-15,52.44166666666666
2011-08-16,52.4625
2011-08-17,52.43750000000002
2011-08-18,52.64583333333332
2011-08-19,52.73749999999998
2011-08-20,52.770833333333336
2011-08-21,52.62083333333334
2011-08-22,52.62083333333333
2011-08-23,52.79583333333334
2011-08-24,52.84166666666666
2011-08-25,52.85833333333335
2011-08-26,52.9125
2011-08-27,53.11666666666667
2011-08-28,53.0625
2011-08-29,53.05000000000001
2011-08-30,53.025
2011-08-31,53.241666666666674
2011-09-01,53.495833333333344
2011-09-02,53.37916666666666
2011-09-03,52.9625
2011-09-04,53.04166666666666
2011-09-05,53.025
2011-09-06,53.116666666666674
2011-09-07,53.024999999999984
2011-09-08,53.14583333333332
2011-09-09,53.52083333333334
2011-09-10,53.650000000000006
2011-09-11,53.42083333333333
2011-09-12,53.35416666666666
2011-09-13,53.162499999999994
2011-09-14,53.354166666666664
2011-09-15,53.15
2011-09-16,53.00833333333333
2011-09-17,53.087499999999984
2011-09-18,53.224999999999994
2011-09-19,52.19583333333335
2011-09-20,52.262499999999996
2011-09-21,52.34166666666665
2011-09-22,52.41666666666665
2011-09-23,52.44999999999999
2011-09-24,52.287499999999994
2011-09-25,51.77500000000001
2011-09-26,52.05000000000001
2011-09-27,52.00833333333333
2011-09-28,51.81666666666667
2011-09-29,52.06666666666667
2011-09-30,52.149999999999984
2011-10-01,51.82083333333333
2011-10-02,51.57500000000001
2011-10-03,51.30833333333334
2011-10-04,51.1
2011-10-05,51.05833333333333
2011-10-06,51.387499999999996
2011-10-07,51.895833333333336
2011-10-08,51.95833333333334
2011-10-09,51.9125
2011-10-10,51.80000000000001
2011-10-11,52.33333333333332
2011-10-12,52.30416666666665
2011-10-13,52.091666666666676
2011-10-14,51.99999999999999
2011-10-15,52.00416666666666
2011-10-16,52.5
2011-10-17,52.74166666666667
2011-10-18,52.77916666666667
2011-10-19,52.6875
2011-10-20,52.48750000000001
2011-10-21,52.48333333333334
2011-10-22,52.729166666666664
2011-10-23,52.46666666666667
2011-10-24,52.429166666666674
2011-10-25,52.14166666666666
2011-10-26,51.962500000000006
2011-10-27,51.77083333333334
2011-10-28,51.65833333333334
2011-10-29,51.93333333333333
2011-10-30,52.26666666666666
2011-10-31,52.300000000000004
2011-11-01,51.6875
2011-11-02,51.333333333333336
2011-11-03,50.849999999999994
2011-11-04,51.14166666666668
2011-11-05,50.804166666666674
2011-11-06,50.90416666666666
2011-11-07,50.95416666666668
2011-11-08,50.90416666666667
2011-11-09,51.025000000000006
2011-11-10,51.037499999999994
2011-11-11,51.00833333333333
2011-11-12,51.724999999999994
2011-11-13,51.53333333333334
2011-11-14,51.395833333333336
2011-11-15,51.537500000000016
2011-11-16,51.508333333333326
2011-11-17,51.53333333333333
2011-11-18,51.23749999999999
2011-11-19,50.76250000000001
2011-11-20,50.80000000000001
2011-11-21,51.116666666666674
2011-11-22,51.24166666666665
2011-11-23,51.158333333333324
2011-11-24,51.20416666666668
2011-11-25,51.73749999999999
2011-11-26,51.50833333333333
2011-11-27,51.09166666666666
2011-11-28,51.599999999999994
2011-11-29,51.20416666666667
2011-11-30,51.104166666666664
2011-12-01,50.775
2011-12-02,50.741666666666646
2011-12-03,50.38333333333333
2011-12-04,50.520833333333336
2011-12-05,50.145833333333336
2011-12-06,50.425000000000004
2011-12-07,50.495833333333344
2011-12-08,50.49583333333334
2011-12-09,50.237500000000004
2011-12-10,49.94166666666667
2011-12-11,49.82916666666667
2011-12-12,49.73333333333333
2011-12-13,49.84583333333333
2011-12-14,49.65833333333334
2011-12-15,50.31666666666667
2011-12-16,50.162499999999994
2011-12-17,50.53333333333333
2011-12-18,49.916666666666664
2011-12-19,50.36249999999999
2011-12-20,50.12916666666667
2011-12-21,50.70416666666666
2011-12-22,51.020833333333336
2011-12-23,50.89583333333332
2011-12-24,51.01666666666666
2011-12-25,50.89166666666667
2011-12-26,50.85833333333333
2011-12-27,50.96666666666667
2011-12-28,51.47083333333333
2011-12-29,51.29583333333332
2011-12-30,51.349999999999994
2011-12-31,50.95416666666666
2012-01-01,50.86250000000001
2012-01-02,50.62083333333333
2012-01-03,50.875
2012-01-04,50.849999999999994
2012-01-05,50.987500000000004
2012-01-06,50.62916666666666
2012-01-07,50.62916666666666
2012-01-08,50.48750000000001
2012-01-09,50.224999999999994
2012-01-10,50.17083333333332
2012-01-11,50.32083333333333
2012-01-12,49.99166666666667
2012-01-13,49.90833333333334
2012-01-14,49.75416666666667
2012-01-15,49.36249999999999
2012-01-16,48.804166666666674
2012-01-17,48.40833333333333
2012-01-18,48.54583333333332
2012-01-19,48.37916666666666
2012-01-20,48.070833333333326
2012-01-21,48.18333333333334
2012-01-22,47.79166666666666
2012-01-23,48.12916666666667
2012-01-24,48.49583333333333
2012-01-25,49.0375
2012-01-26,49.241666666666674
2012-01-27,48.87916666666667
2012-01-28,48.76249999999999
2012-01-29,48.737500000000004
2012-01-30,49.00416666666667
2012-01-31,48.783333333333324
2012-02-01,49.29583333333333
2012-02-02,48.95416666666668
2012-02-03,48.870833333333344
2012-02-04,48.637499999999996
2012-02-05,48.67499999999999
2012-02-06,48.512499999999996
2012-02-07,48.550000000000004
2012-02-08,49.37916666666666
2012-02-09,49.29166666666668
2012-02-10,49.1
2012-02-11,49.26250000000001
2012-02-12,48.17083333333334
2012-02-13,48.574999999999996
2012-02-14,48.29583333333334
2012-02-15,47.9375
2012-02-16,48.13333333333333
2012-02-17,48.37916666666666
2012-02-18,48.15416666666666
2012-02-19,48.24166666666667
2012-02-20,48.10833333333334
2012-02-21,48.43333333333334
2012-02-22,48.63333333333333
2012-02-23,48.79999999999999
2012-02-24,48.87916666666667
2012-02-25,48.39166666666666
2012-02-26,47.7125
2012-02-27,48.020833333333336
2012-02-28,47.17500000000001
2012-02-29,47.529166666666676
2012-03-01,47.82083333333333
2012-03-02,47.900000000000006
2012-03-03,48.48333333333333
2012-03-04,48.65416666666667
2012-03-05,48.98749999999998
2012-03-06,48.49583333333333
2012-03-07,48.45833333333334
2012-03-08,48.737500000000004
2012-03-09,48.91249999999999
2012-03-10,49.24583333333334
2012-03-11,49.14782608695651
2012-03-12,48.75416666666667
2012-03-13,48.44583333333333
2012-03-14,48.4125
2012-03-15,48.81666666666667
2012-03-16,48.89166666666668
2012-03-17,48.804166666666674
2012-03-18,48.770833333333336
2012-03-19,48.150000000000006
2012-03-20,48.42916666666667
2012-03-21,48.60416666666666
2012-03-22,48.9625
2012-03-23,48.96666666666666
2012-03-24,48.38333333333335
2012-03-25,48.62500000000001
2012-03-26,48.412499999999994
2012-03-27,48.025
2012-03-28,49.0375
2012-03-29,48.42916666666667
2012-03-30,48.85833333333335
2012-03-31,49.12916666666666
2012-04-01,49.65416666666667
2012-04-02,50.09166666666667
2012-04-03,50.300000000000004
2012-04-04,49.679166666666674
2012-04-05,49.64166666666667
2012-04-06,50.041666666666664
2012-04-07,49.820833333333326
2012-04-08,50.44583333333333
2012-04-09,50.72916666666666
2012-04-10,50.0
2012-04-11,50.38333333333333
2012-04-12,50.1875
2012-04-13,49.86666666666665
2012-04-14,50.92083333333334
2012-04-15,51.541666666666664
2012-04-16,51.6
2012-04-17,51.350000000000016
2012-04-18,51.61666666666665
2012-04-19,52.49166666666665
2012-04-20,52.99583333333333
2012-04-21,53.1
2012-04-22,53.79166666666668
2012-04-23,53.7125
2012-04-24,52.69166666666666
2012-04-25,51.79583333333333
2012-04-26,52.01250000000001
2012-04-27,51.6
2012-04-28,52.125
2012-04-29,52.66666666666668
2012-04-30,53.2125
2012-05-01,53.60833333333333
2012-05-02,52.62083333333334
2012-05-03,52.4625
2012-05-04,52.708333333333336
2012-05-05,52.41666666666666
2012-05-06,53.175000000000004
2012-05-07,54.60416666666666
2012-05-08,54.67083333333333
2012-05-09,53.22083333333334
2012-05-10,52.12083333333334
2012-05-11,52.49166666666667
2012-05-12,52.85833333333332
2012-05-13,52.316666666666684
2012-05-14,52.095833333333324
2012-05-15,52.08333333333334
2012-05-16,52.25
2012-05-17,51.99583333333333
2012-05-18,51.74166666666668
2012-05-19,52.32083333333333
2012-05-20,52.29583333333334
2012-05-21,52.14166666666666
2012-05-22,52.01666666666668
2012-05-23,51.94583333333333
2012-05-24,52.09999999999999
2012-05-25,51.53333333333334
2012-05-26,51.70833333333332
2012-05-27,52.195833333333326
2012-05-28,52.50833333333333
2012-05-29,52.65
2012-05-30,52.73333333333333
2012-05-31,52.14166666666665
2012-06-01,52.08333333333334
2012-06-02,52.32916666666665
2012-06-03,51.99583333333333
2012-06-04,51.17916666666667
2012-06-05,50.92916666666668
2012-06-06,51.599999999999994
2012-06-07,51.43749999999999
2012-06-08,51.55833333333333
2012-06-09,51.83333333333332
2012-06-10,52.17916666666667
2012-06-11,52.13333333333335
2012-06-12,52.52083333333332
2012-06-13,52.10833333333333
2012-06-14,51.37083333333334
2012-06-15,51.45416666666666
2012-06-16,51.287500000000016
2012-06-17,51.220833333333324
2012-06-18,51.25416666666666
2012-06-19,51.237500000000004
2012-06-20,51.25000000000001
2012-06-21,51.23333333333333
2012-06-22,50.64166666666666
2012-06-23,51.12083333333334
2012-06-24,52.120833333333344
2012-06-25,52.06250000000001
2012-06-26,52.29583333333333
2012-06-27,52.816666666666684
2012-06-28,52.90833333333333
2012-06-29,52.92916666666667
2012-06-30,52.824999999999996
2012-07-01,51.90416666666666
2012-07-02,51.741666666666674
2012-07-03,51.69166666666667
2012-07-04,51.77916666666667
2012-07-05,51.770833333333336
2012-07-06,51.62083333333334
2012-07-07,51.87083333333334
2012-07-08,51.875
2012-07-09,52.125
2012-07-10,52.00416666666666
2012-07-11,52.02083333333332
2012-07-12,52.17083333333332
2012-07-13,52.208333333333336
2012-07-14,52.32500000000001
2012-07-15,52.37916666666666
2012-07-16,52.412499999999994
2012-07-17,52.07916666666667
2012-07-18,52.1875
2012-07-19,52.61249999999999
2012-07-20,52.60833333333335
2012-07-21,52.90416666666667
2012-07-22,53.10416666666668
2012-07-23,53.258333333333326
2012-07-24,52.945833333333326
2012-07-25,52.383333333333326
2012-07-26,52.63750000000001
2012-07-27,52.62916666666666
2012-07-28,52.64166666666666
2012-07-29,52.75833333333333
2012-07-30,53.050000000000004
2012-07-31,53.129166666666656
2012-08-01,53.32916666666666
2012-08-02,53.48333333333333
2012-08-03,53.39166666666667
2012-08-04,53.19166666666666
2012-08-05,53.300000000000004
2012-08-06,53.533333333333324
2012-08-07,53.412499999999994
2012-08-08,53.54583333333333
2012-08-09,53.09166666666667
2012-08-10,53.145833333333336
2012-08-11,53.099999999999994
2012-08-12,53.262499999999996
2012-08-13,53.42499999999999
2012-08-14,53.37916666666667
2012-08-15,52.662499999999994
2012-08-16,52.77916666666666
2012-08-17,53.012499999999996
2012-08-18,53.12916666666666
2012-08-19,53.22916666666668
2012-08-20,52.45416666666667
2012-08-21,51.69583333333335
2012-08-22,51.72083333333333
2012-08-23,51.895833333333336
2012-08-24,51.83333333333334
2012-08-25,51.74166666666667
2012-08-26,51.81666666666667
2012-08-27,51.68333333333333
2012-08-28,51.625
2012-08-29,51.95416666666666
2012-08-30,51.90833333333333
2012-08-31,52.208333333333314
2012-09-01,52.08333333333334
2012-09-02,52.074999999999996
2012-09-03,52.13333333333333
2012-09-04,52.212500000000006
2012-09-05,52.129166666666684
2012-09-06,52.5
2012-09-07,52.645833333333336
2012-09-08,52.737500000000004
2012-09-09,52.81666666666667
2012-09-10,52.65833333333335
2012-09-11,52.57499999999999
2012-09-12,52.54583333333333
2012-09-13,52.6625
2012-09-14,52.77916666666667
2012-09-15,53.20833333333332
2012-09-16,53.12083333333333
2012-09-17,53.0625
2012-09-18,52.98333333333333
2012-09-19,53.104166666666664
2012-09-20,52.887499999999996
2012-09-21,52.85
2012-09-22,52.85416666666666
2012-09-23,52.400000000000006
2012-09-24,52.50416666666667
2012-09-25,52.183333333333344
2012-09-26,52.183333333333316
2012-09-27,52.48333333333334
2012-09-28,52.737500000000004
2012-09-29,52.87499999999998
2012-09-30,52.80416666666667
2012-10-01,52.741666666666674
2012-10-02,52.724999999999994
2012-10-03,52.804166666666674
2012-10-04,52.80416666666667
2012-10-05,52.57916666666667
2012-10-06,52.44583333333335
2012-10-07,52.52916666666667
2012-10-08,52.24583333333333
2012-10-09,52.17916666666667
2012-10-10,52.166666666666664
2012-10-11,52.35833333333334
2012-10-12,51.65833333333333
2012-10-13,52.44583333333333
2012-10-14,52.308333333333344
2012-10-15,52.56666666666667
2012-10-16,52.68750000000001
2012-10-17,52.991666666666674
2012-10-18,52.73750000000001
2012-10-19,52.56666666666666
2012-10-20,52.645833333333336
2012-10-21,52.53749999999999
2012-10-22,51.98333333333333
2012-10-23,52.13333333333335
2012-10-24,52.17083333333333
2012-10-25,52.62916666666666
2012-10-26,52.61250000000001
2012-10-27,53.12916666666666
2012-10-28,53.05833333333333
2012-10-29,53.27916666666667
2012-10-30,53.270833333333336
2012-10-31,52.68749999999999
2012-11-01,53.199999999999996
2012-11-02,53.07499999999999
2012-11-03,53.67083333333333
2012-11-04,53.77916666666667
2012-11-05,53.724999999999994
2012-11-06,53.65833333333333
2012-11-07,53.35833333333333
2012-11-08,52.52916666666666
2012-11-09,52.37083333333334
2012-11-10,52.24166666666667
2012-11-11,52.15416666666666
2012-11-12,52.662499999999994
2012-11-13,52.845833333333324
2012-11-14,53.41666666666668
2012-11-15,53.27500000000001
2012-11-16,53.32083333333336
2012-11-17,53.32499999999999
2012-11-18,52.88333333333333
2012-11-19,53.09166666666667
2012-11-20,53.46666666666665
2012-11-21,54.04166666666666
2012-11-22,53.662499999999994
2012-11-23,53.50000000000001
2012-11-24,53.625
2012-11-25,53.87916666666667
2012-11-26,53.55000000000001
2012-11-27,53.275
2012-11-28,52.98749999999999
2012-11-29,53.26666666666666
2012-11-30,54.20833333333335
2012-12-01,54.512499999999996
2012-12-02,55.19166666666667
2012-12-03,54.35833333333333
2012-12-04,54.34583333333333
2012-12-05,54.62916666666666
2012-12-06,54.425000000000004
2012-12-07,53.47083333333333
2012-12-08,52.99166666666667
2012-12-09,52.9
2012-12-10,52.80833333333334
2012-12-11,52.02083333333332
2012-12-12,52.270833333333336
2012-12-13,51.60416666666666
2012-12-14,51.025000000000006
2012-12-15,50.08333333333332
2012-12-16,50.349999999999994
2012-12-17,51.145833333333336
2012-12-18,50.51666666666666
2012-12-19,49.612500000000004
2012-12-20,49.57083333333335
2012-12-21,48.48333333333334
2012-12-22,49.15
2012-12-23,49.262499999999996
2012-12-24,49.43333333333334
2012-12-25,49.02083333333334
2012-12-26,49.025
2012-12-27,48.9
2012-12-28,48.18333333333333
2012-12-29,48.68333333333334
2012-12-30,48.23333333333334
2012-12-31,47.93333333333333
2013-01-01,47.84166666666667
2013-01-02,47.637499999999996
2013-01-03,47.43749999999999
2013-01-04,47.54166666666668
2013-01-05,47.337500000000006
2013-01-06,48.32083333333333
2013-01-07,48.412499999999994
2013-01-08,48.724999999999994
2013-01-09,48.4125
2013-01-10,47.95416666666666
2013-01-11,47.92083333333334
2013-01-12,47.508333333333326
2013-01-13,47.02916666666667
2013-01-14,46.87500000000001
2013-01-15,47.46666666666667
2013-01-16,47.916666666666664
2013-01-17,48.10833333333333
2013-01-18,47.900000000000006
2013-01-19,47.99583333333334
2013-01-20,47.90833333333334
2013-01-21,47.65833333333333
2013-01-22,47.3375
2013-01-23,47.25416666666667
2013-01-24,48.06666666666667
2013-01-25,48.029166666666676
2013-01-26,48.050000000000004
2013-01-27,47.49166666666667
2013-01-28,47.375
2013-01-29,47.03333333333333
2013-01-30,47.41666666666666
2013-01-31,47.17916666666667
2013-02-01,47.46666666666667
2013-02-02,47.74166666666665
2013-02-03,48.425000000000004
2013-02-04,48.429166666666674
2013-02-05,48.412499999999994
2013-02-06,48.116666666666674
2013-02-07,48.1625
2013-02-08,48.270833333333336
2013-02-09,48.04583333333334
2013-02-10,48.04583333333334
2013-02-11,48.09166666666667
2013-02-12,48.349999999999994
2013-02-13,48.57499999999999
2013-02-14,48.89166666666667
2013-02-15,48.9375
2013-02-16,48.67083333333334
2013-02-17,48.60416666666668
2013-02-18,48.10833333333333
2013-02-19,47.72916666666666
2013-02-20,47.74583333333333
2013-02-21,47.83333333333332
2013-02-22,47.88749999999999
2013-02-23,47.962499999999984
2013-02-24,48.03333333333334
2013-02-25,48.30416666666667
2013-02-26,48.12083333333333
2013-02-27,48.42916666666667
2013-02-28,48.879166666666656
2013-03-01,49.2125
2013-03-02,48.69166666666667
2013-03-03,49.24166666666665
2013-03-04,49.02916666666667
2013-03-05,48.62500000000001
2013-03-06,48.41666666666666
2013-03-07,48.345833333333324
2013-03-08,47.92499999999999
2013-03-09,48.06666666666667
2013-03-10,48.4608695652174
2013-03-11,48.86249999999999
2013-03-12,48.900000000000006
2013-03-13,49.02916666666667
2013-03-14,48.69583333333335
2013-03-15,49.008333333333326
2013-03-16,49.26666666666667
2013-03-17,49.05833333333334
2013-03-18,48.82083333333333
2013-03-19,48.55416666666667
2013-03-20,48.32916666666667
2013-03-21,48.550000000000004
2013-03-22,49.041666666666664
2013-03-23,49.34166666666667
2013-03-24,50.43333333333333
2013-03-25,50.97083333333333
2013-03-26,51.645833333333336
2013-03-27,51.72083333333333
2013-03-28,51.25416666666666
2013-03-29,51.625
2013-03-30,51.36249999999999
2013-03-31,51.70416666666666
2013-04-01,51.804166666666674
2013-04-02,52.31250000000001
2013-04-03,52.020833333333336
2013-04-04,51.69583333333333
2013-04-05,51.80833333333334
2013-04-06,51.64166666666666
2013-04-07,51.51666666666667
2013-04-08,51.36666666666667
2013-04-09,51.09166666666667
2013-04-10,52.36249999999999
2013-04-11,53.30416666666667
2013-04-12,53.5625
2013-04-13,54.0625
2013-04-14,53.84166666666667
2013-04-15,52.9625
2013-04-16,53.02083333333334
2013-04-17,53.35833333333333
2013-04-18,53.75833333333332
2013-04-19,54.34583333333334
2013-04-20,54.38750000000001
2013-04-21,54.604166666666664
2013-04-22,54.93750000000002
2013-04-23,54.587499999999984
2013-04-24,53.804166666666674
2013-04-25,53.64583333333334
2013-04-26,53.612500000000004
2013-04-27,53.86249999999999
2013-04-28,53.725
2013-04-29,54.137499999999996
2013-04-30,53.76250000000001
2013-05-01,52.63750000000001
2013-05-02,53.09166666666667
2013-05-03,53.11666666666667
2013-05-04,53.02083333333332
2013-05-05,53.091666666666676
2013-05-06,52.53333333333333
2013-05-07,52.19166666666666
2013-05-08,52.4375
2013-05-09,53.25
2013-05-10,53.45416666666666
2013-05-11,53.441666666666656
2013-05-12,53.45416666666667
2013-05-13,53.46250000000001
2013-05-14,53.708333333333336
2013-05-15,53.57916666666666
2013-05-16,53.008333333333326
2013-05-17,52.98333333333334
2013-05-18,53.34166666666667
2013-05-19,53.46666666666667
2013-05-20,53.508333333333326
2013-05-21,53.175000000000004
2013-05-22,52.19166666666667
2013-05-23,52.9375
2013-05-24,53.787500000000016
2013-05-25,53.76666666666667
2013-05-26,53.63333333333333
2013-05-27,52.966666666666676
2013-05-28,53.175000000000004
2013-05-29,53.49583333333334
2013-05-30,53.61249999999999
2013-05-31,53.71666666666665
2013-06-01,53.8125
2013-06-02,54.20833333333332
2013-06-03,54.262499999999996
2013-06-04,53.79999999999999
2013-06-05,54.12916666666666
2013-06-06,54.279166666666676
2013-06-07,53.2875
2013-06-08,53.30416666666667
2013-06-09,53.24999999999999
2013-06-10,52.86666666666665
2013-06-11,52.666666666666664
2013-06-12,52.979166666666664
2013-06-13,52.68749999999999
2013-06-14,52.67083333333334
2013-06-15,52.762499999999996
2013-06-16,51.975
2013-06-17,52.29166666666666
2013-06-18,52.47083333333334
2013-06-19,52.15833333333333
2013-06-20,52.349999999999994
2013-06-21,52.76666666666667
2013-06-22,52.849999999999994
2013-06-23,51.887499999999996
2013-06-24,51.583333333333314
2013-06-25,51.479166666666664
2013-06-26,51.80833333333333
2013-06-27,52.44999999999999
2013-06-28,53.07916666666666
2013-06-29,53.00416666666666
2013-06-30,53.058333333333316
2013-07-01,53.21666666666667
2013-07-02,53.458333333333336
2013-07-03,53.52916666666666
2013-07-04,53.65833333333333
2013-07-05,53.79166666666668
2013-07-06,53.89166666666668
2013-07-07,54.033333333333324
2013-07-08,54.17083333333333
2013-07-09,54.275
2013-07-10,54.42083333333333
2013-07-11,54.5375
2013-07-12,54.699999999999996
2013-07-13,54.95000000000001
2013-07-14,55.125
2013-07-15,55.14166666666667
2013-07-16,54.89166666666667
2013-07-17,54.587500000000006
2013-07-18,54.89166666666667
2013-07-19,55.0375
2013-07-20,54.791666666666664
2013-07-21,54.583333333333336
2013-07-22,54.895833333333336
2013-07-23,54.75833333333333
2013-07-24,54.69583333333335
2013-07-25,54.370833333333344
2013-07-26,54.24166666666667
2013-07-27,54.42916666666667
2013-07-28,54.599999999999994
2013-07-29,54.275
2013-07-30,53.38333333333333
2013-07-31,53.45000000000001
2013-08-01,53.849999999999994
2013-08-02,53.89583333333335
2013-08-03,53.82916666666667
2013-08-04,53.50000000000001
2013-08-05,53.95000000000001
2013-08-06,53.62083333333334
2013-08-07,53.895833333333336
2013-08-08,53.86249999999999
2013-08-09,53.75416666666666
2013-08-10,53.75833333333335
2013-08-11,53.8125
2013-08-12,53.912500000000016
2013-08-13,54.26666666666666
2013-08-14,54.59583333333333
2013-08-15,54.583333333333336
2013-08-16,54.675000000000004
2013-08-17,54.65
2013-08-18,54.69166666666667
2013-08-19,54.479166666666664
2013-08-20,53.88333333333333
2013-08-21,54.29166666666666
2013-08-22,54.30833333333334
2013-08-23,54.275
2013-08-24,54.225
2013-08-25,54.120833333333344
2013-08-26,54.45416666666665
2013-08-27,54.46666666666666
2013-08-28,54.68749999999999
2013-08-29,53.762499999999996
2013-08-30,54.162499999999994
2013-08-31,54.712500000000006
2013-09-01,54.47499999999999
2013-09-02,54.34583333333335
2013-09-03,54.770833333333336
2013-09-04,54.44166666666667
2013-09-05,54.208333333333336
2013-09-06,54.24583333333334
2013-09-07,54.083333333333336
2013-09-08,54.11666666666667
2013-09-09,54.40833333333333
2013-09-10,54.550000000000004
2013-09-11,54.73333333333334
2013-09-12,54.40833333333334
2013-09-13,53.74166666666667
2013-09-14,53.72916666666668
2013-09-15,54.22083333333334
2013-09-16,54.5625
2013-09-17,54.46666666666667
2013-09-18,54.333333333333336
2013-09-19,53.45416666666667
2013-09-20,53.42083333333334
2013-09-21,53.35833333333333
2013-09-22,53.775
2013-09-23,54.45416666666666
2013-09-24,54.49166666666667
2013-09-25,54.05833333333333
2013-09-26,54.25416666666667
2013-09-27,54.37916666666667
2013-09-28,54.258333333333354
2013-09-29,53.895833333333336
2013-09-30,54.699999999999996
2013-10-01,54.958333333333314
2013-10-02,54.94583333333335
2013-10-03,54.6
2013-10-04,54.4625
2013-10-05,54.5375
2013-10-06,54.91666666666668
2013-10-07,54.73333333333333
2013-10-08,54.74999999999999
2013-10-09,55.03333333333334
2013-10-10,55.2125
2013-10-11,54.52916666666667
2013-10-12,54.48749999999999
2013-10-13,54.62916666666667
2013-10-14,54.65833333333333
2013-10-15,54.79999999999999
2013-10-16,54.862500000000004
2013-10-17,55.30833333333334
2013-10-18,55.55833333333334
2013-10-19,55.425000000000004
2013-10-20,55.52916666666667
2013-10-21,55.75000000000001
2013-10-22,55.779166666666676
2013-10-23,55.65833333333333
2013-10-24,55.59583333333333
2013-10-25,55.504166666666656
2013-10-26,55.44166666666667
2013-10-27,55.47083333333334
2013-10-28,55.012499999999996
2013-10-29,55.15000000000001
2013-10-30,55.08333333333334
2013-10-31,55.29583333333332
2013-11-01,54.820833333333326
2013-11-02,54.066666666666656
2013-11-03,52.85833333333333
2013-11-04,53.150000000000006
2013-11-05,53.625
2013-11-06,53.91666666666666
2013-11-07,54.208333333333336
2013-11-08,54.479166666666664
2013-11-09,54.445833333333354
2013-11-10,54.333333333333336
2013-11-11,54.25
2013-11-12,54.57916666666668
2013-11-13,54.79583333333335
2013-11-14,54.84583333333333
2013-11-15,54.40416666666666
2013-11-16,54.13333333333333
2013-11-17,53.537499999999994
2013-11-18,52.97916666666666
2013-11-19,53.53333333333334
2013-11-20,54.07083333333333
2013-11-21,52.99166666666665
2013-11-22,52.75833333333333
2013-11-23,53.149999999999984
2013-11-24,52.85833333333332
2013-11-25,52.67916666666667
2013-11-26,52.80833333333333
2013-11-27,52.87500000000001
2013-11-28,53.14166666666666
2013-11-29,52.92499999999999
2013-11-30,53.2125
2013-12-01,53.21666666666666
2013-12-02,52.61666666666667
2013-12-03,52.29583333333332
2013-12-04,50.75416666666666
2013-12-05,50.39166666666668
2013-12-06,49.6
2013-12-07,49.99583333333333
2013-12-08,49.64166666666667
2013-12-09,49.37499999999999
2013-12-10,49.74166666666665
2013-12-11,50.13333333333335
2013-12-12,50.225
2013-12-13,50.55416666666665
2013-12-14,51.16666666666666
2013-12-15,51.491666666666674
2013-12-16,51.77916666666667
2013-12-17,51.70416666666666
2013-12-18,51.64583333333334
2013-12-19,51.26250000000001
2013-12-20,50.87916666666667
2013-12-21,51.12499999999999
2013-12-22,51.50000000000001
2013-12-23,51.37916666666667
2013-12-24,51.17083333333333
2013-12-25,50.87916666666667
2013-12-26,50.58333333333332
2013-12-27,50.0625
2013-12-28,50.32916666666667
2013-12-29,50.44583333333335
2013-12-30,49.90833333333333
2013-12-31,50.275000000000006
2014-01-01,50.39166666666667
2014-01-02,50.362500000000004
2014-01-03,50.39166666666666
2014-01-04,49.77083333333332
2014-01-05,49.74166666666667
2014-01-06,49.15
2014-01-07,49.104166666666664
2014-01-08,49.26249999999999
2014-01-09,49.67083333333334
2014-01-10,49.44583333333332
2014-01-11,49.245833333333344
2014-01-12,49.041666666666664
2014-01-13,49.32083333333333
2014-01-14,49.224999999999994
2014-01-15,49.150000000000006
2014-01-16,49.225
2014-01-17,49.27916666666667
2014-01-18,49.345833333333324
2014-01-19,49.404166666666676
2014-01-20,49.30416666666667
2014-01-21,48.9625
2014-01-22,49.02916666666667
2014-01-23,48.970833333333324
2014-01-24,49.15000000000001
2014-01-25,49.020833333333336
2014-01-26,49.225
2014-01-27,49.02916666666666
2014-01-28,49.68333333333333
2014-01-29,49.34166666666667
2014-01-30,49.366666666666674
2014-01-31,48.837500000000006
2014-02-01,48.37083333333333
2014-02-02,48.0
2014-02-03,48.02916666666666
2014-02-04,47.824999999999996
2014-02-05,47.75416666666666
2014-02-06,47.658333333333324
2014-02-07,47.82916666666666
2014-02-08,48.229166666666664
2014-02-09,48.37916666666667
2014-02-10,48.725
2014-02-11,48.53333333333333
2014-02-12,48.57916666666666
2014-02-13,48.84583333333334
2014-02-14,49.15416666666667
2014-02-15,49.050000000000004
2014-02-16,49.0625
2014-02-17,48.55416666666667
2014-02-18,48.737500000000004
2014-02-19,48.941666666666656
2014-02-20,48.88750000000001
2014-02-21,49.36250000000001
2014-02-22,49.78333333333333
2014-02-23,49.90833333333335
2014-02-24,50.37083333333334
2014-02-25,50.550000000000004
2014-02-26,50.041666666666664
2014-02-27,50.56666666666667
2014-02-28,50.366666666666674
2014-03-01,50.88333333333333
2014-03-02,50.345833333333324
2014-03-03,50.39166666666668
2014-03-04,51.27083333333334
2014-03-05,50.63333333333333
2014-03-06,51.008333333333326
2014-03-07,51.12916666666666
2014-03-08,51.30416666666665
2014-03-09,50.88695652173914
2014-03-10,51.75833333333335
2014-03-11,51.300000000000004
2014-03-12,51.449999999999996
2014-03-13,51.304166666666674
2014-03-14,51.683333333333316
2014-03-15,52.11666666666667
2014-03-16,52.462500000000006
2014-03-17,52.48333333333334
2014-03-18,52.12916666666666
2014-03-19,52.34583333333333
2014-03-20,52.65416666666667
2014-03-21,52.96666666666666
2014-03-22,52.76666666666667
2014-03-23,52.81666666666667
2014-03-24,52.833333333333336
2014-03-25,51.84166666666667
2014-03-26,51.42083333333333
2014-03-27,51.43749999999999
2014-03-28,51.18333333333334
2014-03-29,51.54999999999999
2014-03-30,50.883333333333326
2014-03-31,50.20416666666666
2014-04-01,50.07500000000001
2014-04-02,51.24166666666667
2014-04-03,50.69583333333335
2014-04-04,50.94583333333335
2014-04-05,51.77916666666667
2014-04-06,52.54166666666668
2014-04-07,53.02916666666667
2014-04-08,53.06666666666667
2014-04-09,53.24166666666665
2014-04-10,53.650000000000006
2014-04-11,54.008333333333326
2014-04-12,54.56249999999999
2014-04-13,54.425000000000004
2014-04-14,54.8125
2014-04-15,54.745833333333344
2014-04-16,54.61250000000001
2014-04-17,54.23750000000001
2014-04-18,54.4
2014-04-19,54.112500000000004
2014-04-20,53.94999999999999
2014-04-21,52.75416666666666
2014-04-22,52.887499999999996
2014-04-23,52.70416666666667
2014-04-24,52.4625
2014-04-25,52.349999999999994
2014-04-26,51.908333333333324
2014-04-27,52.024999999999984
2014-04-28,53.11249999999999
2014-04-29,53.86666666666667
2014-04-30,54.099999999999994
2014-05-01,53.80000000000001
2014-05-02,53.65416666666666
2014-05-03,53.525000000000006
2014-05-04,53.30833333333334
2014-05-05,52.88333333333333
2014-05-06,52.870833333333344
2014-05-07,53.145833333333336
2014-05-08,52.92500000000001
2014-05-09,52.96666666666667
2014-05-10,52.79166666666668
2014-05-11,53.05416666666665
2014-05-12,54.175000000000004
2014-05-13,54.70416666666667
2014-05-14,54.620833333333316
2014-05-15,54.29166666666668
2014-05-16,54.47083333333334
2014-05-17,54.529166666666676
2014-05-18,54.62916666666666
2014-05-19,54.195833333333354
2014-05-20,54.4375
2014-05-21,54.8375
2014-05-22,55.04166666666668
2014-05-23,55.03333333333333
2014-05-24,55.458333333333336
2014-05-25,55.61666666666667
2014-05-26,55.61666666666667
2014-05-27,55.63750000000001
2014-05-28,55.32499999999999
2014-05-29,55.54583333333334
2014-05-30,55.86666666666667
2014-05-31,55.92500000000001
2014-06-01,56.15416666666666
2014-06-02,56.55833333333333
2014-06-03,56.41666666666668
2014-06-04,55.95833333333332
2014-06-05,56.137499999999996
2014-06-06,56.49166666666668
2014-06-07,56.30416666666665
2014-06-08,55.84583333333335
2014-06-09,55.649999999999984
2014-06-10,55.74583333333334
2014-06-11,55.599999999999994
2014-06-12,55.625
2014-06-13,55.54583333333332
2014-06-14,55.38750000000001
2014-06-15,55.95416666666666
2014-06-16,55.737500000000004
2014-06-17,55.69166666666667
2014-06-18,55.20416666666667
2014-06-19,55.400000000000006
2014-06-20,55.183333333333344
2014-06-21,55.76666666666666
2014-06-22,55.787499999999994
2014-06-23,56.56666666666666
2014-06-24,56.23333333333332
2014-06-25,55.995833333333344
2014-06-26,55.49999999999999
2014-06-27,55.82916666666667
2014-06-28,55.808333333333344
2014-06-29,56.20416666666667
2014-06-30,56.46666666666667
2014-07-01,55.92916666666668
2014-07-02,55.804166666666674
2014-07-03,56.0375
2014-07-04,55.82500000000001
2014-07-05,55.775000000000006
2014-07-06,55.70416666666665
2014-07-07,55.48333333333332
2014-07-08,55.12083333333333
2014-07-09,55.33333333333332
2014-07-10,55.44166666666667
2014-07-11,55.22083333333333
2014-07-12,55.19583333333333
2014-07-13,55.30833333333334
2014-07-14,55.70000000000001
2014-07-15,55.04999999999999
2014-07-16,54.93750000000001
2014-07-17,55.23333333333334
2014-07-18,55.416666666666664
2014-07-19,55.737500000000004
2014-07-20,56.162499999999994
2014-07-21,55.75000000000001
2014-07-22,55.49999999999999
2014-07-23,55.1875
2014-07-24,55.354166666666664
2014-07-25,55.44166666666667
2014-07-26,55.37083333333333
2014-07-27,55.362500000000004
2014-07-28,55.583333333333336
2014-07-29,55.91666666666666
2014-07-30,56.208333333333314
2014-07-31,56.304166666666674
2014-08-01,55.80833333333333
2014-08-02,55.84166666666667
2014-08-03,55.99583333333334
2014-08-04,55.55416666666668
2014-08-05,55.16666666666668
2014-08-06,55.79999999999999
2014-08-07,56.18333333333334
2014-08-08,56.5375
2014-08-09,56.78333333333333
2014-08-10,55.85416666666668
2014-08-11,55.70416666666666
2014-08-12,55.800000000000004
2014-08-13,56.1
2014-08-14,56.27916666666666
2014-08-15,56.27916666666666
2014-08-16,56.283333333333324
2014-08-17,56.695833333333326
2014-08-18,56.57916666666667
2014-08-19,56.650000000000006
2014-08-20,56.370833333333316
2014-08-21,56.512499999999996
2014-08-22,56.54583333333333
2014-08-23,56.56666666666666
2014-08-24,56.412499999999994
2014-08-25,56.258333333333326
2014-08-26,56.479166666666664
2014-08-27,56.57916666666667
2014-08-28,55.67916666666668
2014-08-29,55.40416666666666
2014-08-30,55.574999999999996
2014-08-31,55.912499999999994
2014-09-01,55.82083333333333
2014-09-02,55.9375
2014-09-03,56.3125
2014-09-04,56.21666666666667
2014-09-05,56.51666666666668
2014-09-06,56.78333333333334
2014-09-07,56.89166666666666
2014-09-08,57.24583333333333
2014-09-09,57.3375
2014-09-10,57.724999999999994
2014-09-11,57.583333333333336
2014-09-12,57.84583333333334
2014-09-13,57.76666666666666
2014-09-14,58.26666666666665
2014-09-15,58.57499999999999
2014-09-16,58.699999999999996
2014-09-17,58.63333333333333
2014-09-18,58.94583333333335
2014-09-19,59.537499999999994
2014-09-20,59.89166666666666
2014-09-21,60.00416666666666
2014-09-22,59.908333333333324
2014-09-23,60.0875
2014-09-24,59.82499999999999
2014-09-25,59.9625
2014-09-26,60.01250000000001
2014-09-27,59.51249999999999
2014-09-28,59.758333333333326
2014-09-29,60.745833333333344
2014-09-30,61.33333333333332
2014-10-01,61.104166666666686
2014-10-02,61.10833333333335
2014-10-03,61.30000000000002
2014-10-04,61.695833333333326
2014-10-05,62.14166666666666
2014-10-06,62.23749999999999
2014-10-07,62.24999999999999
2014-10-08,62.262499999999996
2014-10-09,62.25
2014-10-10,61.94583333333333
2014-10-11,61.64166666666668
2014-10-12,61.179166666666674
2014-10-13,61.191666666666656
2014-10-14,60.61666666666665
2014-10-15,60.85833333333332
2014-10-16,61.32916666666667
2014-10-17,60.88333333333333
2014-10-18,61.44583333333333
2014-10-19,61.300000000000004
2014-10-20,60.71666666666666
2014-10-21,60.30833333333333
2014-10-22,59.695833333333326
2014-10-23,59.34999999999999
2014-10-24,60.529166666666676
2014-10-25,60.23333333333334
2014-10-26,60.07083333333333
2014-10-27,59.85
2014-10-28,60.20000000000001
2014-10-29,60.77083333333335
2014-10-30,60.4125
2014-10-31,59.70833333333334
2014-11-01,59.741666666666646
2014-11-02,59.237500000000004
2014-11-03,59.333333333333336
2014-11-04,59.68333333333334
2014-11-05,60.51666666666666
2014-11-06,60.741666666666674
2014-11-07,60.712499999999984
2014-11-08,60.54583333333334
2014-11-09,60.37916666666667
2014-11-10,60.09166666666667
2014-11-11,59.55000000000001
2014-11-12,59.60833333333333
2014-11-13,59.4375
2014-11-14,59.62083333333334
2014-11-15,59.29166666666668
2014-11-16,58.275
2014-11-17,57.86249999999999
2014-11-18,57.49166666666667
2014-11-19,57.5625
2014-11-20,57.833333333333336
2014-11-21,57.92083333333334
2014-11-22,57.625
2014-11-23,57.07083333333333
2014-11-24,57.02916666666667
2014-11-25,56.720833333333324
2014-11-26,56.60833333333333
2014-11-27,56.57500000000002
2014-11-28,56.13750000000002
2014-11-29,56.3375
2014-11-30,56.291666666666664
2014-12-01,56.12916666666667
2014-12-02,55.94166666666666
2014-12-03,55.79583333333332
2014-12-04,56.18333333333333
2014-12-05,56.17083333333332
2014-12-06,56.050000000000004
2014-12-07,55.57916666666668
2014-12-08,55.74166666666665
2014-12-09,55.716666666666676
2014-12-10,55.42083333333333
2014-12-11,54.925000000000004
2014-12-12,54.58333333333335
2014-12-13,54.47916666666668
2014-12-14,53.75000000000001
2014-12-15,53.6625
2014-12-16,53.44166666666666
2014-12-17,53.48333333333332
2014-12-18,53.42916666666665
2014-12-19,53.333333333333336
2014-12-20,53.51249999999999
2014-12-21,53.8125
2014-12-22,54.56666666666667
2014-12-23,54.270833333333336
2014-12-24,53.73749999999999
2014-12-25,52.65
2014-12-26,52.08333333333332
2014-12-27,51.80833333333334
2014-12-28,51.625
2014-12-29,51.070833333333326
2014-12-30,50.05833333333333
2014-12-31,49.51666666666666
2015-01-01,49.86666666666667
2015-01-02,49.87916666666666
2015-01-03,50.15416666666667
2015-01-04,50.583333333333336
2015-01-05,50.67916666666667
2015-01-06,50.9125
2015-01-07,50.88333333333333
2015-01-08,50.61666666666665
2015-01-09,51.070833333333326
2015-01-10,51.08750000000001
2015-01-11,51.13749999999999
2015-01-12,51.379166666666684
2015-01-13,51.091666666666676
2015-01-14,50.5625
2015-01-15,50.37083333333334
2015-01-16,50.63749999999999
2015-01-17,50.995833333333316
2015-01-18,51.112500000000004
2015-01-19,51.083333333333336
2015-01-20,50.7875
2015-01-21,50.76666666666666
2015-01-22,50.81666666666667
2015-01-23,50.81666666666667
2015-01-24,51.25416666666666
2015-01-25,51.1
2015-01-26,50.95833333333332
2015-01-27,50.95416666666667
2015-01-28,51.09166666666666
2015-01-29,51.00000000000002
2015-01-30,51.11249999999999
2015-01-31,50.81666666666666
2015-02-01,50.73333333333333
2015-02-02,50.89583333333334
2015-02-03,51.025
2015-02-04,50.82083333333333
2015-02-05,50.82500000000001
2015-02-06,50.958333333333336
2015-02-07,51.89166666666667
2015-02-08,51.6
2015-02-09,52.025
2015-02-10,52.01666666666666
2015-02-11,51.695833333333326
2015-02-12,51.70000000000001
2015-02-13,51.6625
2015-02-14,51.85416666666666
2015-02-15,51.87083333333334
2015-02-16,51.729166666666664
2015-02-17,51.37916666666666
2015-02-18,51.49166666666667
2015-02-19,51.5875
2015-02-20,51.53333333333334
2015-02-21,51.55416666666665
2015-02-22,50.849999999999994
2015-02-23,50.387499999999996
2015-02-24,50.587500000000006
2015-02-25,50.92916666666667
2015-02-26,51.6875
2015-02-27,51.59583333333333
2015-02-28,51.366666666666674
2015-03-01,51.36666666666667
2015-03-02,50.85
2015-03-03,51.00416666666667
2015-03-04,51.26666666666666
2015-03-05,51.300000000000004
2015-03-06,51.5625
2015-03-07,51.87083333333333
2015-03-08,51.91739130434783
2015-03-09,52.19166666666667
2015-03-10,51.775000000000006
2015-03-11,51.474999999999994
2015-03-12,52.1875
2015-03-13,52.275000000000006
2015-03-14,51.8125
2015-03-15,51.600000000000016
2015-03-16,51.62500000000001
2015-03-17,52.212500000000006
2015-03-18,52.23333333333334
2015-03-19,52.60833333333334
2015-03-20,52.07083333333333
2015-03-21,52.62083333333334
2015-03-22,52.1625
2015-03-23,52.054166666666674
2015-03-24,51.97083333333334
2015-03-25,52.51666666666667
2015-03-26,53.13750000000002
2015-03-27,53.0875
2015-03-28,53.55000000000001
2015-03-29,53.925000000000004
2015-03-30,53.587500000000006
2015-03-31,53.42499999999999
2015-04-01,53.0
2015-04-02,52.9
2015-04-03,52.625
2015-04-04,52.475
2015-04-05,51.53333333333334
2015-04-06,51.43750000000001
2015-04-07,50.520833333333336
2015-04-08,51.324999999999996
2015-04-09,51.64583333333334
2015-04-10,52.12500000000001
2015-04-11,52.662499999999994
2015-04-12,53.275
2015-04-13,53.65416666666667
2015-04-14,53.03333333333334
2015-04-15,53.25
2015-04-16,53.64583333333332
2015-04-17,53.54583333333334
2015-04-18,54.15416666666667
2015-04-19,54.65833333333334
2015-04-20,54.650000000000006
2015-04-21,54.849999999999994
2015-04-22,54.82083333333335
2015-04-23,54.56250000000001
2015-04-24,53.57083333333333
2015-04-25,53.74166666666667
2015-04-26,53.42499999999999
2015-04-27,54.05833333333334
2015-04-28,54.316666666666656
2015-04-29,54.587500000000006
2015-04-30,54.2875
2015-05-01,54.84583333333333
2015-05-02,54.79583333333335
2015-05-03,54.54999999999999
2015-05-04,54.599999999999994
2015-05-05,54.5625
2015-05-06,54.40416666666666
2015-05-07,54.28333333333333
2015-05-08,55.09166666666667
2015-05-09,55.383333333333326
2015-05-10,54.754166666666656
2015-05-11,54.64166666666667
2015-05-12,54.46666666666667
2015-05-13,54.645833333333336
2015-05-14,54.933333333333344
2015-05-15,54.791666666666664
2015-05-16,55.258333333333326
2015-05-17,55.104166666666664
2015-05-18,55.35416666666668
2015-05-19,55.51666666666666
2015-05-20,55.69166666666666
2015-05-21,55.61250000000001
2015-05-22,55.22916666666668
2015-05-23,55.32500000000001
2015-05-24,55.9375
2015-05-25,55.89166666666666
2015-05-26,55.93333333333334
2015-05-27,56.304166666666674
2015-05-28,56.12500000000001
2015-05-29,55.98750000000001
2015-05-30,55.916666666666664
2015-05-31,55.716666666666676
2015-06-01,55.70833333333332
2015-06-02,56.162499999999994
2015-06-03,56.32083333333333
2015-06-04,56.425000000000004
2015-06-05,56.725000000000016
2015-06-06,56.925000000000004
2015-06-07,57.10416666666665
2015-06-08,57.275
2015-06-09,57.32916666666666
2015-06-10,57.40416666666666
2015-06-11,57.59583333333333
2015-06-12,57.6875
2015-06-13,58.00833333333333
2015-06-14,57.84166666666667
2015-06-15,57.80416666666665
2015-06-16,58.0375
2015-06-17,58.41666666666666
2015-06-18,58.19166666666666
2015-06-19,57.24583333333333
2015-06-20,56.96666666666666
2015-06-21,57.48333333333334
2015-06-22,57.337500000000006
2015-06-23,57.46666666666665
2015-06-24,58.17916666666665
2015-06-25,57.98750000000001
2015-06-26,57.4625
2015-06-27,56.949999999999996
2015-06-28,56.85833333333333
2015-06-29,56.88333333333333
2015-06-30,57.208333333333336
2015-07-01,57.425000000000004
2015-07-02,57.64583333333335
2015-07-03,57.70416666666666
2015-07-04,57.76666666666666
2015-07-05,57.82916666666666
2015-07-06,57.695833333333326
2015-07-07,57.862500000000004
2015-07-08,57.85
2015-07-09,57.083333333333336
2015-07-10,56.133333333333326
2015-07-11,55.862500000000004
2015-07-12,56.449999999999996
2015-07-13,56.81250000000001
2015-07-14,57.17499999999998
2015-07-15,57.54166666666668
2015-07-16,57.86249999999999
2015-07-17,57.16666666666666
2015-07-18,56.83333333333332
2015-07-19,56.862500000000004
2015-07-20,57.21666666666667
2015-07-21,57.01250000000001
2015-07-22,57.12916666666666
2015-07-23,56.725000000000016
2015-07-24,56.574999999999996
2015-07-25,56.74583333333334
2015-07-26,56.52916666666667
2015-07-27,56.93333333333334
2015-07-28,57.14166666666667
2015-07-29,57.07916666666667
2015-07-30,56.71666666666667
2015-07-31,56.80833333333333
2015-08-01,56.76249999999999
2015-08-02,56.02916666666667
2015-08-03,56.320833333333326
2015-08-04,56.04583333333332
2015-08-05,55.65833333333335
2015-08-06,56.208333333333336
2015-08-07,57.39166666666666
2015-08-08,57.408333333333324
2015-08-09,57.245833333333316
2015-08-10,56.833333333333336
2015-08-11,56.166666666666664
2015-08-12,55.57083333333335
2015-08-13,56.08333333333334
2015-08-14,55.9
2015-08-15,56.4
2015-08-16,57.00416666666666
2015-08-17,57.099999999999994
2015-08-18,56.98333333333333
2015-08-19,56.966666666666676
2015-08-20,56.84583333333334
2015-08-21,57.3375
2015-08-22,57.475
2015-08-23,57.82916666666665
2015-08-24,58.50416666666666
2015-08-25,58.42083333333334
2015-08-26,57.77083333333331
2015-08-27,57.23333333333333
2015-08-28,57.191666666666656
2015-08-29,57.25000000000001
2015-08-30,57.216666666666676
2015-08-31,57.11249999999998
2015-09-01,56.86666666666668
2015-09-02,56.30416666666665
2015-09-03,56.49583333333334
2015-09-04,56.07500000000001
2015-09-05,55.89583333333334
2015-09-06,55.958333333333336
2015-09-07,56.166666666666664
2015-09-08,56.61250000000001
2015-09-09,56.86249999999999
2015-09-10,56.908333333333324
2015-09-11,56.616666666666674
2015-09-12,56.1625
2015-09-13,56.541666666666664
2015-09-14,56.025000000000006
2015-09-15,55.958333333333336
2015-09-16,54.9625
2015-09-17,56.24166666666667
2015-09-18,56.99166666666667
2015-09-19,57.24166666666667
2015-09-20,57.520833333333336
2015-09-21,57.52083333333332
2015-09-22,57.57083333333333
2015-09-23,57.337499999999984
2015-09-24,57.18750000000001
2015-09-25,57.24583333333334
2015-09-26,57.46666666666667
2015-09-27,57.245833333333316
2015-09-28,57.0
2015-09-29,56.84166666666667
2015-09-30,56.31250000000001
2015-10-01,56.48749999999999
2015-10-02,57.12499999999999
2015-10-03,57.17916666666667
2015-10-04,57.48333333333335
2015-10-05,57.68333333333333
2015-10-06,57.25416666666667
2015-10-07,56.9125
2015-10-08,57.20833333333334
2015-10-09,57.44583333333335
2015-10-10,57.695833333333326
2015-10-11,57.37083333333333
2015-10-12,56.916666666666664
2015-10-13,56.887499999999996
2015-10-14,57.00416666666666
2015-10-15,57.0875
2015-10-16,57.0
2015-10-17,56.13333333333333
2015-10-18,55.57916666666667
2015-10-19,55.291666666666664
2015-10-20,55.76666666666668
2015-10-21,56.0875
2015-10-22,56.01250000000001
2015-10-23,56.16666666666666
2015-10-24,56.39583333333332
2015-10-25,56.633333333333326
2015-10-26,56.6875
2015-10-27,56.34583333333334
2015-10-28,57.14166666666667
2015-10-29,57.03333333333333
2015-10-30,57.04166666666666
2015-10-31,56.73333333333335
2015-11-01,56.333333333333336
2015-11-02,56.479166666666664
2015-11-03,55.97916666666666
2015-11-04,55.68333333333333
2015-11-05,55.56250000000001
2015-11-06,55.979166666666664
2015-11-07,56.19583333333333
2015-11-08,56.0875
2015-11-09,55.85833333333334
2015-11-10,56.004166666666656
2015-11-11,55.862500000000004
2015-11-12,55.962500000000006
2015-11-13,56.29166666666666
2015-11-14,56.320833333333326
2015-11-15,56.087500000000006
2015-11-16,55.645833333333336
2015-11-17,55.55833333333333
2015-11-18,55.96666666666667
2015-11-19,56.20000000000001
2015-11-20,56.50833333333333
2015-11-21,56.30833333333333
2015-11-22,56.10833333333333
2015-11-23,56.074999999999996
2015-11-24,55.68333333333334
2015-11-25,54.80000000000001
2015-11-26,53.895833333333336
2015-11-27,53.362500000000004
2015-11-28,53.31666666666666
2015-11-29,53.09166666666666
2015-11-30,52.875
2015-12-01,53.42499999999999
2015-12-02,53.987500000000004
2015-12-03,53.70416666666666
2015-12-04,54.19166666666667
2015-12-05,53.35416666666668
2015-12-06,52.875
2015-12-07,53.45416666666668
2015-12-08,54.10833333333333
2015-12-09,53.712499999999984
2015-12-10,53.775
2015-12-11,52.89166666666667
2015-12-12,52.13750000000001
2015-12-13,52.03333333333333
2015-12-14,51.375
2015-12-15,51.28749999999999
2015-12-16,51.283333333333324
2015-12-17,51.754166666666656
2015-12-18,52.320833333333326
2015-12-19,52.912499999999994
2015-12-20,51.81666666666667
2015-12-21,51.86249999999999
2015-12-22,52.40416666666667
2015-12-23,51.88750000000001
2015-12-24,51.41666666666666
2015-12-25,51.17499999999999
2015-12-26,50.6875
2015-12-27,50.212500000000006
2015-12-28,50.570833333333326
2015-12-29,50.304166666666674
2015-12-30,50.43333333333334
2015-12-31,49.70416666666666
2016-01-01,48.79583333333334
2016-01-02,49.09583333333334
2016-01-03,49.32916666666666
2016-01-04,49.1875
2016-01-05,49.09166666666667
2016-01-06,49.15416666666666
2016-01-07,49.25
2016-01-08,49.19166666666667
2016-01-09,48.895833333333336
2016-01-10,49.3375
2016-01-11,48.979166666666664
2016-01-12,49.20833333333334
2016-01-13,49.15416666666667
2016-01-14,47.95833333333334
2016-01-15,48.287500000000016
2016-01-16,48.37916666666666
2016-01-17,48.875
2016-01-18,49.4125
2016-01-19,49.89166666666666
2016-01-20,49.52916666666667
2016-01-21,49.308333333333344
2016-01-22,49.304166666666674
2016-01-23,49.38333333333333
2016-01-24,49.09583333333333
2016-01-25,49.91666666666665
2016-01-26,49.43750000000001
2016-01-27,49.304166666666674
2016-01-28,48.57499999999999
2016-01-29,48.84166666666667
2016-01-30,48.82500000000001
2016-01-31,47.88333333333333
2016-02-01,47.49583333333333
2016-02-02,47.695833333333326
2016-02-03,47.358333333333356
2016-02-04,47.70000000000002
2016-02-05,48.25
2016-02-06,48.12083333333334
2016-02-07,48.93333333333333
2016-02-08,49.3375
2016-02-09,48.94583333333333
2016-02-10,48.79999999999999
2016-02-11,49.025
2016-02-12,48.53333333333333
2016-02-13,48.67500000000001
2016-02-14,48.97083333333334
2016-02-15,49.300000000000004
2016-02-16,49.041666666666664
2016-02-17,48.38333333333333
2016-02-18,48.083333333333336
2016-02-19,48.354166666666664
2016-02-20,48.64166666666666
2016-02-21,48.88749999999999
2016-02-22,49.11250000000001
2016-02-23,49.24999999999999
2016-02-24,49.65416666666667
2016-02-25,49.862500000000004
2016-02-26,49.88333333333333
2016-02-27,49.59583333333334
2016-02-28,49.57916666666666
2016-02-29,49.71666666666667
2016-03-01,49.24999999999999
2016-03-02,49.875
2016-03-03,49.95416666666667
2016-03-04,49.75833333333335
2016-03-05,50.48333333333332
2016-03-06,50.3375
2016-03-07,50.399999999999984
2016-03-08,49.4375
2016-03-09,49.34166666666666
2016-03-10,49.899999999999984
2016-03-11,49.991666666666674
2016-03-12,49.6875
2016-03-13,50.31739130434782
2016-03-14,50.83750000000001
2016-03-15,50.98333333333334
2016-03-16,51.583333333333336
2016-03-17,52.05416666666667
2016-03-18,50.6875
2016-03-19,50.270833333333336
2016-03-20,49.775000000000006
2016-03-21,49.129166666666656
2016-03-22,49.09583333333333
2016-03-23,49.441666666666656
2016-03-24,50.20416666666667
2016-03-25,50.508333333333326
2016-03-26,50.78333333333333
2016-03-27,51.42499999999999
2016-03-28,51.362500000000004
2016-03-29,51.212500000000006
2016-03-30,51.916666666666664
2016-03-31,52.47083333333333
2016-04-01,52.775000000000006
2016-04-02,53.13333333333332
2016-04-03,53.258333333333326
2016-04-04,53.1625
2016-04-05,52.87916666666667
2016-04-06,53.39583333333334
2016-04-07,54.1625
2016-04-08,54.50416666666666
2016-04-09,53.425000000000004
2016-04-10,53.020833333333336
2016-04-11,52.73333333333334
2016-04-12,52.04583333333333
2016-04-13,52.53333333333333
2016-04-14,51.800000000000004
2016-04-15,52.70416666666665
2016-04-16,53.20000000000001
2016-04-17,53.67083333333334
2016-04-18,54.34583333333333
2016-04-19,54.620833333333316
2016-04-20,54.86666666666667
2016-04-21,54.4375
2016-04-22,53.31666666666666
2016-04-23,53.800000000000004
2016-04-24,53.7125
2016-04-25,53.66666666666666
2016-04-26,53.49583333333333
2016-04-27,54.46666666666667
2016-04-28,55.12499999999999
2016-04-29,55.09166666666665
2016-04-30,55.20416666666667
2016-05-01,55.800000000000004
2016-05-02,56.074999999999996
2016-05-03,55.39166666666668
2016-05-04,54.84166666666667
2016-05-05,55.091666666666676
2016-05-06,54.90833333333333
2016-05-07,53.92916666666667
2016-05-08,54.324999999999996
2016-05-09,54.679166666666674
2016-05-10,55.37916666666667
2016-05-11,54.79166666666668
2016-05-12,54.4375
2016-05-13,54.63333333333333
2016-05-14,54.24583333333333
2016-05-15,54.48333333333332
2016-05-16,54.37916666666669
2016-05-17,54.69166666666666
2016-05-18,53.89166666666667
2016-05-19,53.62916666666667
2016-05-20,52.0625
2016-05-21,51.84583333333334
2016-05-22,51.770833333333336
2016-05-23,52.27916666666667
2016-05-24,53.10833333333334
2016-05-25,53.46666666666666
2016-05-26,53.77916666666666
2016-05-27,53.837499999999984
2016-05-28,53.800000000000004
2016-05-29,53.76666666666669
2016-05-30,54.23333333333333
2016-05-31,54.4625
2016-06-01,54.32500000000001
2016-06-02,54.0625
2016-06-03,54.06666666666666
2016-06-04,53.73333333333333
2016-06-05,53.2125
2016-06-06,53.26666666666666
2016-06-07,53.07499999999999
2016-06-08,52.68333333333333
2016-06-09,52.68749999999999
2016-06-10,52.883333333333326
2016-06-11,52.925000000000004
2016-06-12,52.820833333333326
2016-06-13,52.59166666666667
2016-06-14,52.50833333333333
2016-06-15,51.70416666666666
2016-06-16,52.145833333333336
2016-06-17,52.23333333333334
2016-06-18,52.44583333333333
2016-06-19,52.88750000000001
2016-06-20,53.17916666666668
2016-06-21,53.44166666666666
2016-06-22,53.40416666666666
2016-06-23,53.162499999999994
2016-06-24,52.90416666666666
2016-06-25,53.104166666666664
2016-06-26,52.99999999999999
2016-06-27,53.19166666666666
2016-06-28,52.56666666666667
2016-06-29,52.61666666666667
2016-06-30,52.73333333333333
2016-07-01,52.508333333333326
2016-07-02,52.40000000000001
2016-07-03,52.59166666666666
2016-07-04,52.62083333333334
2016-07-05,52.46666666666666
2016-07-06,52.666666666666664
2016-07-07,52.68750000000001
2016-07-08,52.46666666666666
2016-07-09,52.474999999999994
2016-07-10,52.54583333333334
2016-07-11,52.9
2016-07-12,52.70000000000001
2016-07-13,52.60833333333334
2016-07-14,52.79583333333333
2016-07-15,53.066666666666656
2016-07-16,53.17499999999999
2016-07-17,53.12916666666667
2016-07-18,53.137499999999996
2016-07-19,53.20833333333332
2016-07-20,53.04583333333334
2016-07-21,52.758333333333326
2016-07-22,52.69166666666666
2016-07-23,52.87500000000001
2016-07-24,52.82083333333335
2016-07-25,52.841666666666676
2016-07-26,53.025000000000006
2016-07-27,53.09999999999999
2016-07-28,52.79166666666668
2016-07-29,52.91666666666668
2016-07-30,53.06666666666667
2016-07-31,53.19999999999999
2016-08-01,53.11249999999998
2016-08-02,53.133333333333326
2016-08-03,53.18333333333334
2016-08-04,53.09583333333333
2016-08-05,53.01666666666667
2016-08-06,53.20416666666666
2016-08-07,53.25
2016-08-08,53.337500000000006
2016-08-09,53.679166666666674
2016-08-10,53.42083333333333
2016-08-11,53.1875
2016-08-12,53.33333333333334
2016-08-13,53.35
2016-08-14,53.09166666666666
2016-08-15,53.166666666666664
2016-08-16,53.28333333333333
2016-08-17,53.42499999999998
2016-08-18,53.520833333333336
2016-08-19,53.208333333333314
2016-08-20,52.93333333333334
2016-08-21,52.75833333333333
2016-08-22,52.712500000000006
2016-08-23,52.9125
2016-08-24,53.00416666666667
2016-08-25,52.837500000000006
2016-08-26,52.52916666666667
2016-08-27,52.58333333333332
2016-08-28,52.57916666666666
2016-08-29,52.25000000000001
2016-08-30,52.441666666666656
2016-08-31,52.55416666666665
2016-09-01,52.604166666666664
2016-09-02,52.64583333333334
2016-09-03,52.6875
2016-09-04,52.63750000000001
2016-09-05,52.61666666666667
2016-09-06,52.44583333333333
2016-09-07,52.070833333333326
2016-09-08,51.85833333333332
2016-09-09,52.98333333333334
2016-09-10,52.79583333333333
2016-09-11,52.737500000000004
2016-09-12,52.89166666666668
2016-09-13,52.76250000000001
2016-09-14,52.737500000000004
2016-09-15,52.849999999999994
2016-09-16,52.90416666666667
2016-09-17,52.97083333333333
2016-09-18,52.2125
2016-09-19,52.520833333333336
2016-09-20,52.599999999999994
2016-09-21,52.42083333333333
2016-09-22,51.95833333333332
2016-09-23,51.70000000000001
2016-09-24,52.15
2016-09-25,52.59583333333334
2016-09-26,52.400000000000006
2016-09-27,52.800000000000004
2016-09-28,52.94583333333335
2016-09-29,53.01666666666666
2016-09-30,52.4125
2016-10-01,52.212500000000006
2016-10-02,51.70416666666667
2016-10-03,51.02083333333332
2016-10-04,51.62083333333333
2016-10-05,51.96666666666667
2016-10-06,52.24999999999999
2016-10-07,52.758333333333326
2016-10-08,53.195833333333326
2016-10-09,52.816666666666656
2016-10-10,52.85416666666666
2016-10-11,52.73749999999999
2016-10-12,52.60416666666668
2016-10-13,52.41666666666666
2016-10-14,52.83333333333334
2016-10-15,52.40416666666667
2016-10-16,52.37083333333334
2016-10-17,52.32500000000001
2016-10-18,53.15833333333334
2016-10-19,53.541666666666664
2016-10-20,53.53333333333334
2016-10-21,53.55416666666665
2016-10-22,53.550000000000004
2016-10-23,53.087500000000006
2016-10-24,52.70416666666667
2016-10-25,52.59166666666667
2016-10-26,52.87083333333333
2016-10-27,52.429166666666674
2016-10-28,52.662499999999994
2016-10-29,52.77083333333332
2016-10-30,52.370833333333316
2016-10-31,52.21666666666667
2016-11-01,53.41666666666666
2016-11-02,52.824999999999996
2016-11-03,52.80833333333333
2016-11-04,53.00416666666666
2016-11-05,52.979166666666664
2016-11-06,53.15
2016-11-07,53.42916666666665
2016-11-08,53.30833333333334
2016-11-09,53.11249999999999
2016-11-10,53.20416666666667
2016-11-11,52.9375
2016-11-12,53.40833333333333
2016-11-13,53.220833333333324
2016-11-14,53.12083333333334
2016-11-15,52.849999999999994
2016-11-16,52.224999999999994
2016-11-17,52.17916666666667
2016-11-18,51.82083333333333
2016-11-19,51.90416666666665
2016-11-20,52.29999999999999
2016-11-21,53.020833333333336
2016-11-22,52.27916666666667
2016-11-23,52.337499999999984
2016-11-24,51.85833333333333
2016-11-25,52.137499999999996
2016-11-26,51.85833333333333
2016-11-27,51.93750000000001
2016-11-28,52.1625
2016-11-29,51.916666666666664
2016-11-30,51.949999999999996
2016-12-01,51.63333333333333
2016-12-02,51.604166666666664
2016-12-03,51.81249999999998
2016-12-04,51.90833333333333
2016-12-05,51.40833333333334
2016-12-06,51.18750000000001
2016-12-07,50.44166666666666
2016-12-08,50.37083333333333
2016-12-09,51.083333333333336
2016-12-10,51.416666666666664
2016-12-11,51.229166666666664
2016-12-12,51.75833333333333
2016-12-13,51.6875
2016-12-14,51.908333333333324
2016-12-15,52.53333333333334
2016-12-16,51.77916666666667
2016-12-17,50.849999999999994
2016-12-18,50.56249999999999
2016-12-19,50.375
2016-12-20,50.15833333333333
2016-12-21,50.8375
2016-12-22,51.025
2016-12-23,50.820833333333326
2016-12-24,50.541666666666664
2016-12-25,50.07499999999999
2016-12-26,49.99583333333334
2016-12-27,50.01666666666666
2016-12-28,49.962500000000006
2016-12-29,49.82500000000001
2016-12-30,49.987500000000004
2016-12-31,49.96666666666666
2017-01-01,49.600000000000016
2017-01-02,49.13333333333333
2017-01-03,48.887499999999996
2017-01-04,48.6
2017-01-05,47.925000000000004
2017-01-06,47.987500000000004
2017-01-07,48.11250000000001
2017-01-08,48.40833333333334
2017-01-09,48.770833333333314
2017-01-10,48.49166666666665
2017-01-11,48.300000000000004
2017-01-12,48.633333333333354
2017-01-13,49.466666666666676
2017-01-14,49.50416666666667
2017-01-15,49.3125
2017-01-16,49.17916666666667
2017-01-17,49.025000000000006
2017-01-18,48.75833333333333
2017-01-19,48.37083333333333
2017-01-20,48.1625
2017-01-21,48.16666666666668
2017-01-22,47.79583333333333
2017-01-23,47.95416666666667
2017-01-24,48.066666666666656
2017-01-25,47.916666666666664
2017-01-26,47.95833333333332
2017-01-27,47.89583333333334
2017-01-28,47.875
2017-01-29,47.52916666666667
2017-01-30,47.362500000000004
2017-01-31,47.35416666666668
2017-02-01,47.29583333333333
2017-02-02,47.18750000000001
2017-02-03,47.35
2017-02-04,47.145833333333336
2017-02-05,47.08750000000001
2017-02-06,47.23333333333334
2017-02-07,47.84583333333333
2017-02-08,47.39166666666667
2017-02-09,48.262499999999996
2017-02-10,47.88333333333332
2017-02-11,47.70416666666667
2017-02-12,47.895833333333336
2017-02-13,47.85416666666668
2017-02-14,47.2875
2017-02-15,47.12083333333333
2017-02-16,47.53333333333335
2017-02-17,47.38749999999999
2017-02-18,47.662499999999994
2017-02-19,47.35833333333333
2017-02-20,47.67499999999999
2017-02-21,47.59583333333334
2017-02-22,47.274999999999984
2017-02-23,47.225
2017-02-24,47.32500000000001
2017-02-25,47.47083333333335
2017-02-26,47.42083333333334
2017-02-27,47.4375
2017-02-28,47.44166666666666
2017-03-01,47.55833333333334
2017-03-02,47.67499999999999
2017-03-03,47.70833333333332
2017-03-04,47.724999999999994
2017-03-05,47.43333333333334
2017-03-06,47.183333333333344
2017-03-07,47.16666666666668
2017-03-08,47.45416666666667
2017-03-09,47.45416666666667
2017-03-10,47.69166666666667
2017-03-11,47.849999999999994
2017-03-12,48.05217391304347
2017-03-13,48.116666666666674
2017-03-14,48.15416666666667
2017-03-15,47.75
2017-03-16,47.76666666666667
2017-03-17,47.90416666666667
2017-03-18,47.83333333333332
2017-03-19,47.85416666666666
2017-03-20,47.82916666666666
2017-03-21,48.537499999999994
2017-03-22,48.09583333333334
2017-03-23,48.104166666666664
2017-03-24,48.0875
2017-03-25,48.40833333333334
2017-03-26,48.745833333333344
2017-03-27,49.145833333333336
2017-03-28,49.62916666666667
2017-03-29,49.77916666666666
2017-03-30,50.29583333333333
2017-03-31,50.86666666666667
2017-04-01,51.47499999999999
2017-04-02,51.81250000000001
2017-04-03,51.49166666666667
2017-04-04,51.42083333333332
2017-04-05,51.15833333333333
2017-04-06,50.675000000000004
2017-04-07,50.62916666666666
2017-04-08,49.87916666666666
2017-04-09,50.36666666666667
2017-04-10,50.72083333333334
2017-04-11,50.49166666666667
2017-04-12,50.5375
2017-04-13,49.60833333333331
2017-04-14,49.779166666666676
2017-04-15,50.17916666666665
2017-04-16,50.0875
2017-04-17,49.77916666666666
2017-04-18,50.12916666666667
2017-04-19,49.91666666666668
2017-04-20,50.0625
2017-04-21,50.36250000000001
2017-04-22,50.508333333333326
2017-04-23,50.37083333333333
2017-04-24,50.037500000000016
2017-04-25,49.90833333333334
2017-04-26,50.55833333333334
2017-04-27,51.025
2017-04-28,51.912499999999994
2017-04-29,52.550000000000004
2017-04-30,53.39166666666667
2017-05-01,53.758333333333326
2017-05-02,54.14166666666667
2017-05-03,54.60416666666668
2017-05-04,53.85416666666668
2017-05-05,53.75
2017-05-06,53.50833333333333
2017-05-07,52.20416666666667
2017-05-08,52.54583333333333
2017-05-09,52.76666666666666
2017-05-10,52.62083333333334
2017-05-11,52.179166666666674
2017-05-12,51.62499999999999
2017-05-13,51.70000000000001
2017-05-14,52.0375
2017-05-15,52.841666666666676
2017-05-16,52.15833333333334
2017-05-17,51.650000000000006
2017-05-18,52.36249999999998
2017-05-19,52.387499999999996
2017-05-20,51.85833333333334
2017-05-21,51.504166666666684
2017-05-22,51.54999999999999
2017-05-23,51.675000000000004
2017-05-24,51.80416666666665
2017-05-25,52.008333333333326
2017-05-26,52.012499999999996
2017-05-27,52.08333333333334
2017-05-28,52.39166666666667
2017-05-29,52.22916666666666
2017-05-30,51.97916666666666
2017-05-31,52.00833333333333
2017-06-01,52.47916666666666
2017-06-02,52.42916666666667
2017-06-03,52.262499999999996
2017-06-04,52.383333333333326
2017-06-05,52.349999999999994
2017-06-06,52.508333333333326
2017-06-07,52.324999999999996
2017-06-08,51.68333333333334
2017-06-09,52.15833333333333
2017-06-10,52.087500000000006
2017-06-11,52.15833333333333
2017-06-12,52.112500000000004
2017-06-13,52.7875
2017-06-14,52.79583333333333
2017-06-15,53.537499999999994
2017-06-16,53.29166666666668
2017-06-17,53.237500000000004
2017-06-18,53.066666666666656
2017-06-19,52.775
2017-06-20,52.425000000000004
2017-06-21,52.587500000000006
2017-06-22,52.504166666666684
2017-06-23,52.245833333333316
2017-06-24,52.17916666666667
2017-06-25,52.35
2017-06-26,52.27083333333331
2017-06-27,52.29166666666666
2017-06-28,52.65833333333334
2017-06-29,52.50416666666667
2017-06-30,52.46666666666666
2017-07-01,52.533333333333324
2017-07-02,52.59166666666666
2017-07-03,52.712500000000006
2017-07-04,52.599999999999994
2017-07-05,52.574999999999996
2017-07-06,52.524999999999984
2017-07-07,52.5875
2017-07-08,52.49583333333333
2017-07-09,52.558333333333316
2017-07-10,52.541666666666664
2017-07-11,52.587500000000006
2017-07-12,52.75000000000001
2017-07-13,52.76666666666666
2017-07-14,52.87083333333333
2017-07-15,52.800000000000004
2017-07-16,52.979166666666664
2017-07-17,52.89583333333334
2017-07-18,52.89583333333334
2017-07-19,53.025
2017-07-20,52.95000000000001
2017-07-21,52.74583333333334
2017-07-22,52.824999999999996
2017-07-23,52.65
2017-07-24,52.57916666666667
2017-07-25,52.77916666666665
2017-07-26,52.61666666666667
2017-07-27,52.762499999999996
2017-07-28,53.12916666666667
2017-07-29,52.808333333333344
2017-07-30,52.34583333333333
2017-07-31,52.09583333333334
2017-08-01,52.26250000000001
2017-08-02,52.30416666666665
2017-08-03,52.29583333333334
2017-08-04,52.270833333333336
2017-08-05,52.570833333333326
2017-08-06,52.583333333333336
2017-08-07,52.62083333333334
2017-08-08,52.65833333333334
2017-08-09,52.67083333333335
2017-08-10,52.70416666666667
2017-08-11,52.89166666666665
2017-08-12,53.10416666666668
2017-08-13,53.050000000000004
2017-08-14,53.199999999999996
2017-08-15,53.15833333333333
2017-08-16,52.80416666666667
2017-08-17,52.88750000000001
2017-08-18,53.037500000000016
2017-08-19,52.97083333333334
2017-08-20,52.975
2017-08-21,52.85
2017-08-22,52.770833333333336
2017-08-23,52.87916666666667
2017-08-24,52.762499999999996
2017-08-25,52.69583333333333
2017-08-26,52.57500000000001
2017-08-27,52.50416666666666
2017-08-28,52.57083333333332
2017-08-29,52.98333333333334
2017-08-30,52.85416666666666
2017-08-31,52.87916666666667
2017-09-01,52.55833333333333
2017-09-02,52.550000000000004
2017-09-03,52.65
2017-09-04,52.60833333333333
2017-09-05,52.650000000000006
2017-09-06,53.01249999999999
2017-09-07,52.96666666666667
2017-09-08,52.59583333333333
2017-09-09,51.70416666666667
2017-09-10,51.78333333333334
2017-09-11,52.05833333333333
2017-09-12,52.26666666666667
2017-09-13,52.50416666666666
2017-09-14,52.0875
2017-09-15,52.05833333333333
2017-09-16,51.51666666666667
2017-09-17,51.67083333333333
2017-09-18,51.90416666666667
2017-09-19,51.84166666666667
2017-09-20,51.683333333333344
2017-09-21,51.520833333333336
2017-09-22,51.466666666666676
2017-09-23,51.52916666666667
2017-09-24,51.60833333333333
2017-09-25,51.69583333333333
2017-09-26,52.320833333333326
2017-09-27,52.0875
2017-09-28,52.17083333333333
2017-09-29,51.87500000000001
2017-09-30,52.120833333333316
2017-10-01,52.12916666666666
2017-10-02,51.90416666666669
2017-10-03,51.90833333333333
2017-10-04,51.81250000000001
2017-10-05,52.43333333333334
2017-10-06,52.412499999999994
2017-10-07,52.895833333333336
2017-10-08,52.68750000000001
2017-10-09,52.412499999999994
2017-10-10,52.095833333333324
2017-10-11,51.925000000000004
2017-10-12,51.57083333333333
2017-10-13,52.09999999999999
2017-10-14,52.05416666666667
2017-10-15,52.208333333333336
2017-10-16,52.26666666666667
2017-10-17,52.337500000000006
2017-10-18,52.554166666666674
2017-10-19,52.45416666666666
2017-10-20,52.35833333333333
2017-10-21,52.287500000000016
2017-10-22,52.62083333333334
2017-10-23,53.26666666666667
2017-10-24,53.41666666666668
2017-10-25,52.975
2017-10-26,52.82916666666667
2017-10-27,52.92916666666667
2017-10-28,52.85
2017-10-29,52.82083333333335
2017-10-30,52.775
2017-10-31,52.82083333333335
2017-11-01,52.53333333333334
2017-11-02,52.46666666666667
2017-11-03,52.449999999999996
2017-11-04,52.75000000000001
2017-11-05,52.34583333333334
2017-11-06,52.729166666666664
2017-11-07,52.31249999999999
2017-11-08,52.15833333333334
2017-11-09,52.69583333333335
2017-11-10,52.800000000000004
2017-11-11,53.25833333333333
2017-11-12,53.137499999999996
2017-11-13,53.145833333333336
2017-11-14,53.00833333333335
2017-11-15,52.55833333333334
2017-11-16,53.11666666666667
2017-11-17,53.0375
2017-11-18,52.604166666666664
2017-11-19,52.333333333333336
2017-11-20,52.64583333333334
2017-11-21,53.12083333333334
2017-11-22,53.19999999999999
2017-11-23,53.46666666666667
2017-11-24,53.56666666666667
2017-11-25,53.425000000000004
2017-11-26,53.38333333333333
2017-11-27,53.349999999999994
2017-11-28,52.56666666666666
2017-11-29,52.23333333333332
2017-11-30,52.28333333333334
2017-12-01,52.30833333333334
2017-12-02,52.10416666666668
2017-12-03,52.10833333333334
2017-12-04,51.46666666666666
2017-12-05,51.65416666666667
2017-12-06,51.79583333333334
2017-12-07,51.96666666666666
2017-12-08,52.02083333333332
2017-12-09,51.958333333333336
2017-12-10,51.77083333333334
2017-12-11,51.583333333333336
2017-12-12,51.504166666666656
2017-12-13,51.34583333333335
2017-12-14,51.75416666666666
2017-12-15,51.54583333333333
2017-12-16,51.4125
2017-12-17,51.21666666666667
2017-12-18,51.275
2017-12-19,51.09166666666666
2017-12-20,51.025
2017-12-21,50.42499999999999
2017-12-22,50.324999999999996
2017-12-23,50.6875
2017-12-24,50.65416666666667
2017-12-25,50.5875
2017-12-26,50.52083333333334
2017-12-27,50.44166666666667
2017-12-28,50.412499999999994
2017-12-29,50.18333333333333
2017-12-30,50.79583333333333
2017-12-31,51.65
2018-01-01,52.137499999999996
2018-01-02,51.9125
2018-01-03,52.07500000000002
2018-01-04,52.120833333333344
2018-01-05,52.283333333333324
2018-01-06,52.29166666666668
2018-01-07,51.429166666666674
2018-01-08,51.49583333333333
2018-01-09,51.691666666666684
2018-01-10,51.31250000000001
2018-01-11,51.4375
2018-01-12,51.775
2018-01-13,51.59583333333333
2018-01-14,51.4125
2018-01-15,51.033333333333324
2018-01-16,51.479166666666664
2018-01-17,51.65416666666667
2018-01-18,51.45416666666665
2018-01-19,50.92083333333333
2018-01-20,50.67499999999999
2018-01-21,50.12916666666667
2018-01-22,50.258333333333326
2018-01-23,50.412499999999994
2018-01-24,50.42083333333332
2018-01-25,50.17916666666667
2018-01-26,50.29999999999999
2018-01-27,50.28333333333334
2018-01-28,50.65833333333333
2018-01-29,50.75416666666666
2018-01-30,50.787499999999994
2018-01-31,50.70833333333332
2018-02-01,51.229166666666664
2018-02-02,51.26666666666666
2018-02-03,51.541666666666664
2018-02-04,51.87083333333334
2018-02-05,51.80000000000001
2018-02-06,51.30416666666665
2018-02-07,51.333333333333336
2018-02-08,51.25833333333333
2018-02-09,50.90416666666667
2018-02-10,50.741666666666674
2018-02-11,50.25000000000001
2018-02-12,50.291666666666664
2018-02-13,50.42083333333334
2018-02-14,50.29583333333333
2018-02-15,50.28333333333333
2018-02-16,50.69166666666667
2018-02-17,50.97916666666668
2018-02-18,50.48333333333333
2018-02-19,49.81666666666667
2018-02-20,49.2875
2018-02-21,49.34166666666667
2018-02-22,48.67083333333333
2018-02-23,48.88750000000001
2018-02-24,48.87916666666667
2018-02-25,49.20416666666666
2018-02-26,49.474999999999994
2018-02-27,48.92083333333334
2018-02-28,48.8125
2018-03-01,49.02916666666666
2018-03-02,48.587500000000006
2018-03-03,48.94583333333333
2018-03-04,49.01666666666666
2018-03-05,49.1875
2018-03-06,49.75
2018-03-07,49.82916666666666
2018-03-08,50.48749999999999
2018-03-09,50.4625
2018-03-10,50.9125
2018-03-11,51.013043478260876
2018-03-12,50.645833333333336
2018-03-13,50.65833333333334
2018-03-14,50.07083333333335
2018-03-15,49.20000000000002
2018-03-16,49.416666666666664
2018-03-17,49.6875
2018-03-18,49.67083333333333
2018-03-19,50.17083333333334
2018-03-20,49.875
2018-03-21,50.0625
2018-03-22,50.9125
2018-03-23,49.51666666666667
2018-03-24,49.27916666666666
2018-03-25,49.95833333333334
2018-03-26,50.06666666666667
2018-03-27,50.82916666666668
2018-03-28,51.61666666666667
2018-03-29,52.12083333333333
2018-03-30,52.1625
2018-03-31,52.599999999999994
2018-04-01,53.041666666666664
2018-04-02,53.37083333333334
2018-04-03,52.95000000000001
2018-04-04,52.84166666666667
2018-04-05,52.30416666666667
2018-04-06,52.12083333333333
2018-04-07,54.024999999999984
2018-04-08,53.32500000000001
2018-04-09,53.24583333333334
2018-04-10,53.12500000000001
2018-04-11,52.216666666666676
2018-04-12,52.12916666666667
2018-04-13,52.649999999999984
2018-04-14,53.20416666666668
2018-04-15,51.887499999999996
2018-04-16,51.93333333333333
2018-04-17,52.541666666666664
2018-04-18,52.28333333333333
2018-04-19,52.90833333333334
2018-04-20,53.824999999999996
2018-04-21,54.29999999999999
2018-04-22,54.74166666666667
2018-04-23,54.98333333333333
2018-04-24,54.43333333333334
2018-04-25,53.58750000000001
2018-04-26,53.31666666666666
2018-04-27,52.324999999999996
2018-04-28,51.83333333333332
2018-04-29,51.99166666666667
2018-04-30,51.841666666666676
2018-05-01,52.020833333333336
2018-05-02,52.224999999999994
2018-05-03,52.34583333333334
2018-05-04,52.30416666666668
2018-05-05,51.87083333333334
2018-05-06,52.2125
2018-05-07,52.39583333333334
2018-05-08,52.520833333333336
2018-05-09,53.21666666666667
2018-05-10,53.24583333333334
2018-05-11,53.17916666666667
2018-05-12,53.19166666666667
2018-05-13,52.74166666666667
2018-05-14,52.541666666666664
2018-05-15,52.65
2018-05-16,52.31666666666667
2018-05-17,52.31250000000001
2018-05-18,52.99583333333334
2018-05-19,53.98333333333334
2018-05-20,53.92083333333333
2018-05-21,53.662500000000016
2018-05-22,53.074999999999996
2018-05-23,53.01249999999999
2018-05-24,52.65416666666667
2018-05-25,51.97916666666666
2018-05-26,52.23333333333335
2018-05-27,52.80833333333334
2018-05-28,53.33333333333334
2018-05-29,53.212499999999984
2018-05-30,53.10833333333334
2018-05-31,52.75833333333333
2018-06-01,53.074999999999996
2018-06-02,53.52916666666667
2018-06-03,53.76666666666666
2018-06-04,53.63333333333333
2018-06-05,53.23749999999999
2018-06-06,53.166666666666664
2018-06-07,53.39583333333335
2018-06-08,53.633333333333354
2018-06-09,53.55416666666668
2018-06-10,53.29583333333332
2018-06-11,52.550000000000004
2018-06-12,52.76250000000001
2018-06-13,52.59583333333334
2018-06-14,52.554166666666674
2018-06-15,52.316666666666656
2018-06-16,52.195833333333326
2018-06-17,52.104166666666686
2018-06-18,52.291666666666664
2018-06-19,52.49999999999999
2018-06-20,52.72916666666668
2018-06-21,52.775
2018-06-22,53.050000000000004
2018-06-23,53.05416666666667
2018-06-24,52.77083333333332
2018-06-25,52.537499999999994
2018-06-26,53.020833333333336
2018-06-27,53.02083333333332
2018-06-28,52.86250000000001
2018-06-29,52.97083333333333
2018-06-30,52.7125
2018-07-01,52.50416666666667
2018-07-02,52.491666666666674
2018-07-03,52.604166666666664
2018-07-04,52.48333333333333
2018-07-05,52.24166666666667
2018-07-06,52.00833333333333
2018-07-07,52.16666666666666
2018-07-08,52.487500000000004
2018-07-09,52.66666666666666
2018-07-10,53.01250000000001
2018-07-11,53.050000000000004
2018-07-12,52.84583333333334
2018-07-13,52.60833333333334
2018-07-14,52.958333333333336
2018-07-15,53.22916666666666
2018-07-16,53.39166666666668
2018-07-17,53.366666666666674
2018-07-18,53.479166666666686
2018-07-19,53.61666666666667
2018-07-20,53.429166666666674
2018-07-21,53.47499999999999
2018-07-22,53.71666666666666
2018-07-23,53.74583333333334
2018-07-24,53.63749999999999
2018-07-25,53.54583333333334
2018-07-26,53.05416666666665
2018-07-27,52.837500000000006
2018-07-28,52.6
2018-07-29,52.43749999999999
2018-07-30,50.72916666666666
2018-07-31,50.89166666666667
2018-08-01,52.370833333333344
2018-08-02,53.25833333333335
2018-08-03,53.116666666666674
2018-08-04,53.212499999999984
2018-08-05,53.18750000000001
2018-08-06,53.47916666666668
2018-08-07,53.7125
2018-08-08,53.74583333333334
2018-08-09,52.958333333333336
2018-08-10,53.25833333333333
2018-08-11,53.55416666666667
2018-08-12,53.758333333333326
2018-08-13,53.74583333333333
2018-08-14,53.50000000000001
2018-08-15,53.23749999999999
2018-08-16,53.48749999999999
2018-08-17,53.43333333333333
2018-08-18,53.224999999999994
2018-08-19,53.270833333333336
2018-08-20,53.125
2018-08-21,53.30833333333334
2018-08-22,53.23333333333335
2018-08-23,53.604166666666664
2018-08-24,53.72083333333333
2018-08-25,53.550000000000004
2018-08-26,53.35833333333334
2018-08-27,53.42916666666667
2018-08-28,53.699999999999996
2018-08-29,53.958333333333336
2018-08-30,53.8125
2018-08-31,53.62499999999999
2018-09-01,52.31666666666666
2018-09-02,52.279166666666676
2018-09-03,52.324999999999996
2018-09-04,52.599999999999994
2018-09-05,53.00833333333333
2018-09-06,52.925000000000004
2018-09-07,52.70416666666668
2018-09-08,52.599999999999994
2018-09-09,52.62916666666667
2018-09-10,52.55833333333334
2018-09-11,52.60416666666668
2018-09-12,52.52083333333332
2018-09-13,52.75
2018-09-14,52.97083333333334
2018-09-15,53.12500000000001
2018-09-16,52.95833333333334
2018-09-17,52.962500000000006
2018-09-18,53.26250000000001
2018-09-19,53.39166666666665
2018-09-20,53.804166666666674
2018-09-21,53.020833333333336
2018-09-22,52.800000000000004
2018-09-23,53.28333333333333
2018-09-24,53.48333333333334
2018-09-25,53.32916666666667
2018-09-26,52.67083333333332
2018-09-27,52.55416666666667
2018-09-28,52.90833333333334
2018-09-29,52.89166666666666
2018-09-30,53.083333333333336
2018-10-01,52.558333333333344
2018-10-02,52.912499999999994
2018-10-03,53.32500000000001
2018-10-04,53.78749999999999
2018-10-05,53.8375
2018-10-06,54.17499999999999
2018-10-07,54.24166666666668
2018-10-08,53.987500000000004
2018-10-09,54.12916666666667
2018-10-10,53.98749999999999
2018-10-11,53.99166666666667
2018-10-12,54.04999999999998
2018-10-13,54.1875
2018-10-14,53.94583333333333
2018-10-15,53.78333333333333
2018-10-16,54.137499999999996
2018-10-17,54.12916666666667
2018-10-18,54.145833333333336
2018-10-19,54.349999999999994
2018-10-20,54.699999999999996
2018-10-21,54.75
2018-10-22,54.65833333333334
2018-10-23,54.5375
2018-10-24,54.75833333333333
2018-10-25,54.962500000000006
2018-10-26,55.19583333333333
2018-10-27,55.27499999999998
2018-10-28,54.741666666666674
2018-10-29,54.19999999999999
2018-10-30,54.054166666666674
2018-10-31,53.98333333333333
2018-11-01,54.525000000000006
2018-11-02,54.50416666666666
2018-11-03,54.68749999999999
2018-11-04,54.41666666666666
2018-11-05,54.716666666666676
2018-11-06,54.52083333333334
2018-11-07,54.35833333333333
2018-11-08,53.87500000000001
2018-11-09,53.87500000000001
2018-11-10,54.0875
2018-11-11,54.05416666666667
2018-11-12,54.01250000000001
2018-11-13,53.708333333333336
2018-11-14,53.84166666666667
2018-11-15,53.699999999999996
2018-11-16,53.90416666666667
2018-11-17,53.887499999999996
2018-11-18,53.75416666666667
2018-11-19,53.86666666666665
2018-11-20,53.85833333333334
2018-11-21,53.70833333333332
2018-11-22,53.88750000000002
2018-11-23,53.9125
2018-11-24,54.425000000000004
2018-11-25,54.275
2018-11-26,54.00833333333333
2018-11-27,53.72083333333331
2018-11-28,54.00833333333335
2018-11-29,53.39166666666666
2018-11-30,53.162499999999994
2018-12-01,53.17916666666668
2018-12-02,52.55833333333333
2018-12-03,52.375
2018-12-04,52.525000000000006
2018-12-05,52.58333333333334
2018-12-06,52.520833333333336
2018-12-07,52.23333333333334
2018-12-08,52.54166666666668
2018-12-09,52.237500000000004
2018-12-10,52.69999999999999
2018-12-11,52.3125
2018-12-12,52.21666666666666
2018-12-13,52.475
2018-12-14,52.49999999999999
2018-12-15,52.79583333333332
2018-12-16,52.89583333333332
2018-12-17,52.987500000000004
2018-12-18,53.095833333333324
2018-12-19,53.39166666666667
2018-12-20,52.97499999999999
2018-12-21,53.229166666666664
2018-12-22,52.39166666666666
2018-12-23,52.425000000000004
2018-12-24,51.958333333333336
2018-12-25,52.04583333333334
2018-12-26,51.695833333333326
2018-12-27,51.287499999999994
2018-12-28,50.93749999999999
2018-12-29,51.37916666666666
2018-12-30,51.13333333333333
2018-12-31,50.791666666666664
2019-01-01,50.48333333333334
2019-01-02,50.57916666666667
2019-01-03,50.48333333333333
2019-01-04,50.91666666666668
2019-01-05,50.48333333333335
2019-01-06,50.587500000000034
2019-01-07,50.86249999999999
2019-01-08,51.04166666666669
2019-01-09,51.11249999999999
2019-01-10,50.93749999999999
2019-01-11,50.40833333333333
2019-01-12,50.63749999999999
2019-01-13,50.67916666666667
2019-01-14,50.35833333333334
2019-01-15,50.583333333333314
2019-01-16,50.32083333333333
2019-01-17,50.279166666666676
2019-01-18,49.933333333333344
2019-01-19,49.916666666666664
2019-01-20,50.13333333333333
2019-01-21,49.854166666666664
2019-01-22,49.43333333333333
2019-01-23,49.47083333333334
2019-01-24,49.64166666666666
2019-01-25,49.6625
2019-01-26,49.88333333333333
2019-01-27,50.275000000000006
2019-01-28,50.129166666666684
2019-01-29,50.66666666666666
2019-01-30,50.520833333333336
2019-01-31,50.80833333333333
2019-02-01,50.40416666666667
2019-02-02,50.570833333333326
2019-02-03,50.25833333333333
2019-02-04,49.824999999999996
2019-02-05,49.45000000000001
2019-02-06,48.95416666666665
2019-02-07,48.64166666666666
2019-02-08,48.73333333333334
2019-02-09,48.27916666666667
2019-02-10,47.87499999999999
2019-02-11,48.083333333333336
2019-02-12,47.9625
2019-02-13,45.09583333333334
2019-02-14,45.37916666666666
2019-02-15,47.145833333333336
2019-02-16,47.45833333333334
2019-02-17,47.62083333333333
2019-02-18,47.79583333333334
2019-02-19,47.63749999999999
2019-02-20,48.09583333333333
2019-02-21,47.90833333333333
2019-02-22,47.60833333333333
2019-02-23,47.541666666666664
2019-02-24,47.558333333333344
2019-02-25,47.512499999999996
2019-02-26,47.97083333333334
2019-02-27,48.458333333333336
2019-02-28,48.65
2019-03-01,47.82916666666667
2019-03-02,47.854166666666664
2019-03-03,48.12083333333333
2019-03-04,48.054166666666674
2019-03-05,47.91666666666668
2019-03-06,48.270833333333336
2019-03-07,48.025000000000006
2019-03-08,47.89166666666667
2019-03-09,47.666666666666664
2019-03-10,47.97826086956522
2019-03-11,48.17916666666667
2019-03-12,48.25833333333333
2019-03-13,48.270833333333336
2019-03-14,48.32083333333333
2019-03-15,48.54583333333333
2019-03-16,48.666666666666664
2019-03-17,48.695833333333326
2019-03-18,48.83333333333334
2019-03-19,48.85
2019-03-20,48.94583333333333
2019-03-21,48.975
2019-03-22,48.916666666666664
2019-03-23,49.0875
2019-03-24,49.38333333333333
2019-03-25,49.041666666666664
2019-03-26,49.07916666666666
2019-03-27,49.216666666666676
2019-03-28,49.09166666666666
2019-03-29,49.29583333333333
2019-03-30,49.48750000000001
2019-03-31,49.89166666666667
2019-04-01,49.81666666666666
2019-04-02,49.49166666666667
2019-04-03,49.27916666666667
2019-04-04,48.92083333333334
2019-04-05,48.262499999999996
2019-04-06,48.066666666666684
2019-04-07,48.24583333333333
2019-04-08,48.59166666666666
2019-04-09,48.75416666666666
2019-04-10,49.14583333333335
2019-04-11,49.12499999999999
2019-04-12,49.34583333333333
2019-04-13,49.633333333333326
2019-04-14,49.36666666666667
2019-04-15,49.11666666666667
2019-04-16,49.79583333333334
2019-04-17,50.570833333333326
2019-04-18,51.525000000000006
2019-04-19,51.92083333333335
2019-04-20,51.675000000000004
2019-04-21,51.854166666666664
2019-04-22,52.9125
2019-04-23,53.48750000000001
2019-04-24,53.958333333333336
2019-04-25,54.26250000000002
2019-04-26,54.15416666666667
2019-04-27,54.02916666666667
2019-04-28,54.07499999999999
2019-04-29,54.14583333333334
2019-04-30,54.387499999999996
2019-05-01,54.150000000000006
2019-05-02,54.070833333333326
2019-05-03,54.40833333333333
2019-05-04,53.94166666666666
2019-05-05,53.66666666666665
2019-05-06,53.824999999999996
2019-05-07,53.883333333333326
2019-05-08,54.15833333333333
2019-05-09,53.92500000000001
2019-05-10,53.32083333333333
2019-05-11,52.96666666666667
2019-05-12,53.06666666666666
2019-05-13,52.68333333333333
2019-05-14,52.587500000000006
2019-05-15,51.82916666666666
2019-05-16,51.57916666666666
2019-05-17,52.01250000000001
2019-05-18,51.73333333333333
2019-05-19,52.99583333333333
2019-05-20,52.916666666666664
2019-05-21,53.23333333333334
2019-05-22,53.5
2019-05-23,53.479166666666686
2019-05-24,53.574999999999996
2019-05-25,53.520833333333336
2019-05-26,52.11666666666667
2019-05-27,51.94583333333335
2019-05-28,52.258333333333326
2019-05-29,52.75416666666664
2019-05-30,52.03333333333334
2019-05-31,52.43750000000001
2019-06-01,52.61666666666668
2019-06-02,52.775000000000006
2019-06-03,52.82083333333333
2019-06-04,53.02083333333334
2019-06-05,53.06666666666666
2019-06-06,52.79583333333334
2019-06-07,52.462499999999984
2019-06-08,52.554166666666674
2019-06-09,52.69166666666666
2019-06-10,52.79999999999999
2019-06-11,53.01666666666666
2019-06-12,52.93333333333333
2019-06-13,53.25
2019-06-14,53.4
2019-06-15,53.050000000000004
2019-06-16,53.10416666666666
2019-06-17,52.99166666666667
2019-06-18,52.77916666666667
2019-06-19,52.64166666666668
2019-06-20,52.43333333333333
2019-06-21,52.32083333333333
2019-06-22,52.69583333333335
2019-06-23,52.84583333333334
2019-06-24,52.86249999999999
2019-06-25,52.70416666666667
2019-06-26,52.362500000000004
2019-06-27,52.65833333333334
2019-06-28,53.074999999999996
2019-06-29,52.820833333333326
2019-06-30,52.84583333333334
2019-07-01,52.883333333333326
2019-07-02,52.97083333333333
2019-07-03,53.058333333333344
2019-07-04,52.925000000000004
2019-07-05,53.379166666666684
2019-07-06,53.10833333333335
2019-07-07,53.041666666666664
2019-07-08,53.44999999999999
2019-07-09,52.90833333333334
2019-07-10,52.81249999999998
2019-07-11,52.991666666666646
2019-07-12,53.08333333333334
2019-07-13,53.31250000000001
2019-07-14,53.31666666666666
2019-07-15,53.237500000000004
2019-07-16,53.29583333333333
2019-07-17,53.24999999999999
2019-07-18,53.45416666666667
2019-07-19,53.166666666666664
2019-07-20,53.07500000000001
2019-07-21,52.92083333333335
2019-07-22,52.88750000000001
2019-07-23,53.25000000000001
2019-07-24,53.087499999999984
2019-07-25,52.525
2019-07-26,52.30833333333334
2019-07-27,52.47083333333333
2019-07-28,52.54999999999999
2019-07-29,52.47083333333331
2019-07-30,52.675000000000004
2019-07-31,52.762499999999996
2019-08-01,52.65
2019-08-02,52.64583333333334
2019-08-03,52.862500000000004
2019-08-04,52.91666666666666
2019-08-05,52.62916666666666
2019-08-06,52.987500000000004
2019-08-07,52.91666666666666
2019-08-08,53.12916666666666
2019-08-09,52.67916666666667
2019-08-10,52.537500000000016
2019-08-11,52.48333333333333
2019-08-12,52.77083333333332
2019-08-13,52.94583333333333
2019-08-14,53.04999999999999
2019-08-15,53.07916666666668
2019-08-16,53.008333333333326
2019-08-17,53.00416666666667
2019-08-18,53.074999999999996
2019-08-19,53.0625
2019-08-20,53.224999999999994
2019-08-21,52.512499999999996
2019-08-22,53.112500000000004
2019-08-23,52.820833333333326
2019-08-24,53.150000000000006
2019-08-25,53.35
2019-08-26,53.20833333333334
2019-08-27,53.1875
2019-08-28,52.90833333333334
2019-08-29,52.941666666666684
2019-08-30,52.96666666666667
2019-08-31,53.133333333333326
2019-09-01,52.987500000000004
2019-09-02,52.72083333333334
2019-09-03,52.349999999999994
2019-09-04,52.525
2019-09-05,52.737500000000004
2019-09-06,52.8375
2019-09-07,52.916666666666664
2019-09-08,53.13749999999999
2019-09-09,52.775
2019-09-10,52.85
2019-09-11,52.612500000000004
2019-09-12,52.629166666666656
2019-09-13,52.68750000000001
2019-09-14,52.74583333333333
2019-09-15,52.85833333333335
2019-09-16,52.695833333333326
2019-09-17,52.50833333333333
2019-09-18,52.30833333333333
2019-09-19,52.39166666666666
2019-09-20,52.48750000000002
2019-09-21,52.84166666666667
2019-09-22,52.44166666666666
2019-09-23,53.258333333333326
2019-09-24,53.0625
2019-09-25,53.78333333333333
2019-09-26,53.15416666666667
2019-09-27,52.804166666666674
2019-09-28,52.604166666666686
2019-09-29,51.11249999999998
2019-09-30,51.06666666666666
2019-10-01,51.34583333333333
2019-10-02,51.35
2019-10-03,52.06666666666666
2019-10-04,52.429166666666674
2019-10-05,52.59583333333334
2019-10-06,52.29166666666668
2019-10-07,51.862500000000004
2019-10-08,52.14583333333332
2019-10-09,52.28333333333333
2019-10-10,52.03333333333333
2019-10-11,51.86249999999999
2019-10-12,51.98333333333333
2019-10-13,52.19999999999999
2019-10-14,51.94166666666669
2019-10-15,51.791666666666664
2019-10-16,51.9375
2019-10-17,52.395833333333336
2019-10-18,52.3375
2019-10-19,51.95416666666666
2019-10-20,52.16666666666666
2019-10-21,52.604166666666664
2019-10-22,52.59583333333335
2019-10-23,52.224999999999994
2019-10-24,52.270833333333336
2019-10-25,52.07916666666667
2019-10-26,52.037499999999994
2019-10-27,51.08333333333332
2019-10-28,51.39166666666668
2019-10-29,51.29999999999998
2019-10-30,50.80833333333333
2019-10-31,51.35
2019-11-01,51.43750000000001
2019-11-02,51.508333333333326
2019-11-03,51.76250000000002
2019-11-04,51.958333333333336
2019-11-05,52.19583333333333
2019-11-06,52.32083333333333
2019-11-07,51.85833333333332
2019-11-08,51.98749999999999
2019-11-09,52.037499999999994
2019-11-10,52.383333333333326
2019-11-11,52.82916666666666
2019-11-12,52.34166666666667
2019-11-13,52.3125
2019-11-14,52.43333333333333
2019-11-15,52.599999999999994
2019-11-16,52.6
2019-11-17,52.83333333333332
2019-11-18,52.820833333333326
2019-11-19,52.58333333333334
2019-11-20,52.00416666666666
2019-11-21,51.97083333333334
2019-11-22,51.73333333333333
2019-11-23,51.8375
2019-11-24,51.479166666666664
2019-11-25,51.40416666666667
2019-11-26,50.383333333333326
2019-11-27,50.1625
2019-11-28,50.57499999999999
2019-11-29,50.4625
2019-11-30,50.77083333333335
2019-12-01,50.808333333333316
2019-12-02,51.241666666666674
2019-12-03,51.90416666666667
2019-12-04,51.82916666666668
2019-12-05,51.99166666666667
2019-12-06,51.97083333333334
2019-12-07,52.216666666666676
2019-12-08,52.225000000000016
2019-12-09,51.699999999999996
2019-12-10,51.26666666666666
2019-12-11,51.525
2019-12-12,51.633333333333326
2019-12-13,51.525000000000006
2019-12-14,51.25
2019-12-15,50.72916666666666
2019-12-16,50.425000000000004
2019-12-17,50.0625
2019-12-18,49.95416666666666
2019-12-19,50.287500000000016
2019-12-20,50.525
2019-12-21,51.087499999999984
2019-12-22,51.74166666666667
2019-12-23,51.804166666666674
2019-12-24,51.30416666666665
2019-12-25,51.44166666666667
2019-12-26,51.36666666666665
2019-12-27,51.05833333333333
2019-12-28,50.99166666666667
2019-12-29,50.93333333333334
2019-12-30,50.97916666666666
2019-12-31,50.974999999999994
2020-01-01,51.037499999999994
2020-01-02,51.07916666666667
2020-01-03,51.020833333333336
2020-01-04,51.258333333333326
2020-01-05,51.07499999999999
2020-01-06,50.81666666666667
2020-01-07,50.31249999999999
2020-01-08,50.14583333333332
2020-01-09,50.304166666666674
2020-01-10,49.98333333333333
2020-01-11,50.25416666666667
2020-01-12,49.84166666666665
2020-01-13,49.75416666666667
2020-01-14,49.8125
2020-01-15,49.175000000000004
2020-01-16,48.87916666666666
2020-01-17,49.02083333333332
2020-01-18,49.195833333333326
2020-01-19,49.13333333333333
2020-01-20,49.24583333333334
2020-01-21,49.262499999999996
2020-01-22,49.62083333333333
2020-01-23,49.29999999999999
2020-01-24,49.6875
2020-01-25,49.73750000000001
2020-01-26,50.24583333333334
2020-01-27,50.00416666666666
2020-01-28,49.90416666666667
2020-01-29,49.70416666666666
2020-01-30,49.90416666666667
2020-01-31,49.93333333333334
2020-02-01,49.61249999999999
2020-02-02,49.487500000000004
2020-02-03,48.87083333333333
2020-02-04,48.566666666666656
2020-02-05,48.94166666666666
2020-02-06,49.71666666666667
2020-02-07,49.79999999999998
2020-02-08,49.67083333333333
2020-02-09,49.27083333333332
2020-02-10,49.537500000000016
2020-02-11,49.84166666666667
2020-02-12,50.02916666666666
2020-02-13,49.85833333333333
2020-02-14,49.975
2020-02-15,49.900000000000006
2020-02-16,50.14583333333332
2020-02-17,49.85
2020-02-18,49.612500000000004
2020-02-19,49.49166666666667
2020-02-20,49.53333333333333
2020-02-21,49.54583333333333
2020-02-22,50.02083333333334
2020-02-23,49.59166666666666
2020-02-24,49.80000000000001
2020-02-25,49.895833333333336
2020-02-26,50.099999999999994
2020-02-27,50.25
2020-02-28,50.13749999999999
2020-02-29,49.65
2020-03-01,49.30833333333333
2020-03-02,49.45416666666666
2020-03-03,50.42083333333334
2020-03-04,50.79583333333334
2020-03-05,50.64583333333332
2020-03-06,50.258333333333326
2020-03-07,49.6875
2020-03-08,49.75652173913044
2020-03-09,49.97083333333334
2020-03-10,50.270833333333336
2020-03-11,50.59583333333334
2020-03-12,50.84166666666667
2020-03-13,50.86666666666665
2020-03-14,49.879166666666656
2020-03-15,49.32916666666665
2020-03-16,49.07916666666666
2020-03-17,48.40833333333333
2020-03-18,48.62083333333333
2020-03-19,49.529166666666676
2020-03-20,49.979166666666664
2020-03-21,50.41249999999999
2020-03-22,50.71666666666666
2020-03-23,50.166666666666664
2020-03-24,49.79166666666666
2020-03-25,49.86666666666667
2020-03-26,49.97916666666666
2020-03-27,49.80416666666667
2020-03-28,49.67499999999998
2020-03-29,50.19166666666666
2020-03-30,49.81666666666667
2020-03-31,50.35833333333334
2020-04-01,50.324999999999996
2020-04-02,50.62916666666667
2020-04-03,50.6875
2020-04-04,49.47083333333333
2020-04-05,49.81249999999999
2020-04-06,50.50833333333332
2020-04-07,50.72916666666666
2020-04-08,51.5875
2020-04-09,51.258333333333326
2020-04-10,52.20416666666667
2020-04-11,52.654166666666676
2020-04-12,53.020833333333336
2020-04-13,52.87083333333333
2020-04-14,52.82916666666667
2020-04-15,52.708333333333336
2020-04-16,53.19583333333335
2020-04-17,53.18333333333334
2020-04-18,52.691666666666684
2020-04-19,53.020833333333336
2020-04-20,52.48333333333333
2020-04-21,53.09166666666667
2020-04-22,53.42083333333333
2020-04-23,53.80833333333333
2020-04-24,54.56250000000001
2020-04-25,54.95416666666667
2020-04-26,55.00833333333335
2020-04-27,53.974999999999994
2020-04-28,53.962500000000006
2020-04-29,53.95416666666666
2020-04-30,53.87083333333334
2020-05-01,53.387499999999996
2020-05-02,53.224999999999994
2020-05-03,53.23333333333333
2020-05-04,53.479166666666664
2020-05-05,53.72083333333333
2020-05-06,53.658333333333324
2020-05-07,53.39166666666667
2020-05-08,54.5625
2020-05-09,54.69583333333335
2020-05-10,54.74583333333333
2020-05-11,53.98749999999998
2020-05-12,53.649999999999984
2020-05-13,52.833333333333336
2020-05-14,52.816666666666684
2020-05-15,53.43749999999999
2020-05-16,53.433333333333316
2020-05-17,53.60833333333333
2020-05-18,52.98333333333333
2020-05-19,53.23749999999999
2020-05-20,53.89583333333334
2020-05-21,54.59166666666666
2020-05-22,54.67499999999999
2020-05-23,53.74583333333333
2020-05-24,53.70833333333334
2020-05-25,53.645833333333336
2020-05-26,53.36666666666665
2020-05-27,53.58333333333334
2020-05-28,53.49583333333333
2020-05-29,53.162499999999994
2020-05-30,52.304166666666674
2020-05-31,52.0875
2020-06-01,52.88750000000001
2020-06-02,53.26249999999999
2020-06-03,53.30833333333333
2020-06-04,53.70000000000001
2020-06-05,53.50416666666666
2020-06-06,53.237500000000004
2020-06-07,52.95416666666667
2020-06-08,52.74166666666667
2020-06-09,53.479166666666664
2020-06-10,53.66666666666668
2020-06-11,53.337499999999984
2020-06-12,52.512499999999996
2020-06-13,51.97083333333334
2020-06-14,52.425000000000004
2020-06-15,52.291666666666664
2020-06-16,52.662499999999994
2020-06-17,52.94166666666667
2020-06-18,53.212500000000006
2020-06-19,52.88750000000001
2020-06-20,52.762499999999996
2020-06-21,52.97083333333334
2020-06-22,53.02083333333335
2020-06-23,53.17916666666667
2020-06-24,53.11250000000001
2020-06-25,53.34166666666667
2020-06-26,53.39166666666666
2020-06-27,53.362500000000004
2020-06-28,53.383333333333326
2020-06-29,53.20833333333335
2020-06-30,53.237500000000004
2020-07-01,53.29583333333333
2020-07-02,53.57916666666666
2020-07-03,53.59583333333333
2020-07-04,53.662500000000016
2020-07-05,53.93749999999999
2020-07-06,53.945833333333326
2020-07-07,53.61666666666668
2020-07-08,53.558333333333344
2020-07-09,53.645833333333336
2020-07-10,53.82083333333333
2020-07-11,54.04999999999998
2020-07-12,54.02916666666667
2020-07-13,53.9375
2020-07-14,54.01249999999999
2020-07-15,54.20833333333332
2020-07-16,54.36249999999999
2020-07-17,54.06249999999998
2020-07-18,53.74583333333334
2020-07-19,53.975000000000016
2020-07-20,53.99583333333334
2020-07-21,53.88333333333333
2020-07-22,53.800000000000004
2020-07-23,53.80833333333334
2020-07-24,53.97083333333334
2020-07-25,53.84166666666666
2020-07-26,53.82499999999999
2020-07-27,53.98750000000001
2020-07-28,54.08750000000001
2020-07-29,54.20416666666667
2020-07-30,53.745833333333344
2020-07-31,53.650000000000006
2020-08-01,53.62916666666667
2020-08-02,53.712499999999984
2020-08-03,53.79166666666666
2020-08-04,54.11666666666667
2020-08-05,54.07916666666667
2020-08-06,54.24166666666667
2020-08-07,54.29166666666668
2020-08-08,53.66666666666668
2020-08-09,53.69583333333333
2020-08-10,53.86249999999999
2020-08-11,53.9375
2020-08-12,54.01249999999999
2020-08-13,53.541666666666664
2020-08-14,53.354166666666664
2020-08-15,53.76250000000001
2020-08-16,53.791666666666664
2020-08-17,53.1
2020-08-18,53.09166666666667
2020-08-19,53.05833333333334
2020-08-20,52.99583333333334
2020-08-21,52.9625
2020-08-22,53.01666666666666
2020-08-23,53.23333333333334
2020-08-24,53.34583333333333
2020-08-25,53.229166666666664
2020-08-26,53.291666666666664
2020-08-27,53.62083333333333
2020-08-28,54.06249999999999
2020-08-29,54.07083333333335
2020-08-30,54.27916666666666
2020-08-31,54.04583333333332
2020-09-01,54.479166666666664
2020-09-02,53.83333333333332
2020-09-03,53.900000000000006
2020-09-04,54.07083333333333
2020-09-05,53.48333333333333
2020-09-06,53.09999999999999
2020-09-07,53.458333333333336
2020-09-08,54.09166666666666
2020-09-09,52.69166666666667
2020-09-10,52.762499999999996
2020-09-11,52.404166666666676
2020-09-12,53.18333333333334
2020-09-13,53.425000000000004
2020-09-14,53.42083333333333
2020-09-15,53.45833333333332
2020-09-16,53.54583333333334
2020-09-17,53.837500000000006
2020-09-18,53.933333333333316
2020-09-19,54.099999999999994
2020-09-20,54.104166666666664
2020-09-21,53.87083333333333
2020-09-22,53.9125
2020-09-23,54.337500000000006
2020-09-24,54.24166666666667
2020-09-25,54.32500000000001
2020-09-26,54.84166666666666
2020-09-27,55.10416666666668
2020-09-28,55.083333333333336
2020-09-29,54.27916666666667
2020-09-30,54.383333333333326
2020-10-01,54.629166666666656
2020-10-02,54.554166666666674
2020-10-03,54.61666666666667
2020-10-04,54.43749999999999
2020-10-05,54.587500000000006
2020-10-06,54.39166666666665
2020-10-07,54.35833333333333
2020-10-08,54.52083333333332
2020-10-09,55.14166666666667
2020-10-10,54.979166666666664
2020-10-11,55.475000000000016
2020-10-12,55.57500000000001
2020-10-13,55.762499999999996
2020-10-14,56.041666666666664
2020-10-15,56.00416666666667
2020-10-16,56.104166666666664
2020-10-17,55.616666666666674
2020-10-18,55.112500000000004
2020-10-19,55.01666666666667
2020-10-20,55.26666666666668
2020-10-21,55.399999999999984
2020-10-22,54.633333333333326
2020-10-23,54.37916666666667
2020-10-24,54.31666666666667
2020-10-25,53.791666666666664
2020-10-26,53.26666666666666
2020-10-27,53.975
2020-10-28,54.058333333333344
2020-10-29,54.137499999999996
2020-10-30,54.36666666666667
2020-10-31,54.45416666666666
2020-11-01,54.612500000000004
2020-11-02,54.7875
2020-11-03,54.81249999999999
2020-11-04,54.75833333333335
2020-11-05,55.04583333333334
2020-11-06,54.775
2020-11-07,54.48333333333334
2020-11-08,53.95416666666667
2020-11-09,53.616666666666674
2020-11-10,53.57083333333333
2020-11-11,53.5
2020-11-12,53.47916666666668
2020-11-13,53.566666666666684
2020-11-14,53.949999999999996
2020-11-15,54.18750000000001
2020-11-16,54.72083333333333
2020-11-17,54.38749999999999
2020-11-18,54.82916666666667
2020-11-19,54.48333333333333
2020-11-20,54.07500000000001
2020-11-21,54.10833333333334
2020-11-22,53.875
2020-11-23,54.34583333333334
2020-11-24,54.337500000000006
2020-11-25,54.145833333333336
2020-11-26,53.791666666666664
2020-11-27,53.73333333333334
2020-11-28,53.47916666666668
2020-11-29,53.31666666666667
2020-11-30,53.29583333333333
2020-12-01,53.48749999999999
2020-12-02,53.29583333333333
2020-12-03,53.10833333333335
2020-12-04,53.07083333333333
2020-12-05,52.79583333333333
2020-12-06,52.845833333333324
2020-12-07,52.866666666666674
2020-12-08,52.70833333333332
2020-12-09,52.42083333333334
2020-12-10,52.520833333333336
2020-12-11,52.64166666666665
2020-12-12,53.59583333333335
2020-12-13,53.4625
2020-12-14,53.34166666666667
2020-12-15,53.320833333333326
2020-12-16,52.82083333333333
2020-12-17,53.333333333333336
2020-12-18,53.04166666666668
2020-12-19,52.63750000000001
2020-12-20,52.854166666666664
2020-12-21,52.61249999999999
2020-12-22,52.46666666666667
2020-12-23,51.97083333333333
2020-12-24,51.525000000000006
2020-12-25,51.379166666666684
2020-12-26,52.116666666666674
2020-12-27,51.770833333333336
2020-12-28,51.583333333333336
2020-12-29,51.23333333333332
2020-12-30,51.08750000000001
2020-12-31,51.24166666666665
2021-01-01,51.21666666666667
2021-01-02,51.39166666666668
2021-01-03,51.362500000000004
2021-01-04,51.245833333333316
2021-01-05,50.95833333333332
2021-01-06,50.375
2021-01-07,50.24583333333333
2021-01-08,50.929166666666674
2021-01-09,50.70416666666667
2021-01-10,50.57083333333333
2021-01-11,50.708333333333336
2021-01-12,50.78333333333334
2021-01-13,51.42500000000001
2021-01-14,51.520833333333314
2021-01-15,51.11250000000001
2021-01-16,51.50833333333333
2021-01-17,51.708333333333336
2021-01-18,51.35
2021-01-19,50.37083333333333
2021-01-20,50.60833333333334
2021-01-21,50.395833333333336
2021-01-22,50.416666666666664
2021-01-23,50.47083333333334
2021-01-24,49.66666666666668
2021-01-25,49.8375
2021-01-26,48.36249999999999
2021-01-27,47.441666666666684
2021-01-28,48.020833333333336
2021-01-29,48.17916666666667
2021-01-30,48.63333333333333
2021-01-31,49.08333333333334
2021-02-01,49.191666666666684
2021-02-02,49.7875
2021-02-03,48.991666666666674
2021-02-04,49.050000000000004
2021-02-05,49.458333333333336
2021-02-06,49.470833333333324
2021-02-07,49.45416666666666
2021-02-08,49.35833333333333
2021-02-09,49.758333333333326
2021-02-10,50.025000000000006
2021-02-11,49.49583333333334
2021-02-12,50.07083333333333
2021-02-13,50.27916666666667
2021-02-14,49.45416666666666
2021-02-15,49.620833333333344
2021-02-16,49.62916666666667
2021-02-17,49.4375
2021-02-18,48.72083333333333
2021-02-19,48.86666666666667
2021-02-20,49.24999999999999
2021-02-21,49.37916666666666
2021-02-22,49.94583333333335
2021-02-23,50.12083333333334
2021-02-24,49.62083333333334
2021-02-25,49.86249999999999
2021-02-26,49.824999999999996
2021-02-27,49.80833333333333
2021-02-28,50.09166666666667
2021-03-01,50.17916666666667
2021-03-02,50.225
2021-03-03,50.412499999999994
2021-03-04,50.45000000000001
2021-03-05,50.45416666666667
2021-03-06,50.62500000000002
2021-03-07,50.44166666666666
2021-03-08,49.67083333333333
2021-03-09,49.29999999999999
2021-03-10,48.979166666666664
2021-03-11,49.574999999999996
2021-03-12,49.837499999999984
2021-03-13,50.116666666666674
2021-03-14,49.27826086956521
2021-03-15,49.72083333333334
2021-03-16,49.979166666666664
2021-03-17,50.0375
2021-03-18,49.412500000000016
2021-03-19,50.60833333333334
2021-03-20,50.625
2021-03-21,50.63333333333335
2021-03-22,51.025
2021-03-23,50.68750000000001
2021-03-24,50.7875
2021-03-25,51.19999999999999
2021-03-26,51.64166666666667
2021-03-27,52.10833333333333
2021-03-28,52.27083333333334
2021-03-29,52.149999999999984
2021-03-30,52.03333333333335
2021-03-31,52.47083333333334
2021-04-01,52.71666666666667
2021-04-02,52.71666666666667
2021-04-03,52.554166666666674
2021-04-04,52.35833333333335
2021-04-05,52.370833333333344
2021-04-06,52.520833333333336
2021-04-07,52.616666666666674
2021-04-08,52.28333333333334
2021-04-09,52.39166666666667
2021-04-10,52.33333333333332
2021-04-11,52.479166666666664
2021-04-12,52.97916666666666
2021-04-13,53.12499999999999
2021-04-14,52.74999999999999
2021-04-15,52.69166666666666
2021-04-16,53.23750000000001
2021-04-17,52.87916666666666
2021-04-18,52.69583333333333
2021-04-19,53.208333333333314
2021-04-20,53.962499999999984
2021-04-21,54.73750000000001
2021-04-22,55.93750000000002
2021-04-23,56.37916666666666
2021-04-24,56.35833333333333
2021-04-25,55.77916666666669
2021-04-26,55.39166666666666
2021-04-27,55.99166666666667
2021-04-28,57.324999999999996
2021-04-29,58.13333333333333
2021-04-30,58.65416666666666
2021-05-01,58.84583333333333
2021-05-02,58.87499999999999
2021-05-03,59.30416666666667
2021-05-04,60.46666666666665
2021-05-05,60.79166666666668
2021-05-06,60.67083333333334
2021-05-07,59.81250000000001
2021-05-08,59.24999999999999
2021-05-09,60.550000000000004
2021-05-10,60.941666666666656
2021-05-11,61.63750000000001
2021-05-12,60.270833333333336
2021-05-13,58.49583333333333
2021-05-14,58.458333333333336
2021-05-15,56.82500000000001
2021-05-16,56.654166666666676
2021-05-17,56.57500000000001
2021-05-18,56.50833333333333
2021-05-19,56.19999999999999
2021-05-20,56.116666666666674
2021-05-21,56.512499999999996
2021-05-22,56.60833333333334
2021-05-23,56.40416666666665
2021-05-24,55.92916666666665
2021-05-25,56.24583333333334
2021-05-26,56.720833333333324
2021-05-27,56.75416666666664
2021-05-28,57.38333333333333
2021-05-29,57.22083333333334
2021-05-30,57.01666666666666
2021-05-31,56.80833333333334
2021-06-01,57.13750000000001
2021-06-02,56.84583333333334
2021-06-03,56.699999999999996
2021-06-04,56.708333333333336
2021-06-05,56.75
2021-06-06,57.12916666666667
2021-06-07,57.00416666666666
2021-06-08,56.39166666666668
2021-06-09,56.02500000000001
2021-06-10,56.36666666666665
2021-06-11,56.76666666666667
2021-06-12,56.441666666666684
2021-06-13,56.55416666666667
2021-06-14,56.525000000000006
2021-06-15,56.04583333333334
2021-06-16,54.43333333333334
2021-06-17,54.45833333333332
2021-06-18,54.29583333333335
2021-06-19,54.416666666666664
2021-06-20,54.98333333333333
2021-06-21,54.583333333333336
2021-06-22,54.32916666666666
2021-06-23,54.29583333333333
2021-06-24,54.65416666666667
2021-06-25,55.179166666666674
2021-06-26,55.120833333333316
2021-06-27,55.23750000000001
2021-06-28,55.53333333333333
2021-06-29,56.19583333333332
2021-06-30,55.90416666666665
2021-07-01,55.191666666666684
2021-07-02,54.98333333333334
2021-07-03,55.27916666666667
2021-07-04,54.900000000000006
2021-07-05,55.17916666666667
2021-07-06,55.23333333333334
2021-07-07,55.02916666666667
2021-07-08,55.279166666666676
2021-07-09,55.15833333333333
2021-07-10,55.15833333333333
2021-07-11,55.479166666666664
2021-07-12,55.212500000000006
2021-07-13,55.104166666666664
2021-07-14,55.18333333333334
2021-07-15,55.262499999999996
2021-07-16,55.3375
2021-07-17,55.741666666666646
2021-07-18,55.425000000000004
2021-07-19,55.29583333333332
2021-07-20,55.32916666666666
2021-07-21,55.34166666666666
2021-07-22,55.487500000000004
2021-07-23,55.274999999999984
2021-07-24,54.82916666666666
2021-07-25,54.883333333333326
2021-07-26,55.25833333333335
2021-07-27,54.679166666666674
2021-07-28,55.0875
2021-07-29,56.03749999999999
2021-07-30,56.01666666666666
2021-07-31,56.462500000000006
2021-08-01,56.49166666666667
2021-08-02,56.066666666666656
2021-08-03,56.137499999999996
2021-08-04,56.42916666666665
2021-08-05,56.31666666666667
2021-08-06,56.36249999999999
2021-08-07,55.90833333333333
2021-08-08,55.28749999999999
2021-08-09,56.1
2021-08-10,56.32083333333333
2021-08-11,56.275
2021-08-12,56.137499999999996
2021-08-13,56.11666666666667
2021-08-14,56.17083333333332
2021-08-15,55.38750000000001
2021-08-16,54.92499999999999
2021-08-17,54.95416666666667
2021-08-18,55.508333333333326
2021-08-19,55.875
2021-08-20,55.87083333333334
2021-08-21,55.895833333333336
2021-08-22,56.0625
2021-08-23,56.28333333333333
2021-08-24,56.487500000000004
2021-08-25,56.791666666666664
2021-08-26,56.875
2021-08-27,57.337500000000006
2021-08-28,57.145833333333336
2021-08-29,57.07916666666666
2021-08-30,57.17916666666668
2021-08-31,56.99999999999999
2021-09-01,57.29999999999999
2021-09-02,57.449999999999996
2021-09-03,57.35833333333332
2021-09-04,57.61666666666667
2021-09-05,57.666666666666664
2021-09-06,57.68333333333334
2021-09-07,57.97083333333333
2021-09-08,57.79166666666668
2021-09-09,57.45416666666667
2021-09-10,58.074999999999996
2021-09-11,58.24166666666668
2021-09-12,57.875
2021-09-13,57.87916666666666
2021-09-14,58.12083333333333
2021-09-15,58.26666666666667
2021-09-16,58.35
2021-09-17,58.15416666666667
2021-09-18,57.62500000000002
2021-09-19,58.154166666666676
2021-09-20,58.07916666666668
2021-09-21,58.41666666666668
2021-09-22,58.69166666666667
2021-09-23,58.83750000000001
2021-09-24,58.94166666666666
2021-09-25,59.02916666666667
2021-09-26,59.03333333333334
2021-09-27,58.73750000000002
2021-09-28,58.71666666666666
2021-09-29,58.804166666666674
2021-09-30,59.15
2021-10-01,59.1875
2021-10-02,59.354166666666664
2021-10-03,59.47083333333333
2021-10-04,59.4
2021-10-05,59.220833333333324
2021-10-06,59.29166666666668
2021-10-07,59.191666666666656
2021-10-08,59.05833333333333
2021-10-09,59.46666666666666
2021-10-10,59.51249999999998
2021-10-11,59.00416666666666
2021-10-12,58.62083333333333
2021-10-13,59.29166666666665
2021-10-14,59.35
2021-10-15,59.57916666666665
2021-10-16,59.8375
2021-10-17,59.29583333333334
2021-10-18,59.5875
2021-10-19,59.300000000000004
2021-10-20,59.21249999999998
2021-10-21,59.75833333333332
2021-10-22,60.15416666666666
2021-10-23,59.74166666666667
2021-10-24,58.92916666666667
2021-10-25,59.71666666666667
2021-10-26,58.962500000000006
2021-10-27,59.92083333333334
2021-10-28,60.10416666666668
2021-10-29,60.01666666666667
2021-10-30,59.84166666666667
2021-10-31,59.40833333333335
2021-11-01,58.97083333333334
2021-11-02,59.491666666666646
2021-11-03,58.59583333333333
2021-11-04,58.987500000000004
2021-11-05,58.13750000000001
2021-11-06,58.00000000000001
2021-11-07,57.35
2021-11-08,56.87500000000002
2021-11-09,56.74583333333333
2021-11-10,57.604166666666664
2021-11-11,57.775000000000006
2021-11-12,57.712500000000006
2021-11-13,57.93333333333334
2021-11-14,57.808333333333344
2021-11-15,57.14166666666667
2021-11-16,57.14166666666666
2021-11-17,56.45000000000001
2021-11-18,55.83333333333334
2021-11-19,56.13333333333335
2021-11-20,55.6625
2021-11-21,55.695833333333326
2021-11-22,55.395833333333336
2021-11-23,55.14166666666666
2021-11-24,54.64166666666667
2021-11-25,54.5625
2021-11-26,54.800000000000004
2021-11-27,54.94583333333333
2021-11-28,55.20833333333332
2021-11-29,55.04583333333334
2021-11-30,55.09166666666667
2021-12-01,55.05833333333334
2021-12-02,54.56250000000001
2021-12-03,54.29583333333334
2021-12-04,54.13750000000001
2021-12-05,53.97916666666665
2021-12-06,53.412500000000016
2021-12-07,53.91666666666668
2021-12-08,53.633333333333326
2021-12-09,53.4375
2021-12-10,52.38750000000001
2021-12-11,52.02083333333332
2021-12-12,51.67083333333333
2021-12-13,51.37916666666667
2021-12-14,51.5875
2021-12-15,50.22083333333333
2021-12-16,50.52916666666665
2021-12-17,50.75416666666666
2021-12-18,50.650000000000006
2021-12-19,50.48333333333334
2021-12-20,50.55416666666667
2021-12-21,50.054166666666674
2021-12-22,50.35
2021-12-23,50.44999999999999
2021-12-24,50.98333333333334
2021-12-25,50.925000000000004
2021-12-26,49.88333333333333
2021-12-27,50.09166666666667
2021-12-28,49.42083333333333
2021-12-29,49.19999999999999
2021-12-30,48.933333333333344
2021-12-31,49.04166666666668
2022-01-01,48.80000000000001
2022-01-02,48.42916666666667
2022-01-03,48.69166666666666
2022-01-04,49.12083333333333
2022-01-05,49.541666666666664
2022-01-06,49.21666666666666
2022-01-07,49.30000000000001
2022-01-08,49.12916666666666
2022-01-09,48.79999999999999
2022-01-10,48.98333333333334
2022-01-11,48.783333333333324
2022-01-12,48.52916666666667
2022-01-13,48.68333333333333
2022-01-14,48.866666666666674
2022-01-15,48.69583333333333
2022-01-16,48.29166666666666
2022-01-17,48.27916666666667
2022-01-18,48.41666666666668
2022-01-19,48.57083333333333
2022-01-20,48.55833333333333
2022-01-21,48.12499999999999
2022-01-22,48.150000000000006
2022-01-23,48.26250000000001
2022-01-24,47.80833333333334
2022-01-25,47.7875
2022-01-26,47.729166666666664
2022-01-27,47.60833333333334
2022-01-28,47.458333333333336
2022-01-29,47.50833333333333
2022-01-30,47.45833333333334
2022-01-31,47.533333333333324
2022-02-01,47.04166666666668
2022-02-02,46.800000000000004
2022-02-03,47.03333333333333
2022-02-04,47.25
2022-02-05,47.854166666666664
2022-02-06,48.28333333333334
2022-02-07,48.208333333333336
2022-02-08,48.5875
2022-02-09,49.1625
2022-02-10,49.68333333333333
2022-02-11,49.76666666666667
2022-02-12,49.895833333333336
2022-02-13,49.89583333333334
2022-02-14,49.958333333333336
2022-02-15,49.42083333333333
2022-02-16,49.60833333333334
2022-02-17,49.42916666666667
2022-02-18,49.26666666666667
2022-02-19,49.475
2022-02-20,49.724999999999994
2022-02-21,49.054166666666674
2022-02-22,48.824999999999996
2022-02-23,48.458333333333336
2022-02-24,48.34583333333334
2022-02-25,48.362500000000004
2022-02-26,48.28333333333333
2022-02-27,49.30416666666667
2022-02-28,49.43333333333334
2022-03-01,49.808333333333344
2022-03-02,49.85833333333335
2022-03-03,49.612500000000004
2022-03-04,50.025000000000006
2022-03-05,49.34583333333333
2022-03-06,49.637499999999996
2022-03-07,49.866666666666646
2022-03-08,50.06666666666667
2022-03-09,50.599999999999994
2022-03-10,50.041666666666664
2022-03-11,50.42083333333334
2022-03-12,50.275000000000006
2022-03-13,50.66956521739131
2022-03-14,51.04583333333332
2022-03-15,50.824999999999996
2022-03-16,50.8125
2022-03-17,50.8375
2022-03-18,50.912499999999994
2022-03-19,50.95000000000002
2022-03-20,50.98333333333333
2022-03-21,51.95416666666666
2022-03-22,52.68333333333334
2022-03-23,53.00416666666667
2022-03-24,53.0375
2022-03-25,53.48333333333333
2022-03-26,53.2875
2022-03-27,52.837500000000006
2022-03-28,52.46666666666666
2022-03-29,53.17083333333333
2022-03-30,52.987499999999976
2022-03-31,52.758333333333326
2022-04-01,53.133333333333326
2022-04-02,53.38333333333333
2022-04-03,52.99583333333333
2022-04-04,52.775000000000006
2022-04-05,52.83333333333332
2022-04-06,53.48749999999999
2022-04-07,53.645833333333336
2022-04-08,54.05833333333333
2022-04-09,54.0875
2022-04-10,54.10416666666666
2022-04-11,53.72083333333333
2022-04-12,53.11249999999999
2022-04-13,52.29583333333333
2022-04-14,51.875
2022-04-15,52.28333333333334
2022-04-16,52.89583333333332
2022-04-17,53.38333333333335
2022-04-18,52.625
2022-04-19,52.75416666666667
2022-04-20,52.145833333333336
2022-04-21,52.800000000000004
2022-04-22,53.599999999999994
2022-04-23,54.09166666666667
2022-04-24,54.60416666666668
2022-04-25,54.72083333333334
2022-04-26,55.408333333333324
2022-04-27,55.19166666666666
2022-04-28,55.29583333333333
2022-04-29,55.55416666666667
2022-04-30,56.1
2022-05-01,55.74583333333334
2022-05-02,55.92500000000001
2022-05-03,55.92916666666667
2022-05-04,56.625
2022-05-05,54.84583333333333
2022-05-06,54.92916666666667
2022-05-07,55.3375
2022-05-08,54.61666666666667
2022-05-09,53.89166666666667
2022-05-10,54.025
2022-05-11,54.50000000000001
2022-05-12,54.554166666666674
2022-05-13,55.5
2022-05-14,56.11666666666665
2022-05-15,56.42083333333333
2022-05-16,57.025
2022-05-17,57.67916666666665
2022-05-18,58.16666666666666
2022-05-19,58.09166666666667
2022-05-20,57.32916666666667
2022-05-21,57.18749999999999
2022-05-22,56.59166666666667
2022-05-23,57.12083333333334
2022-05-24,57.17083333333334
2022-05-25,57.662499999999994
2022-05-26,56.666666666666686
2022-05-27,56.725
2022-05-28,56.69166666666667
2022-05-29,56.779166666666676
2022-05-30,56.324999999999996
2022-05-31,56.69583333333335
2022-06-01,56.645833333333336
2022-06-02,56.10833333333334
2022-06-03,55.69166666666666
2022-06-04,55.387499999999996
2022-06-05,54.92500000000001
2022-06-06,55.116666666666674
2022-06-07,54.77083333333334
2022-06-08,54.96666666666666
2022-06-09,55.116666666666674
2022-06-10,55.74166666666667
2022-06-11,55.67916666666667
2022-06-12,55.34166666666666
2022-06-13,55.583333333333336
2022-06-14,56.020833333333336
2022-06-15,55.449999999999996
2022-06-16,54.59166666666666
2022-06-17,53.791666666666686
2022-06-18,54.300000000000004
2022-06-19,54.48333333333333
2022-06-20,54.47083333333333
2022-06-21,55.145833333333336
2022-06-22,55.50833333333333
2022-06-23,55.46666666666666
2022-06-24,55.370833333333344
2022-06-25,55.05416666666667
2022-06-26,55.28333333333333
2022-06-27,54.97083333333334
2022-06-28,54.78333333333334
2022-06-29,54.625
2022-06-30,54.28333333333333
2022-07-01,54.42916666666668
2022-07-02,54.57916666666667
2022-07-03,54.30833333333333
2022-07-04,54.44166666666666
2022-07-05,53.899999999999984
2022-07-06,54.366666666666674
2022-07-07,54.425000000000004
2022-07-08,54.762499999999996
2022-07-09,54.958333333333336
2022-07-10,55.37916666666666
2022-07-11,55.54166666666668
2022-07-12,55.375
2022-07-13,55.26666666666668
2022-07-14,55.120833333333344
2022-07-15,55.49166666666667
2022-07-16,55.6
2022-07-17,55.91666666666668
2022-07-18,55.81666666666667
2022-07-19,55.583333333333336
2022-07-20,55.35833333333333
2022-07-21,54.92083333333332
2022-07-22,55.0625
2022-07-23,55.30000000000001
2022-07-24,55.57916666666666
2022-07-25,55.47083333333335
2022-07-26,54.94583333333333
2022-07-27,55.029166666666676
2022-07-28,54.86250000000001
2022-07-29,54.745833333333316
2022-07-30,54.39166666666667
2022-07-31,54.99166666666665
2022-08-01,54.05833333333334
2022-08-02,54.94166666666667
2022-08-03,54.89583333333332
2022-08-04,55.17916666666667
2022-08-05,55.25
2022-08-06,55.59583333333333
2022-08-07,55.78333333333333
2022-08-08,55.72916666666666
2022-08-09,55.64583333333332
2022-08-10,55.68750000000001
2022-08-11,55.69583333333335
2022-08-12,55.57916666666667
2022-08-13,55.087500000000006
2022-08-14,54.64166666666666
2022-08-15,54.98333333333332
2022-08-16,55.20416666666668
2022-08-17,54.9375
2022-08-18,55.49583333333333
2022-08-19,55.51249999999999
2022-08-20,55.54999999999999
2022-08-21,55.612500000000004
2022-08-22,55.56666666666666
2022-08-23,55.92916666666667
2022-08-24,55.72083333333333
2022-08-25,55.24583333333334
2022-08-26,55.26666666666666
2022-08-27,55.275000000000006
2022-08-28,55.18750000000001
2022-08-29,55.54166666666668
2022-08-30,55.804166666666674
2022-08-31,55.5375
2022-09-01,55.52916666666666
2022-09-02,55.83333333333332
2022-09-03,55.449999999999996
2022-09-04,55.212499999999984
2022-09-05,55.429166666666674
2022-09-06,55.42499999999998
2022-09-07,55.39583333333332
2022-09-08,55.99583333333334
2022-09-09,56.208333333333336
2022-09-10,55.74583333333333
2022-09-11,54.98333333333334
2022-09-12,55.833333333333336
2022-09-13,55.645833333333336
2022-09-14,55.68333333333334
2022-09-15,55.72916666666666
2022-09-16,55.86249999999999
2022-09-17,55.30833333333334
2022-09-18,55.02916666666667
2022-09-19,55.42083333333334
2022-09-20,55.65416666666666
2022-09-21,55.241666666666674
2022-09-22,55.89166666666667
2022-09-23,56.23333333333332
2022-09-24,56.433333333333316
2022-09-25,56.72916666666668
2022-09-26,57.07499999999999
2022-09-27,57.037500000000016
2022-09-28,56.71666666666666
2022-09-29,56.970833333333324
2022-09-30,57.18333333333334
2022-10-01,57.46666666666667
2022-10-02,57.291666666666664
2022-10-03,57.12916666666666
2022-10-04,57.120833333333316
2022-10-05,57.01666666666667
2022-10-06,56.9
2022-10-07,56.879166666666684
2022-10-08,57.037499999999994
2022-10-09,56.92916666666667
2022-10-10,56.979166666666664
2022-10-11,56.4
