Date,KWK_WatTemp_dqc1_degF,KWK_Flow_dv20220611_cfs,KWK_WatTemp_degC,KWK_Flow_cms,AirT_degC_d_KRDD,RelHum_pct_d_KRDD,DewPtT_degC_d_KRDD,WindSp_m_per_sec_d_KRDD,SolRad_W_per_m2_d_RRAC,KWK_Flow_dv20221011_cfs
1/1/2000,51.9875,4917,11.10416667,143.3540359,4.026896552,84.2862069,,1.152758621,,5062.5
1/2/2000,51.775,5244,10.98611111,142.3405287,1.620714286,93.0952381,,0.844761905,,5026.708333
1/3/2000,51.67083333,4974,10.92824074,142.4880123,3.836190476,80.17619048,,1.077142857,,5031.916667
1/4/2000,51.65,4952,10.91666667,142.1399511,5.592857143,83.17142857,,0.734761905,,5019.625
1/5/2000,51.725,4831,10.95833333,138.028109,5.010909091,80.95454545,,2.479090909,,4874.416667
1/6/2000,51.525,4704,10.84722222,131.2367853,7.285714286,49.61428571,,2.71952381,,4634.583333
1/7/2000,51.5125,4450,10.84027778,130.1985009,14.9725,43.625,,2.575,,4597.916667
1/8/2000,51.47083333,4507,10.81712963,129.1484178,5.959130435,80.86818182,,0.826956522,,4560.833333
1/9/2000,51.44166667,4380,10.80092593,128.2753151,3.826153846,88.85384615,,0.500512821,,4530
1/10/2000,51.3875,4578,10.77083333,127.5555952,7.469767442,96.39444444,,2.249069767,,4504.583333
1/11/2000,51.35,4500,10.75,133.2543606,10.85225806,87.26451613,,10.65387097,,4705.833333
1/12/2000,50.94583333,3812,10.52546296,126.1409327,5.314230769,74.11538462,,2.473461538,,4454.625
1/13/2000,50.53333333,4280,10.2962963,119.717728,7.486060606,86.60909091,,2.867878788,,4227.791667
1/14/2000,50.45833333,4142,10.25462963,116.476629,12.696,74.068,,9.24,,4113.333333
1/15/2000,49.69166667,3326,9.828703704,119.5631653,9.663859649,96.2245614,,2.310701754,,4222.333333
1/16/2000,49,3326,9.444444444,121.1087931,10.4753125,85.278125,,6.9615625,,4276.916667
1/17/2000,48.72083333,3779,9.289351852,119.3177526,5.878695652,74.80434783,,1.408695652,,4213.666667
1/18/2000,49.35416667,4132,9.641203704,118.8729421,8.753636364,52.01818182,,1.074545455,,4197.958333
1/19/2000,49.34583333,4473,9.636574074,118.08361,11.10418605,64.79302326,,1.117826087,,4170.083333
1/20/2000,49.3125,4652,9.618055556,118.613371,10.96608696,88.02608696,,2.370652174,,4188.791667
1/21/2000,49.1625,3852,9.534722222,120.9200142,8.769459459,54.82432432,,1.258947368,,4270.25
1/22/2000,48.99166667,6514,9.439814815,176.7502168,7.854,94.784,,0.7712,,6241.875
1/23/2000,48.85833333,6946,9.365740741,181.4425543,8.09326087,95.1173913,,1.420217391,,6407.583333
1/24/2000,48.80833333,7301,9.337962963,228.7883218,9.393529412,96.69803922,,0.95745098,,8079.583333
1/25/2000,49.39583333,10512,9.664351852,342.8910551,8.973090909,96.46181818,,0.757090909,,12109.08333
1/26/2000,49.4,13697,9.666666667,399.3465881,6.206530612,95.1122449,,0.535102041,,14102.79167
1/27/2000,49.35416667,15470,9.641203704,383.3345913,9.648571429,58.65238095,,3.773333333,,13537.33333
1/28/2000,49.92916667,15079,9.960648148,442.7799113,10.70043478,35.95652174,,4.60826087,,15636.625
1/29/2000,50.075,19874,10.04166667,547.4790919,6.57173913,63.17826087,,1.319565217,,19334.04167
1/30/2000,49.73333333,19043,9.851851852,542.386779,6.8625,92.34090909,,3.214772727,,19154.20833
1/31/2000,49.375,17524,9.652777778,471.7598441,6.830645161,88.77741935,,2.107741935,,16660.04167
2/1/2000,49.30833333,18030,9.615740741,466.7395032,7.019722222,96.82222222,,1.670555556,,16482.75
2/2/2000,49.55833333,13677,9.75462963,420.8060384,11.93083333,81.90833333,,0.941666667,,14860.625
2/3/2000,49.1,12421,9.5,356.1527783,9.794615385,82.43846154,,1.859615385,,12577.41667
2/4/2000,48.81666667,13610,9.342592593,355.6867302,8.402692308,92.66538462,,1.760769231,,12560.95833
2/5/2000,48.95833333,12385,9.421296296,355.5994199,9.075405405,94.85945946,,3.767567568,,12557.875
2/6/2000,48.375,10526,9.097222222,311.4263191,10.71205882,86.16764706,,3.616470588,,10997.91667
2/7/2000,48.40416667,9855,9.113425926,307.053726,8.495555556,86.71481481,,0.914074074,,10843.5
2/8/2000,48.72083333,11154,9.289351852,304.6798304,6.906842105,92.45263158,,0.459736842,,10759.66667
2/9/2000,49.40833333,15226,9.671296296,422.3304286,10.97708333,83.12083333,,0.985833333,,14914.45833
2/10/2000,49.75833333,14296,9.865740741,438.4969883,10.80039216,95.97254902,,2.128431373,,15485.375
2/11/2000,49.65,16659,9.805555556,489.5475432,9.315277778,92.74444444,,6.2875,,17288.20833
2/12/2000,49.19166667,20463,9.550925926,587.3338736,8.05475,93.29,,6.37875,,20741.5
2/13/2000,49.14166667,19580,9.523148148,564.5057758,8.142745098,96.20196078,,6.001568627,,19935.33333
2/14/2000,49.26666667,21681,9.592592593,603.3883457,12.37828571,85.83142857,,11.50828571,,21308.45833
2/15/2000,49.22083333,36081,9.56712963,1070.727222,9.443,78.41666667,,1.783333333,,37812.375
2/16/2000,49.225,40494,9.569444444,1114.618334,9.1892,84.392,,1.6248,,39362.375
2/17/2000,49.275,39151,9.597222222,1135.274294,8.53375,90.696875,,1.334375,,40091.83333
2/18/2000,49.2875,40051,9.604166667,1135.190523,8.625,76.1,,2.38,,40088.875
2/19/2000,49.35833333,40921,9.643518519,1127.199273,9.397916667,62.63333333,,1.865,,39806.66667
2/20/2000,49.37916667,36289,9.655092593,1029.414123,10.39181818,78.75454545,,2.010909091,,36353.41667
2/21/2000,49.425,30524,9.680555556,1016.442647,10.50363636,86.62424242,,2.805757576,,35895.33333
2/22/2000,49.175,34889,9.541666667,946.5661089,9.965,84.64666667,,8.590333333,,33427.66667
2/23/2000,48.8625,35324,9.368055556,1024.786678,5.914210526,89.44210526,,4.291052632,,36190
2/24/2000,48.98333333,39312,9.435185185,1052.848673,5.579333333,84.43,,1.560666667,,37181
2/25/2000,48.87916667,41081,9.377314815,1137.669427,5.189375,92.6625,,2.4596875,,40176.41667
2/26/2000,49.05,34071,9.472222222,980.5191879,8.666666667,91.26333333,,4.801,,34626.70833
2/27/2000,49.02916667,32924,9.460648148,1012.323726,10.9595,84.1525,,9.852,,35749.875
2/28/2000,48.87083333,37319,9.372685185,1119.723626,10.9595,84.1525,,,,39542.66667
2/29/2000,48.84583333,41213,9.358796296,1215.458165,10.9595,84.1525,,,,42923.5
3/1/2000,48.75416667,47245,9.30787037,1403.723899,7.58173913,78.92608696,,1.878695652,,49572.04167
3/2/2000,48.80416667,46574,9.335648148,1411.857913,8.9384375,87.1875,,1.4790625,,49859.29167
3/3/2000,49.0625,47828,9.479166667,1423.144536,11.50458333,67.96666667,,2.957916667,,50257.875
3/4/2000,48.89583333,49418,9.386574074,1423.013571,9.724571429,87.19428571,,1.587428571,,50253.25
3/5/2000,48.95,42119,9.416666667,1201.588809,8.019189189,92.98378378,,3.448108108,,42433.70833
3/6/2000,48.99166667,33372,9.439814815,1024.284054,7.72,86.96774194,,2.770645161,,36172.25
3/7/2000,48.85416667,35224,9.363425926,1024.689929,8.12375,87.50625,,3.1346875,,36186.58333
3/8/2000,48.66666667,36001,9.259259259,1031.537886,7.292777778,84.58611111,,5.473055556,,36428.41667
3/9/2000,48.65416667,35375,9.252314815,1034.725891,6.51452381,90.82619048,,3.442142857,,36541
3/10/2000,48.76666667,36416,9.314814815,1016.268027,8.579393939,93.0969697,,1.605454545,,35889.16667
3/11/2000,48.9375,29567,9.409722222,860.2091658,9.943125,88.5375,,1.60625,,30378
3/12/2000,49.03333333,26217,9.462962963,733.1963101,11.73791667,62.35833333,,2.658333333,,25892.58333
3/13/2000,49.1375,21827,9.520833333,622.6095852,12.45125,65.57916667,,1.479583333,,21987.25
3/14/2000,49.35,19129,9.638888889,527.542852,14.57038462,70.98846154,,1.998461538,,18630
3/15/2000,49.03333333,15473,9.462962963,442.010637,15.77791667,38.02083333,,3.387916667,,15609.45833
3/16/2000,49.1375,13809,9.520833333,385.9940151,16.98875,44.5625,,3.236666667,,13631.25
3/17/2000,49.11666667,11177,9.509259259,318.1208936,12.72458333,38.88333333,,3.172083333,,11234.33333
3/18/2000,49.10416667,10087,9.502314815,267.4030616,15.51833333,49.25,,2.036666667,,9443.25
3/19/2000,49.175,10540,9.541666667,273.9466129,17.17083333,45.92916667,,3.557916667,,9674.333333
3/20/2000,49.00833333,10698,9.449074074,279.1675315,11.59458333,34.12916667,,5.958333333,,9858.708333
3/21/2000,49.0625,9964,9.479166667,275.04979,16.11583333,23.10833333,,5.679166667,,9713.291667
3/22/2000,49.20833333,8984,9.560185185,241.5226437,15.1644,50.288,,2.4488,,8529.291667
3/23/2000,49.29166667,7303,9.606481481,204.1444062,16.21041667,50.975,,2.787083333,,7209.291667
3/24/2000,49.22083333,6826,9.56712963,177.4085835,12.57416667,60.23333333,,1.521666667,,6265.125
3/25/2000,49.14583333,6146,9.525462963,174.8754056,12.39833333,68.78333333,,1.58625,,6175.666667
3/26/2000,49.3125,6096,9.618055556,166.2788829,13.12958333,63.38333333,,1.0925,,5872.083333
3/27/2000,49.3625,5795,9.645833333,172.2313201,12.83041667,69.625,,2.079583333,,6082.291667
3/28/2000,49.44166667,5901,9.689814815,167.0021424,11.59916667,59.3875,,3.43,,5897.625
3/29/2000,49.61666667,5869,9.787037037,165.2830738,12.36695652,52.37391304,,2.325652174,,5836.916667
3/30/2000,50.125,5127,10.06944444,160.1128896,16.87958333,24.49583333,,5.745,,5654.333333
3/31/2000,50.6125,5055,10.34027778,157.8038867,17.94478261,24.63913043,,4.943913043,,5572.791667
4/1/2000,50.76666667,5623,10.42592593,151.7971756,20.34541667,29.17083333,,4.330833333,,5360.666667
4/2/2000,50.97826087,5424,10.54347826,149.100509,21.77291667,38.4625,,3.752083333,,5265.434783
4/3/2000,50.87916667,4699,10.48842593,143.8000262,19.27708333,53.35416667,,2.035833333,,5078.25
4/4/2000,51.05,4830,10.58333333,141.7895301,17.29875,62.42916667,,2.122083333,,5007.25
4/5/2000,50.875,4825,10.48611111,142.0479213,15.9425,61.85,,1.349583333,,5016.375
4/6/2000,50.49583333,5114,10.27546296,143.6454634,15.80291667,63.7125,,1.478333333,,5072.791667
4/7/2000,50.91666667,5104,10.50925926,145.8117022,17.245,56.19166667,,1.500416667,,5149.291667
4/8/2000,50.35833333,6276,10.19907407,182.5917463,16.35833333,61.50833333,,1.7575,,6448.166667
4/9/2000,51.00416667,7757,10.55787037,228.3222737,14.685,73.99166667,,2.400416667,,8063.125
4/10/2000,52.25,8908,11.25,232.7597595,16.35125,60.69583333,,1.843333333,,8219.833333
4/11/2000,52.97916667,8763,11.65509259,238.8065861,17.06041667,59.40833333,,1.199583333,,8433.375
4/12/2000,51.98333333,8486,11.10185185,244.7472246,18.39125,65.15416667,,1.9725,,8643.166667
4/13/2000,51.57916667,8768,10.87731481,246.539445,14.35714286,83.30857143,,6.673714286,,8706.458333
4/14/2000,50.95833333,8439,10.53240741,248.6289923,12.28351351,82.98648649,,2.28027027,,8780.25
4/15/2000,51.425,8256,10.79166667,245.9731081,14.02055556,75.2,,3.515555556,,8686.458333
4/16/2000,51.1625,8197,10.64583333,244.7460447,11.92148148,83.56296296,,3.277407407,,8643.125
4/17/2000,50.4125,8695,10.22916667,249.7781843,11.12647059,93.35882353,,3.116470588,,8820.833333
4/18/2000,50.3,8933,10.16666667,249.1268968,9.674473684,90.68684211,,2.788421053,,8797.833333
4/19/2000,50.22916667,8051,10.12731481,248.6466903,12.87875,76.77916667,,1.585416667,,8780.875
4/20/2000,50.67916667,8128,10.37731481,245.3253602,15.14541667,67.89166667,,1.370833333,,8663.583333
4/21/2000,52.575,8644,11.43055556,246.7435623,17.14791667,64.44166667,,1.392916667,,8713.666667
4/22/2000,52.58333333,9291,11.43518519,258.9469433,15.79814815,63.22592593,,3.84962963,,9144.625
4/23/2000,50.98333333,8982,10.5462963,259.2914649,14.24375,47.31666667,,2.292916667,,9156.791667
4/24/2000,49.96666667,9063,9.981481481,259.5179997,14.13208333,41.70416667,,2.315,,9164.791667
4/25/2000,50.04166667,8522,10.02314815,259.011836,15.75208333,62.02083333,,2.2075,,9146.916667
4/26/2000,50.09166667,9060,10.05092593,258.2897565,17.74291667,57.27916667,,1.993333333,,9121.416667
4/27/2000,50.0375,9055,10.02083333,260.4996504,16.228,66.675,,1.6985,,9199.458333
4/28/2000,49.95833333,8760,9.976851852,280.7874911,13.005,42.45,,2.59375,,9915.916667
4/29/2000,50.075,11456,10.04166667,308.3185452,15.35166667,39.24166667,,3.730416667,,10888.16667
4/30/2000,50.14583333,11069,10.08101852,309.9031087,15.89130435,56.83043478,,1.25173913,,10944.125
5/1/2000,50.29583333,11173,10.16435185,313.4427145,18.50916667,57.32083333,,1.350416667,,11069.125
5/2/2000,50.15416667,12562,10.08564815,366.8069918,16.2424,73.868,,2.3044,,12953.66667
5/3/2000,50.66666667,13625,10.37037037,368.5555571,19.6225,63.62,,2.7005,,13015.41667
5/4/2000,50.8,13530,10.44444444,367.8747729,20.37818182,41.61818182,,2.103636364,,12991.375
5/5/2000,50.29583333,13878,10.16435185,393.8448608,17.31416667,44.45416667,,2.443333333,,13908.5
5/6/2000,50.375,13929,10.20833333,374.4454612,15.71346154,54.64230769,,3.421923077,,13223.41667
5/7/2000,50.15,12688,10.08333333,350.1590457,9.073692308,93.23538462,,1.510923077,,12365.75
5/8/2000,50.15833333,10465,10.08796296,315.1016098,12.71785714,90.56428571,,1.358809524,,11127.70833
5/9/2000,50.34583333,9152,10.19212963,271.5444004,17.48583333,65.45416667,,5.080833333,,9589.5
5/10/2000,50.62916667,8992,10.34953704,268.3469565,13.1068,47.372,,3.3948,,9476.583333
5/11/2000,50.07916667,9255,10.04398148,248.4201555,10.40826087,56.42608696,,1.722173913,,8772.875
5/12/2000,50.43333333,8831,10.24074074,243.2110356,13.1,43.32916667,,2.27125,,8588.916667
5/13/2000,50.27083333,8207,10.15046296,242.8582549,15.4284,52.008,,1.6456,,8576.458333
5/14/2000,50.15,8363,10.08333333,259.2572487,13.10884615,73.48846154,,1.562307692,,9155.583333
5/15/2000,50.17916667,9915,10.09953704,279.3303533,11.59388889,92.36388889,,2.200833333,,9864.458333
5/16/2000,50.92916667,8584,10.5162037,247.8833153,10.8284375,86.40625,,2.2190625,,8753.916667
5/17/2000,51.69166667,8296,10.93981481,228.5228513,15.9868,69.024,,3.4572,,8070.208333
5/18/2000,51.34583333,8160,10.74768519,244.5525462,21.93041667,37.05,,4.502916667,,8636.291667
5/19/2000,50.4625,9779,10.25694444,314.8833341,23.80125,40.06666667,,3.27875,,11120
5/20/2000,49.82083333,13542,9.900462963,365.844219,25.736,35.81,,3.91,,12919.66667
5/21/2000,49.78333333,14019,9.87962963,369.8711106,27.97625,34.375,,2.808333333,,13061.875
5/22/2000,49.80833333,13336,9.893518519,371.0580584,28.96909091,43.65454545,,2.2825,,13103.79167
5/23/2000,49.9125,12875,9.951388889,372.7641484,29.1395,36.385,,3.237083333,,13164.04167
5/24/2000,49.8625,13924,9.923611111,405.3438603,29.36375,34.875,,2.91625,,14314.58333
5/25/2000,50.09583333,12112,10.05324074,339.542588,24.17375,41.31666667,,2.121666667,,11990.83333
5/26/2000,50.125,12345,10.06944444,348.585101,22.88,43.425,,2.444166667,,12310.16667
5/27/2000,50.10416667,12879,10.05787037,350.4693512,23.68291667,54.7625,,2.829583333,,12376.70833
5/28/2000,49.875,13205,9.930555556,357.9815746,22.31,46.5625,,1.82125,,12642
5/29/2000,49.825,12679,9.902777778,341.3112111,20.92291667,35.80833333,,2.358333333,,12053.29167
5/30/2000,50.15833333,12255,10.08796296,345.6472282,19.86125,32.82083333,,4.072083333,,12206.41667
5/31/2000,50.12083333,11712,10.06712963,348.9414213,19.20347826,27.30869565,,5.658695652,,12322.75
6/1/2000,50.18333333,11761,10.10185185,333.7812896,23.75391304,23.60869565,,3.065217391,,11787.375
6/2/2000,50.27916667,11552,10.15509259,334.7995162,22.67391304,42.76521739,,2.37,,11823.33333
6/3/2000,50.2,11619,10.11111111,339.5732646,23.34782609,40.36086957,,1.521304348,,11991.91667
6/4/2000,50.0875,11987,10.04861111,330.6664365,23.88458333,38.99583333,,2.443333333,,11677.375
6/5/2000,50.14166667,10622,10.0787037,311.8911873,21.52391304,43.84782609,,3.780434783,,11014.33333
6/6/2000,49.925,10624,9.958333333,314.282781,21.41863636,49.81363636,,2.103181818,,11098.79167
6/7/2000,50.30416667,10262,10.16898148,308.5745767,21.69826087,47.8826087,,3.264782609,,10897.20833
6/8/2000,50.49166667,10582,10.27314815,309.5149319,15.915,83.71923077,,3.146538462,,10930.41667
6/9/2000,50.3625,10533,10.20138889,313.5241255,16.618,65.568,,3.0452,,11072
6/10/2000,50.6875,10242,10.38194444,311.4593554,19.26952381,52.52380952,,2.376666667,,10999.08333
6/11/2000,50.1875,10691,10.10416667,309.8134387,19.56041667,49.52916667,,1.844166667,,10940.95833
6/12/2000,50.05,12970,10.02777778,376.5208501,23.6665,50.3,,1.5685,,13296.70833
6/13/2000,50.04583333,13632,10.02546296,410.9553154,26.19285714,42.54285714,,4.483333333,,14512.75
6/14/2000,50.32083333,14549,10.17824074,417.1826619,33.8445,26.315,,5.2215,,14732.66667
6/15/2000,50.09166667,13647,10.05092593,418.2268456,34.28368421,24.83157895,,5.931052632,,14769.54167
6/16/2000,50,14152,10,415.5992782,31.6426087,19.69130435,,8.186956522,,14676.75
6/17/2000,50.34583333,13957,10.19212963,414.5798717,31.50434783,15.76956522,,5.390434783,,14640.75
6/18/2000,50.22916667,13471,10.12731481,403.1740819,25.83541667,49.04583333,,2.765,,14237.95833
6/19/2000,50.4625,13618,10.25694444,393.5510735,25.57458333,50.45416667,,3.94375,,13898.125
6/20/2000,50.34583333,14146,10.19212963,412.5316198,28.25,25.83125,,4.725625,,14568.41667
6/21/2000,50.24583333,14314,10.13657407,418.2032482,36.08857143,22.14285714,,3.307142857,,14768.70833
6/22/2000,50.375,13786,10.20833333,403.3746596,28.80428571,44.6,,2.105714286,,14245.04167
6/23/2000,50.45833333,13550,10.25462963,409.1312385,27.82045455,46.10909091,,2.477727273,,14448.33333
6/24/2000,50.3375,13602,10.1875,415.3574052,26.99478261,41.21304348,,2.213913043,,14668.20833
6/25/2000,50.3625,13760,10.20138889,413.1038561,27.81318182,44.24545455,,1.754090909,,14588.625
6/26/2000,50.4,14164,10.22222222,415.0883951,30.08590909,42.74090909,,2.245,,14658.70833
6/27/2000,50.475,13574,10.26388889,420.899248,31.73857143,39.95238095,,2.597619048,,14863.91667
6/28/2000,50.5125,14220,10.28472222,431.764658,32.0025,41.42916667,,1.864583333,,15247.625
6/29/2000,50.99166667,14128,10.55092593,435.9579111,32.41565217,39.81304348,,2.929565217,,15395.70833
6/30/2000,51.07916667,14160,10.59953704,433.5120434,29.28818182,39.54545455,,3.6,,15309.33333
7/1/2000,51.325,14542,10.73611111,430.1364393,24.55583333,47.15833333,,4.050833333,,15190.125
7/2/2000,51.64166667,14284,10.91203704,435.0163759,24.82157895,47.55263158,,3.059473684,,15362.45833
7/3/2000,51.71666667,14069,10.9537037,437.3359976,22.22,49.6875,,2.421666667,,15444.375
7/4/2000,51.8875,14234,11.04861111,457.7170479,22.5026087,49.4826087,,2.996086957,,16164.125
7/5/2000,51.96666667,14218,11.09259259,447.7731153,20.56956522,67.82608696,,3.51173913,,15812.95833
7/6/2000,52.16666667,15164,11.2037037,446.5425123,20.02958333,63.50833333,,1.629583333,,15769.5
7/7/2000,52.15833333,14545,11.19907407,449.8154679,21.58291667,51.3875,,2.272083333,,15885.08333
7/8/2000,52.16666667,14857,11.2037037,443.1751673,21.23478261,46.33478261,,1.43173913,,15650.58333
7/9/2000,52.55416667,15028,11.41898148,448.5612675,24.42791667,40.8,,2.122916667,,15840.79167
7/10/2000,52.24166667,14749,11.24537037,454.1019305,25.98952381,38.63333333,,2.816190476,,16036.45833
7/11/2000,51.80416667,14280,11.00231481,442.6855219,26.36,43.11428571,,1.885238095,,15633.29167
7/12/2000,51.84166667,14342,11.02314815,423.9031935,26.78047619,38.38571429,,2.278571429,,14970
7/13/2000,51.75416667,15194,10.97453704,423.9031935,26.27333333,46.49166667,,3.0225,,14970
7/14/2000,51.73333333,14082,10.96296296,425.0004713,25.29833333,45.55,,2.272083333,,15008.75
7/15/2000,52.06666667,15718,11.14814815,427.2846969,26.49541667,33.975,,2.250416667,,15089.41667
7/16/2000,52.2125,15006,11.22916667,432.5598895,25.70227273,38.14545455,,2.290909091,,15275.70833
7/17/2000,52.2875,14923,11.27083333,430.22021,23.2525,51.00833333,,3.38625,,15193.08333
7/18/2000,52.3875,14961,11.32638889,427.3637481,24.00916667,44.02083333,,2.271666667,,15092.20833
7/19/2000,52.51666667,15004,11.39814815,426.8398864,26.78041667,34.125,,1.82125,,15073.70833
7/20/2000,52.53333333,15130,11.40740741,426.2464125,27.57142857,38.75714286,,2.08,,15052.75
7/21/2000,52.1125,14632,11.17361111,426.7384177,28.4273913,27.07272727,,2.48173913,,15070.125
7/22/2000,51.0375,15127,10.57638889,424.0129213,29.88125,31.26875,,3.698125,,14973.875
7/23/2000,50.9,15133,10.5,424.886024,26.80083333,33.15833333,,2.29375,,15004.70833
7/24/2000,50.9375,14867,10.52083333,424.607575,31.690625,24.80625,,2.6375,,14994.875
7/25/2000,52.1125,15180,11.17361111,425.9833018,29.20375,33.71666667,,2.615,,15043.45833
7/26/2000,52.84166667,15661,11.5787037,429.1913646,27.38875,35.11666667,,2.657916667,,15156.75
7/27/2000,52.26666667,14967,11.25925926,441.5091929,25.76,41.69545455,,2.128181818,,15591.75
7/28/2000,51.4625,16571,10.8125,435.6700231,27.49291667,37.67916667,,1.865,,15385.54167
7/29/2000,51.43333333,15247,10.7962963,430.103403,28.535,36.7625,,2.165416667,,15188.95833
7/30/2000,51.36666667,14334,10.75925926,426.9389954,35.51090909,20.10909091,,3.367272727,,15077.20833
7/31/2000,52.0625,15184,11.14583333,426.6381289,30.26,36.18636364,,1.403181818,,15066.58333
8/1/2000,52.45,14811,11.36111111,432.1363166,33.56347826,30.60869565,,2.909130435,,15260.75
8/2/2000,51.8375,15784,11.02083333,432.2200873,32.04666667,41.16666667,,2.121666667,,15263.70833
8/3/2000,51.79583333,14566,10.99768519,431.5711596,30.25875,41.71666667,,2.400833333,,15240.79167
8/4/2000,52.525,14287,11.40277778,410.670967,26.96346154,37.67307692,,2.177307692,,14502.70833
8/5/2000,52.55,14249,11.41666667,400.2019929,28.63666667,35.19166667,,2.057083333,,14133
8/6/2000,51.89166667,14292,11.05092593,399.6509942,29.38708333,38.525,,1.95,,14113.54167
8/7/2000,51.72083333,14015,10.95601852,402.4673406,28.04666667,47.81666667,,2.636666667,,14213
8/8/2000,52.52916667,12382,11.40509259,372.5647506,26.32,48.62083333,,3.065,,13157
8/9/2000,52.60833333,12343,11.44907407,345.523342,25.4536,45.844,,2.5716,,12202.04167
8/10/2000,51.84166667,12292,11.02314815,345.1575827,24.05541667,42.78333333,,2.6575,,12189.125
8/11/2000,51.62916667,12332,10.90509259,348.2806949,24.98833333,40.31666667,,1.993333333,,12299.41667
8/12/2000,51.33333333,12218,10.74074074,344.6124834,27.2332,34.316,,1.8516,,12169.875
8/13/2000,51.48333333,11864,10.82407407,341.0280426,26.97875,36.13333333,,1.65,,12043.29167
8/14/2000,51.4375,12002,10.79861111,340.6705424,27.25666667,28.95416667,,2.229583333,,12030.66667
8/15/2000,51.62916667,11569,10.90509259,327.0383405,27.41625,32.72916667,,2.314583333,,11549.25
8/16/2000,51.79166667,10948,10.99537037,313.3825412,28.15041667,28.82083333,,1.972083333,,11067
8/17/2000,51.80416667,10418,11.00231481,301.9838306,27.99125,30.58333333,,2.057083333,,10664.45833
8/18/2000,51.69583333,9655,10.94212963,285.4373533,25.57166667,28.125,,2.335416667,,10080.125
8/19/2000,51.65833333,10057,10.9212963,283.410339,24.32818182,38.47272727,,2.479090909,,10008.54167
8/20/2000,51.42083333,10290,10.78935185,282.8652397,24.86541667,39.14583333,,2.486666667,,9989.291667
8/21/2000,51.38333333,10030,10.76851852,284.2492256,25.86791667,37.40416667,,2.079166667,,10038.16667
8/22/2000,51.6375,10073,10.90972222,287.486785,25.31541667,43.5875,,2.057083333,,10152.5
8/23/2000,51.61666667,9512,10.89814815,275.3589156,24.55583333,39.15416667,,2.27125,,9724.208333
8/24/2000,51.87916667,9494,11.04398148,270.2854806,24.31291667,46.71666667,,1.864583333,,9545.041667
8/25/2000,52.05833333,9468,11.14351852,270.1179392,24.81958333,34.39166667,,1.714583333,,9539.125
8/26/2000,52.05833333,9435,11.14351852,268.2985819,25.8525,31.67916667,,2.07875,,9474.875
8/27/2000,51.89166667,9376,11.05092593,282.59269,25.57666667,34.2375,,1.500416667,,9979.666667
8/28/2000,51.77083333,11022,10.9837963,284.3105787,25.44458333,32.72916667,,1.564166667,,10040.33333
8/29/2000,51.67083333,9622,10.92824074,287.9917688,24.17541667,46.35,,2.3575,,10170.33333
8/30/2000,51.57916667,9393,10.87731481,270.8518175,20.55041667,52.35833333,,2.358333333,,9565.041667
8/31/2000,51.89166667,8991,11.05092593,243.4481892,18.03045455,36.80909091,,1.856956522,,8597.291667
9/1/2000,52.0375,8351,11.13194444,230.2926543,16.84846154,85.49230769,,5.948717949,,8132.708333
9/2/2000,52.15833333,7596,11.19907407,223.8694496,15.30870968,78.93870968,,3.783548387,,7905.875
9/3/2000,52.6,6784,11.44444444,212.3975871,16.8825,73.14583333,,1.929166667,,7500.75
9/4/2000,52.99583333,7656,11.66435185,213.826408,17.475,66.67083333,,2.465,,7551.208333
9/5/2000,53.04166667,7765,11.68981481,217.1406589,17.34,57.3875,,3.68625,,7668.25
9/6/2000,53.02083333,6816,11.67824074,212.4554006,22.16916667,37.27916667,,5.980833333,,7502.791667
9/7/2000,52.30833333,6509,11.28240741,202.7651398,24.39375,35.94166667,,2.7225,,7160.583333
9/8/2000,52.2875,7232,11.27083333,200.6944704,21.775,48.06666667,,1.47875,,7087.458333
9/9/2000,52.0375,6699,11.13194444,198.2993371,23.71333333,39.53333333,,2.615,,7002.875
9/10/2000,52.12916667,7255,11.18287037,199.9145772,23.62714286,45.9,,1.101428571,,7059.916667
9/11/2000,52.17916667,6393,11.21064815,198.5305913,32.856,21.52,,1.338,,7011.041667
9/12/2000,52.11666667,6800,11.17592593,199.1335042,24.37083333,45.4875,,1.565,,7032.333333
9/13/2000,52.14166667,7024,11.18981481,201.6348256,26.04869565,37.65217391,,2.657916667,,7120.666667
9/14/2000,51.98333333,7781,11.10185185,201.2136125,25.30705882,54.27647059,,1.184347826,,7105.791667
9/15/2000,51.89166667,6497,11.05092593,201.2348502,26.37173913,34.96956522,,2.303478261,,7106.541667
9/16/2000,52.475,7066,11.375,199.3718376,22.20833333,54.21666667,,1.350416667,,7040.75
9/17/2000,52.45416667,7062,11.36342593,200.9705596,27.41666667,38.0375,,5.122916667,,7097.208333
9/18/2000,52.39583333,7778,11.33101852,233.1656343,31.53391304,24.95652174,,4.942608696,,8234.166667
9/19/2000,52.53333333,8653,11.40740741,245.5353768,32.72727273,27.3,,5.168636364,,8671
9/20/2000,52.475,9294,11.375,245.5353768,32.32130435,26.1173913,,5.01,,8671
9/21/2000,52.425,8530,11.34722222,245.5353768,24.70043478,47.53043478,,2.952173913,,8671
9/22/2000,52.47916667,7980,11.37731481,230.6654927,18.72966667,66.9,,3.875333333,,8145.875
9/23/2000,52.25,7794,11.25,226.9028917,17.7,47.71916667,,3.85875,,8013
9/24/2000,52.225,8227,11.23611111,229.6071506,17.29166667,44.9775,,1.0925,,8108.5
9/25/2000,52.275,7812,11.26388889,228.5381896,20.23333333,42.97041667,,1.693333333,,8070.75
9/26/2000,52.575,6942,11.43055556,202.1350899,21.81666667,39.25416667,,1.758333333,,7138.333333
9/27/2000,53.07916667,6687,11.71064815,187.4929205,22.2375,46.51166667,,1.457083333,,6621.25
9/28/2000,53.28333333,6513,11.82407407,185.6511456,21.76666667,54.96791667,,2.185833333,,6556.208333
9/29/2000,53.43333333,6365,11.90740741,183.3386031,23.575,47.41666667,,3.7725,,6474.541667
9/30/2000,53.2625,6415,11.8125,184.5090328,28.7173913,28.76652174,,4.07,,6515.875
10/1/2000,52.9625,6383,11.64583333,184.6801137,26.39473684,37.52421053,,2.328421053,,6521.916667
10/2/2000,53.05833333,6255,11.69907407,184.5125724,23.24583333,40.35833333,,2.33625,,6516
10/3/2000,52.97083333,6284,11.65046296,182.4713997,22.075,41.465,,2.272083333,,6443.916667
10/4/2000,52.95833333,6408,11.64351852,186.6457748,20.2625,44.08791667,,0.835416667,,6591.333333
10/5/2000,53.04583333,6493,11.69212963,185.8599823,20.1625,46.77625,,0.514166667,,6563.583333
10/6/2000,53.02916667,6340,11.68287037,184.1692306,21.6875,43.1825,,1.135833333,,6503.875
10/7/2000,53.01666667,6440,11.67592593,182.1516553,20.96666667,47.18625,,1.1575,,6432.625
10/8/2000,53.25416667,6251,11.80787037,181.1051119,19.30833333,62.97,,1.414583333,,6395.666667
10/9/2000,53.325,6215,11.84722222,184.3060954,15.12894737,85.42868421,,1.921842105,,6508.708333
10/10/2000,53.24583333,6103,11.80324074,181.3682226,13.33846154,89.96051282,,2.149487179,,6404.958333
10/11/2000,53.25833333,6550,11.81018519,181.7139241,12.84615385,85.9225641,,1.740769231,,6417.166667
10/12/2000,53.25833333,5921,11.81018519,180.5116379,13.88076923,79.12576923,,1.483461538,,6374.708333
10/13/2000,53.51666667,6121,11.9537037,187.6899586,15,71.51208333,,0.792916667,,6628.208333
10/14/2000,53.725,6643,12.06944444,181.4968282,16.27916667,67.1925,,1.41375,,6409.5
10/15/2000,53.67083333,5864,12.03935185,183.7952123,15.5625,69.02958333,,1.457083333,,6490.666667
10/16/2000,53.55833333,6300,11.97685185,181.0095425,15.87916667,70.7175,,1.049583333,,6392.291667
10/17/2000,53.65833333,6394,12.03240741,180.0951443,15.60833333,66.32916667,,0.620833333,,6360
10/18/2000,53.74583333,6073,12.08101852,172.8035563,16.74166667,59.73375,,1.285833333,,6102.5
10/19/2000,53.80416667,5711,12.11342593,165.2665557,16.89166667,60.73416667,,1.15625,,5836.333333
10/20/2000,53.84583333,5630,12.13657407,158.1979628,14.04074074,82.66740741,,0.877037037,,5586.708333
10/21/2000,53.8875,5781,12.15972222,155.7886711,13.83478261,63.00086957,,4.070434783,,5501.625
10/22/2000,53.75416667,4923,12.08564815,152.9758644,15.62916667,30.5025,,7.5225,,5402.291667
10/23/2000,53.83333333,5281,12.12962963,153.4855676,17.92416667,24.77416667,,4.8225,,5420.291667
10/24/2000,53.8875,5296,12.15972222,156.3101731,12.85130435,62.64913043,,1.072608696,,5520.041667
10/25/2000,54.075,5320,12.26388889,154.1061785,14.25357143,70.79214286,,2.443214286,,5442.208333
10/26/2000,53.97916667,5380,12.21064815,153.805312,11.86071429,91.87178571,,1.745,,5431.583333
10/27/2000,54.03333333,6601,12.24074074,156.8611717,9.18,87.07533333,,0.703,,5539.5
10/28/2000,54.275,4930,12.375,157.4652644,12.63589744,83.66282051,,7.188974359,,5560.833333
10/29/2000,54.17916667,5894,12.32175926,155.3450405,11.37804878,88.91365854,,4.190731707,,5485.958333
10/30/2000,54.075,5451,12.26388889,153.5917558,10.64137931,84.84655172,,2.945172414,,5424.041667
10/31/2000,54.3,5553,12.38888889,155.0205767,10.39130435,77.08391304,,2.080434783,,5474.5
11/1/2000,54.56666667,5058,12.53703704,149.1259531,12.12916667,67.16791667,,1.693333333,,5266.333333
11/2/2000,54.775,5157,12.65277778,148.4227514,13.7625,71.70875,,1.9925,,5241.5
11/3/2000,54.77916667,5114,12.65509259,148.3035847,18.37916667,47.80166667,,5.252083333,,5237.291667
11/4/2000,54.92916667,4990,12.73842593,150.1642375,12.75833333,68.86875,,1.50125,,5303
11/5/2000,54.94166667,5193,12.74537037,147.5649869,13.59166667,65.62166667,,1.37125,,5211.208333
11/6/2000,54.6,5273,12.55555556,149.1908459,12.325,60.33,,3.214583333,,5268.625
11/7/2000,54.5625,5212,12.53472222,155.7084401,14.775,35.41666667,,5.208333333,,5498.791667
11/8/2000,54.76666667,5422,12.64814815,159.5713299,11.86521739,66.11347826,,2.280869565,,5635.208333
11/9/2000,54.49583333,5345,12.49768519,156.1744882,8.033333333,63.09791667,,1.908333333,,5515.25
11/10/2000,54.26666667,5805,12.37037037,156.6723927,5.35483871,85.46354839,,1.444516129,,5532.833333
11/11/2000,54.125,5139,12.29166667,157.0298929,4.558333333,75.37875,,1.414166667,,5545.458333
11/12/2000,54.03333333,5363,12.24074074,157.7932679,4.841666667,61.6675,,1.2425,,5572.416667
11/13/2000,53.94166667,6418,12.18981481,162.4289717,2.029642857,84.09321429,,0.770714286,,5736.125
11/14/2000,53.775,5331,12.09722222,170.813118,2.116458333,97.16875,,0.3425,,6032.208333
11/15/2000,53.69583333,5056,12.05324074,167.2687927,1.939152542,96.09966102,,0.409661017,,5907.041667
11/16/2000,53.85416667,5754,12.1412037,168.7105921,5.51,77.534,,2.109,,5957.958333
11/17/2000,53.91666667,5228,12.17592593,169.4373912,9.525,46.135,,2.552083333,,5983.625
11/18/2000,53.8125,5067,12.11805556,168.1772915,4.904166667,69.78916667,,0.770833333,,5939.125
11/19/2000,53.8625,5907,12.14583333,168.522993,5.230434783,79.19304348,,0.313043478,,5951.333333
11/20/2000,53.72916667,4570,12.07175926,169.6474078,4.025925926,80.95814815,,0.323703704,,5991.041667
11/21/2000,53.52916667,5664,11.96064815,169.4373912,4.9632,82.8432,,0.9664,,5983.625
11/22/2000,53.625,5495,12.01388889,166.9455087,5.189189189,91.60135135,,0.791891892,,5895.625
11/23/2000,53.575,5800,11.98611111,169.7488765,4.697916667,97.53833333,,1.243125,,5994.625
11/24/2000,53.5125,5568,11.95138889,168.7365492,6.296857143,90.44857143,,0.896,,5958.875
11/25/2000,53.3875,5455,11.88194444,168.7625063,7.043666667,82.376,,0.959666667,,5959.791667
11/26/2000,53.2875,4590,11.82638889,167.6333721,6.024242424,89.62454545,,0.779090909,,5919.916667
11/27/2000,53.1,5853,11.72222222,170.2703784,8.941463415,92.86902439,,0.664634146,,6013.041667
11/28/2000,53.2625,5564,11.8125,171.6826812,10.059375,91.3740625,,0.5621875,,6062.916667
11/29/2000,53.22916667,5664,11.79398148,169.6839837,9.6075,92.00475,,5.2475,,5992.333333
11/30/2000,53.14166667,5930,11.74537037,170.5275898,9.788,82.404,,2.6964,,6022.125
12/1/2000,53.025,5262,11.68055556,171.2414103,8.120833333,74.25375,,1.3925,,6047.333333
12/2/2000,52.98333333,5060,11.65740741,164.4654249,7.741666667,76.07291667,,0.83625,,5808.041667
12/3/2000,53.74583333,5570,12.08101852,164.5491955,7.225,80.82375,,0.72875,,5811
12/4/2000,54.425,5805,12.45833333,165.0671579,8,78.46565217,,0.625652174,,5829.291667
12/5/2000,54.49166667,5039,12.49537037,158.9837553,4.048979592,87.37061224,,0.377142857,,5614.458333
12/6/2000,54.40416667,5190,12.44675926,159.9713053,3.579411765,90.16088235,,0.695,,5649.333333
12/7/2000,54.275,4624,12.375,156.1036961,6.122222222,87.9237037,,1.181111111,,5512.75
12/8/2000,54.25,5504,12.36111111,154.6029032,8.6625,79.72875,,0.81375,,5459.75
12/9/2000,54.00416667,4900,12.22453704,155.0831097,8.224,83.2436,,0.1852,,5476.708333
12/10/2000,54.02083333,4644,12.2337963,154.6807745,8.632608696,94.26043478,,0.647826087,,5462.5
12/11/2000,53.85833333,5231,12.14351852,154.1746109,6.420930233,94.18069767,,0.849069767,,5444.625
12/12/2000,53.65833333,4657,12.03240741,154.6807745,7.578723404,92.56574468,,1.378510638,,5462.5
12/13/2000,53.46666667,5374,11.92592593,150.2102524,7.490909091,91.30242424,,3.819090909,,5304.625
12/14/2000,53.22083333,4266,11.78935185,143.40713,8.188636364,95.3,,4.711818182,,5064.375
12/15/2000,52.87083333,3977,11.59490741,139.8498261,8.879545455,91.41090909,,2.864772727,,4938.75
12/16/2000,52.65416667,4534,11.47453704,137.9089422,9.775,74.82583333,,1.822083333,,4870.208333
12/17/2000,52.51666667,4860,11.39814815,138.7324905,8.734285714,76.18285714,,3.292285714,,4899.291667
12/18/2000,52.35416667,4535,11.30787037,140.4220624,12.04347826,25.06043478,,4.383478261,,4958.958333
12/19/2000,52.48333333,4907,11.37962963,141.5441174,5.917391304,70.13869565,,0.626086957,,4998.583333
12/20/2000,52.675,4507,11.48611111,141.7730119,9.895833333,65.92791667,,0.320833333,,5006.666667
12/21/2000,52.50416667,4949,11.3912037,140.8739521,5.331034483,87.68068966,,0.904482759,,4974.916667
12/22/2000,52.22083333,4737,11.2337963,141.0532921,9.388571429,88.88457143,,2.483714286,,4981.25
12/23/2000,51.64166667,4705,10.91203704,140.3135145,4.563888889,96.09888889,,0.613888889,,4955.125
12/24/2000,51.4625,4497,10.8125,139.2197763,5.12826087,90.04543478,,1.632826087,,4916.5
12/25/2000,50.99166667,4039,10.55092593,138.7702463,11.6875,33.14916667,,4.887083333,,4900.625
12/26/2000,50.77916667,4519,10.43287037,139.9394961,9.445833333,45.11291667,,2.65875,,4941.916667
12/27/2000,50.7125,4600,10.39583333,139.9394961,5,76.73125,,0.407083333,,4941.916667
12/28/2000,50.9,4334,10.5,139.5713771,4.845454545,75.13181818,,0.981818182,,4928.916667
12/29/2000,51,4625,10.55555556,139.7200406,9.288888889,63.70333333,,0.742222222,,4934.166667
12/30/2000,51.1375,4537,10.63194444,141.2715678,4.820833333,77.28583333,,0.470833333,,4988.958333
12/31/2000,51.24166667,4549,10.68981481,140.8515346,4.752173913,77.89826087,,0.559130435,,4974.125
1/1/2001,51.26666667,4687,10.7037037,140.6073018,6.156,75.9856,,0.4728,,4965.5
1/2/2001,51.28333333,4623,10.71296296,139.8498261,8.1,67.51916667,,0.685,,4938.75
1/3/2001,51.27083333,4677,10.70601852,139.9501149,6.991666667,72.2775,,0.98625,,4942.291667
1/4/2001,51,4244,10.55555556,134.9415727,6.175,74.38375,,0.556666667,,4765.416667
1/5/2001,50.80416667,4059,10.44675926,129.5224362,6.141666667,71.17458333,,0.749583333,,4574.041667
1/6/2001,50.69166667,3998,10.38425926,123.1653041,7.558333333,68.98083333,,0.6425,,4349.541667
1/7/2001,50.54583333,4035,10.30324074,122.3771519,5.1875,81.50541667,,0.3425,,4321.708333
1/8/2001,50.525,4557,10.29166667,121.6822093,7.380851064,95.36702128,,1.71787234,,4297.166667
1/9/2001,50.30833333,4419,10.1712963,123.0827133,1.452702703,98.89554054,,1.111891892,,4346.625
1/10/2001,50.18333333,4226,10.10185185,126.354489,7,94.48931818,,1.943111111,,4462.166667
1/11/2001,49.81666667,4027,9.898148148,127.9555707,8.448571429,59.69514286,,5.100857143,,4518.708333
1/12/2001,49.55,3735,9.75,123.9935719,6.413636364,78.53,,2.665909091,,4378.791667
1/13/2001,49.52083333,3307,9.733796296,123.1464262,6.367857143,82.79357143,,1.414642857,,4348.875
1/14/2001,49.57083333,4777,9.761574074,122.3393961,6.459090909,95.70106061,,3.577727273,,4320.375
1/15/2001,49.55416667,4050,9.752314815,120.3878934,8.879545455,91.41090909,,2.864772727,,4251.458333
1/16/2001,49.3875,3833,9.659722222,121.2373988,8.169565217,64.21130435,,4.429130435,,4281.458333
1/17/2001,49.2875,4312,9.604166667,123.6938853,6.779166667,36.43125,,3.794166667,,4368.208333
1/18/2001,49.17916667,4116,9.543981481,124.9787622,3.75,60.0975,,0.664166667,,4413.583333
1/19/2001,49.24583333,3212,9.581018519,123.9687946,6.325,69.30791667,,0.535833333,,4377.916667
1/20/2001,49.20833333,4528,9.560185185,123.3741409,3.820833333,71.22666667,,1.220416667,,4356.916667
1/21/2001,49.16666667,4172,9.537037037,123.7033242,4.625806452,71.29387097,,0.497419355,,4368.541667
1/22/2001,49.17083333,4200,9.539351852,121.9866154,8.672,55.3212,,0.432,,4307.916667
1/23/2001,49.16666667,3664,9.537037037,121.0545192,6.733333333,81.16757576,,1.106060606,,4275
1/24/2001,48.84166667,3854,9.356481481,123.8826642,6.78,91.48625,,1.71,,4374.875
1/25/2001,48.0625,3540,8.923611111,121.0698575,3.953125,81.2809375,,3.834848485,,4275.541667
1/26/2001,47.35833333,3976,8.532407407,117.6942534,2.872340426,94.66234043,,2.068085106,,4156.333333
1/27/2001,47.09583333,3556,8.386574074,114.3788226,7.45,60.2825,,5.080416667,,4039.25
1/28/2001,46.6625,3049,8.145833333,99.04289043,7.895833333,55.5525,,3.322083333,,3497.666667
1/29/2001,47.075,3827,8.375,101.3353751,6.638461538,85.20384615,,1.370769231,,3578.625
1/30/2001,46.97083333,3249,8.31712963,95.6236312,6.170833333,54.60875,,3.60125,,3376.916667
1/31/2001,46.8375,3853,8.243055556,97.70727917,13.7,25.045,,4.6325,,3450.5
2/1/2001,47.10416667,3345,8.391203704,95.22719535,5.741666667,62.38125,,1.263333333,,3362.916667
2/2/2001,47.72916667,3452,8.738425926,91.97311773,7.930434783,72.28434783,,0.692608696,,3248
2/3/2001,48.36666667,3592,9.092592593,92.10290328,10.53333333,69.20375,,1.070833333,,3252.583333
2/4/2001,48.72083333,3773,9.289351852,92.34359647,12.5375,69.03541667,,1.477916667,,3261.083333
2/5/2001,48.96666667,3503,9.425925926,94.71277264,10.4625,70.00333333,,1.715,,3344.75
2/6/2001,48.94166667,3277,9.412037037,93.12702923,7.880952381,55.03428571,,2.693809524,,3288.75
2/7/2001,48.575,3357,9.208333333,94.51101511,7.133333333,33.52416667,,5.1675,,3337.625
2/8/2001,48.29583333,3425,9.053240741,90.52305921,7.341666667,32.20166667,,3.601666667,,3196.791667
2/9/2001,47.825,3474,8.791666667,91.35486658,4.336111111,73.42944444,,4.028888889,,3226.166667
2/10/2001,46.79166667,3197,8.217592593,98.83051408,3.070731707,93.77707317,,2.321219512,,3490.166667
2/11/2001,45.76666667,3318,7.648148148,104.021936,5.702631579,85.51394737,,6.335789474,,3673.5
2/12/2001,45.72083333,3414,7.622685185,104.281507,4.24516129,84.1416129,,2.208064516,,3682.666667
2/13/2001,45.33333333,2901,7.407407407,101.5088158,8.6,37.51652174,,7.851304348,,3584.75
2/14/2001,45.15,3395,7.305555556,98.68892985,9.065217391,35.82217391,,3.914782609,,3485.166667
2/15/2001,45.5375,3455,7.520833333,98.1343916,4.307692308,70.55923077,,1.147692308,,3465.583333
2/16/2001,46.3625,2675,7.979166667,95.9280373,7.926666667,81.55833333,,0.823,,3387.666667
2/17/2001,46.80833333,2796,8.226851852,93.80427381,7.276,83.0936,,1.8104,,3312.666667
2/18/2001,47.19166667,3662,8.439814815,94.47679892,8.423076923,94.26884615,,1.552641509,,3336.416667
2/19/2001,47.37083333,3635,8.539351852,97.06071117,8.951282051,92.97923077,,3.152564103,,3427.666667
2/20/2001,47.07916667,4049,8.377314815,105.9132653,9.162857143,85.60028571,,7.349142857,,3740.291667
2/21/2001,45.85416667,3435,7.696759259,112.1134749,9.733333333,86.89820513,,8.627435897,,3959.25
2/22/2001,46.25,2611,7.916666667,106.8418219,7.670588235,82.51529412,,5.023529412,,3773.083333
2/23/2001,45.82083333,3152,7.678240741,100.0103827,2.98,88.27828571,,1.660857143,,3531.833333
2/24/2001,45.8375,3395,7.6875,99.56203262,5.09,87.78225,,2.4175,,3516
2/25/2001,45.82083333,3426,7.678240741,110.010949,5.895833333,90.81458333,,2.807916667,,3885
2/26/2001,45.76666667,3463,7.648148148,105.3079927,11.79583333,50.68958333,,5.509583333,,3718.916667
2/27/2001,45.91666667,2632,7.731481481,98.94850094,14.41666667,28.03625,,6.3225,,3494.333333
2/28/2001,45.85833333,3801,7.699074074,96.89552956,11.5826087,26.21956522,,5.592173913,,3421.833333
3/1/2001,45.81666667,3703,7.675925926,94.71277264,6.529166667,59.59,,1.135416667,,3344.75
3/2/2001,45.90416667,2930,7.724537037,94.33521468,7.831707317,87.93365854,,1.580487805,,3331.416667
3/3/2001,46.09166667,2968,7.828703704,94.21722782,5.395652174,78.94869565,,1.02826087,,3327.25
3/4/2001,46.27083333,3422,7.928240741,101.9571659,7.161904762,91.53047619,,3.038095238,,3600.583333
3/5/2001,46.31666667,3705,7.953703704,111.744176,10.27666667,85.68366667,,5.178666667,,3946.208333
3/6/2001,46.28333333,3079,7.935185185,104.8360453,13.8875,63.34291667,,3.515416667,,3702.25
3/7/2001,46.49583333,2918,8.053240741,97.42647044,13.49166667,72.37958333,,2.14375,,3440.583333
3/8/2001,46.6625,2898,8.145833333,95.57407672,14.2,81.20466667,,2.349,,3375.166667
3/9/2001,47.1125,3529,8.395833333,108.8357999,10.9,57.7696,,3.7864,,3843.5
3/10/2001,47.02083333,7199,8.344907407,190.5098445,12.30416667,40.12458333,,5.9575,,6727.791667
3/11/2001,47.45,6390,8.583333333,189.8113623,14.49583333,35.11791667,,4.565833333,,6703.125
3/12/2001,47.57916667,6751,8.655092593,189.5482516,15.60869565,34.47608696,,4.584347826,,6693.833333
3/13/2001,47.7375,5580,8.743055556,174.2819317,17.05,43.103,,1.387,,6154.708333
3/14/2001,47.90416667,5671,8.835648148,169.5931338,13.57916667,50.7125,,2.3575,,5989.125
3/15/2001,48.25833333,5689,9.032407407,165.541465,11.20416667,47.64833333,,1.457083333,,5846.041667
3/16/2001,49.075,5447,9.486111111,160.8196309,12.02916667,48.35333333,,3.108333333,,5679.291667
3/17/2001,49.13333333,5237,9.518518519,156.1320129,13.40416667,44.33458333,,1.32875,,5513.75
3/18/2001,49.25,4776,9.583333333,148.5230402,15.43333333,64.22625,,1.65,,5245.041667
3/19/2001,49.37083333,5655,9.650462963,139.0840914,16.59166667,63.18083333,,0.599583333,,4911.708333
3/20/2001,49.9375,4549,9.965277778,132.1110679,18.075,58.3425,,1.58625,,4665.458333
3/21/2001,49.84583333,4264,9.914351852,126.7414859,16.812,75.5744,,1.2956,,4475.833333
3/22/2001,50.00416667,3791,10.00231481,126.1798684,19.4,62.63666667,,1.920666667,,4456
3/23/2001,50.01666667,4031,10.00925926,125.6583665,16.57916667,76.30958333,,1.842916667,,4437.583333
3/24/2001,50.4,4081,10.22222222,127.090727,15.37241379,77.60172414,,2.288275862,,4488.166667
3/25/2001,50.04166667,4512,10.02314815,126.6152399,13.99090909,75.77787879,,4.947647059,,4471.375
3/26/2001,49.625,4082,9.791666667,127.1780373,13.4625,56.77458333,,2.400833333,,4491.25
3/27/2001,49.4375,3959,9.6875,127.2370307,16.52916667,34.31458333,,3.344583333,,4493.333333
3/28/2001,49.80833333,3940,9.893518519,126.0689608,18.52083333,62.9675,,1.157083333,,4452.083333
3/29/2001,50.65,4162,10.36111111,125.1002886,19.10833333,41.255,,4.180416667,,4417.875
3/30/2001,51.17083333,4074,10.65046296,127.3809747,20.35652174,27.75652174,,5.054347826,,4498.416667
3/31/2001,50.6875,4586,10.38194444,126.7532846,20.12173913,39.82826087,,3.287826087,,4476.25
4/1/2001,50.28695652,4055,10.15942029,127.5206095,19.5375,34.86208333,,2.915416667,,4503.347826
4/2/2001,49.625,4599,9.791666667,129.8539793,12.43333333,32.32625,,4.092916667,,4585.75
4/3/2001,48.8625,5798,9.368055556,171.0526313,9.172,37.976,,3.066,,6040.666667
4/4/2001,48.72916667,5988,9.293981481,178.5035016,10.524,43.2848,,3.416,,6303.791667
4/5/2001,49.14583333,5911,9.525462963,176.353781,13.6125,29.61333333,,3.172916667,,6227.875
4/6/2001,49.60833333,6177,9.782407407,175.5573697,11.19615385,44.57807692,,6.429230769,,6199.75
4/7/2001,50.25,6151,10.13888889,175.5915858,6.056410256,62.81666667,,2.545128205,,6200.958333
4/8/2001,49.575,5890,9.763888889,175.2093084,5.829166667,65.48833333,,1.779166667,,6187.458333
4/9/2001,50.3125,5771,10.17361111,174.1840026,8.733333333,54.73208333,,3.75125,,6151.25
4/10/2001,50.8375,6089,10.46527778,175.0535658,10.85833333,44.50375,,2.015416667,,6181.958333
4/11/2001,51.39583333,5844,10.77546296,176.4812068,12.42692308,40.80846154,,4.214615385,,6232.375
4/12/2001,51.19166667,7147,10.66203704,177.1124365,10.60833333,46.8975,,2.52875,,6254.666667
4/13/2001,51.3375,5610,10.74305556,176.9319166,12.77826087,42.64391304,,3.043333333,,6248.291667
4/14/2001,51.34166667,6220,10.74537037,176.694763,10.92083333,64.2875,,1.800416667,,6239.916667
4/15/2001,51.3,6060,10.72222222,176.5744164,12.82083333,59.30583333,,1.672083333,,6235.666667
4/16/2001,51.47916667,5835,10.82175926,176.2204558,14.075,59.49041667,,2.999583333,,6223.166667
4/17/2001,51.75416667,6303,10.97453704,175.958525,15.50357143,58.8475,,4.593214286,,6213.916667
4/18/2001,51.4125,5672,10.78472222,175.6753565,14.71923077,71.83307692,,2.591111111,,6203.916667
4/19/2001,50.97916667,6146,10.54398148,176.5213223,9.811111111,89.92944444,,1.356944444,,6233.791667
4/20/2001,48.95,6186,9.416666667,176.9177582,8.693103448,84.66586207,,5.570689655,,6247.791667
4/21/2001,47.8375,6060,8.798611111,176.5130632,5.713513514,85.71243243,,0.806216216,,6233.5
4/22/2001,48.0125,6381,8.895833333,176.0824112,13.22083333,67.3,,1.993333333,,6218.291667
4/23/2001,48.65833333,4907,9.25462963,178.0527918,16.925,64.81625,,1.885416667,,6287.875
4/24/2001,48.72916667,8442,9.293981481,205.2617417,20.0625,54.67625,,2.122083333,,7248.75
4/25/2001,48.75416667,7275,9.30787037,219.8095217,19.65416667,65.29375,,1.285416667,,7762.5
4/26/2001,48.69166667,7164,9.273148148,220.5669973,21.40833333,61.46333333,,1.585833333,,7789.25
4/27/2001,48.775,7248,9.319444444,220.3569807,18.89583333,61.44041667,,2.465,,7781.833333
4/28/2001,48.84166667,7916,9.356481481,220.4549098,17.188,41.678,,3.9916,,7785.291667
4/29/2001,48.325,7469,9.069444444,220.8312879,13.8375,50.34,,1.779166667,,7798.583333
4/30/2001,48.36666667,7810,9.092592593,220.8183093,17.68636364,56.74681818,,1.612272727,,7798.125
5/1/2001,48.73333333,8330,9.296296296,242.8476361,18.625,37.9225,,5.12375,,8576.083333
5/2/2001,48.4375,8479,9.131944444,245.1165234,16.30416667,25.51791667,,7.48125,,8656.208333
5/3/2001,48.37083333,8659,9.094907407,244.7153681,19.3125,19.65958333,,5.938333333,,8642.041667
5/4/2001,48.56666667,8550,9.203703704,245.2333304,19.3875,36.84208333,,1.929166667,,8660.333333
5/5/2001,48.91666667,8033,9.398148148,246.1548078,21.375,35.42875,,2.486666667,,8692.875
5/6/2001,48.65833333,8869,9.25462963,255.6480306,21.31666667,33.805,,2.486666667,,9028.125
5/7/2001,48.51666667,9034,9.175925926,257.5747561,24.37916667,36.24166667,,2.550416667,,9096.166667
5/8/2001,48.75,8896,9.305555556,260.0902359,23.95833333,43.425,,1.5,,9185
5/9/2001,48.78333333,8880,9.324074074,257.7316786,24.97391304,41.60130435,,1.923478261,,9101.708333
5/10/2001,48.85833333,9115,9.365740741,270.9025519,26.57083333,24.77708333,,3.602083333,,9566.833333
5/11/2001,48.77083333,9195,9.31712963,272.3065955,24.28333333,41.59583333,,2.165,,9616.416667
5/12/2001,49.08333333,9436,9.490740741,269.7686981,23.2,43.88083333,,2.828333333,,9526.791667
5/13/2001,49.11666667,9436,9.509259259,268.7610903,20.25416667,48.77791667,,3.622083333,,9491.208333
5/14/2001,48.96666667,9832,9.425925926,283.2616755,18.00833333,61.08291667,,2.143333333,,10003.29167
5/15/2001,48.85416667,11304,9.363425926,320.9572977,16.396,82.434,,1.7068,,11334.5
5/16/2001,49.6375,10791,9.798611111,299.9013625,19.05,58.8875,,2.208333333,,10590.91667
5/17/2001,50.08333333,9772,10.0462963,309.6022422,23.02708333,38.75416667,,2.95875,,10933.5
5/18/2001,50.075,10446,10.04166667,314.2780615,25.04625,31.5375,,4.695,,11098.625
5/19/2001,50.2125,10483,10.11805556,312.6651811,27.35238095,27.25714286,,5.046190476,,11041.66667
5/20/2001,50.39166667,10602,10.21759259,316.4726171,28.25708333,26.38333333,,4.951666667,,11176.125
5/21/2001,50.325,11409,10.18055556,315.5063047,30.05416667,22.3725,,5.76625,,11142
5/22/2001,49.58333333,10562,9.768518519,316.5504884,27.2375,38.61375,,1.949583333,,11178.875
5/23/2001,49.20833333,10583,9.560185185,315.3010076,27.74583333,44.14208333,,1.886666667,,11134.75
5/24/2001,49.15833333,11320,9.532407407,297.5369058,26.86666667,40.70083333,,1.778333333,,10507.41667
5/25/2001,49.39166667,9318,9.662037037,304.916984,25.88333333,47.52625,,1.671666667,,10768.04167
5/26/2001,49.60416667,10358,9.780092593,326.1015248,24.05416667,46.13416667,,2.185833333,,11516.16667
5/27/2001,50.125,11274,10.06944444,327.689628,22.31304348,46.05043478,,3.019565217,,11572.25
5/28/2001,50.27083333,11517,10.15046296,328.5190756,20.7,42.5875,,1.993333333,,11601.54167
5/29/2001,50.35416667,11178,10.19675926,325.5517061,23.35833333,26.15458333,,3.58,,11496.75
5/30/2001,50.4125,11429,10.22916667,325.0278444,29.49545455,20.92454545,,7.692727273,,11478.25
5/31/2001,50.82916667,11240,10.46064815,327.8276726,31.79130435,21.8026087,,4.429130435,,11577.125
6/1/2001,50.57083333,10643,10.31712963,326.1675975,27.6,38.81416667,,3.537083333,,11518.5
6/2/2001,50.24166667,10498,10.13425926,326.6796604,22.0375,27.78541667,,3.3875,,11536.58333
6/3/2001,50.25416667,12001,10.1412037,326.4377874,18.9125,29.57041667,,6.088333333,,11528.04167
6/4/2001,50.87916667,10769,10.48842593,326.4531257,20.975,23,,4.20125,,11528.58333
6/5/2001,49.97083333,11636,9.983796296,354.6449062,22.35,30.8075,,3.364583333,,12524.16667
6/6/2001,49.63333333,12822,9.796296296,384.3351198,21.875,39.88333333,,2.550416667,,13572.66667
6/7/2001,49.65,13353,9.805555556,383.498593,25,39.00541667,,2.100416667,,13543.125
6/8/2001,49.825,13111,9.902777778,382.752916,25.68333333,38.89833333,,2.250833333,,13516.79167
6/9/2001,50.65,13516,10.36111111,409.7789864,24.63333333,33.03208333,,2.465416667,,14471.20833
6/10/2001,51.45833333,13559,10.81018519,418.6563178,23.90416667,34.97958333,,2.358333333,,14784.70833
6/11/2001,51.6625,13534,10.92361111,413.0259848,22.63333333,41.07583333,,1.885416667,,14585.875
6/12/2001,51.44166667,13975,10.80092593,409.2409663,22.45416667,37.4075,,3.686666667,,14452.20833
6/13/2001,51.71666667,14234,10.9537037,404.547449,22.225,23.88916667,,5.10125,,14286.45833
6/14/2001,51.775,13994,10.98611111,420.1936866,25.7375,24.76041667,,2.979583333,,14839
6/15/2001,52.47083333,13968,11.37268519,418.3247747,26.61666667,27.70333333,,2.658333333,,14773
6/16/2001,53.1,14278,11.72222222,431.6218939,26.6125,31.88541667,,2.4225,,15242.58333
6/17/2001,53.1,13748,11.72222222,434.4877948,27.66666667,26.32583333,,2.272916667,,15343.79167
6/18/2001,53.1,15593,11.72222222,428.0858277,28.585,19.405,,4.992916667,,15117.70833
6/19/2001,52.85833333,14249,11.58796296,426.0906699,27.645,21.8,,2.895,,15047.25
6/20/2001,52.6,14287,11.44444444,423.5515926,31.175,23.29541667,,3.1075,,14957.58333
6/21/2001,50.88333333,13993,10.49074074,450.7286862,31.9125,27.73083333,,2.293333333,,15917.33333
6/22/2001,50.82916667,15230,10.46064815,444.4517852,31.125,31.34166667,,2.89375,,15695.66667
6/23/2001,50.8875,14653,10.49305556,416.3850707,29.12083333,32.89333333,,4.094166667,,14704.5
6/24/2001,50.86666667,14128,10.48148148,421.0821276,23.2625,36.46916667,,2.979583333,,14870.375
6/25/2001,50.89583333,14056,10.49768519,425.0453063,22.02916667,38.82541667,,2.636666667,,15010.33333
6/26/2001,50.55,14261,10.30555556,422.9616583,18.69310345,73.21931034,,2.376551724,199.1666667,14936.75
6/27/2001,51.53333333,14637,10.85185185,424.5497615,16.29354839,89.49548387,,2.986451613,111.0454545,14992.83333
6/28/2001,53.05833333,13865,11.69907407,429.8320332,18.92692308,77.27615385,,1.701153846,421,15179.375
6/29/2001,53.49583333,13807,11.94212963,424.9084415,23.675,51.28583333,,1.864166667,458.5416667,15005.5
6/30/2001,52.26666667,14201,11.25925926,428.2887651,26.54166667,48.18041667,,1.77875,379.6521739,15124.875
7/1/2001,51.51666667,14388,10.84259259,425.1550341,28.9125,38.85208333,,2.250416667,463.7916667,15014.20833
7/2/2001,51.8,14877,11,417.6994443,30.04583333,39.43458333,,2.229583333,528.3333333,14750.91667
7/3/2001,52.05416667,13711,11.1412037,419.8857409,31.1375,37.67958333,,1.6925,302,14828.125
7/4/2001,51.99583333,13758,11.1087963,427.4746558,31.968,38.9244,,2.14,324.7826087,15096.125
7/5/2001,52.275,14274,11.26388889,433.5887349,30.775,41.075,,2.249583333,418.25,15312.04167
7/6/2001,52.24583333,14922,11.24768519,452.5268059,28.70833333,38.73333333,,3.322916667,448.8333333,15980.83333
7/7/2001,52.475,15051,11.375,452.7061459,26.40416667,37.22833333,,2.27125,388.7083333,15987.16667
7/8/2001,52.49583333,14253,11.38657407,454.1668233,26.73333333,37.02583333,,2.03625,450,16038.75
7/9/2001,52.77083333,15169,11.53935185,441.9469241,29.09166667,38.73666667,,1.756666667,416.75,15607.20833
7/10/2001,52.43333333,14686,11.35185185,440.2007186,27.084,46.82,,2.7984,378.875,15545.54167
7/11/2001,52.6125,14280,11.45138889,451.6383649,26.43076923,44.65692308,,2.751153846,416.7083333,15949.45833
7/12/2001,52.2875,15068,11.27083333,448.5128929,24.79583333,45.00458333,,2.185833333,381.6666667,15839.08333
7/13/2001,52.3625,15458,11.3125,452.3934808,26.64583333,41.47333333,,1.8,443.5833333,15976.125
7/14/2001,52.47916667,15439,11.37731481,453.3302964,27.89583333,38.15416667,,2.615,433.75,16009.20833
7/15/2001,52.59583333,15410,11.44212963,455.1284162,25.85,45.72458333,,3.000833333,396.625,16072.70833
7/16/2001,52.89583333,14981,11.6087963,453.1957914,23.55,47.54125,,4.9725,427.5833333,16004.45833
7/17/2001,52.97083333,14493,11.65046296,454.3237458,22.38333333,53.69208333,,2.849583333,428.6666667,16044.29167
7/18/2001,52.38333333,14657,11.32407407,457.8574523,25.09583333,44.5475,,2.40125,429.9583333,16169.08333
7/19/2001,52.29583333,15456,11.27546296,451.9227132,25.83333333,43.55208333,,2.850416667,374.65,15959.5
7/20/2001,52.60833333,14616,11.44907407,453.4931183,24.12916667,48.07708333,,4.373333333,424.2083333,16014.95833
7/21/2001,52.6625,14950,11.47916667,452.7828374,23.80833333,46.45916667,,3.194166667,430.7083333,15989.875
7/22/2001,52.80833333,14728,11.56018519,451.1475395,25.025,37.03041667,,1.779166667,374.2272727,15932.125
7/23/2001,52.79583333,15190,11.55324074,451.6017889,29.00416667,35.74208333,,2.894166667,431.75,15948.16667
7/24/2001,51.15833333,13734,10.64351852,449.0874889,31.3375,31.49125,,2.036666667,436.7916667,15859.375
7/25/2001,50.36666667,16629,10.2037037,454.7909738,31.20833333,40.85041667,,2.207916667,426.7083333,16060.79167
7/26/2001,51.775,14695,10.98611111,467.2444869,30.20416667,41.01083333,,2.807916667,418.375,16500.58333
7/27/2001,51.87083333,15157,11.03935185,460.7327921,29.125,40.89375,,2.48625,425.75,16270.625
7/28/2001,51.99166667,15466,11.10648148,457.2321219,28.68333333,32.31541667,,2.122083333,426.7083333,16147
7/29/2001,52.05833333,13943,11.14351852,417.9483966,28.02083333,35.7375,,2.957083333,422.25,14759.70833
7/30/2001,52.09583333,14011,11.16435185,411.8555551,25.69583333,40.65,,4.009166667,398.5833333,14544.54167
7/31/2001,52.09166667,13506,11.16203704,412.3982947,25.67083333,41.9975,,2.335833333,418.4583333,14563.70833
8/1/2001,52.26666667,12660,11.25925926,386.9178522,27.6375,40.46125,,2.55,485.3157895,13663.875
8/2/2001,51.85833333,12992,11.03240741,380.9099613,26.46666667,37.78541667,,2.335416667,415.5416667,13451.70833
8/3/2001,51.7,12882,10.94444444,370.5896506,26.06666667,39.13041667,,3.38625,412.5416667,13087.25
8/4/2001,52.00833333,12454,11.11574074,367.7992613,25.11666667,48.34666667,,4.8875,382.4583333,12988.70833
8/5/2001,51.95,12456,11.08333333,367.5042942,25.37083333,48.06333333,,2.14375,406.3333333,12978.29167
8/6/2001,50.9,11960,10.5,369.3885443,27.725,37.30833333,,1.799166667,416.375,13044.83333
8/7/2001,50.925,12999,10.51388889,370.2002939,29.92666667,29.44833333,,2.186666667,404.4583333,13073.5
8/8/2001,50.9125,12221,10.50694444,370.046911,32.27083333,29.72,,2.272083333,400.5416667,13068.08333
8/9/2001,51.12083333,12071,10.62268519,370.4917215,31.57916667,35.0225,,2.507083333,385.5833333,13083.79167
8/10/2001,51.07083333,12442,10.59490741,369.678792,28.2125,38.89958333,,2.143333333,389.5416667,13055.08333
8/11/2001,51.10416667,11909,10.61342593,351.6975944,26.9,42.63916667,,1.821666667,374.9583333,12420.08333
8/12/2001,51.10416667,12080,10.61342593,347.8535825,26.13684211,37.84421053,,1.596842105,413.2,12284.33333
8/13/2001,51.225,11886,10.68055556,349.8794169,25.60833333,37.20833333,,2.14375,377.0869565,12355.875
8/14/2001,51.27083333,11343,10.70601852,352.4184941,25.88333333,32.9925,,1.90875,401.0416667,12445.54167
8/15/2001,51.5125,10832,10.84027778,331.3318824,26.275,30.75083333,,1.950416667,394.875,11700.875
8/16/2001,51.50833333,11508,10.83796296,327.015923,27.40416667,27.0825,,1.9075,372.5652174,11548.45833
8/17/2001,51.62916667,10717,10.90509259,327.3191492,27.90833333,25.99083333,,2.249583333,430.8888889,11559.16667
8/18/2001,51.525,10724,10.84722222,307.9539658,27.6625,25.94375,,2.143333333,376.2083333,10875.29167
8/19/2001,51.82083333,10547,11.01157407,308.4860865,28.93333333,17.82375,,2.8725,350,10894.08333
8/20/2001,51.87083333,9794,11.03935185,307.8359789,25.37083333,38.36875,,2.785833333,175.8823529,10871.125
8/21/2001,51.96666667,9921,11.09259259,284.7424106,23.425,46.046,,2.957,608.3846154,10055.58333
8/22/2001,52.10416667,9455,11.16898148,278.7038431,22.6,49.58708333,,3.087083333,380.0526316,9842.333333
8/23/2001,52.07083333,9311,11.15046296,279.117977,22.87647059,52.77823529,,2.972222222,353.5833333,9856.958333
8/24/2001,51.97083333,9294,11.09490741,287.2307535,24.82916667,48.40375,,2.035416667,354.125,10143.45833
8/25/2001,51.64166667,10170,10.91203704,298.2884821,25.77083333,40.92041667,,1.52125,364.5416667,10533.95833
8/26/2001,51.5125,10516,10.84027778,301.9814709,28.12083333,37.75333333,,2.315833333,355.75,10664.375
8/27/2001,51.82916667,9849,11.0162037,306.048478,29.85,32.62875,,2.7225,361.1666667,10808
8/28/2001,51.82916667,9532,11.0162037,281.102516,33.375,18.11458333,,4.202916667,357.5833333,9927.041667
8/29/2001,51.92916667,9375,11.07175926,277.2455255,31.26666667,29.13583333,,2.85,345.2916667,9790.833333
8/30/2001,51.84166667,9331,11.02314815,283.0233421,26.925,44.37166667,,3.10875,349.6190476,9994.875
8/31/2001,51.97083333,9559,11.09490741,284.0321297,24.96666667,52.73291667,,2.228333333,322.6818182,10030.5
9/1/2001,51.825,9399,11.01388889,282.6670218,26.35,47.77,,1.950416667,325.875,9982.291667
9/2/2001,51.86666667,8775,11.03703704,286.5133934,26.05833333,44.86333333,,2.03625,490.5625,10118.125
9/3/2001,51.86666667,9047,11.03703704,282.8558007,26.40833333,40.00333333,,1.715,317.7391304,9988.958333
9/4/2001,51.8875,9657,11.04861111,278.5587193,26.7125,34.78541667,,2.058333333,332.7083333,9837.208333
9/5/2001,51.90416667,9497,11.05787037,276.2556157,25.04583333,37.77458333,,1.479166667,331.9166667,9755.875
9/6/2001,51.99583333,9299,11.1087963,277.7457898,25.596,18.0156,,6.3788,345.1666667,9808.5
9/7/2001,52.05,8937,11.13888889,261.0459295,29.1375,17.80875,,4.715833333,342.7083333,9218.75
9/8/2001,52.05833333,8956,11.14351852,261.3326376,30.50434783,16.04217391,,5.144782609,428.0769231,9228.875
9/9/2001,52.125,8939,11.18055556,263.7513682,25.58333333,36.72,,2.114444444,266.5454545,9314.291667
9/10/2001,52.18333333,8209,11.21296296,252.1190436,22.92222222,50.77166667,,2.115,378,8903.5
9/11/2001,52.24166667,7688,11.24537037,243.5154417,20.64285714,56.30142857,,2.13,99.07142857,8599.666667
9/12/2001,52.14583333,7691,11.19212963,241.6595084,20.83333333,58.23333333,,2.080416667,225.1304348,8534.125
9/13/2001,52.42916667,8178,11.34953704,241.6288318,22.97916667,55.04666667,,1.56375,296.7083333,8533.041667
9/14/2001,52.77916667,8143,11.54398148,242.2246655,26,46.11208333,,2.465416667,278.4347826,8554.083333
9/15/2001,52.94166667,8462,11.63425926,242.1975285,25.70833333,44.70458333,,1.47875,367.5,8553.125
9/16/2001,53.0125,8137,11.67361111,242.1113981,26.10833333,46.03541667,,2.100416667,281.9166667,8550.083333
9/17/2001,53.3,8403,11.83333333,242.2883784,25.55833333,43.86291667,,1.58625,286.4444444,8556.333333
9/18/2001,53.26666667,7997,11.81481481,248.0178204,25.89090909,44.91681818,,1.448636364,,8758.666667
9/19/2001,53.475,8193,11.93055556,254.6911572,25.7375,45.89125,,1.757083333,408.0588235,8994.333333
9/20/2001,53.55833333,8771,11.97685185,256.201389,25.17083333,46.31125,,1.629583333,314.8181818,9047.666667
9/21/2001,53.64583333,8764,12.02546296,256.9352673,24.90833333,42.68875,,1.0925,297.826087,9073.583333
9/22/2001,53.6,8474,12,256.6756962,24.60833333,38.85708333,,1.350416667,281.2173913,9064.416667
9/23/2001,53.74166667,8385,12.0787037,257.1146073,23.29166667,45.32458333,,1.972083333,248.0869565,9079.916667
9/24/2001,53.725,8395,12.06944444,256.4939964,21.30416667,43.86541667,,1.307083333,192.1666667,9058
9/25/2001,53.85833333,8509,12.14351852,257.7682545,18.93846154,78.26192308,,4.333076923,281.6666667,9103
9/26/2001,53.94166667,7952,12.18981481,246.8344121,18.9125,68.29916667,,1.8,255.3333333,8716.875
9/27/2001,54.25,7591,12.36111111,232.7078453,20.69583333,64.15375,,1.714583333,248.625,8218
9/28/2001,54.3,7292,12.38888889,230.3681658,21.03333333,41.88875,,1.950833333,228.3333333,8135.375
9/29/2001,54.35,7708,12.41666667,230.8200555,22.5125,42.51625,,2.721666667,276.7916667,8151.333333
9/30/2001,54.55,7607,12.52777778,231.8559802,24.6125,39.82125,,1.370833333,275.7083333,8187.916667
10/1/2001,54.66666667,7392,12.59259259,232.3078698,26.87083333,34.38333333,,1.97125,266.2916667,8203.875
10/2/2001,54.825,7411,12.68055556,231.4878612,27.475,36.30041667,,1.8,314.2631579,8174.916667
10/3/2001,54.69166667,7978,12.60648148,229.5033222,26.57826087,36.97782609,,1.185217391,263.8333333,8104.833333
10/4/2001,54.02083333,7863,12.2337963,229.3239821,23.18095238,46.61,,1.2,262.9130435,8098.5
10/5/2001,53.8,6909,12.11111111,207.6061407,19.02916667,62.8325,,1.629166667,175.0869565,7331.541667
10/6/2001,53.9375,6500,12.1875,189.7228722,16.7625,70.62791667,,1.32875,234.4166667,6700
10/7/2001,54.0625,6024,12.25694444,187.5389354,17.80416667,67.6475,,1.114583333,225.875,6622.875
10/8/2001,54.225,5935,12.34722222,187.1696365,19.4,61.27458333,,0.964583333,233.5416667,6609.833333
10/9/2001,54.29583333,5753,12.38657407,186.644595,19.85,28.21708333,,5.572083333,254.875,6591.291667
10/10/2001,54.275,6153,12.375,181.7162838,20.35833333,23.05375,,2.894583333,223.8333333,6417.25
10/11/2001,54.55833333,6362,12.53240741,174.737361,20.27857143,38.01392857,,1.781428571,222.4583333,6170.791667
10/12/2001,54.70416667,5436,12.61342593,168.3212355,21.02916667,25.1725,,5.723333333,229.875,5944.208333
10/13/2001,54.9,5124,12.72222222,168.1265572,23.17083333,33.59125,,4.780416667,237.25,5937.333333
10/14/2001,55.12083333,5258,12.84490741,168.1006001,26.82916667,25.64541667,,4.672916667,232.7083333,5936.416667
10/15/2001,54.95416667,5189,12.75231481,169.0881501,19.70833333,36.55958333,,1.049583333,163.4583333,5971.291667
10/16/2001,55.00833333,5330,12.78240741,166.7236934,19.68333333,46.40958333,,1.093333333,199.2173913,5887.791667
10/17/2001,54.84166667,5307,12.68981481,165.003445,21.54090909,45.45272727,,1.378181818,315,5827.041667
10/18/2001,54.85833333,5501,12.69907407,164.2471492,21.86956522,31.22695652,,3.489130435,218.0833333,5800.333333
10/19/2001,54.84166667,5530,12.68981481,165.3090309,18.30416667,39.6725,,1.243333333,221.3333333,5837.833333
10/20/2001,54.84583333,5753,12.69212963,169.7583155,17.83,49.2825,,0.849,187.75,5994.958333
10/21/2001,54.89166667,5746,12.71759259,175.2718415,17,52.385,,0.899583333,205.25,6189.666667
10/22/2001,54.9625,5937,12.75694444,174.4612717,16.60869565,51.74521739,,0.804782609,150.5,6161.041667
10/23/2001,54.97916667,5893,12.7662037,173.0230119,19.16666667,42.84291667,,3.622083333,218.5833333,6110.25
10/24/2001,54.7625,6057,12.64583333,172.671411,17.41666667,23.81083333,,5.915,218.1666667,6097.833333
10/25/2001,54.61666667,5894,12.56481481,174.503747,20.70833333,19.56833333,,3.645416667,208.0416667,6162.541667
10/26/2001,54.8,5929,12.66666667,175.5113548,16.66666667,43.62666667,,1.179166667,199.7916667,6198.125
10/27/2001,54.62083333,5403,12.56712963,174.332666,13.875,57.21041667,,1.092916667,79.54166667,6156.5
10/28/2001,54.58333333,5902,12.5462963,173.479621,14.69565217,74.32913043,,1.11826087,59.79166667,6126.375
10/29/2001,55.26666667,5631,12.92592593,173.9256114,13.60869565,85.80086957,,0.916086957,34.17391304,6142.125
10/30/2001,55.65,5720,13.13888889,173.4395055,13.85,95.3515,,3.45925,40.36363636,6124.958333
10/31/2001,55.35,5540,12.97222222,173.6790188,14.56756757,82.28864865,,4.004594595,127.4545455,6133.416667
11/1/2001,55.25,6003,12.91666667,166.9584872,13.26086957,77.96173913,,0.693043478,214.5882353,5896.083333
11/2/2001,55.38333333,6027,12.99074074,169.0480345,12.375,75.61458333,,0.985,141.8235294,5969.875
11/3/2001,55.2,5870,12.88888889,162.2083362,14.04166667,68.07625,,1.157083333,191.75,5728.333333
11/4/2001,55.22083333,5318,12.90046296,161.6478986,14.5,65.29409091,,0.467272727,235.2631579,5708.541667
11/5/2001,55.47083333,5114,13.03935185,161.842577,13.95833333,68.73208333,,0.385416667,158.7272727,5715.416667
11/6/2001,55.65416667,5144,13.1412037,156.9992163,12.66666667,70.86791667,,0.771666667,164.2608696,5544.375
11/7/2001,55.7125,4967,13.17361111,152.5286942,15.45833333,35.12791667,,4.372916667,142.6363636,5386.5
11/8/2001,55.50416667,5165,13.05787037,152.5003773,12.875,53.51875,,1.114166667,175.4583333,5385.5
11/9/2001,55.53333333,5484,13.07407407,152.6301629,13.25,59.67875,,0.942916667,159.75,5390.083333
11/10/2001,55.4625,5241,13.03472222,151.5718207,12.68,68.8648,,0.6584,141.2608696,5352.708333
11/11/2001,55.57083333,5050,13.09490741,151.2107809,13.69767442,91.56116279,,2.308837209,22.875,5339.958333
11/12/2001,55.6125,5334,13.11805556,148.8958787,14.45652174,80.53695652,,4.685869565,16.29166667,5258.208333
11/13/2001,55.675,4613,13.15277778,144.0513382,11.91190476,48.88,,5.502790698,31.66666667,5087.125
11/14/2001,55.7125,4565,13.17361111,135.1987841,11.67608696,97.07782609,,2.046086957,41.08333333,4774.5
11/15/2001,55.69583333,4564,13.16435185,133.8490144,12.31111111,94.388,,0.937111111,47.5,4726.833333
11/16/2001,55.71666667,4214,13.17592593,130.736521,13.45454545,93.16818182,,1.715151515,19.70833333,4616.916667
11/17/2001,55.625,4199,13.125,128.9301421,12.67741935,85.18741935,,1.460645161,154.0416667,4553.125
11/18/2001,55.4125,4124,13.00694444,126.5975419,10.95833333,77.97916667,,1.543333333,79.95833333,4470.75
11/19/2001,55.40416667,4424,13.00231481,128.9289623,12.66666667,82.74,,1.919666667,25.66666667,4553.083333
11/20/2001,55.45,4548,13.02777778,126.9585817,12.7326087,92.8176087,,1.76673913,17.81818182,4483.5
11/21/2001,55.46666667,4476,13.03703704,122.9010136,13.42857143,89.68595238,,6.087619048,13.54166667,4340.208333
11/22/2001,55.32083333,3751,12.95601852,121.3199896,12.97,77.302,,6.052333333,118.2083333,4284.375
11/23/2001,55.025,3705,12.79166667,121.3931415,7.615384615,73.34384615,,1.463846154,50.65217391,4286.958333
11/24/2001,54.59583333,4470,12.55324074,120.6179678,7.007692308,81.30461538,,3.046923077,47.91666667,4259.583333
11/25/2001,54.50833333,3520,12.50462963,121.4403362,6.714814815,77.4962963,,2.82,85.91666667,4288.625
11/26/2001,54.525,3724,12.51388889,119.6315976,6.382142857,81.19285714,,1.469642857,150.9583333,4224.75
11/27/2001,54.37083333,4091,12.42824074,119.2092047,7.825,48.60791667,,3.965416667,95,4209.833333
11/28/2001,54.34166667,4011,12.41203704,118.1426035,5.938888889,80.08,,2.915277778,17.25,4172.166667
11/29/2001,53.94166667,3917,12.18981481,119.7755416,6.268292683,90.88536585,,5.019268293,44.75,4229.833333
11/30/2001,53.8125,3672,12.11805556,115.3415954,5.079166667,90.82666667,,0.942916667,54.04347826,4073.25
12/1/2001,53.21666667,4264,11.78703704,132.4390714,8.295454545,92.14727273,,9.797727273,7.541666667,4677.041667
12/2/2001,53.15416667,3946,11.75231481,127.9425921,9.454545455,87.86363636,,9.539393939,84.21052632,4518.25
12/3/2001,53.27083333,3004,11.81712963,121.2739747,8.315384615,79.26653846,,6.271538462,102.8333333,4282.75
12/4/2001,53.36666667,4151,11.87037037,116.9391375,4.620833333,76.57333333,,1.8,136.0833333,4129.666667
12/5/2001,53.3875,3483,11.88194444,117.9078096,7.433333333,86.55066667,,6.242333333,7.958333333,4163.875
12/6/2001,53.32916667,4111,11.84953704,115.5681302,8.536842105,98.44684211,,2.545614035,24.70833333,4081.25
12/7/2001,53.10416667,4125,11.72453704,114.5062484,9.709677419,77.25483871,,2.389032258,32.05555556,4043.75
12/8/2001,52.98333333,3625,11.65740741,115.0607867,9.166666667,61.5525,,1.73625,,4063.333333
12/9/2001,52.71666667,3634,11.50925926,113.9658686,8.976923077,73.46346154,,3.878846154,,4024.666667
12/10/2001,52.30833333,3663,11.28240741,113.7782695,9.025,42.36041667,,4.286666667,,4018.041667
12/11/2001,51.8875,3619,11.04861111,117.6057632,7,59.52571429,,1.763333333,116.7916667,4153.208333
12/12/2001,51.49166667,3768,10.8287037,116.9367777,4.782608696,73.82434783,,1.028695652,73.20833333,4129.583333
12/13/2001,51.25,3986,10.69444444,116.6394508,5.84,86.1332,,0.9048,19.79166667,4119.083333
12/14/2001,50.9875,4190,10.54861111,119.655195,7.066666667,85.48555556,,4.904,137.2272727,4225.583333
12/15/2001,50.8875,3595,10.49305556,118.3207636,4.5,67.33041667,,1.649583333,118.625,4178.458333
12/16/2001,50.79166667,3777,10.43981481,116.9709939,6.820833333,76.53625,,0.727916667,24.375,4130.791667
12/17/2001,50.7625,3757,10.42361111,117.401646,6.503174603,94.55968254,,1.992380952,1.176470588,4146
12/18/2001,50.75833333,3896,10.4212963,116.7704163,7.733333333,94.57644444,,2.457555556,29.28571429,4123.708333
12/19/2001,50.5125,3677,10.28472222,118.6818034,7.068181818,96.47454545,,2.058181818,14.79166667,4191.208333
12/20/2001,50.11666667,4407,10.06481481,124.3817487,7.432432432,92.55621622,,3.128108108,22.54166667,4392.5
12/21/2001,49.85833333,3858,9.921296296,123.9098012,5.461538462,95.16788462,,0.860576923,57.43478261,4375.833333
12/22/2001,49.47083333,3958,9.706018519,122.6827379,7.614035088,92.86263158,,3.447192982,23.125,4332.5
12/23/2001,49.52916667,3194,9.738425926,126.0854789,8.583333333,84.20861111,,3.744166667,128.2916667,4452.666667
12/24/2001,49.2,3293,9.555555556,113.2272708,6.625,70.9725,,2.122916667,99.70833333,3998.583333
12/25/2001,49.1375,3450,9.520833333,108.3284564,6.708333333,79.52833333,,1.0075,30.95833333,3825.583333
12/26/2001,49.01666667,3684,9.453703704,107.7975155,8.787878788,85.57333333,,1.386666667,36.375,3806.833333
12/27/2001,48.96666667,3511,9.425925926,107.5025483,9.0625,92.35875,,1.67125,18.08333333,3796.416667
12/28/2001,48.925,3510,9.402777778,107.1249904,9.006666667,95.21533333,,1.697,21.75,3783.083333
12/29/2001,48.8875,4585,9.381944444,109.3313447,9.472222222,97.5175,,0.728611111,56.82352941,3861
12/30/2001,49.0375,3382,9.465277778,110.6976325,10.46428571,94.47892857,,0.587142857,0.230769231,3909.25
12/31/2001,49.47916667,3428,9.710648148,115.084384,11.36842105,96.00526316,,0.568421053,103.5,4064.166667
1/1/2002,49.60833333,3894,9.782407407,114.6690703,11.44736842,96.29394737,,0.987368421,0,4049.5
1/2/2002,49.775,6323,9.875,247.221409,12.1372549,95.66196078,,5.850588235,,8730.541667
1/3/2002,50.625,14516,10.34722222,437.0964843,8.5625,91.29104167,,1.317916667,423.1428571,15435.91667
1/4/2002,50.30416667,14104,10.16898148,383.1682298,7.75,75.15208333,,1.52125,111.375,13531.45833
1/5/2002,50.25416667,10899,10.1412037,335.9168518,7.794117647,91.84205882,,1.498235294,24.5,11862.79167
1/6/2002,50.0875,11574,10.04861111,326.9569296,8.358823529,98.33039216,,1.451764706,17.41666667,11546.375
1/7/2002,50.41666667,11211,10.23148148,327.9385803,9.15,95.68875,,0.30825,64.125,11581.04167
1/8/2002,50.29583333,10282,10.16435185,325.6838513,9.9,95.51222222,,1.042222222,28.875,11501.41667
1/9/2002,50.5375,10192,10.29861111,287.8560839,9.861290323,79.71967742,,2.373225806,169.25,10165.54167
1/10/2002,50.5625,9574,10.3125,283.2534165,10.70833333,62.69041667,,1.693333333,113.9583333,10003
1/11/2002,50.45416667,8411,10.25231481,257.3836174,6.620689655,86.68103448,,0.428333333,78.75,9089.416667
1/12/2002,50.25,8104,10.13888889,242.1939889,7.044444444,88.62083333,,0.642222222,131.4166667,8553
1/13/2002,50.04166667,7746,10.02314815,228.5370098,11.56,45.8352,,4.548,146.5,8070.708333
1/14/2002,50.09166667,7293,10.05092593,212.8589157,5.277777778,83.71638889,,1.2,112.1904762,7517.041667
1/15/2002,49.90416667,6401,9.946759259,197.8745844,7.65,40.15583333,,5.46625,162.3181818,6987.875
1/16/2002,49.51666667,6399,9.731481481,182.5693288,9.666666667,31.645,,5.745,148.75,6447.375
1/17/2002,49.5375,5972,9.743055556,172.447236,6.8,57.49304348,,2.57173913,140.5,6089.916667
1/18/2002,49.29583333,5780,9.608796296,164.5609942,7.795833333,43.75583333,,3.709166667,130.6666667,5811.416667
1/19/2002,49.2875,5342,9.604166667,164.7403343,5.666666667,59.31833333,,2.4,126.7083333,5817.75
1/20/2002,49.31666667,4882,9.62037037,158.2734744,5.625,58.39291667,,1.329166667,115.5,5589.375
1/21/2002,49.30833333,5336,9.615740741,150.3223399,6.55,79.9925,,4.2305,59.625,5308.583333
1/22/2002,48.9875,5142,9.4375,148.5619759,4.1,63.953,,0.412,136.9583333,5246.416667
1/23/2002,48.525,4772,9.180555556,139.1489842,3.375,66.97958333,,2.035833333,145.4166667,4914
1/24/2002,48.4,4068,9.111111111,132.2797891,4.791666667,66.0575,,1.456666667,135.1363636,4671.416667
1/25/2002,48.42916667,4021,9.127314815,126.7639034,3.4,80.19208333,,0.257083333,53.39130435,4476.625
1/26/2002,48.525,4142,9.180555556,121.1854846,5.583333333,90.46395833,,1.275,71.9047619,4279.625
1/27/2002,48.25833333,3998,9.032407407,121.0037848,2.958333333,69.10416667,,1.3925,155.5833333,4273.208333
1/28/2002,48.10416667,4319,8.946759259,120.9176544,0.842105263,81.41921053,,1.745789474,109.5454545,4270.166667
1/29/2002,47.8875,4023,8.826388889,121.3294286,1.2,81.99311111,,1.519777778,167.7083333,4284.708333
1/30/2002,47.7625,4043,8.756944444,122.0833646,4.341666667,43.44,,3.151666667,159.375,4311.333333
1/31/2002,47.66666667,3982,8.703703704,121.2338592,2.090909091,66.09636364,,1.004545455,164.5263158,4281.333333
2/1/2002,47.78333333,3618,8.768518519,121.1736859,5.291666667,71.33125,,1.650416667,123.8181818,4279.208333
2/2/2002,47.82916667,3933,8.793981481,120.697019,4.04,75.0676,,1.3996,175.173913,4262.375
2/3/2002,47.94166667,4143,8.856481481,120.8327039,5.695652174,73.51043478,,0.96173913,170.5,4267.166667
2/4/2002,47.96666667,4171,8.87037037,121.0615984,6.280769231,67.61961538,,0.929615385,180.5,4275.25
2/5/2002,47.85833333,3712,8.810185185,120.7359547,5.833333333,70.93083333,,0.771666667,154.3478261,4263.75
2/6/2002,47.8875,3995,8.826388889,120.9672089,5.458333333,77.79958333,,0.685416667,119.5416667,4271.916667
2/7/2002,47.84583333,4209,8.803240741,122.7924656,9.375609756,86.62341463,,4.328780488,26.29166667,4336.375
2/8/2002,47.775,4131,8.763888889,121.8049156,8.111111111,70.90074074,,3.906296296,188.875,4301.5
2/9/2002,47.575,3332,8.652777778,121.5241069,11.73913043,33.92,,4.764347826,174.0833333,4291.583333
2/10/2002,47.3,4272,8.5,121.31645,11,43.75458333,,1.736666667,189.4583333,4284.25
2/11/2002,47.675,3940,8.708333333,121.7907572,9.208333333,61.62583333,,0.964166667,142.75,4301
2/12/2002,47.85833333,4202,8.810185185,121.6928281,16.77916667,29.21666667,,4.009166667,201.0833333,4297.541667
2/13/2002,47.9,3894,8.833333333,121.5217471,13.25,52.34125,,1.520833333,145,4291.5
2/14/2002,47.9,4173,8.833333333,119.5277692,10.36363636,66.91954545,,2.524545455,203.2083333,4221.083333
2/15/2002,47.91666667,3978,8.842592593,121.8320526,12.56923077,47.75807692,,2.037692308,105.1666667,4302.458333
2/16/2002,47.93333333,3936,8.851851852,121.8143546,10.40454545,81.14181818,,1.308181818,43.125,4301.833333
2/17/2002,47.8375,3837,8.798611111,121.4049402,8.9,81.95466667,,1.851666667,248.4666667,4287.375
2/18/2002,47.8625,4123,8.8125,120.8303441,9.066666667,80.87766667,,1.852333333,11.8125,4267.083333
2/19/2002,47.75416667,4027,8.752314815,123.0343387,8.659090909,92.39318182,,3.857272727,17,4344.916667
2/20/2002,47.34166667,4226,8.523148148,124.4525408,9.095918367,97.79204082,,1.521836735,25.375,4395
2/21/2002,47.1625,3579,8.423611111,125.6937625,12.485,87.67,,0.7455,210.1428571,4438.833333
2/22/2002,47.57083333,3885,8.650462963,122.4396849,10.375,85.8528125,,0.8834375,190.4583333,4323.916667
2/23/2002,48.4,3953,9.111111111,121.5583231,12.51851852,74.59592593,,5.811851852,81.91666667,4292.791667
2/24/2002,48.4,3999,9.111111111,117.8122402,12.0875,69.39208333,,2.465,228.7916667,4160.5
2/25/2002,48.4,4091,9.111111111,115.1103411,15.29166667,33.99708333,,4.415833333,243.5652174,4065.083333
2/26/2002,48.4,3876,9.111111111,115.3793512,16.66666667,30.7575,,3.237083333,230.7083333,4074.583333
2/27/2002,48.43333333,6161,9.12962963,186.4746939,17.54166667,30.62291667,,4.586666667,240.375,6585.291667
2/28/2002,48.43333333,6364,9.12962963,188.8674674,16.95652174,24.43478261,,4.719130435,249.9583333,6669.791667
3/1/2002,48.2875,6256,9.048611111,184.3344122,11.625,20.29875,,8.874166667,248.5416667,6509.708333
3/2/2002,48.47083333,6355,9.150462963,186.2646773,13.5,22.24625,,6.086666667,255.4583333,6577.875
3/3/2002,48.55416667,5870,9.196759259,186.5561048,10.25416667,45.665,,0.9,254,6588.166667
3/4/2002,48.51666667,6382,9.175925926,186.8050571,8.557142857,58.8452381,,1.101428571,222.75,6596.958333
3/5/2002,48.575,6353,9.208333333,186.6587534,8.495652174,69.11217391,,0.872173913,108.4090909,6591.791667
3/6/2002,48.5,6115,9.166666667,186.6764514,11.08301887,89.80471698,,3.533207547,354,6592.416667
3/7/2002,48.4875,6205,9.159722222,187.1259814,9.921052632,82.37657895,,5.375526316,187.5416667,6608.291667
3/8/2002,48.0625,6236,8.923611111,190.693904,5.75,48.64541667,,3.085416667,250.25,6734.291667
3/9/2002,47.95416667,6113,8.863425926,184.6399982,5.491666667,63.1,,1.114166667,80.45833333,6520.5
3/10/2002,48.4,6151,9.111111111,182.9138504,8.497142857,90.10914286,,4.570571429,65.5,6459.541667
3/11/2002,48.4,5690,9.111111111,175.6246222,11.52173913,83.20173913,,1.856086957,199.7916667,6202.125
3/12/2002,48.33333333,5291,9.074074074,174.2512551,13.30434783,70.39217391,,2.997391304,188.25,6153.625
3/13/2002,48.06666667,5358,8.925925926,172.9168237,8.361904762,53.57142857,,3.135238095,236.5217391,6106.5
3/14/2002,47.84166667,5474,8.800925926,172.2938531,7.130434783,57.49043478,,3.22,276.3333333,6084.5
3/15/2002,47.77916667,6017,8.766203704,168.4498412,6.52173913,56.44173913,,1.363913043,120.4,5948.75
3/16/2002,47.96666667,5909,8.87037037,157.0676487,7,56.59238095,,2.523333333,232.25,5546.791667
3/17/2002,47.87916667,4740,8.821759259,156.7172277,6.933333333,66.724,,4.251333333,445.0833333,5534.416667
3/18/2002,47.64166667,5231,8.689814815,158.3773029,7.608695652,38.90086957,,3.243913043,297.75,5593.041667
3/19/2002,47.8125,5754,8.784722222,158.7407024,9.492307692,51.22576923,,0.692307692,278.9166667,5605.875
3/20/2002,48.36666667,5508,9.092592593,153.6932245,11.70833333,60.25791667,,1.392916667,273.6666667,5427.625
3/21/2002,48.55416667,4969,9.196759259,147.1933283,13.24166667,60.82791667,,1.435416667,231.7916667,5198.083333
3/22/2002,48.75,4887,9.305555556,138.5696687,11.82068966,75.81827586,,3.015172414,71.625,4893.541667
3/23/2002,48.4625,4603,9.145833333,135.6365153,10.69565217,86.31043478,,5.434565217,134.0833333,4789.958333
3/24/2002,48.17916667,4239,8.988425926,129.9837648,8.725490196,88.72960784,,1.644313725,267.2083333,4590.333333
3/25/2002,48.39583333,4208,9.108796296,123.8118721,10.89166667,74.26833333,,1.629166667,299.0909091,4372.375
3/26/2002,48.78333333,4091,9.324074074,115.0206711,11.375,65.11291667,,1.520833333,241,4061.916667
3/27/2002,49.24166667,4006,9.578703704,115.3887901,14.2875,51.01708333,,2.765416667,700.5,4074.916667
3/28/2002,49.47916667,3734,9.710648148,116.5084854,20.04583333,29.11416667,,5.530416667,295.9166667,4114.458333
3/29/2002,49.57916667,3890,9.766203704,116.5556802,21.95416667,26.78666667,,5.658333333,322.7916667,4116.125
3/30/2002,50.05416667,4106,10.03009259,116.4152758,21.70833333,21.31166667,,4.244583333,334.6666667,4111.166667
3/31/2002,50.03333333,3994,10.01851852,116.1132295,26.25,16.6425,,2.5725,333.9166667,4100.5
4/1/2002,49.7625,4224,9.868055556,115.910292,27.88888889,16.93,,6.001111111,332.3333333,4093.333333
4/2/2002,49.68333333,3993,9.824074074,116.6524294,25.62916667,23.3525,,4.972916667,331.2083333,4119.541667
4/3/2002,49.31666667,4010,9.62037037,116.9568355,18.875,58.12208333,,1.393333333,298.4347826,4130.291667
4/4/2002,49.08333333,3969,9.490740741,116.5320828,16.03214286,76.73428571,,2.425714286,176.2916667,4115.291667
4/5/2002,48.93333333,4003,9.407407407,116.3291454,14.125,77.06583333,,3.344166667,95.91666667,4108.125
4/6/2002,49.0875,3987,9.493055556,116.6028749,15.72083333,68.23333333,,1.9075,408.3888889,4117.791667
4/7/2002,49.15652174,4146,9.531400966,116.5816886,16.83333333,54.71541667,,2.144166667,335.7916667,4117.043478
4/8/2002,49.21666667,4119,9.564814815,117.1621326,17.125,59.4625,,1.885833333,255.5833333,4137.541667
4/9/2002,49.1,3996,9.5,118.0635523,15.11111111,72.31259259,,4.134814815,74.375,4169.375
4/10/2002,49.175,4240,9.541666667,118.6475872,13.88157895,84.435,,1.285263158,312.3333333,4190
4/11/2002,49.33333333,4036,9.62962963,118.0305159,17.26666667,67.72416667,,1.693333333,261.0869565,4168.208333
4/12/2002,50.1,4182,10.05555556,118.3950953,17.80416667,57.87833333,,2.829166667,328.875,4181.083333
4/13/2002,50.10416667,4229,10.05787037,132.6691458,20,58.28291667,,1.243333333,73.5,4685.166667
4/14/2002,50.52916667,4773,10.29398148,144.4560332,23.125,48.98041667,,2.63625,900.75,5101.416667
4/15/2002,50.1125,5606,10.0625,159.0167916,13.7125,32.76541667,,4.159166667,283.8571429,5615.625
4/16/2002,49.275,5298,9.597222222,159.4380047,10.26315789,64.46631579,,3.059473684,104.35,5630.5
4/17/2002,49.73333333,5592,9.851851852,159.2928809,6.952173913,86.53782609,,2.001521739,266.25,5625.375
4/18/2002,50.0375,5511,10.02083333,159.3424354,8.708333333,69.415,,3.19375,381.625,5627.125
4/19/2002,50.4625,6347,10.25694444,171.370016,14.55,38.1475,,3.88,376.125,6051.875
4/20/2002,51.10833333,5785,10.61574074,171.9811879,15.25,43.52958333,,2.379166667,367.625,6073.458333
4/21/2002,50.57916667,5879,10.32175926,172.0331021,15.425,53.92,,1.285833333,382.3913043,6075.291667
4/22/2002,49.87916667,6579,9.93287037,188.5229458,17.30434783,50.9726087,,1.655217391,367.3333333,6657.625
4/23/2002,50.20833333,6817,10.11574074,210.7941456,19.8,46.43043478,,2.974782609,374,7444.125
4/24/2002,50.21666667,6804,10.12037037,211.1079907,22.32916667,22.12958333,,4.544583333,373,7455.208333
4/25/2002,50.4875,7862,10.27083333,223.8493918,18.75,56.51,,1.778333333,364.2916667,7905.166667
4/26/2002,50.0875,7365,10.04861111,225.7914555,17.54583333,57.71875,,4.159166667,276.75,7973.75
4/27/2002,49.94583333,7825,9.969907407,238.5599936,12.49230769,58.87769231,,4.570769231,279.1428571,8424.666667
4/28/2002,50.49583333,8454,10.27546296,235.7165102,10.01,77.3425,,1.877,233.7826087,8324.25
4/29/2002,51.17083333,8106,10.65046296,239.8779068,12.436,71.0804,,3.0452,218.3043478,8471.208333
4/30/2002,51,8661,10.55555556,240.7592687,10.83333333,80.69533333,,2.057333333,126.5714286,8502.333333
5/1/2002,49.78333333,6645,9.87962963,238.6355052,12.52307692,74.78923077,,1.65,324.8181818,8427.333333
5/2/2002,49.91666667,8326,9.953703704,232.2748335,16.125,68.25125,,1.8425,386.7826087,8202.708333
5/3/2002,50.23333333,7605,10.12962963,228.9098482,17.95714286,61.15904762,,2.93952381,436.7619048,8083.875
5/4/2002,50.45833333,8014,10.25462963,246.8001959,18.58333333,53.04291667,,2.035416667,401.8333333,8715.666667
5/5/2002,50.37083333,8305,10.20601852,247.0904436,21.04166667,36.77041667,,2.165833333,374.3043478,8725.916667
5/6/2002,50.38333333,8070,10.21296296,246.7506415,19.6625,39.24458333,,1.928333333,402.75,8713.916667
5/7/2002,50.21666667,8164,10.12037037,247.1388182,18.28,24.1268,,6.1116,425.25,8727.625
5/8/2002,50.04583333,8747,10.02546296,248.613654,18.125,19.54541667,,4.7375,436.173913,8779.708333
5/9/2002,50.44166667,7660,10.24537037,240.0230307,16.02916667,40.52166667,,1.542916667,418.9583333,8476.333333
5/10/2002,50.00833333,7846,10.00462963,239.5074281,17.11666667,30.65708333,,5.7875,547.625,8458.125
5/11/2002,49.60833333,8280,9.782407407,254.3312973,18.58333333,30.25375,,4.4375,426.875,8981.625
5/12/2002,49.7375,7994,9.854166667,257.1500034,19.07083333,41.92125,,1.585833333,423.9583333,9081.166667
5/13/2002,49.74166667,9473,9.856481481,254.9660666,21.25,41.61666667,,1.908333333,422.9166667,9004.041667
5/14/2002,50.21666667,9914,10.12037037,297.364645,21.875,30.96833333,,4.48125,395.125,10501.33333
5/15/2002,50.82083333,10085,10.45601852,330.0210483,22.75,28.92125,,4.1375,427.2083333,11654.58333
5/16/2002,50.28333333,10658,10.15740741,308.9084795,23.6,22.87125,,3.773333333,424.0833333,10909
5/17/2002,51.80833333,11086,11.00462963,309.4972339,22.625,38.32,,1.865,421.625,10929.79167
5/18/2002,52.4375,10298,11.35416667,308.8683639,21.83333333,41.46291667,,4.137083333,372.173913,10907.58333
5/19/2002,51.82083333,10070,11.01157407,309.6057818,15.5,56.52318182,,6.36,75.15789474,10933.625
5/20/2002,51.475,10443,10.81944444,310.4777047,11.76923077,77.19102564,,5.896666667,303.8571429,10964.41667
5/21/2002,51.80416667,9474,11.00231481,287.5823544,10.97142857,80.67542857,,1.851714286,186.2916667,10155.875
5/22/2002,52.17083333,10114,11.20601852,284.2799021,14.45,62.95416667,,1.971666667,346.4347826,10039.25
5/23/2002,52.23333333,9413,11.24074074,284.0144317,18.08333333,42.105,,3.987083333,440.5833333,10029.875
5/24/2002,51.21666667,9992,10.67592593,284.2952404,24.53333333,31.07833333,,2.515,434.4583333,10039.79167
5/25/2002,50.45416667,9141,10.25231481,295.0886785,23.16666667,42.21166667,,2.271666667,397.25,10420.95833
5/26/2002,50.14583333,10764,10.08101852,314.9092912,22.55416667,51.40083333,,1.97125,396.9130435,11120.91667
5/27/2002,50.01666667,10731,10.00925926,315.2644317,24.33333333,48.41222222,,4.001111111,204.4444444,11133.45833
5/28/2002,49.9375,10500,9.965277778,305.4479248,20.97916667,66.6125,,1.907916667,360.9583333,10786.79167
5/29/2002,50.02083333,10760,10.01157407,301.6216109,25.75,53.91916667,,2.185833333,353.1666667,10651.66667
5/30/2002,49.75416667,10407,9.863425926,302.1053571,28.13043478,42.15391304,,2.169565217,429.9166667,10668.75
5/31/2002,49.525,10348,9.736111111,302.1053571,28.2173913,33.48173913,,2.751304348,350.0454545,10668.75
6/1/2002,49.45,10321,9.694444444,302.034565,25.52352941,45.38764706,,3.601176471,225.6428571,10666.25
6/2/2002,49.46666667,10979,9.703703704,302.2115453,25.52352941,45.38764706,,,576.75,10672.5
6/3/2002,49.39583333,10598,9.664351852,302.3413308,32.6,16.646,,2.532307692,427.125,10677.08333
6/4/2002,49.575,10680,9.763888889,308.0400962,27.79166667,26.8175,,4.37375,445.4,10878.33333
6/5/2002,49.6,10385,9.777777778,302.9312651,30,32.44583333,,3.494583333,470.4545455,10697.91667
6/6/2002,49.8375,10685,9.909722222,301.8929807,29.1875,26.87916667,,4.5225,478.4090909,10661.25
6/7/2002,49.8875,10707,9.9375,316.464358,27,21.34666667,,4.77875,439.4166667,11175.83333
6/8/2002,50.03333333,11243,10.01851852,317.6796227,21.01666667,21.26333333,,7.266666667,452.1666667,11218.75
6/9/2002,50.20416667,11073,10.11342593,318.0217846,16.57894737,32.29473684,,5.685789474,292.65,11230.83333
6/10/2002,50.65416667,10985,10.36342593,318.3757452,22.82083333,29.57875,,5.616666667,452.25,11243.33333
6/11/2002,50.55,11572,10.30555556,333.4780634,25.79166667,27.03708333,,3.280416667,442.3333333,11776.66667
6/12/2002,50.825,11801,10.45833333,338.0913496,25.70833333,32.6,,1.972083333,452.75,11939.58333
6/13/2002,51.57916667,12345,10.87731481,358.6564595,29.75,25.0725,,2.2825,484.0952381,12665.83333
6/14/2002,52.39166667,13096,11.3287037,384.2714069,24.8375,44.97291667,,3.086666667,440.4166667,13570.41667
6/15/2002,51.34166667,13327,10.74537037,387.5632404,22.47058824,49.95470588,,1.633529412,441.2083333,13686.66667
6/16/2002,51.25,13667,10.69444444,387.4098574,22.47058824,49.95470588,,,439.5833333,13681.25
6/17/2002,51.3,13622,10.72222222,386.4187678,28.22222222,30.93333333,,2.343333333,413.5714286,13646.25
6/18/2002,51.24583333,13829,10.69212963,402.1770929,25.04166667,44.80666667,,2.314583333,408.6086957,14202.75
6/19/2002,51.49583333,14191,10.83101852,396.6246313,27.20833333,26.25875,,4.800416667,460.75,14006.66667
6/20/2002,51.5,13937,10.83333333,400.9783464,27.95833333,24.06958333,,2.82875,447.9166667,14160.41667
6/21/2002,51.41666667,13915,10.78703704,403.9162193,26.92857143,37.96571429,,4.115714286,354.9090909,14264.16667
6/22/2002,51.67083333,14040,10.92824074,420.8237364,23.25416667,50.26708333,,2.721666667,427.0416667,14861.25
6/23/2002,51.75833333,14683,10.97685185,416.2340475,25.575,43.60333333,,1.7575,430.875,14699.16667
6/24/2002,50.9,15097,10.5,414.5114394,29.72727273,32.03090909,,2.197272727,947.7,14638.33333
6/25/2002,50.9,14452,10.5,417.2605332,28.625,35.41333333,,2.015416667,441.7916667,14735.41667
6/26/2002,51.10416667,14471,10.61342593,416.2222488,29.54166667,37.72958333,,2.743333333,427.5416667,14698.75
6/27/2002,51.6625,14463,10.92361111,415.6677106,27.68181818,40.9,,2.806363636,334.3,14679.16667
6/28/2002,51.95416667,14764,11.08564815,414.3344591,28.05,43.45416667,,3.25875,388.2083333,14632.08333
6/29/2002,51.66666667,13973,10.92592593,398.665804,27,43.65208333,,2.186666667,416.9583333,14078.75
6/30/2002,51.42083333,13756,10.78935185,409.9099518,28.34782609,34.25043478,,2.035652174,418.2608696,14475.83333
7/1/2002,51.22916667,14156,10.68287037,403.7156416,30.91666667,25.0525,,3.1725,452.25,14257.08333
7/2/2002,51.2375,14212,10.6875,397.5803248,29.56521739,31.02695652,,2.593913043,433.2916667,14040.41667
7/3/2002,51.29166667,14202,10.71759259,391.6573844,26.87727273,34.56318182,,2.875909091,438.7916667,13831.25
7/4/2002,51.44583333,14647,10.80324074,402.8543375,27.75,31.17458333,,3.044583333,459.1818182,14226.66667
7/5/2002,51.375,14427,10.76388889,403.6212521,28.16666667,33.66333333,,2.593333333,435.7083333,14253.75
7/6/2002,51.43333333,14611,10.7962963,402.5003769,28.66666667,39.55916667,,2.33625,449.0434783,14214.16667
7/7/2002,51.58333333,14092,10.87962963,399.8692699,28.58333333,38.18541667,,3.8575,499.55,14121.25
7/8/2002,51.73333333,14424,10.96296296,404.753926,26.82916667,28.19875,,3.236666667,524.9,14293.75
7/9/2002,51.7375,14446,10.96527778,406.4293394,36.9,16.03,,3.40875,465.3478261,14352.91667
7/10/2002,51.64166667,14109,10.91203704,408.7536806,33.5,28.13125,,2.099583333,450.9166667,14435
7/11/2002,51.8125,15194,11.00694444,408.5177068,33.65217391,29.99782609,,1.834347826,464.8095238,14426.66667
7/12/2002,52.025,14720,11.125,420.6939509,32.45454545,34.7,,2.946363636,265.75,14856.66667
7/13/2002,51.94166667,14699,11.0787037,424.634712,33.6875,22.83933333,,2.078333333,405.0416667,14995.83333
7/14/2002,52.09583333,14683,11.16435185,424.0211803,31.7375,37.1825,,2.93625,421.2916667,14974.16667
7/15/2002,52.225,14983,11.23611111,428.3277008,28.72608696,42.88869565,,2.773478261,499.1904762,15126.25
7/16/2002,52.1875,15201,11.21527778,423.7734079,26.2,33.7775,,2.1425,438.375,14965.41667
7/17/2002,52.32916667,14892,11.29398148,424.9886726,26.45416667,33.71375,,1.95,434.9166667,15008.33333
7/18/2002,52.43333333,15046,11.35185185,424.6937054,26.28571429,36.12333333,,1.837142857,329.5833333,14997.91667
7/19/2002,52.45833333,15132,11.36574074,423.1362789,28.35,40.5905,,2.392,401.8333333,14942.91667
7/20/2002,52.8,14724,11.55555556,426.3573202,30.625,36.58333333,,2.593333333,397,15056.66667
7/21/2002,52.8,15011,11.55555556,424.1627646,30.45833333,45.72541667,,2.915416667,396.9166667,14979.16667
7/22/2002,52.79166667,14692,11.55092593,425.8263793,26.66666667,47.03541667,,3.365833333,336.625,15037.91667
7/23/2002,52.5125,15131,11.39583333,427.265819,26.45833333,48.21291667,,2.443333333,445.55,15088.75
7/24/2002,52.05,14983,11.13888889,424.8470884,26.03333333,43.91708333,,2.035833333,413.6666667,15003.33333
7/25/2002,52.11666667,14710,11.17592593,428.2687073,26.875,37.82916667,,1.7575,426.7916667,15124.16667
7/26/2002,52.25416667,14674,11.25231481,414.1456801,30.365,30.5865,,2.0575,399.125,14625.41667
7/27/2002,52.525,14740,11.40277778,413.7681221,31.66666667,37.22166667,,3.171666667,410.4166667,14612.08333
7/28/2002,52.575,14199,11.43055556,413.0366036,30.875,29.81708333,,2.207916667,424.7826087,14586.25
7/29/2002,52.57083333,14462,11.42824074,414.0866867,29.01666667,49.62041667,,2.4225,387.4583333,14623.33333
7/30/2002,52.52083333,14240,11.40046296,397.7101104,28.83333333,55.52208333,,2.1225,356.75,14045
7/31/2002,52.46666667,13693,11.37037037,381.0975604,28.83333333,49.96333333,,2.315,350.2173913,13458.33333
8/1/2002,51.94583333,13516,11.08101852,384.4011925,28.2625,49.78541667,,2.099583333,442.1578947,13575
8/2/2002,52.0125,13402,11.11805556,381.5105144,30.29411765,41.70176471,,2.451176471,370.75,13472.91667
8/3/2002,52.1125,13728,11.17361111,381.7700855,26.79583333,48.5675,,3.38625,362.1666667,13482.08333
8/4/2002,52.14166667,13310,11.18981481,383.2803173,21.65217391,54.42130435,,4.272608696,186.5652174,13535.41667
8/5/2002,52.04166667,13533,11.13425926,382.9499541,21.57692308,43.05884615,,2.018076923,405.2083333,13523.75
8/6/2002,52.1375,13508,11.1875,383.3511094,23,32.10695652,,3.176521739,399.8095238,13537.91667
8/7/2002,52.40416667,12994,11.33564815,371.4816312,25.03333333,25.90904762,,3.307619048,401.5,13118.75
8/8/2002,52.45416667,12490,11.36342593,358.4086871,28.74583333,21.14958333,,3.88,397.875,12657.08333
8/9/2002,52.00833333,11649,11.11574074,344.8991915,32.67083333,20.54166667,,3.75125,400.1666667,12180
8/10/2002,51.50416667,12176,10.83564815,345.2413534,30.49166667,28.14,,1.95,390.0416667,12192.08333
8/11/2002,51.62083333,12100,10.90046296,345.1351652,30,35.23173913,,1.923913043,385.9166667,12188.33333
8/12/2002,51.38333333,12233,10.76851852,344.4626401,30.7375,34.4225,,1.564583333,383.9583333,12164.58333
8/13/2002,51.44583333,11797,10.80324074,345.7015021,32.1,35.74583333,,2.37875,386.826087,12208.33333
8/14/2002,51.56666667,12135,10.87037037,345.5245219,30.09090909,43.35590909,,1.707727273,355.0833333,12202.08333
8/15/2002,52.2,11772,11.22222222,332.7937396,29.7826087,44.75608696,,1.923043478,344.4583333,11752.5
8/16/2002,52.25833333,11796,11.25462963,331.5194815,29.37083333,46.32541667,,1.47875,336.4166667,11707.5
8/17/2002,52.41666667,10967,11.34259259,317.8212069,28.30434783,45.84173913,,1.922608696,320.625,11223.75
8/18/2002,51.82083333,11122,11.01157407,318.080778,26.17727273,49.24409091,,1.519545455,431.2777778,11232.91667
8/19/2002,52.14583333,10723,11.19212963,318.0571807,24.88181818,50.71909091,,2.529166667,335.9130435,11232.08333
8/20/2002,52.2625,10380,11.25694444,292.4422332,23.125,50.59916667,,1.629166667,332.7083333,10327.5
8/21/2002,52.0875,9712,11.15972222,279.1734308,25.25833333,31.04666667,,3.494583333,356.625,9858.916667
8/22/2002,51.75833333,9190,10.97685185,260.9220433,24.16666667,36.37291667,,2.036666667,395.3809524,9214.375
8/23/2002,52.05416667,7890,11.1412037,237.3341101,22.12083333,47.44041667,,1.77875,339.9166667,8381.375
8/24/2002,51.69166667,8071,10.93981481,225.4858695,22.75,42.46083333,,1.6075,349.9583333,7962.958333
8/25/2002,51.55,7609,10.86111111,225.3891203,24.29166667,40.53125,,1.714166667,335.9583333,7959.541667
8/26/2002,51.3625,7766,10.75694444,230.5144696,27.33333333,34.90166667,,4.200833333,242.8095238,8140.541667
8/27/2002,50.55416667,9330,10.30787037,262.3673824,30.5875,23.70458333,,6.409166667,351,9265.416667
8/28/2002,49.875,9607,9.930555556,269.024201,32.16666667,22.82583333,,4.822083333,345.5,9500.5
8/29/2002,49.62916667,8722,9.793981481,241.6571487,27.225,40.29125,,2.208333333,336.7083333,8534.041667
8/30/2002,49.94583333,7533,9.969907407,218.8432093,25.58333333,48.36375,,1.65125,322.25,7728.375
8/31/2002,50.4625,7668,10.25694444,218.4349747,27.0173913,43.42043478,,2.057826087,427.1052632,7713.958333
9/1/2002,50.4375,7243,10.24305556,218.0385389,29.1375,31.99125,,2.036666667,339.375,7699.958333
9/2/2002,50.24166667,7536,10.13425926,217.9229118,28.9125,32.66875,,1.885833333,330.75,7695.875
9/3/2002,50.525,7372,10.29166667,217.696377,26.95833333,33.6225,,2.89375,330.7916667,7687.875
9/4/2002,50.75833333,7205,10.4212963,211.7734366,26.23333333,35.3425,,4.18,327.173913,7478.708333
9/5/2002,50.22916667,7054,10.12731481,211.9150208,22.70833333,26.88666667,,4.286666667,387.6,7483.708333
9/6/2002,49.9375,8264,9.965277778,229.4761852,18.4,42.0324,,2.654,314.2083333,8103.875
9/7/2002,51,8251,10.55555556,232.5367643,18.00384615,59.05576923,,2.651923077,322.2916667,8211.958333
9/8/2002,51,8038,10.55555556,231.1114831,20.5,38.32333333,,2.164583333,274.6363636,8161.625
9/9/2002,51.2875,7995,10.71527778,231.9527294,21.27,30.9255,,2.264,332.5,8191.333333
9/10/2002,51.2875,7936,10.71527778,231.8748581,29.3,23.224,,1.388,335.125,8188.583333
9/11/2002,51.475,7862,10.81944444,232.1863434,25.625,32.58458333,,1.82125,330.0416667,8199.583333
9/12/2002,51.0875,8152,10.60416667,228.4673975,26.08333333,33.70208333,,1.650416667,319.8333333,8068.25
9/13/2002,51.05,8016,10.58333333,228.1535525,25.39166667,38.795,,1.67125,316.375,8057.166667
9/14/2002,50.9375,8123,10.52083333,229.0620513,22.72222222,39.83277778,,1.286111111,306.875,8089.25
9/15/2002,51.02083333,8334,10.56712963,228.9133878,24.61538462,34.40076923,,2.016923077,204.2916667,8084
9/16/2002,50.90416667,7953,10.50231481,230.0861772,20.08333333,53.6575,,1.56375,257.4285714,8125.416667
9/17/2002,51.20416667,7885,10.66898148,230.0696591,22.296,47.0272,,1.954,294.4347826,8124.833333
9/18/2002,51.05,7918,10.58333333,230.3079925,25.16666667,37.03875,,6.25875,309.1666667,8133.25
9/19/2002,51.04166667,7527,10.5787037,219.7009738,30.25,16.11125,,5.895,309.8333333,7758.666667
9/20/2002,50.8125,7536,10.45138889,219.9570052,25.41666667,33.94125,,1.157083333,306.25,7767.708333
9/21/2002,50.9125,7880,10.50694444,218.9529371,26.39130435,35.04391304,,1.655217391,337.4761905,7732.25
9/22/2002,50.69166667,7482,10.38425926,220.8950008,25.6625,36.60958333,,1.37125,336.047619,7800.833333
9/23/2002,50.8,7592,10.44444444,221.79996,25.29166667,35.12416667,,1.350416667,289.3043478,7832.791667
9/24/2002,50.85833333,7764,10.47685185,221.162831,25.275,34.65208333,,1.58625,279.5833333,7810.291667
9/25/2002,51.15,7721,10.63888889,218.6650491,26.37916667,32.285,,3.129166667,298.3913043,7722.083333
9/26/2002,51.3375,7329,10.74305556,219.2891996,24.59047619,23.05904762,,2.253333333,291.1666667,7744.125
9/27/2002,51.09166667,7895,10.60648148,219.2077887,22.41176471,45.53176471,,2.997058824,333.7894737,7741.25
9/28/2002,51.3625,7169,10.75694444,207.3005547,18,60.42166667,,2.48625,269.9166667,7320.75
9/29/2002,51.67083333,6527,10.92824074,207.8834098,18.284,60.9576,,2.696,202.1666667,7341.333333
9/30/2002,51.5125,7129,10.84027778,205.9649434,19.61304348,39.31304348,,3.668695652,268.75,7273.583333
10/1/2002,51.82083333,7013,11.01157407,207.2073451,17.66666667,28.60083333,,5.701666667,268.9166667,7317.458333
10/2/2002,52.42916667,6004,11.34953704,183.0554347,17.70833333,24.93583333,,5.23,262.1363636,6464.541667
10/3/2002,52.42916667,6146,11.34953704,178.3442193,19.08333333,29.52833333,,2.850833333,155.9583333,6298.166667
10/4/2002,52.87083333,5932,11.59490741,171.9257341,21.3625,41.7925,,3.1075,254.6470588,6071.5
10/5/2002,52.59166667,6081,11.43981481,172.0531599,22.625,39.11416667,,3.129583333,256.0454545,6076
10/6/2002,52.4,5740,11.33333333,172.9309821,27.41666667,30.98875,,5.29375,283.35,6107
10/7/2002,52.37083333,6174,11.31712963,173.5114775,27.33333333,25.71208333,,3.28,258.2083333,6127.5
10/8/2002,52.3,5780,11.27777778,173.9409497,26.75,20.81375,,3.471666667,265.0434783,6142.666667
10/9/2002,52.1625,6111,11.20138889,173.2141506,20.83333333,33.94125,,1.3075,207.5217391,6117
10/10/2002,52.23333333,5781,11.24074074,179.3777842,19.70833333,45.76708333,,2.3575,225.7826087,6334.666667
10/11/2002,52.59166667,6546,11.43981481,178.8515628,19.375,33.92375,,4.801666667,269.3,6316.083333
10/12/2002,52.45416667,7358,11.36342593,202.9645376,22.38333333,13.73291667,,4.137916667,246.5833333,7167.625
10/13/2002,52.69166667,7004,11.49537037,205.9047701,17.0952381,31.91238095,,0.514285714,239.1666667,7271.458333
10/14/2002,52.71666667,6906,11.50925926,203.0565673,21.08333333,27.7575,,1.3275,236.5416667,7170.875
10/15/2002,52.95,6699,11.63888889,204.7013041,18.25,36.12333333,,1.243333333,48.94117647,7228.958333
10/16/2002,53.00833333,7276,11.6712963,204.6682678,16.45833333,46.04333333,,1.26375,503,7227.791667
10/17/2002,52.89166667,7488,11.60648148,218.1341082,14.95454545,62.18181818,,1.613636364,221.5833333,7703.333333
10/18/2002,52.90416667,7461,11.61342593,219.9699838,14.37391304,68.08391304,,1.117826087,185.1052632,7768.166667
10/19/2002,53.10416667,7814,11.72453704,218.7452802,14.66666667,66.93958333,,0.707083333,212,7724.916667
10/20/2002,54.12916667,6558,12.29398148,218.5647603,15.60909091,61.13636364,,0.795454545,215.625,7718.541667
10/21/2002,54.62916667,8312,12.57175926,217.4781013,21.3,33.145,,4.661875,211.5416667,7680.166667
10/22/2002,54.74166667,7923,12.63425926,216.2722756,19.04166667,41.44458333,,2.872916667,207.2173913,7637.583333
10/23/2002,53.5375,7221,11.96527778,218.001963,13.92,61.2328,,1.1528,234.05,7698.666667
10/24/2002,53.45833333,7633,11.9212963,221.2064861,11.86206897,76.04758621,,0.993103448,114.3478261,7811.833333
10/25/2002,53.54166667,7517,11.96759259,216.1531089,14.46086957,63.17043478,,1.744347826,210.826087,7633.375
10/26/2002,53.8375,7903,12.13194444,217.8013853,13.85833333,48.3225,,1.62875,185.7826087,7691.583333
10/27/2002,53.90416667,7790,12.16898148,218.7146036,16.58333333,40.07375,,2.787083333,171.6190476,7723.833333
10/28/2002,54.08333333,7297,12.26851852,218.3866001,17.5,34.91416667,,1.779583333,211.6956522,7712.25
10/29/2002,53.97083333,7579,12.20601852,218.7429204,12.20833333,46.60708333,,1.114166667,142.9583333,7724.833333
10/30/2002,53.975,7770,12.20833333,218.4042982,13.30434783,30.30652174,,4.316521739,209.3478261,7712.875
10/31/2002,53.99166667,7268,12.21759259,218.7240426,12.40909091,21.57272727,,5.425454545,193.7916667,7724.166667
11/1/2002,53.87083333,8030,12.15046296,219.8590762,13.20833333,11.40125,,4.865833333,187.3333333,7764.25
11/2/2002,53.9625,7498,12.20138889,219.6077641,9.3125,30.34333333,,0.921666667,187.5833333,7755.375
11/3/2002,54.14583333,7542,12.30324074,219.2903795,11.54166667,31.01083333,,1.28625,181.9130435,7744.166667
11/4/2002,54.26666667,6840,12.37037037,219.8685151,10.70833333,36.18458333,,0.6425,182.3333333,7764.583333
11/5/2002,54.77916667,7158,12.65509259,204.2458749,7.611111111,49.40111111,,0.542222222,100.55,7212.875
11/6/2002,55.3625,5980,12.97916667,178.032734,9.334782609,51.35608696,,1.02875,128,6287.166667
11/7/2002,55.6375,6083,13.13194444,173.596428,12.23076923,79.68666667,,9.022051282,26.52380952,6130.5
11/8/2002,55.8375,6083,13.24305556,173.596428,13.58918919,87.07648649,,7.285675676,54.83333333,6130.5
11/9/2002,55.60416667,5903,13.11342593,174.332666,11.06896552,83.61689655,,3.015862069,81.04166667,6156.5
11/10/2002,55.725,6257,13.18055556,174.063656,9.9,91.608,,1.319666667,76.95833333,6147
11/11/2002,55.44166667,6134,13.02314815,173.4123685,12.05405405,80.40621622,,1.905135135,240.6428571,6124
11/12/2002,55.27083333,5876,12.92824074,172.6336552,10.816,87.396,,0.9456,43.58333333,6096.5
11/13/2002,55.14166667,5724,12.85648148,166.8239822,12.20833333,78.98291667,,2.14375,116.2083333,5891.333333
11/14/2002,55.0875,5453,12.82638889,161.1134182,13.8375,57.78875,,3.47375,167.6666667,5689.666667
11/15/2002,55.00416667,5462,12.78009259,156.7809406,11.58333333,61.93041667,,1.328333333,131,5536.666667
11/16/2002,54.92083333,5274,12.7337963,150.2904834,7.958333333,80.72875,,0.4925,114.7083333,5307.458333
11/17/2002,54.78333333,5460,12.65740741,150.7470926,7.702702703,82.99972973,,1.167567568,143.4166667,5323.583333
11/18/2002,54.675,5388,12.59722222,150.706977,10.04166667,63.85791667,,1.370416667,119.8333333,5322.166667
11/19/2002,54.74583333,5279,12.63657407,149.6427356,12.3875,65.69458333,,1.242916667,152.375,5284.583333
11/20/2002,54.7375,4571,12.63194444,146.5302422,14.79583333,66.63375,,0.942916667,159.2380952,5174.666667
11/21/2002,54.925,4833,12.73611111,139.4746279,13.5,75.93166667,,0.385833333,123,4925.5
11/22/2002,54.7625,4837,12.64583333,132.263271,11.875,76.5775,,0.749166667,106.8333333,4670.833333
11/23/2002,54.52916667,4443,12.5162037,133.7027107,9.305555556,89.71611111,,0.628611111,79.125,4721.666667
11/24/2002,54.51666667,4564,12.50925926,133.313354,9.90625,94.878125,,1.0928125,49.13636364,4707.916667
11/25/2002,54.275,4722,12.375,136.5851297,16.13333333,23.54333333,,8.265333333,167.6363636,4823.458333
11/26/2002,53.85833333,4659,12.14351852,135.9786772,17.20833333,15.14375,,5.295,150.9166667,4802.041667
11/27/2002,53.8625,4912,12.14583333,132.2396736,18.25,17.04833333,,5.1225,148.8333333,4670
11/28/2002,53.89166667,5560,12.16203704,147.2971568,11.75,50.89041667,,1.156666667,143.8333333,5201.75
11/29/2002,54.02083333,4871,12.2337963,150.8226042,8.25,67.2375,,0.556666667,82.75,5326.25
11/30/2002,53.70416667,5344,12.05787037,150.4863416,6.434782609,73.85173913,,0.759565217,127.875,5314.375
12/1/2002,53.4875,5121,11.9375,150.8273236,7.041666667,73.91333333,,0.214166667,114.9166667,5326.416667
12/2/2002,53.32916667,5137,11.84953704,150.7411932,7.653846154,75.79,,0.059230769,134.0833333,5323.375
12/3/2002,53.2875,5026,11.82638889,150.6857394,6.3,78.20041667,,0.364166667,131.75,5321.416667
12/4/2002,53.35833333,5279,11.86574074,150.2255906,10.20833333,78.04916667,,1.007083333,182.9230769,5305.166667
12/5/2002,53.3625,5420,11.86805556,150.1736764,9.043478261,79.06458333,,0.707083333,94.54545455,5303.333333
12/6/2002,53.4,5156,11.88888889,145.3692515,8.8625,80.28458333,,0.235416667,112.0833333,5133.666667
12/7/2002,54,4738,12.22222222,144.8784261,9.39,71.561,,0.951,130,5116.333333
12/8/2002,54.1625,4866,12.3125,145.0813635,6.291666667,80.36625,,0.256666667,86.45833333,5123.5
12/9/2002,54.00416667,5229,12.22453704,143.0331116,5.692307692,92.34653846,,0.573846154,0,5051.166667
12/10/2002,54,5215,12.22222222,141.4426487,9.446428571,96.06089286,,1.644107143,61.11111111,4995
12/11/2002,54.09583333,5040,12.27546296,138.9200896,8.984126984,97.10809524,,0.628571429,38.95833333,4905.916667
12/12/2002,54.02083333,4675,12.2337963,136.0294116,7.096774194,99.06467742,,0.58016129,9.958333333,4803.833333
12/13/2002,53.80416667,5009,12.11342593,135.0477609,9.392156863,96.55980392,,4.367647059,5.333333333,4769.166667
12/14/2002,53.37916667,4530,11.87731481,140.8763118,11.87878788,93.25727273,,10.97454545,7.666666667,4975
12/15/2002,52.325,4563,11.29166667,136.1568374,10,88.3934375,,8.93875,25.31818182,4808.333333
12/16/2002,51.86666667,3110,11.03703704,144.21534,11.0212766,85.83191489,,13.05829787,7.8,5092.916667
12/17/2002,52.0125,5023,11.11805556,128.7708599,7.547222222,91.1325,,1.386388889,,4547.5
12/18/2002,51.47083333,4089,10.81712963,126.0335647,5.185185185,84.17222222,,1.277037037,,4450.833333
12/19/2002,51.04166667,4641,10.5787037,121.9984141,6.666666667,81.94111111,,3.639259259,,4308.333333
12/20/2002,50.29583333,4363,10.16435185,138.6581588,5.307692308,93.69666667,,7.821538462,,4896.666667
12/21/2002,50.46666667,3848,10.25925926,131.0716037,7.888888889,92.50611111,,3.429166667,,4628.75
12/22/2002,50.32083333,3510,10.17824074,121.5028693,6.625,73.22791667,,3.62375,,4290.833333
12/23/2002,50.13333333,4074,10.07407407,120.5235783,8.291666667,44.49625,,4.30875,,4256.25
12/24/2002,50.21666667,3911,10.12037037,119.0133465,3.818181818,85.75818182,,0.887878788,,4202.916667
12/25/2002,50.575,4066,10.31944444,117.5503094,5.25,87.73708333,,1.37125,,4151.25
12/26/2002,50.5625,5687,10.3125,192.059012,4.653846154,93.24096154,,2.088076923,,6782.5
12/27/2002,50.76666667,11303,10.42592593,293.0793622,7.714285714,92.41404762,,5.070238095,,10350
12/28/2002,50.07916667,9443,10.04398148,292.6074148,12.29787234,90.61744681,,10.51765957,,10333.33333
12/29/2002,50.20416667,10220,10.11342593,287.1800192,7.837209302,90.76209302,,4.605581395,,10141.66667
12/30/2002,49.975,9805,9.986111111,265.5530276,7.971428571,87.72485714,,5.982285714,,9377.916667
12/31/2002,49.88333333,11338,9.935185185,351.4120662,8.121212121,86.08272727,,9.462121212,,12410
1/1/2003,50.30416667,14249,10.16898148,422.1569879,7.406666667,86.64466667,,1.405333333,,14908.33333
1/2/2003,50.325,14563,10.18055556,416.6116055,7.333333333,84.5352381,,0.93047619,,14712.5
1/3/2003,50.6,14358,10.33333333,400.093445,9.416666667,81.74541667,,1.58625,,14129.16667
1/4/2003,50.77916667,12077,10.43287037,353.0166875,9.791666667,84.32875,,1.43625,,12466.66667
1/5/2003,50.6,11920,10.33333333,343.3417649,11.375,72.93875,,3.364583333,,12125
1/6/2003,50.6,12536,10.33333333,345.1115678,16.75,29.21666667,,4.844583333,,12187.5
1/7/2003,50.52083333,10385,10.28935185,302.5183111,9.834375,71.289375,,1.1096875,,10683.33333
1/8/2003,50.2625,8831,10.14583333,263.2050891,9,79.51485714,,1.602571429,,9295
1/9/2003,50.20833333,7733,10.11574074,221.5557272,7.66,95.5728,,1.1832,,7824.166667
1/10/2003,50.00416667,6769,10.00231481,192.6371476,8.569230769,99.06717949,,0.665641026,,6802.916667
1/11/2003,49.8125,6381,9.895833333,186.1832663,9.617021277,97.09361702,,0.907659574,,6575
1/12/2003,49.66666667,6496,9.814814815,194.8906967,10.75438596,97.73684211,,0.91122807,,6882.5
1/13/2003,49.62916667,9476,9.793981481,275.0037752,11.328125,98.7984375,,0.4578125,,9711.666667
1/14/2003,49.67916667,14740,9.821759259,433.2477529,11.91,96.73371429,,0.697714286,,15300
1/15/2003,49.4625,14964,9.701388889,424.2807514,8.84,85.9692,,1.7704,,14983.33333
1/16/2003,49.75,14642,9.861111111,420.5051719,19.66666667,34.04333333,,3.603333333,,14850
1/17/2003,49.9375,14473,9.965277778,418.6173821,10.66,74.3732,,1.4196,,14783.33333
1/18/2003,50.03333333,15132,10.01851852,420.6231588,9.371428571,90.958,,1.160285714,,14854.16667
1/19/2003,49.77083333,14189,9.872685185,419.6792639,8.282051282,95.93282051,,1.384871795,,14820.83333
1/20/2003,49.41666667,13942,9.675925926,419.2073164,7.076923077,98.20025641,,1.186923077,,14804.16667
1/21/2003,49.2625,15025,9.590277778,422.1569879,6.653061224,97.02142857,,1.165102041,,14908.33333
1/22/2003,49.27083333,14857,9.594907407,426.8764624,8.347619048,98.48126984,,0.848412698,,15075
1/23/2003,49.2375,17561,9.576388889,503.9218825,10.26,96.98,,1.111,,17795.83333
1/24/2003,49.35833333,18887,9.643518519,522.9177671,8.518518519,99.05055556,,0.914074074,,18466.66667
1/25/2003,49.55416667,18509,9.752314815,516.5464766,12.15,90.039,,1.568,,18241.66667
1/26/2003,49.55833333,18163,9.75462963,519.614135,12.57142857,94.11771429,,1.454857143,,18350
1/27/2003,49.42083333,16937,9.678240741,521.3839379,12.44680851,96.4993617,,0.886170213,,18412.5
1/28/2003,49.33333333,17676,9.62962963,505.9276591,11.35294118,68.89235294,,2.239411765,,17866.66667
1/29/2003,49.47916667,15544,9.710648148,447.524163,9.583333333,80.76416667,,1.007083333,,15804.16667
1/30/2003,49.2125,13206,9.5625,391.9523516,11.00833333,84.69541667,,0.878333333,,13841.66667
1/31/2003,49.04166667,13750,9.467592593,380.8615867,10.20588235,91.82176471,,0.967647059,,13450
2/1/2003,48.9375,12389,9.409722222,336.2625533,9.753061224,93.9044898,,1.206530612,,11875
2/2/2003,48.72083333,10080,9.289351852,288.3952839,9.0125,57.61125,,3.580416667,,10184.58333
2/3/2003,48.72916667,7888,9.293981481,250.1085475,12.9,41.34,,4.5025,,8832.5
2/4/2003,48.87916667,7513,9.377314815,216.7182659,9.583333333,41.72458333,,5.122916667,,7653.333333
2/5/2003,48.80416667,7210,9.335648148,187.2215507,10.375,28.6525,,5.894583333,,6611.666667
2/6/2003,48.65,6047,9.25,172.8389524,10.66666667,32.3775,,6.430416667,,6103.75
2/7/2003,48.65,5850,9.25,171.6708825,10.29166667,27.13375,,5.851666667,,6062.5
2/8/2003,48.80416667,6136,9.335648148,171.9658496,5.304347826,50.23565217,,1.050869565,,6072.916667
2/9/2003,48.92083333,6089,9.400462963,172.2844141,5.5,56.58181818,,0.724545455,,6084.166667
2/10/2003,48.77916667,6069,9.321759259,181.0744353,7.116666667,60.95,,1.265,,6394.583333
2/11/2003,48.58333333,12111,9.212962963,325.6437358,7.833333333,65.61458333,,1.97125,,11500
2/12/2003,48.6,11970,9.222222222,338.9762511,8.695652174,71.53391304,,1.789565217,249,11970.83333
2/13/2003,48.64583333,11954,9.247685185,340.6280671,9.956521739,96.05543478,,0.480434783,,12029.16667
2/14/2003,48.55416667,11197,9.196759259,340.1561197,10.22727273,96.09333333,,0.747424242,420,12012.5
2/15/2003,48.44166667,12124,9.134259259,341.9259226,11.96285714,85.316,,4.072285714,32.04166667,12075
2/16/2003,48.10833333,11089,8.949074074,305.7039563,10.07692308,84.69410256,,5.461282051,57.20833333,10795.83333
2/17/2003,47.99583333,9048,8.886574074,264.8215091,7.612903226,83.71903226,,1.294516129,204.0416667,9352.083333
2/18/2003,48.2125,8981,9.006944444,299.214679,9.166666667,71.50208333,,0.642083333,154.2916667,10566.66667
2/19/2003,48.29166667,14001,9.050925926,365.4053079,9.285714286,79.41464286,,0.954285714,110.0416667,12904.16667
2/20/2003,48.35833333,13186,9.087962963,351.0109109,9.958333333,67.97166667,,2.93625,209.625,12395.83333
2/21/2003,48.65833333,12196,9.25462963,353.1346744,12.52380952,59.05380952,,2.131904762,215.8333333,12470.83333
2/22/2003,48.74583333,10698,9.303240741,311.4853125,12.01666667,59.35333333,,2.701666667,277.8235294,11000
2/23/2003,48.65416667,10196,9.252314815,301.6924031,11.66666667,43.9475,,2.100833333,214.4583333,10654.16667
2/24/2003,48.625,11611,9.236111111,298.6247447,11.66666667,63.3175,,1.307083333,77.6,10545.83333
2/25/2003,48.5875,9066,9.215277778,267.4998108,12.66666667,38.9925,,5.530416667,243.2727273,9446.666667
2/26/2003,48.73333333,8433,9.296296296,228.2219848,7.791666667,49.90208333,,2.465,158.4166667,8059.583333
2/27/2003,48.57083333,7482,9.206018519,197.9937511,8.375,65.27791667,,2.228333333,192.9090909,6992.083333
2/28/2003,48.4625,5710,9.145833333,171.6944798,8.52173913,54.73869565,,1.901304348,166.6875,6063.333333
3/1/2003,48.5125,6037,9.173611111,162.7156797,9.391304348,62.13434783,,1.72173913,212,5746.25
3/2/2003,48.4375,5222,9.131944444,157.7484329,10.41666667,49.32333333,,2.74375,246.2083333,5570.833333
3/3/2003,48.65833333,5591,9.25462963,152.5688097,9.653846154,69.01884615,,2.115769231,178,5387.916667
3/4/2003,48.7,5034,9.277777778,147.6251602,7.375,72.54583333,,1.2,100.6842105,5213.333333
3/5/2003,48.61666667,4916,9.231481481,142.2685568,8.916666667,64.12625,,1.950833333,222.2608696,5024.166667
3/6/2003,48.51666667,4833,9.175925926,137.4664915,9.375,72.91166667,,1.52125,235.3181818,4854.583333
3/7/2003,48.65,4716,9.25,129.4551837,9.808333333,68.95333333,,1.264166667,220.2272727,4571.666667
3/8/2003,48.75833333,4735,9.310185185,121.3966811,10.33333333,68.29916667,,0.879166667,279.7058824,4287.083333
3/9/2003,48.9375,4421,9.409722222,117.7508871,11.34615385,72.23,,1.068846154,98.23809524,4158.333333
3/10/2003,48.95,3643,9.416666667,113.7865286,12.65217391,79.09565217,,1.16173913,100.75,4018.333333
3/11/2003,48.775,3928,9.319444444,113.5387561,13.25,75.14125,,0.856666667,76.16666667,4009.583333
3/12/2003,48.90833333,3983,9.393518519,113.3145811,14.44444444,77.55555556,,1.695925926,106.5,4001.666667
3/13/2003,48.73333333,4026,9.296296296,114.6950274,15.548,72.1368,,5.3292,,4050.416667
3/14/2003,48.77916667,4173,9.321759259,114.9545985,13.2,84.003,,7.344,297.7142857,4059.583333
3/15/2003,49.26666667,4434,9.592592593,128.464094,12.08695652,87.25934783,,8.410652174,527.125,4536.666667
3/16/2003,49.3,3745,9.611111111,118.3998148,10.64285714,79.42357143,,2.425,116.7916667,4181.25
3/17/2003,49.29166667,3642,9.606481481,116.063675,9.083333333,74.27541667,,2.186666667,209.6666667,4098.75
3/18/2003,49.1625,3916,9.534722222,115.8630973,11.42857143,47.93238095,,4.18952381,294.5652174,4091.666667
3/19/2003,49.05833333,3987,9.476851852,122.340576,11.45833333,54.99791667,,2.164583333,172.7083333,4320.416667
3/20/2003,49.09166667,4006,9.49537037,121.1961034,10.70833333,86.61895833,,2.06875,251.625,4280
3/21/2003,49.45416667,3976,9.696759259,121.2314995,13.41666667,66.27333333,,1.072083333,178.9541667,4281.25
3/22/2003,49.40416667,4077,9.668981481,118.1638411,13.03030303,82.87333333,,2.088787879,51.14285714,4172.916667
3/23/2003,49.725,3929,9.847222222,115.2141696,11.79310345,83.22689655,,2.75,410.8571429,4068.75
3/24/2003,49.67916667,3804,9.821759259,111.5329795,10.6,60.663,,1.312,151.2105263,3938.75
3/25/2003,49.69583333,4023,9.831018519,107.1084722,12.5,70.29,,1.825,279.5,3782.5
3/26/2003,49.9875,3783,9.993055556,106.3179603,13.56666667,80.48,,1.988666667,571,3754.583333
3/27/2003,50.1125,3719,10.0625,105.952201,12.85,41.36791667,,4.545,313.0416667,3741.666667
3/28/2003,50.39583333,3665,10.21990741,109.0434568,15.29583333,32.37708333,,5.380416667,313.375,3850.833333
3/29/2003,50.4625,3672,10.25694444,109.9307179,19.875,29.36583333,,3.3225,306.0833333,3882.166667
3/30/2003,50.37083333,3292,10.20601852,103.6939325,16.95833333,62.51125,,1.264166667,788.5,3661.916667
3/31/2003,50.57083333,3909,10.31712963,100.7395415,16.73913043,71.89347826,,1.431304348,674,3557.583333
4/1/2003,50.91666667,3555,10.50925926,101.5276937,15.91666667,51.78583333,,4.13875,120.3333333,3585.416667
4/2/2003,50.875,3210,10.48611111,103.9110283,8.62962963,70.64,,4.954074074,,3669.583333
4/3/2003,50.5375,3460,10.29861111,104.335781,7.019230769,72.24384615,,3.680769231,106,3684.583333
4/4/2003,50.4625,3946,10.25694444,104.748735,8.72972973,76.75810811,,5.479189189,232.2916667,3699.166667
4/5/2003,50.30833333,3555,10.1712963,104.5835534,7.111111111,73.7962963,,1.542962963,155.2083333,3693.333333
4/6/2003,49.99565217,3657,9.997584541,104.6492157,10.95833333,62.94208333,,3.750416667,166.8333333,3695.652174
4/7/2003,50.2,3500,10.11111111,104.6307482,12.6375,67.37,,1.950833333,251.1666667,3695
4/8/2003,50.4375,3343,10.24305556,105.9286036,14.86666667,63.58291667,,2.015,218.875,3740.833333
4/9/2003,50.725,3454,10.40277778,103.5334704,15.70833333,65.2075,,1.435833333,244.4583333,3656.25
4/10/2003,51.04583333,3476,10.58101852,102.7311597,14.875,66.57125,,3.451666667,138.4090909,3627.916667
4/11/2003,51.51666667,3350,10.84259259,103.698652,14.32916667,64.05166667,,3.19375,319.173913,3662.083333
4/12/2003,51.43333333,3613,10.7962963,102.3300044,12.23666667,78.507,,6.912,62.95652174,3613.75
4/13/2003,51.54166667,3852,10.85648148,104.8667219,9.636363636,81.21818182,,6.221212121,148.25,3703.333333
4/14/2003,50.8125,3207,10.45138889,105.5982404,8.5,82.95,,1.503846154,238,3729.166667
4/15/2003,50.4375,2851,10.24305556,103.7812428,8.461538462,75.21769231,,1.899615385,215.25,3665
4/16/2003,50.7375,4485,10.40972222,131.1187984,9.475,83.49928571,,2.498928571,148.0833333,4630.416667
4/17/2003,50.725,4368,10.40277778,130.8120326,11.34166667,73.97416667,,1.779166667,358.7894737,4619.583333
4/18/2003,51.27083333,4859,10.70601852,130.7294418,13.08333333,47.28,,2.979583333,366.6818182,4616.666667
4/19/2003,51.64583333,5847,10.91435185,155.2353128,14.8375,36.01541667,,3.3875,374.2608696,5482.083333
4/20/2003,51.7875,5380,10.99305556,156.9461222,13.875,59.7,,2.165833333,271.1304348,5542.5
4/21/2003,51.9125,5214,11.0625,159.9901832,12.11428571,78.1,,2.749142857,169.1304348,5650
4/22/2003,51.50416667,7136,10.83564815,210.7481308,11.19333333,77.407,,1.405333333,330.75,7442.5
4/23/2003,51.53333333,9413,10.85185185,272.9154077,13.13333333,70.41566667,,4.921333333,139.4166667,9637.916667
4/24/2003,50.525,14348,10.29166667,419.3253033,10.26666667,83.419,,5.692333333,178.2272727,14808.33333
4/25/2003,50.27916667,15198,10.15509259,420.7411456,9.096774194,83.48580645,,4.977096774,134.826087,14858.33333
4/26/2003,50.37916667,14340,10.21064815,400.919353,9.962962963,67.42037037,,3.411111111,277.1666667,14158.33333
4/27/2003,50.80833333,13902,10.44907407,397.7337078,11.54166667,68.53,,2.807916667,319.25,14045.83333
4/28/2003,51.14166667,14249,10.63425926,376.5314689,10.81081081,81.53702703,,6.02027027,145.5,13297.08333
4/29/2003,49.88333333,28641,9.935185185,810.8057074,10.37837838,84.90324324,,7.786756757,86.20833333,28633.33333
4/30/2003,50.325,29076,10.18055556,849.269424,9.955555556,89.48666667,,1.737777778,317.4166667,29991.66667
5/1/2003,50.96666667,29428,10.53703704,847.2636474,13.70833333,64.13833333,,1.865,330.2083333,29920.83333
5/2/2003,50.66666667,29142,10.37037037,843.2520941,13.8125,78.245625,,1.3984375,109.0833333,29779.16667
5/3/2003,50.525,29672,10.29166667,865.1976502,12.54347826,91.58434783,,2.034565217,153.9130435,30554.16667
5/4/2003,50.41666667,27754,10.23148148,795.1134549,12.43243243,82.28243243,,3.295945946,238.5833333,28079.16667
5/5/2003,50.4875,24948,10.27083333,720.6637458,12.87826087,62.66826087,,2.057826087,394.2608696,25450
5/6/2003,50.875,20523,10.48611111,616.9532951,13.58,69.48266667,,1.903,211.5416667,21787.5
5/7/2003,51.43333333,18432,10.7962963,521.8558853,15.53846154,76.015,,3.674285714,291.625,18429.16667
5/8/2003,51.25416667,15460,10.69675926,462.9804418,16.25,59.34,,5.5325,203.7916667,16350
5/9/2003,51.35,14775,10.75,396.1998786,16.25,59.34,,,257.9047619,13991.66667
5/10/2003,51.96666667,12040,11.09259259,334.7287241,16.25,59.34,,,325.6086957,11820.83333
5/11/2003,52.39166667,10015,11.3287037,290.9909948,16.25,59.34,,,314.0833333,10276.25
5/12/2003,52.4625,8740,11.36805556,278.3781994,16.25,59.34,,,290.2173913,9830.833333
5/13/2003,52.37916667,13477,11.32175926,359.1520043,16.25,59.34,,,354.375,12683.33333
5/14/2003,51.6375,13890,10.90972222,407.9985646,16.25,59.34,,,396.9583333,14408.33333
5/15/2003,51.075,14608,10.59722222,409.5323938,16.25,59.34,,,326.0416667,14462.5
5/16/2003,50.65416667,13904,10.36342593,409.5323938,16.25,59.34,,,410.4166667,14462.5
5/17/2003,50.4375,13983,10.24305556,411.7741442,16.25,59.34,,,417.125,14541.66667
5/18/2003,50.90416667,13837,10.50231481,407.1726566,16.25,59.34,,,416.7916667,14379.16667
5/19/2003,51.22916667,14062,10.68287037,407.5266172,16.25,59.34,,,414,14391.66667
5/20/2003,50.94166667,14331,10.52314815,407.5266172,16.25,59.34,,,409.625,14391.66667
5/21/2003,50.1125,14272,10.0625,408.3525252,29.875,21.8525,,4.3725,405.8333333,14420.83333
5/22/2003,49.84583333,14346,9.914351852,407.9985646,26.57142857,49.14,,1.873571429,318,14408.33333
5/23/2003,50.05416667,14121,10.03009259,406.9366829,32.54545455,35.04222222,,2.712727273,407.125,14370.83333
5/24/2003,50.15416667,13294,10.08564815,364.6973867,25.68181818,56.82681818,,2.501363636,356.0416667,12879.16667
5/25/2003,50.1,12674,10.05555556,360.9218072,20.2173913,62.95,,3.691304348,307.5416667,12745.83333
5/26/2003,50.1125,13559,10.0625,388.2947589,19.97272727,64.66318182,,2.292272727,375.5416667,13712.5
5/27/2003,50.175,13663,10.09722222,390.3005355,24.68333333,44.35875,,2.486666667,414.375,13783.33333
5/28/2003,50.27916667,13820,10.15509259,383.6932713,26.93333333,50.51791667,,2.250833333,384.125,13550
5/29/2003,50.01666667,13440,10.00925926,384.6371662,27.125,51.44083333,,2.272083333,278.0416667,13583.33333
5/30/2003,49.77916667,12935,9.877314815,377.203994,19.66666667,63.0737037,,2.915555556,1077,13320.83333
5/31/2003,49.95416667,12616,9.974537037,345.3475416,21.80952381,62.25666667,,1.175238095,381.4,12195.83333
6/1/2003,50.27916667,12636,10.15509259,343.5777386,26.13333333,36.628,,3.601333333,428.2272727,12133.33333
6/2/2003,50.37916667,13020,10.21064815,368.70894,27.64285714,32.47214286,,4.336428571,419.5,13020.83333
6/3/2003,50.35833333,12812,10.19907407,373.4284144,29.85833333,27.67833333,,3.815833333,342.1111111,13187.5
6/4/2003,50.33333333,12729,10.18518519,372.8384801,28.52380952,41.43,,2.66952381,451.5454545,13166.66667
6/5/2003,50.25833333,12846,10.14351852,371.6586115,29.6375,32.05166667,,2.422916667,430.8333333,13125
6/6/2003,50.04583333,12974,10.02546296,373.782375,27.20833333,54.62958333,,1.907083333,383.3913043,13200
6/7/2003,49.75,12859,9.861111111,366.9391371,25.70833333,60.65208333,,2.593333333,395.9583333,12958.33333
6/8/2003,50.22916667,13555,10.12731481,370.9506904,26.58333333,61.68541667,,2.18625,398.2916667,13100
6/9/2003,50.0125,13203,10.00694444,369.8888086,28.29473684,53.86157895,,2.843157895,398.3809524,13062.5
6/10/2003,50.00416667,12892,10.00231481,368.9449137,23.82608696,50.11652174,,3.310434783,401.3181818,13029.16667
6/11/2003,50.0875,13639,10.04861111,400.093445,21.76470588,57.97235294,,1.876470588,527,14129.16667
6/12/2003,49.9375,13814,9.965277778,400.093445,22.20833333,58.25875,,3.965,373.1363636,14129.16667
6/13/2003,49.9625,13882,9.979166667,401.5092873,22.41666667,56.75166667,,3.429583333,352.75,14179.16667
6/14/2003,50.05833333,13841,10.03240741,403.1611034,23.375,53.33833333,,1.907083333,388.9565217,14237.5
6/15/2003,50.10833333,13872,10.06018519,402.4531822,26.16666667,39.90208333,,2.721666667,435.4782609,14212.5
6/16/2003,50.17083333,14137,10.09490741,402.2172085,29.6125,33.68833333,,3.085833333,440.5652174,14204.16667
6/17/2003,50.26666667,14169,10.14814815,403.0431165,30.6375,41.48916667,,2.249583333,380.3043478,14233.33333
6/18/2003,50.20833333,14051,10.11574074,402.0992216,28.5,38.44083333,,3.344166667,334.7727273,14200
6/19/2003,50.27916667,13826,10.15509259,387.2328771,25.16666667,50.33666667,,3.171666667,390.1666667,13675
6/20/2003,50.39166667,13179,10.21759259,371.8945852,23.875,33.30041667,,2.443333333,459.3636364,13133.33333
6/21/2003,50.45833333,12814,10.25462963,355.3764247,23.48333333,36.54583333,,2.250416667,406.5,12550
6/22/2003,50.56666667,12443,10.31481481,341.571962,23.83333333,31.73541667,,3.815,394.1904762,12062.5
6/23/2003,50.6,11150,10.33333333,327.6495124,23.95238095,29.96,,5.194761905,399.6086957,11570.83333
6/24/2003,50.61666667,11827,10.34259259,327.7674993,24.23333333,27.23583333,,5.615833333,375.5454545,11575
6/25/2003,50.5625,11805,10.3125,328.4754205,26.95238095,27.00142857,,4.090952381,343.7142857,11600
6/26/2003,50.65416667,11170,10.36342593,329.4193154,30.04166667,26.99833333,,2.93625,504.2631579,11633.33333
6/27/2003,50.62083333,11407,10.34490741,337.7963825,31.41666667,31.15458333,,2.121666667,425.625,11929.16667
6/28/2003,50.425,12180,10.23611111,351.718832,31.95833333,33.16375,,1.864583333,416.6666667,12420.83333
6/29/2003,50.51666667,12531,10.28703704,366.3492028,29.00833333,33.92875,,2.936666667,422,12937.5
6/30/2003,50.53333333,12931,10.2962963,360.5678466,28.88888889,27.67777778,,4.115555556,420.9166667,12733.33333
7/1/2003,50.55833333,11967,10.31018519,339.4481985,24.14117647,40.49411765,,2.995882353,413.7083333,11987.5
7/2/2003,50.54583333,11525,10.30324074,331.425092,24.625,37.32125,,2.572083333,429.7619048,11704.16667
7/3/2003,50.5875,11081,10.32638889,333.4308686,30.45454545,18.55454545,,2.773478261,396.7391304,11775
7/4/2003,50.46666667,12241,10.25925926,346.1734496,26.58333333,31.10625,,1.69375,421.7272727,12225
7/5/2003,50.65833333,12193,10.36574074,344.0496861,28.73913043,33.74391304,,1.923043478,420.4583333,12150
7/6/2003,50.7625,11864,10.42361111,347.7072788,27.79583333,35.405,,2.07875,411.25,12279.16667
7/7/2003,50.79166667,11874,10.43981481,349.1231211,26.9173913,46.75652174,,2.996521739,413.0952381,12329.16667
7/8/2003,50.15833333,12747,10.08796296,358.2081094,25.08333333,41.75541667,,2.958333333,410.6363636,12650
7/9/2003,50.12916667,13500,10.07175926,388.176772,27.23478261,32.71391304,,1.587826087,443.5217391,13708.33333
7/10/2003,50.17083333,14314,10.09490741,409.6503807,34.375,22.69375,,1.759473684,432.4782609,14466.66667
7/11/2003,50.24166667,14261,10.13425926,413.3079734,29.625,34.14666667,,2.185833333,413.4166667,14595.83333
7/12/2003,50.5125,14493,10.28472222,410.3583019,29.29166667,35.15416667,,1.907916667,442,14491.66667
7/13/2003,50.67083333,14368,10.37268519,412.9540128,28.40909091,31.68045455,,2.385,355.2222222,14583.33333
7/14/2003,50.64166667,14103,10.35648148,409.1784333,29.625,30.31,,3.000833333,416.3333333,14450
7/15/2003,50.8125,14544,10.45138889,412.4820654,30.41666667,33.28625,,2.187083333,426.6086957,14566.66667
7/16/2003,50.96666667,14409,10.53703704,412.0101179,29.3,40.51826087,,1.789130435,414.2916667,14550
7/17/2003,51.12083333,14281,10.62268519,413.661934,30.14782609,28.51173913,,2.55,443.3478261,14608.33333
7/18/2003,51.08333333,14665,10.60185185,407.2906435,31.91666667,24.70625,,2.465416667,378.3181818,14383.33333
7/19/2003,51.2125,14560,10.67361111,406.4647355,33.05217391,30.28826087,,2.594782609,379,14354.16667
7/20/2003,51.3,14431,10.72222222,408.9424595,35.2,31.954,,3.91,327.7142857,14441.66667
7/21/2003,51.30833333,12635,10.72685185,408.1165515,32,41.1335,,1.44,424.95,14412.5
7/22/2003,51.22916667,14873,10.68287037,408.4705121,33.5,41.3325,,2.164583333,361.3043478,14425
7/23/2003,51.47916667,14896,10.82175926,415.6677106,34.5,43.15791667,,3.107916667,373.375,14679.16667
7/24/2003,51.025,13720,10.56944444,413.661934,29.96153846,55.97346154,,2.038076923,210.4166667,14608.33333
7/25/2003,51.15833333,14359,10.64351852,407.5266172,30.2,50.83791667,,2.335833333,343.6956522,14391.66667
7/26/2003,51.52916667,15199,10.84953704,428.882239,29.5,45.41833333,,1.907916667,386.5833333,15145.83333
7/27/2003,51.62916667,14843,10.90509259,430.7700288,30.85714286,34.91619048,,2.033333333,414.8333333,15212.5
7/28/2003,51.6625,15433,10.92361111,431.4779499,32.95454545,32.81363636,,1.730909091,394.0909091,15237.5
7/29/2003,51.5,15665,10.83333333,428.1743178,34.91304348,33.87086957,,2.549565217,405.0833333,15120.83333
7/30/2003,51.39583333,15368,10.77546296,429.4721733,34.37916667,38.66291667,,2.272083333,379.375,15166.66667
7/31/2003,51.94166667,14630,11.0787037,426.9944492,28.56521739,41.07304348,,2.75173913,357.9583333,15079.16667
8/1/2003,52.24583333,14718,11.24768519,426.5225018,29.09090909,40.48409091,,2.783181818,297.9166667,15062.5
8/2/2003,51.8375,14077,11.02083333,408.4705121,24.27272727,79.60878788,,3.273333333,94.33333333,14425
8/3/2003,51.7625,14033,10.97916667,405.5208406,24.00625,83.93125,,1.7034375,333.9166667,14320.83333
8/4/2003,52.10833333,14087,11.1712963,403.9870114,26.19583333,60.23666667,,1.843333333,385.375,14266.66667
8/5/2003,52.17916667,14405,11.21064815,397.3797472,24.55416667,49.30333333,,4.458333333,411.0869565,14033.33333
8/6/2003,51.69583333,13916,10.94212963,397.0257866,23.24166667,55.50125,,2.829166667,408.9545455,14020.83333
8/7/2003,51.6625,12881,10.92361111,374.9622436,23.73913043,48.1726087,,3.153913043,408.1818182,13241.66667
8/8/2003,51.56666667,10948,10.87037037,338.2683299,22.95652174,48.07043478,,2.034782609,344.85,11945.83333
8/9/2003,51.4625,10703,10.8125,291.7461107,25.08695652,44.82478261,,2.660434783,466.4736842,10302.91667
8/10/2003,51.95,10140,11.08333333,288.3598878,24.56521739,43.33043478,,2.414347826,393.4166667,10183.33333
8/11/2003,51.75416667,10114,10.97453704,288.7138484,25.875,38.99583333,,2.100416667,367.7272727,10195.83333
8/12/2003,51.61666667,10016,10.89814815,289.3037827,25.70833333,35.17583333,,2.400833333,391.7916667,10216.66667
8/13/2003,51.70833333,10284,10.94907407,289.1857958,26.01304348,31.54304348,,2.338181818,396.5833333,10212.5
8/14/2003,51.6125,10050,10.89583333,289.4217695,25.5,32.45791667,,2.035833333,387.625,10220.83333
8/15/2003,51.72083333,9585,10.95601852,289.893717,25.68181818,34.67227273,,1.940454545,394.0833333,10237.5
8/16/2003,51.74166667,9294,10.96759259,261.6594612,26.0952381,30.22142857,,2.22952381,389.1666667,9240.416667
8/17/2003,51.8,8933,11,259.3127025,31.42857143,23.09142857,,2.352142857,375.826087,9157.541667
8/18/2003,52.00833333,8632,11.11574074,259.9250543,29.61904762,33.64047619,,1.836666667,381.125,9179.166667
8/19/2003,52.29583333,8648,11.27546296,260.125632,27.53333333,42.55619048,,2.009047619,352.5833333,9186.25
8/20/2003,52.425,9005,11.34722222,257.0933697,26.35714286,43.24142857,,1.617142857,364.1666667,9079.166667
8/21/2003,52.70833333,8694,11.50462963,234.2511134,27.94117647,39.15411765,,1.604117647,252.4583333,8272.5
8/22/2003,53.4,8162,11.88888889,231.4430261,22.9962963,75.26222222,,3.296666667,169.1818182,8173.333333
8/23/2003,53.4,8122,11.88888889,231.4430261,23.16666667,65.22708333,,1.607916667,359.7916667,8173.333333
8/24/2003,53.4,7845,11.88888889,232.1037526,25.95833333,41.31333333,,1.778333333,374.0416667,8196.666667
8/25/2003,53.35,8711,11.86111111,245.4598652,26.68181818,34.44727273,,1.754090909,373.4166667,8668.333333
8/26/2003,52.72916667,9209,11.5162037,258.6507962,29.85714286,31.43428571,,1.837142857,299.4166667,9134.166667
8/27/2003,52.375,8964,11.31944444,256.7276104,27.72380952,41.9152381,,2.278571429,219,9066.25
8/28/2003,52.325,8725,11.29166667,257.1995579,25.82608696,37.13565217,,1.7,336.3913043,9082.916667
8/29/2003,52.59166667,8528,11.43981481,259.4531069,25.22727273,42.04454545,,1.964090909,355.625,9162.5
8/30/2003,52.30833333,9085,11.28240741,255.7719168,34,22.336,,3.192,357.6666667,9032.5
8/31/2003,52.36666667,9112,11.31481481,254.3796719,27.54545455,40.43272727,,1.309090909,333.9583333,8983.333333
9/1/2003,52.46666667,8906,11.37037037,255.7955142,29.125,34.07875,,1.994375,342.3333333,9033.333333
9/2/2003,52.45,8656,11.36111111,256.9163894,28.23076923,40.19,,1.503076923,344.875,9072.916667
9/3/2003,52.38333333,8667,11.32407407,244.6457559,28.76190476,41.1252381,,2.058095238,152.173913,8639.583333
9/4/2003,52.40833333,8041,11.33796296,230.5817221,28.1173913,47.33913043,,2.036086957,310.5217391,8142.916667
9/5/2003,52.35,7443,11.30555556,214.311334,26.96428571,67.32857143,,1.396071429,293.6086957,7568.333333
9/6/2003,52.7,7188,11.5,203.3621533,23.09565217,47.47652174,,2.057391304,346.125,7181.666667
9/7/2003,52.55,7272,11.41666667,202.6778295,20.86956522,54.66521739,,2.057826087,181.8181818,7157.5
9/8/2003,52.45416667,6566,11.36342593,202.7958163,21.45454545,38.82727273,,3.508181818,296.6086957,7161.666667
9/9/2003,52.2875,7366,11.27083333,203.3385559,19.09090909,49.97363636,,1.075454545,129.2727273,7180.833333
9/10/2003,52.44166667,6890,11.35648148,202.9256019,21.41666667,53.02833333,,3.344166667,303.4782609,7166.25
9/11/2003,52.6375,7666,11.46527778,221.8506944,28.5375,28.92416667,,5.745,305.4782609,7834.583333
9/12/2003,52.66666667,8000,11.48148148,237.5665442,29.33333333,29.15875,,5.68,217.65,8389.583333
9/13/2003,52.57916667,8299,11.43287037,245.318281,29.26086957,13.96565217,,7.583043478,334.875,8663.333333
9/14/2003,52.27916667,8606,11.2662037,245.2474889,29.03043478,13.34217391,,3.4,333.7916667,8660.833333
9/15/2003,52.2875,8739,11.27083333,243.1591214,23.5,35.9625,,2.142916667,294.125,8587.083333
9/16/2003,52.65416667,7590,11.47453704,219.4319637,21.72272727,47.67727273,,2.314545455,302.9583333,7749.166667
9/17/2003,52.83333333,7955,11.57407407,217.390791,21.30434783,30.36391304,,6.888695652,332.9583333,7677.083333
9/18/2003,52.71666667,7336,11.50925926,218.3228872,25.89473684,15.38157895,,4.793157895,326.5833333,7710
9/19/2003,52.77916667,7211,11.54398148,218.8892242,23,30.69611111,,1.143333333,316.375,7730
9/20/2003,52.88333333,7149,11.60185185,219.6443401,26.31578947,29.44157895,,3.275789474,416.5882353,7756.666667
9/21/2003,52.85833333,8225,11.58796296,219.608944,29.95,18.999,,3.369,314.0833333,7755.416667
9/22/2003,52.7375,7416,11.52083333,216.0929356,28.76190476,27.59428571,,1.420952381,308.9166667,7631.25
9/23/2003,52.82916667,7442,11.57175926,217.4261871,27.95454545,30.14818182,,1.777272727,297.7083333,7678.333333
9/24/2003,52.87916667,7770,11.59953704,218.2402964,26.65217391,37.31956522,,1.475652174,284.1666667,7707.083333
9/25/2003,52.7875,7277,11.54861111,215.8451631,24.25454545,55.885,,1.075454545,288.2916667,7622.5
9/26/2003,52.75416667,7696,11.53009259,214.6180998,24.34782609,55.62695652,,1.386086957,293.625,7579.166667
9/27/2003,52.65416667,7505,11.47453704,216.7654607,23.2047619,57.65809524,,1.322857143,238.9130435,7655
9/28/2003,52.65416667,7554,11.47453704,216.8244541,28,37.49333333,,1.988666667,279.4166667,7657.083333
9/29/2003,52.7625,7371,11.53472222,216.5176883,20.38461538,65.12307692,,1.583076923,283.3043478,7646.25
9/30/2003,52.87916667,6892,11.59953704,202.6188361,19.61904762,52.53666667,,1.028571429,274.0416667,7155.416667
10/1/2003,52.89166667,6890,11.60648148,208.6385257,22.08333333,42.3525,,1.264583333,265.6666667,7368
10/2/2003,52.97916667,7219,11.65509259,213.5125629,22.75,49.632,,1.8265,263.4166667,7540.125
10/3/2003,52.93333333,7247,11.62962963,208.3140618,22.30434783,56.9,,1.923478261,245.9583333,7356.541667
10/4/2003,52.95416667,6984,11.6412037,201.757532,23.8125,52.301875,,2.02625,321.125,7125
10/5/2003,52.975,6851,11.65277778,201.5923504,21.51304348,57.19391304,,1.095217391,247.5,7119.166667
10/6/2003,53.02083333,6998,11.67824074,201.5215582,22.57142857,47.29285714,,1.064285714,252.4166667,7116.666667
10/7/2003,53.025,6689,11.68055556,189.4750998,22.92307692,41.65307692,,1.662307692,250.625,6691.25
10/8/2003,53.15,6634,11.75,184.130295,22.57894737,44.32578947,,1.542631579,217.6956522,6502.5
10/9/2003,53.24166667,6315,11.80092593,184.0595028,19.86363636,48.45681818,,2.245454545,231.375,6500
10/10/2003,53.08333333,6443,11.71296296,187.0327717,18.04166667,33.03708333,,5.4875,261.0833333,6605
10/11/2003,52.87083333,6784,11.59490741,185.7939097,17.86956522,29.37565217,,1.922608696,227,6561.25
10/12/2003,52.9,6448,11.61111111,186.0888769,19.875,40.27666667,,2.765,237.9583333,6571.666667
10/13/2003,52.74166667,6453,11.52314815,187.0563691,21.52173913,19.22130435,,4.786086957,249.1304348,6605.833333
10/14/2003,52.8,6414,11.55555556,186.8911875,17.75,31.22458333,,1.006666667,241.9583333,6600
10/15/2003,52.65416667,6730,11.47453704,187.3277389,15.82608696,45.64869565,,1.028695652,168.8695652,6615.416667
10/16/2003,52.52916667,6710,11.40509259,187.209752,17.58333333,47.97666667,,1.672083333,219.2083333,6611.25
10/17/2003,52.75833333,6902,11.53240741,187.5637126,18.8375,50.95791667,,1.02875,193.75,6623.75
10/18/2003,52.85416667,6675,11.58564815,192.1652002,17.95652174,55.39956522,,0.737391304,187.9583333,6786.25
10/19/2003,52.79583333,6671,11.55324074,194.6783203,18.20833333,51.24708333,,1.26375,206.0416667,6875
10/20/2003,52.84583333,6686,11.58101852,196.5543114,18.86956522,47.90608696,,0.49173913,199.875,6941.25
10/21/2003,52.875,6557,11.59722222,196.5071167,20,49.85652174,,1.029130435,266.3684211,6939.583333
10/22/2003,52.95833333,6939,11.64351852,194.6783203,19.425,51.61041667,,0.985416667,171.7916667,6875
10/23/2003,52.97916667,7163,11.65509259,194.2299702,20.29166667,44.06208333,,3.88,205.9583333,6859.166667
10/24/2003,52.85416667,6541,11.58564815,194.690119,24.54166667,18.08875,,5.23,198.0416667,6875.416667
10/25/2003,53.05833333,6779,11.69907407,194.8670993,26.95833333,14.2225,,5.444583333,196.3333333,6881.666667
10/26/2003,52.99166667,7219,11.66203704,194.7491124,26.80526316,15.42789474,,3.928421053,149.8571429,6877.5
10/27/2003,53.1125,6739,11.72916667,194.7137164,24.22727273,29.79454545,,3.133636364,204.1304348,6876.25
10/28/2003,53.42916667,7168,11.90509259,202.0878952,28.45833333,22.71375,,4.415,167.0434783,7136.666667
10/29/2003,53.34166667,7034,11.85648148,205.6392997,19.91666667,46.66,,1.457083333,155.8571429,7262.083333
10/30/2003,53.0625,6917,11.70138889,203.5037375,13.54545455,35.20090909,,3.039090909,183.2608696,7186.666667
10/31/2003,52.8375,7216,11.57638889,203.2441664,10.68181818,40.95181818,,3.437727273,145.2272727,7177.5
11/1/2003,52.60833333,6891,11.44907407,203.3385559,8.2625,57.17541667,,1.693333333,195.1666667,7180.833333
11/2/2003,52.65833333,6867,11.47685185,203.4211467,7.166666667,50.70666667,,0.877916667,62.91666667,7183.75
11/3/2003,52.68333333,6972,11.49074074,196.0115718,6.435714286,85.70928571,,2.204285714,200.7083333,6922.083333
11/4/2003,52.93333333,7026,11.62962963,199.4331908,6.5,82.58147059,,0.62,167.0869565,7042.916667
11/5/2003,53,6713,11.66666667,196.1059613,10.70833333,73.25458333,,2.100416667,142.9090909,6925.416667
11/6/2003,53.00416667,6801,11.66898148,185.5225399,10.61875,71.64375,,1.189375,75.0625,6551.666667
11/7/2003,52.92916667,6162,11.62731481,176.8505057,10.37142857,95.48285714,,0.984,22.04761905,6245.416667
11/8/2003,52.875,5912,11.59722222,178.4079322,11.55357143,96.74071429,,2.250892857,40.625,6300.416667
11/9/2003,52.89583333,5912,11.6087963,175.9892016,10.88888889,92.95711111,,1.954888889,25.20833333,6215
11/10/2003,52.96666667,5995,11.64814815,173.4052893,11.525,87.3535,,2.7915,179.6086957,6123.75
11/11/2003,53.025,5763,11.68055556,165.1580077,13.2173913,62.39304348,,3.690869565,178.4782609,5832.5
11/12/2003,53.18333333,5451,11.76851852,161.4414216,17.405,39.1885,,6.224,185.3181818,5701.25
11/13/2003,52.98333333,5713,11.65740741,162.066752,11.60869565,66.9673913,,1.518571429,48.86363636,5723.333333
11/14/2003,53.00416667,5682,11.66898148,161.3706295,11.65517241,85.14206897,,2.35862069,27.5,5698.75
11/15/2003,52.84583333,5471,11.58101852,155.5892733,10.78125,88.31,,5.1134375,45.16666667,5494.583333
11/16/2003,52.97916667,5493,11.65509259,156.8281354,9.681818182,93.75409091,,1.484545455,37.625,5538.333333
11/17/2003,53.2125,5073,11.78472222,155.6836628,11.96666667,81.601,,2.434666667,115.4166667,5497.916667
11/18/2003,53.34583333,4805,11.8587963,149.0763986,10.39130435,79.85478261,,1.184347826,151.25,5264.583333
11/19/2003,53.25,5050,11.80555556,144.9586572,10.83478261,83.88826087,,0.514347826,103.2916667,5119.166667
11/20/2003,53.38333333,5312,11.87962963,150.6102278,11.24,80.17228571,,0.910571429,77.85714286,5318.75
11/21/2003,53.1875,5135,11.77083333,143.1416595,6.956521739,60.14217391,,1.856956522,149.173913,5055
11/22/2003,52.88333333,5083,11.60185185,143.0944648,5.956521739,53.47695652,,3.04173913,156.375,5053.333333
11/23/2003,52.71666667,4776,11.50925926,143.424828,9.086956522,29.49956522,,4.16173913,160.0869565,5065
11/24/2003,52.64583333,4899,11.46990741,143.613607,5.541666667,67.22875,,0.45,151.6521739,5071.666667
11/25/2003,52.7125,4993,11.50694444,144.3805216,4.347826087,72.47,,1.028695652,98.54166667,5098.75
11/26/2003,52.65833333,4981,11.47685185,145.5839875,7.166666667,70.96375,,1.178333333,144.7826087,5141.25
11/27/2003,52.6125,5229,11.45138889,145.642981,8.958333333,56.59041667,,2.979583333,98.13043478,5143.333333
11/28/2003,52.65833333,4952,11.47685185,145.4306046,7.916666667,82.75166667,,0.4925,32.29166667,5135.833333
11/29/2003,52.82083333,5324,11.56712963,144.8642677,9.083333333,93.83041667,,2.122916667,15.625,5115.833333
11/30/2003,52.8875,5134,11.60416667,145.2064296,10.05833333,90.74958333,,2.70125,32.45833333,5127.916667
12/1/2003,52.775,4832,11.54166667,146.091331,9.685714286,96.07257143,,1.748571429,24.125,5159.166667
12/2/2003,52.775,4623,11.54166667,140.7819223,10.53571429,96.90928571,,1.027678571,32.18181818,4971.666667
12/3/2003,52.69166667,4836,11.49537037,129.7619495,9.830508475,96.30237288,,0.453220339,119.3478261,4582.5
12/4/2003,52.62916667,4788,11.46064815,128.6646717,9.344230769,94.94403846,,1.473653846,15.875,4543.75
12/5/2003,52.7,4612,11.5,126.1751489,10.21212121,96.9530303,,1.776969697,9.708333333,4455.833333
12/6/2003,52.63333333,4756,11.46296296,140.6285394,12.86111111,91.24611111,,8.902777778,17.70833333,4966.25
12/7/2003,52.3625,4188,11.3125,126.6942911,11.39130435,86.20130435,,3.399565217,87.28571429,4474.166667
12/8/2003,51.85416667,4199,11.03009259,127.2370307,6.458333333,76.38791667,,1.542916667,121.5,4493.333333
12/9/2003,51.94166667,4527,11.0787037,128.2045229,7.461538462,78.61076923,,1.741538462,28.58333333,4527.5
12/10/2003,51.85833333,4629,11.03240741,128.6056783,6.552631579,92.40947368,,2.234210526,35.66666667,4541.666667
12/11/2003,52.1375,4192,11.1875,127.3078228,7.973684211,89.54657895,,1.082631579,116.9583333,4495.833333
12/12/2003,52.3125,4897,11.28472222,127.0600504,7.176470588,95.965,,1.240882353,18.5,4487.083333
12/13/2003,52.26666667,5064,11.25925926,128.6646717,8.006060606,96.51,,3.601515152,4.5,4543.75
12/14/2003,51.73333333,4683,10.96296296,137.8322508,10.3,80.8165,,7.974,125.5833333,4867.5
12/15/2003,51.2,5742,10.66666667,172.6737708,5.978947368,73.79947368,,1.624736842,99.33333333,6097.916667
12/16/2003,51.725,8901,10.95833333,256.3382538,4.917391304,80.96391304,,0.826521739,80,9052.5
12/17/2003,52.2125,8914,11.22916667,256.0550853,7.272727273,71.18545455,,1.659545455,97.65217391,9042.5
12/18/2003,52.20416667,9246,11.22453704,255.878105,6.454545455,75.99045455,,0.606818182,95.75,9036.25
12/19/2003,52.01666667,8951,11.12037037,255.5831379,6.45,81.378,,1.3375,62,9025.833333
12/20/2003,51.8625,9073,11.03472222,256.255663,8.204761905,96.75761905,,0.856904762,26.2,9049.583333
12/21/2003,51.8125,8957,11.00694444,255.6185339,8.981481481,95.125,,0.6,123.65,9027.083333
12/22/2003,51.65833333,11050,10.9212963,313.7152642,6.12,90.64566667,,0.583,77.26315789,11078.75
12/23/2003,51.59583333,14097,10.88657407,431.5959368,5.202898551,97.82942029,,0.931304348,17.55555556,15241.66667
12/24/2003,51.0625,14034,10.59027778,440.3269645,10.875,90.89145833,,9.260208333,11.95,15550
12/25/2003,51.15416667,14467,10.6412037,427.9383441,6.789473684,87.95736842,,1.705789474,132.0869565,15112.5
12/26/2003,51.35833333,14795,10.75462963,417.5555004,5.813043478,58.27826087,,2.393043478,130.6666667,14745.83333
12/27/2003,51.40416667,15292,10.78009259,420.0332244,1.616,78.1048,,0.452,92.20833333,14833.33333
12/28/2003,51.2375,14354,10.6875,420.6231588,0.236842105,91.43184211,,0.365526316,30.75,14854.16667
12/29/2003,50.425,10736,10.23611111,301.5626175,1.780769231,96.88692308,,2.028076923,6.166666667,10649.58333
12/30/2003,50.45833333,10910,10.25462963,287.4159929,4.782608696,89.37565217,,2.371304348,156.7272727,10150
12/31/2003,50.62916667,10421,10.34953704,289.067809,6.25,87.078125,,0.77125,20.05882353,10208.33333
1/1/2004,49.55833333,10339,9.75462963,297.0319221,7.992857143,84.88785714,,8.984285714,84.85714286,10489.58333
1/2/2004,49.4,10049,9.666666667,312.3112205,4.4,86.42028571,,1.881142857,84.36363636,11029.16667
1/3/2004,49.85833333,13058,9.921296296,364.6973867,0.104166667,91.44083333,,0.674375,124.4583333,12879.16667
1/4/2004,50.1625,12800,10.09027778,363.8714787,1.964285714,82.35142857,,0.275714286,109.0416667,12850
1/5/2004,49.92083333,12317,9.956018519,353.6066218,3.666666667,74.73166667,,1.820833333,128.0833333,12487.5
1/6/2004,49.9875,13068,9.993055556,358.7980437,7.333333333,71.10333333,,1.972083333,29.125,12670.83333
1/7/2004,50.42916667,12838,10.23842593,361.8657021,4.871794872,94.07769231,,1.741282051,12.16666667,12779.16667
1/8/2004,50.59583333,13083,10.33101852,361.1577809,6.924242424,98.79621212,,1.46469697,22.82608696,12754.16667
1/9/2004,50.29583333,11883,10.16435185,325.1717884,5.857142857,98.10053571,,1.46,12.08333333,11483.33333
1/10/2004,49.85,10658,9.916666667,286.2951177,8.714285714,92.46214286,,1.781785714,78.44444444,10110.41667
1/11/2004,49.99583333,8691,9.997685185,246.2503772,8.2,87.96457143,,1.483428571,130.0833333,8696.25
1/12/2004,50.04583333,8458,10.02546296,238.7700102,7.473076923,84.48807692,,0.514230769,81.36363636,8432.083333
1/13/2004,49.70416667,7213,9.835648148,214.1343537,4.803921569,95.45882353,,0.231764706,116.625,7562.083333
1/14/2004,49.57916667,7195,9.766203704,186.7024085,4.303030303,97.64939394,,0.685454545,38.68181818,6593.333333
1/15/2004,49.6,6254,9.777777778,182.513875,7.846153846,89.80461538,,1.52974359,101.7727273,6445.416667
1/16/2004,49.75416667,6038,9.863425926,167.5413423,6.454545455,94.35763636,,2.132181818,79.75,5916.666667
1/17/2004,49.61666667,5773,9.787037037,162.0431546,4.529411765,95.61588235,,0.947647059,103.6666667,5722.5
1/18/2004,49.55,5718,9.75,156.580363,8.807692308,81.69923077,,0.968846154,108.173913,5529.583333
1/19/2004,49.475,5263,9.708333333,151.4951293,5.615384615,93.57333333,,0.369230769,56.5,5350
1/20/2004,49.4,5174,9.666666667,146.3980969,6.619047619,85.10809524,,1.971190476,125.5714286,5170
1/21/2004,49.16666667,5019,9.537037037,141.6786224,12.41666667,38.2225,,4.844166667,119.2727273,5003.333333
1/22/2004,48.81666667,4909,9.342592593,136.7113756,6.341666667,60.99375,,1.2,158,4827.916667
1/23/2004,48.70416667,4753,9.280092593,127.4612057,3.791666667,78.1925,,0.620833333,107.3913043,4501.25
1/24/2004,48.79583333,4765,9.331018519,123.6974249,7.596153846,94.02826923,,0.494423077,39.41666667,4368.333333
1/25/2004,48.27083333,4421,9.039351852,123.4378538,4.75,81.50416667,,2.100277778,122.4347826,4359.166667
1/26/2004,48.18333333,4248,8.990740741,128.3697046,4.161538462,75.60461538,,1.443846154,43.39130435,4533.333333
1/27/2004,47.86666667,4530,8.814814815,129.9035337,4.448979592,94.45142857,,1.931428571,23.31818182,4587.5
1/28/2004,47.8,4939,8.777777778,126.3167332,2.020833333,95.071875,,0.717291667,90.56521739,4460.833333
1/29/2004,48.3125,4428,9.0625,126.8004793,5.633333333,88.21814815,,1.047037037,173.6666667,4477.916667
1/30/2004,48.68333333,4237,9.268518519,127.8033676,8.625,87.7855,,3.009,69.95238095,4513.333333
1/31/2004,48.62083333,4684,9.233796296,127.5201992,5.913043478,69.23043478,,2.706956522,179.6521739,4503.333333
2/1/2004,48.33333333,4649,9.074074074,127.9685492,5.771428571,79.208,,1.116571429,49.26086957,4519.166667
2/2/2004,48.15,4684,8.972222222,131.3901682,5.5,94.91530303,,2.158636364,8.666666667,4640
2/3/2004,47.96666667,4352,8.87037037,129.6085666,6.44,94.5578,,0.8018,39.22727273,4577.083333
2/4/2004,47.97916667,4302,8.877314815,127.6499847,4.35483871,94.30032258,,0.829354839,100.3157895,4507.916667
2/5/2004,48.25833333,4310,9.032407407,129.6203653,8.873913043,61.78521739,,3.153913043,9.5,4577.5
2/6/2004,48.24166667,4187,9.023148148,130.3636825,8.148484848,69.6978125,,1.237777778,82,4603.75
2/7/2004,48.20416667,4437,9.002314815,130.3990786,3.661290323,91.82806452,,1.169354839,195.047619,4605
2/8/2004,48.125,4333,8.958333333,130.8356299,10.06666667,42.415,,5.229583333,143.6363636,4620.416667
2/9/2004,48.14166667,4602,8.967592593,129.5967679,11.79166667,32.60458333,,7.33125,70.66666667,4576.666667
2/10/2004,48.0375,4705,8.909722222,129.0186323,12.50416667,28.20666667,,6.217083333,0,4556.25
2/11/2004,48.1125,4676,8.951388889,126.7414859,8.25,57.99791667,,0.7925,,4475.833333
2/12/2004,48.26666667,4729,9.037037037,127.4730044,15.42142857,34.9375,,1.001111111,222.6111111,4501.666667
2/13/2004,48.18333333,4306,8.990740741,126.5645056,7.083333333,64.91583333,,1.864166667,72.70833333,4469.583333
2/14/2004,48.2875,4393,9.048611111,127.2724267,8.625,82.06916667,,1.714583333,103.5652174,4494.583333
2/15/2004,48.24166667,4389,9.023148148,128.1573282,9.354166667,92.74208333,,0.749375,31.625,4525.833333
2/16/2004,47.97916667,5386,8.877314815,148.1796985,9.887096774,94.96064516,,3.53483871,10.73913043,5232.916667
2/17/2004,47.60416667,7532,8.668981481,254.2734837,12.36666667,89.52,,11.113,19.65217391,8979.583333
2/18/2004,48.40833333,32473,9.115740741,933.3940558,11.86486486,86.7572973,,7.035675676,135.0909091,32962.5
2/19/2004,47.99166667,48773,8.884259259,1438.731781,11.20833333,55.3475,,2.2075,226.0434783,50808.33333
2/20/2004,48.07916667,48348,8.93287037,1408.409157,10.08,63.1556,,1.666,209.2916667,49737.5
2/21/2004,48.11666667,49953,8.953703704,1422.567581,10.25,76.73857143,,1.285357143,61.16666667,50237.5
2/22/2004,48.125,48947,8.958333333,1417.612133,8.705882353,93.90088235,,1.694117647,51.40909091,50062.5
2/23/2004,48.1625,49405,8.979166667,1398.616248,9.527777778,89.79722222,,1.356111111,203.7619048,49391.66667
2/24/2004,47.99166667,49796,8.884259259,1418.08408,10.88235294,78.01205882,,6.007352941,58.52631579,50079.16667
2/25/2004,48.1375,28471,8.965277778,819.5367351,10.08888889,86.51533333,,8.551555556,206.625,28941.66667
2/26/2004,47.91666667,33772,8.842592593,1030.851203,9.628571429,82.69,,11.50942857,82.04347826,36404.16667
2/27/2004,48,50138,8.888888889,1521.322583,7.642857143,83.325,,1.102142857,218.8571429,53725
2/28/2004,48,50537,8.888888889,1525.57011,8.625,69.80583333,,2.485833333,195.4761905,53875
2/29/2004,48,48549,8.888888889,1483.802761,8.173913043,71.33304348,,1.184782609,204.7826087,52400
3/1/2004,48,48335,8.888888889,1466.812653,7.35,93.6165,,2.726,107.7777778,51800
3/2/2004,48.1875,49055,8.993055556,1470.116286,9.291666667,66.9025,,4.500833333,238.875,51916.66667
3/3/2004,48.14166667,48244,8.967592593,1454.777994,10.36363636,55.84772727,,2.946363636,156.6,51375
3/4/2004,48.20416667,41170,9.002314815,1219.984141,10.91666667,56.73291667,,2.122083333,264,43083.33333
3/5/2004,48.32916667,33285,9.071759259,1013.035187,11.7125,62.3875,,2.078333333,118.5416667,35775
3/6/2004,48.41666667,30530,9.12037037,878.1762049,11.52916667,74.22541667,,1.349583333,241.45,31012.5
3/7/2004,48.5125,24492,9.173611111,739.0696961,16.70416667,51.03541667,,3.344166667,261.8333333,26100
3/8/2004,48.62083333,22333,9.233796296,640.0787198,18.625,47.045,,2.014583333,278.2272727,22604.16667
3/9/2004,48.36666667,17316,9.092592593,556.601836,20.83333333,46.36888889,,1.857777778,257.7619048,19656.20833
3/10/2004,48.26666667,14780,9.037037037,464.4340399,21.58333333,29.85208333,,5.659166667,328.5,16401.33333
3/11/2004,48.34166667,14607,9.078703704,373.6643882,21.39130435,23.30130435,,3.959130435,273.0869565,13195.83333
3/12/2004,48.29166667,12482,9.050925926,314.7889446,18.04166667,44.67083333,,2.850833333,278.4166667,11116.66667
3/13/2004,48.24583333,9494,9.025462963,271.7237404,19.52380952,36.08619048,,3.062380952,298.8095238,9595.833333
3/14/2004,48.5,9194,9.166666667,233.9325489,19.04166667,49.70875,,1.993333333,271.8,8261.25
3/15/2004,48.45,7423,9.138888889,199.8697422,21.35,32.43458333,,3.879583333,270.5652174,7058.333333
3/16/2004,48.35833333,7011,9.087962963,176.6263306,21.53636364,27.20318182,,4.583181818,141.4444444,6237.5
3/17/2004,48.45833333,5988,9.143518519,167.0811936,21.41666667,30.89,,2.915416667,287.6666667,5900.416667
3/18/2004,48.49166667,5664,9.162037037,160.2143583,18.33333333,53.03958333,,1.65,240.5909091,5657.916667
3/19/2004,48.58333333,5575,9.212962963,153.382919,19.30434783,41.81826087,,2.012173913,366.3157895,5416.666667
3/20/2004,48.60833333,5525,9.226851852,148.4392696,17.56956522,45.90695652,,1.833913043,313.7222222,5242.083333
3/21/2004,48.8625,5065,9.368055556,144.0029636,18.79166667,49.20416667,,1.307083333,345.55,5085.416667
3/22/2004,48.74166667,4896,9.300925926,136.1568374,18.29166667,58.92916667,,1.500416667,262.5652174,4808.333333
3/23/2004,48.6125,4901,9.229166667,128.0275427,16.91666667,76.04708333,,1.693333333,234.9230769,4521.25
3/24/2004,48.64166667,4912,9.24537037,127.8033676,16.26086957,61.52695652,,3.602608696,283.4761905,4513.333333
3/25/2004,48.45416667,4625,9.141203704,127.862361,12.10714286,74.73607143,,6.081785714,60.75,4515.416667
3/26/2004,48.325,4661,9.069444444,129.8209429,7.875862069,88.76655172,,2.021724138,103.5555556,4584.583333
3/27/2004,48.74166667,4748,9.300925926,132.0626933,11.68965517,75.58206897,,2.891724138,216.8,4663.75
3/28/2004,49.25416667,4216,9.585648148,129.0776257,17.25925926,47.5762963,,3.467777778,327.6315789,4558.333333
3/29/2004,49.34166667,4679,9.634259259,129.1484178,16.96521739,61.99956522,,1.721304348,285.3157895,4560.833333
3/30/2004,49.37916667,3701,9.655092593,129.3607942,14.2,78.8408,,2.14,148.4166667,4568.333333
3/31/2004,49.5,4044,9.722222222,130.3282864,12.65,57.3145,,2.624,332.5,4602.5
4/1/2004,49.72916667,4448,9.849537037,132.6880237,16.05555556,33.875,,4.402222222,345.4090909,4685.833333
4/2/2004,49.71666667,6251,9.842592593,175.7650265,16.9,28.1825,,8.155,338.5833333,6207.083333
4/3/2004,49.20833333,6177,9.560185185,175.7296305,15.87727273,57.48318182,,1.636818182,332.75,6205.833333
4/4/2004,49.05652174,6167,9.475845411,174.1978532,15.75,69.38,,1.17875,305.4166667,6151.73913
4/5/2004,49.10833333,5833,9.50462963,175.82402,14.10357143,71.91392857,,2.48,312.9166667,6209.166667
4/6/2004,49.12083333,6082,9.511574074,179.0332626,14.34782609,69.07043478,,2.146956522,322.6190476,6322.5
4/7/2004,48.825,12118,9.347222222,360.2610808,16.76818182,59.52227273,,2.267727273,346.4782609,12722.5
4/8/2004,48.95,12865,9.416666667,381.8054815,21.7826087,36.8973913,,3.825217391,348.25,13483.33333
4/9/2004,49.64166667,14125,9.800925926,396.0818917,22.63636364,30.21454545,,4.56,356.7916667,13987.5
4/10/2004,50.35833333,14340,10.19907407,396.3178654,23.13043478,23.96478261,,4.719565217,356.75,13995.83333
4/11/2004,50.7,13735,10.38888889,395.845918,18.95833333,46.03791667,,1.542916667,342.1666667,13979.16667
4/12/2004,50.69583333,12355,10.38657407,344.7576073,18,51.80708333,,1.693333333,306.9130435,12175
4/13/2004,50.40833333,10560,10.22685185,295.9110469,15.7037037,58.73518519,,4.03962963,285.2916667,10450
4/14/2004,49.95,10170,9.972222222,293.6692965,13.61153846,58.75576923,,5.817307692,241.5833333,10370.83333
4/15/2004,49.70416667,10306,9.835648148,291.5927278,12.40416667,53.12958333,,4.523333333,335.9583333,10297.5
4/16/2004,49.85,8802,9.916666667,251.028845,10.77142857,63.99428571,,2.328095238,294.0952381,8865
4/17/2004,49.5375,7659,9.743055556,217.957128,11.26666667,69.50142857,,2.571428571,214.7916667,7697.083333
4/18/2004,48.6,6852,9.222222222,185.0151964,10.32916667,79.53333333,,3.772083333,177.4166667,6533.75
4/19/2004,48.5875,6234,9.215277778,176.2841687,10.10344828,85.0562069,,5.81862069,92.56521739,6225.416667
4/20/2004,48.57916667,5749,9.210648148,175.9420068,12.48717949,81.99769231,,7.321282051,117.5,6213.333333
4/21/2004,48.97916667,5681,9.43287037,173.7828473,13.29166667,75.43458333,,4.435833333,321.3043478,6137.083333
4/22/2004,49.59583333,6204,9.775462963,173.4878801,14.7826087,45.30086957,,4.608695652,381.0416667,6126.666667
4/23/2004,49.68333333,5820,9.824074074,174.018821,17.83333333,49.20958333,,2.6375,349.7916667,6145.416667
4/24/2004,49.9375,6837,9.965277778,189.3571129,21.90833333,36.09708333,,3.879166667,377.75,6687.083333
4/25/2004,49.81666667,6913,9.898148148,204.4004376,23.31578947,36.10631579,,2.138421053,410.8181818,7218.333333
4/26/2004,49.85416667,7414,9.918981481,216.2227211,23.68181818,43.705,,1.426818182,375.5416667,7635.833333
4/27/2004,49.73333333,7864,9.851851852,222.9125761,23.16666667,53.1875,,1.135416667,370.5,7872.083333
4/28/2004,49.69166667,8669,9.828703704,231.5728117,22.70833333,30.96541667,,4.2225,315.7826087,8177.916667
4/29/2004,49.4625,8115,9.701388889,245.8728192,20.86956522,21.53782609,,5.994347826,334.3043478,8682.916667
4/30/2004,49.42083333,8033,9.678240741,247.3712524,20,42.38571429,,1.665714286,282.5909091,8735.833333
5/1/2004,49.59166667,9611,9.773148148,260.9869361,20.13043478,48.89043478,,1.095652174,120.4375,9216.666667
5/2/2004,49.57083333,8782,9.761574074,259.488503,23.82608696,45.28695652,,1.789565217,202.2307692,9163.75
5/3/2004,49.7125,8998,9.840277778,263.0989009,24.77272727,46.52409091,,1.824090909,343.2105263,9291.25
5/4/2004,49.75416667,9757,9.863425926,269.824152,26.9375,38.13,,2.89375,362.1176471,9528.75
5/5/2004,49.57083333,9595,9.761574074,285.4102163,21.69565217,42.06478261,,4.563478261,309.5217391,10079.16667
5/6/2004,49.22916667,10573,9.571759259,309.7155096,18.6875,45.225625,,3.954375,294.5,10937.5
5/7/2004,48.98333333,10084,9.435185185,348.2972131,17.93333333,52.72666667,,3.429333333,246.125,12300
5/8/2004,49.01666667,10084,9.453703704,294.141244,17.33913043,61.17608696,,2.169130435,200.25,10387.5
5/9/2004,49.17916667,10084,9.543981481,294.8491651,17.19,52.481,,0.8745,274.2916667,10412.5
5/10/2004,49.24583333,10183,9.581018519,293.7754847,16.16666667,62.31111111,,2.943888889,296.5909091,10374.58333
5/11/2004,49.0625,9865,9.479166667,269.222419,15.33333333,47.95428571,,3.037619048,379.0833333,9507.5
5/12/2004,49.17083333,9378,9.539351852,256.9045907,16.84210526,41.47157895,,3.060526316,435.6521739,9072.5
5/13/2004,49.40833333,8968,9.671296296,257.5181224,21,41.26105263,,1.705789474,402.7916667,9094.166667
5/14/2004,49.3625,8837,9.645833333,258.1316541,21.14285714,46.15666667,,1.86047619,369.8181818,9115.833333
5/15/2004,49.43333333,9151,9.685185185,257.1051684,24.3,38.7245,,2.161,397.5416667,9079.583333
5/16/2004,49.52916667,9269,9.738425926,257.459129,23.22222222,30.19333333,,3.487222222,412.7916667,9092.083333
5/17/2004,49.5375,9084,9.743055556,257.5889145,19.47826087,48.54217391,,3.757391304,376.25,9096.666667
5/18/2004,49.55416667,8307,9.752314815,242.7933622,15.7,75.09966667,,3.086451613,229.25,8574.166667
5/19/2004,49.34166667,8316,9.634259259,242.2388239,19.13043478,53.13086957,,3.176521739,347.1666667,8554.583333
5/20/2004,49.70833333,8036,9.837962963,231.8559802,19.5,50.56625,,2.786666667,293.1666667,8187.916667
5/21/2004,49.6,8099,9.777777778,233.2246277,19.47826087,56.96782609,,2.192173913,250.4761905,8236.25
5/22/2004,49.49166667,8701,9.717592593,245.4008718,18.29166667,65.16666667,,3.558333333,148.8333333,8666.25
5/23/2004,49.49166667,8457,9.717592593,246.6751299,19.22083333,44.34458333,,4.09375,271.5555556,8711.25
5/24/2004,49.8125,7973,9.895833333,247.5128366,19.52631579,42.70105263,,2.112631579,364.5454545,8740.833333
5/25/2004,49.86666667,9435,9.925925926,270.65006,28.125,23.225,,2.7,360.0434783,9557.916667
5/26/2004,49.64166667,9665,9.800925926,272.9154077,23.85238095,42.92333333,,2.204285714,329.6521739,9637.916667
5/27/2004,49.76666667,10999,9.87037037,297.4448761,23.85217391,51.1126087,,4.43,251.3333333,10504.16667
5/28/2004,49.63333333,10262,9.796296296,298.8607184,19.16666667,64.57875,,3.729583333,187.4166667,10554.16667
5/29/2004,49.77083333,11072,9.872685185,312.5471943,18.69565217,37.14043478,,3.98173913,353.7083333,11037.5
5/30/2004,49.87916667,10846,9.93287037,312.5471943,23.35,35.1255,,2.546,352.625,11037.5
5/31/2004,49.87916667,11040,9.93287037,311.6032994,23,44.50076923,,2.294615385,365.6086957,11004.16667
6/1/2004,49.97916667,11008,9.988425926,311.95726,25.47826087,34.42347826,,1.901304348,353.5416667,11016.66667
6/2/2004,50.2,10963,10.11111111,311.95726,26.95238095,33.4852381,,2.940952381,349.5,11016.66667
6/3/2004,50.1875,11233,10.10416667,313.3731023,26.54545455,40.03636364,,1.941363636,320.6666667,11066.66667
6/4/2004,50.29166667,10493,10.16203704,316.4407607,30.07142857,33.21428571,,2.572857143,347.2083333,11175
6/5/2004,50.30416667,13769,10.16898148,383.8112582,29.45333333,30.17666667,,2.365333333,482.2142857,13554.16667
6/6/2004,50.33333333,13442,10.18518519,381.2155472,23.86956522,33.86826087,,2.706521739,357.125,13462.5
6/7/2004,50.2,13876,10.11111111,400.5653924,20.95652174,31.53434783,,4.093478261,351.4347826,14145.83333
6/8/2004,50.14166667,13117,10.0787037,399.1495501,19.13043478,36.19347826,,5.547391304,274.9090909,14095.83333
6/9/2004,50.25,14568,10.13888889,400.093445,20.23478261,40.72695652,,3.109130435,315.7083333,14129.16667
6/10/2004,50.34166667,14255,10.18981481,405.16688,20.40909091,57.78363636,,3.625,373.1333333,14308.33333
6/11/2004,50.58333333,14168,10.32407407,402.6891559,21.9375,44.053125,,2.668125,351.9565217,14220.83333
6/12/2004,50.7125,13897,10.39583333,401.745261,23.53333333,34.53733333,,2.401333333,348.5,14187.5
6/13/2004,50.7125,13757,10.39583333,398.0876683,25.2,33.4095,,1.903,354.9583333,14058.33333
6/14/2004,50.87916667,13810,10.48842593,401.0373399,26.875,30.46625,,4.75875,306.45,14162.5
6/15/2004,51.01666667,14373,10.56481481,413.7799208,34.125,13.97625,,7.201666667,369.6086957,14612.5
6/16/2004,50.9375,15156,10.52083333,425.46062,31.47083333,20.13208333,,6.409166667,360.0833333,15025
6/17/2004,50.99166667,14698,10.55092593,435.1355426,31.07142857,27.775,,2.829285714,364.1363636,15366.66667
6/18/2004,51.4375,14558,10.79861111,428.1743178,25.38095238,47.29857143,,2.963333333,352.625,15120.83333
6/19/2004,51.72916667,15524,10.96064815,426.4045149,25.76190476,42.60095238,,2.596190476,358.6666667,15058.33333
6/20/2004,51.82916667,14964,11.0162037,426.7584755,26.77272727,38.69136364,,1.613181818,342.6086957,15070.83333
6/21/2004,51.75416667,14140,10.97453704,424.7526989,29.15,37.3275,,2.3155,356.9583333,15000
6/22/2004,51.56666667,14551,10.87037037,428.056331,28.13636364,45.01727273,,2.431818182,352.0833333,15116.66667
6/23/2004,51.7375,14878,10.96527778,426.6404887,26.66666667,45.76208333,,2.89375,356.625,15066.66667
6/24/2004,51.90416667,14422,11.05787037,427.230423,27.3,38.682,,2.34,319.0869565,15087.5
6/25/2004,51.8,15380,11,428.6462653,22.57142857,49.07714286,,1.322857143,93.625,15137.5
6/26/2004,51.8,14934,11,430.4160682,27.35909091,32.23545455,,2.361363636,372.7916667,15200
6/27/2004,51.8,15025,11,428.882239,28.56956522,30.86043478,,3.264782609,371.2083333,15145.83333
6/28/2004,51.85,14778,11.02777778,427.3484098,30.15789474,38.55368421,,2.681052632,237.2857143,15091.66667
6/29/2004,51.79166667,14195,10.99537037,427.3484098,26.92121212,51.47545455,,4.083939394,330.4583333,15091.66667
6/30/2004,51.7375,14861,10.96527778,427.1124361,25.86956522,49.18565217,,3.66826087,345.875,15083.33333
7/1/2004,51.74583333,14349,10.96990741,427.230423,26.29166667,49.87916667,,2.48625,350.0833333,15087.5
7/2/2004,51.82916667,14951,11.0162037,429.4721733,28.09090909,50.86727273,,2.501818182,351.5652174,15166.66667
7/3/2004,51.45833333,14815,10.81018519,424.5167252,29.82173913,40.88782609,,2.66173913,346.9583333,14991.66667
7/4/2004,51.55,14463,10.86111111,426.1685412,29.75,46.27583333,,2.48625,351.0833333,15050
7/5/2004,51.72916667,14749,10.96064815,423.808804,32.08095238,36.01285714,,2.67,353.1666667,14966.66667
7/6/2004,51.7,14073,10.94444444,421.9210142,33.56521739,33.55130435,,2.348695652,327.6818182,14900
7/7/2004,51.8,14255,11,420.5051719,30.93333333,39.73,,3.665416667,558.1333333,14850
7/8/2004,52.1,14982,11.16666667,416.2576449,26.69583333,46.3375,,3.344166667,360.0833333,14700
7/9/2004,52.3625,14965,11.3125,423.2188697,24.95652174,42.71347826,,3.332608696,354.5833333,14945.83333
7/10/2004,52.2125,15577,11.22916667,429.5901602,23.72727273,46.79863636,,2.572272727,332.5,15170.83333
7/11/2004,52.3,15509,11.27777778,428.1743178,27.54166667,35.07083333,,2.762105263,378.3478261,15120.83333
7/12/2004,52.39166667,14640,11.3287037,425.46062,26.33333333,32.06533333,,2.866190476,365.4166667,15025
7/13/2004,52.6,15006,11.44444444,424.7526989,29.475,27.276875,,3.086875,688.4166667,15000
7/14/2004,52.6,14887,11.44444444,424.7526989,27.72727273,26.82590909,,2.619545455,371.9583333,15000
7/15/2004,52.67916667,15210,11.48842593,424.7526989,30.57857143,19.04857143,,3.159285714,380.8695652,15000
7/16/2004,52.66666667,14701,11.48148148,424.7526989,31.26666667,23.16266667,,2.434,357.6666667,15000
7/17/2004,52.4375,14686,11.35416667,424.7526989,29.26086957,32.5273913,,2.326086957,354.5217391,15000
7/18/2004,52.44583333,14779,11.3587963,424.7526989,28.88888889,36.45055556,,2.115555556,306.7916667,15000
7/19/2004,52.4875,14498,11.38194444,425.3426332,29.68421053,33.39315789,,2.842631579,310,15020.83333
7/20/2004,52.6,14769,11.44444444,426.1685412,33.2,30.44375,,2.888461538,341.7916667,15050
7/21/2004,52.80416667,14782,11.55787037,452.8335718,33.53846154,23.57454545,,2.7875,355.5833333,15991.66667
7/22/2004,51.925,16174,11.06944444,472.1834169,31.75,31.4875,,2.41125,353.375,16675
7/23/2004,51.89166667,16914,11.05092593,475.7230227,35.07692308,27.40384615,,3.72,346.4583333,16800
7/24/2004,51.99166667,16097,11.10648148,470.413614,32.77777778,37.02666667,,3.714444444,293.9130435,16612.5
7/25/2004,51.97916667,16223,11.09953704,469.7056928,30.8,35.17866667,,2.264,341.0416667,16587.5
7/26/2004,52.15416667,15926,11.19675926,468.6438111,29.9625,32.05375,,2.315,349.9166667,16550
7/27/2004,52.1625,15832,11.20138889,442.450728,34.875,18.58875,,1.92875,340.5,15625
7/28/2004,52.42083333,15531,11.34490741,443.0406623,31.72727273,32.25,,2.48,307.6956522,15645.83333
7/29/2004,52.48333333,14580,11.37962963,412.9540128,28.66666667,36.72333333,,3.027777778,346.2608696,14583.33333
7/30/2004,52.4125,14288,11.34027778,410.3583019,29.75,30.765,,2.315,327.7083333,14491.66667
7/31/2004,51.65,14402,10.91666667,415.1957632,29.85714286,28.70125,,3.28,339.2083333,14662.5
8/1/2004,51.4375,14261,10.79861111,411.5381705,26.18181818,45.37818182,,1.964545455,341.0416667,14533.33333
8/2/2004,51.5125,14183,10.84027778,412.7180391,26.09090909,39.76181818,,2.386363636,325.173913,14575
8/3/2004,51.56666667,13311,10.87037037,398.6776026,26.08333333,43.67416667,,1.544166667,324.2916667,14079.16667
8/4/2004,52.37916667,13759,11.32175926,389.0026801,25.57142857,48.01714286,,2.4,351.4545455,13737.5
8/5/2004,52.975,13224,11.65277778,392.7782596,26.292,41.452,,3.5812,291.625,13870.83333
8/6/2004,51.9625,13191,11.09027778,373.5464013,24.91666667,36.61208333,,2.2725,307.5416667,13191.66667
8/7/2004,51.625,12951,10.90277778,358.2081094,27.26666667,35.92541667,,2.4,330.2916667,12650
8/8/2004,51.87083333,12766,11.03935185,358.3260962,29,30.0988,,1.358,329.2916667,12654.16667
8/9/2004,52.06666667,12423,11.14814815,358.3260962,29.30434783,32.26478261,,2.348695652,327.7083333,12654.16667
8/10/2004,52.14166667,12205,11.18981481,358.56207,29.68181818,28.22045455,,1.636818182,332.5416667,12662.5
8/11/2004,51.64166667,11947,10.91203704,345.7015021,28.85909091,29.12954545,,2.174090909,329.875,12208.33333
8/12/2004,51.47083333,11463,10.81712963,331.3071051,29.2195122,28.1895122,,1.291707317,224.826087,11700
8/13/2004,51.78333333,10994,10.99074074,315.9688132,29.23529412,40.16588235,,1.603529412,319.2777778,11158.33333
8/14/2004,51.775,10459,10.98611111,303.6981797,28.27272727,38.53636364,,1.940909091,301.6666667,10725
8/15/2004,52,10385,11.11111111,302.1643505,25.28571429,46.55857143,,2.473809524,313.4166667,10670.83333
8/16/2004,51.975,11358,11.09722222,302.636298,25.5,42.785,,1.971666667,339.1904762,10687.5
8/17/2004,51.34583333,10001,10.74768519,303.2262323,27.95833333,40.4975,,1.885833333,275.4782609,10708.33333
8/18/2004,51.3,10371,10.72222222,290.3656644,30.7826087,35.38043478,,2.594347826,291.6666667,10254.16667
8/19/2004,51.07916667,9570,10.59953704,277.3517137,31.77777778,38.19333333,,3.486666667,271.1666667,9794.583333
8/20/2004,51.24166667,9479,10.68981481,280.6317484,26.72222222,46.095,,0.685555556,281.4347826,9910.416667
8/21/2004,51.42916667,9120,10.79398148,288.7846405,27.59090909,47.275,,2.080454545,286.5,10198.33333
8/22/2004,51.87083333,8999,11.03935185,289.4217695,25.125,49.29208333,,4.18,153.125,10220.83333
8/23/2004,51.74166667,10140,10.96759259,285.5753979,22.2625,62.6375,,1.265416667,227.125,10085
8/24/2004,51.93333333,8789,11.07407407,277.941648,24.06666667,55.51791667,,1.93,281.875,9815.416667
8/25/2004,52.625,8943,11.45833333,288.5840628,23.69565217,54.88478261,,4.138695652,285.3333333,10191.25
8/26/2004,52.275,10029,11.26388889,304.7600614,27.01428571,30.63285714,,6.137857143,534.3076923,10762.5
8/27/2004,51.98333333,10309,11.10185185,304.9960352,27.82608696,26.34043478,,6.12826087,314.2608696,10770.83333
8/28/2004,52.40416667,9898,11.33564815,292.6074148,30.2625,22.68083333,,3.43,299.375,10333.33333
8/29/2004,52.39166667,9731,11.3287037,290.719625,28.875,28.62333333,,1.822083333,292.875,10266.66667
8/30/2004,52.75416667,9173,11.53009259,290.2394185,28.44782609,31.79826087,,1.99,295.4166667,10249.70833
8/31/2004,52.85,9112,11.58333333,276.8184131,26.90909091,32.38545455,,1.870454545,291.7826087,9775.75
9/1/2004,53.15833333,8620,11.75462963,261.9072336,25.5,38.30954545,,1.893181818,253.875,9249.166667
9/2/2004,53.67083333,8642,12.03935185,251.3002148,26.66956522,26.42652174,,5.233913043,295.875,8874.583333
9/3/2004,53.33333333,8957,11.85185185,259.2407305,23.63333333,26.97041667,,6.794166667,296.875,9155
9/4/2004,52.99583333,9183,11.66435185,257.2821487,25.70833333,30.54875,,3.087083333,287.625,9085.833333
9/5/2004,53.5,8923,11.94444444,260.3970018,26.91304348,29.42652174,,1.99,285.9166667,9195.833333
9/6/2004,53.68333333,8672,12.0462963,263.1224983,26.39130435,35.65652174,,1.49826087,278.375,9292.083333
9/7/2004,53.9125,8812,12.17361111,257.4709276,28.22777778,33.34222222,,1.828333333,279.75,9092.5
9/8/2004,54.14583333,9086,12.30324074,256.0550853,29.26666667,27.24266667,,2.505333333,279.4583333,9042.5
9/9/2004,53.65416667,8743,12.03009259,257.1995579,27.86666667,28.434,,1.885333333,272.7916667,9082.916667
9/10/2004,53.8875,9256,12.15972222,256.9753828,26.14285714,36.69047619,,1.322380952,267.25,9075
9/11/2004,53.95833333,8836,12.19907407,258.0018685,25.45454545,30.1,,1.261818182,209.5384615,9111.25
9/12/2004,54.22916667,9062,12.34953704,258.4148225,25.625,34.561,,2.392,237.1363636,9125.833333
9/13/2004,54.4,8694,12.44444444,257.3293434,22.93913043,38.62652174,,1.789565217,267.1666667,9087.5
9/14/2004,54.51666667,9190,12.50925926,255.9606958,24.35,28.56041667,,6.238333333,274.875,9039.166667
9/15/2004,54.7,8798,12.61111111,257.0697723,26.91666667,24.8825,,4.00875,287.6315789,9078.333333
9/16/2004,54.77916667,9176,12.65509259,258.2732383,26.30434783,34.28956522,,2.953478261,263.7916667,9120.833333
9/17/2004,55.00833333,9176,12.78240741,256.6214222,24.335,31.1615,,2.34,204.0416667,9062.5
9/18/2004,54.81666667,8817,12.67592593,262.1786034,19.5,33.95458333,,2.679166667,250.4166667,9258.75
9/19/2004,54.90833333,8728,12.72685185,260.9633387,14.96774194,61.23483871,,2.140645161,175.4583333,9215.833333
9/20/2004,55.01666667,8913,12.78703704,262.1078113,14.89655172,70.12344828,,2.287931034,239.7826087,9256.25
9/21/2004,55.31666667,8217,12.9537037,242.9821411,19.20833333,36.12416667,,3.407916667,251.7083333,8580.833333
9/22/2004,55.38333333,8414,12.99074074,242.911349,20.33333333,40.85,,2.035833333,243.375,8578.333333
9/23/2004,55.725,8716,13.18055556,240.7403908,20.79166667,42.50958333,,1.35,237.5416667,8501.666667
9/24/2004,55.96666667,8012,13.31481481,231.4076301,23.9,36.02647059,,1.663529412,237.5416667,8172.083333
9/25/2004,55.97083333,8085,13.31712963,228.6467375,20.935,40.7425,,1.286,233.7916667,8074.583333
9/26/2004,56.0125,8163,13.34027778,228.8827113,23.22727273,37.23,,1.823636364,211.6666667,8082.916667
9/27/2004,56.03333333,8083,13.35185185,227.4078755,21.49166667,38.77333333,,1.35,242.2173913,8030.833333
9/28/2004,55.84166667,7179,13.24537037,217.7211542,19.19047619,46.61952381,,1.713333333,221.7916667,7688.75
9/29/2004,55.625,7459,13.125,215.2198328,21.9,51.135,,2.143333333,212.1666667,7600.416667
9/30/2004,55.87916667,7591,13.2662037,215.0074564,18.43478261,66.16826087,,0.984347826,208.25,7592.916667
10/1/2004,55.80833333,7361,13.22685185,201.8991162,19.16666667,60.86375,,1.393333333,210.25,7130
10/2/2004,55.8125,7195,13.22916667,200.4360791,20.83333333,58.41708333,,1.1575,208.25,7078.333333
10/3/2004,55.76666667,6752,13.2037037,204.5656193,22.875,47.65041667,,1.607916667,208.625,7224.166667
10/4/2004,55.72916667,6804,13.18287037,212.0318278,23.04347826,44.37130435,,1.565652174,214.826087,7487.833333
10/5/2004,55.62083333,7074,13.12268519,216.4669539,22.19583333,52.36583333,,1.649583333,201.4583333,7644.458333
10/6/2004,55.55,7153,13.08333333,214.7632236,22.75,61.82888889,,1.3376,204.5416667,7584.291667
10/7/2004,55.59166667,6840,13.10648148,202.7132255,21.825,43.74458333,,1.456666667,201.375,7158.75
10/8/2004,55.6,6943,13.11111111,201.9345123,20.29583333,50.02166667,,1.864583333,189.173913,7131.25
10/9/2004,55.52916667,7449,13.07175926,214.0281655,17.772,55.8124,,4.4448,209,7558.333333
10/10/2004,55.59583333,7760,13.1087963,213.7803931,19.90833333,28.04583333,,7.737083333,145.7619048,7549.583333
10/11/2004,55.65833333,7423,13.14351852,215.137242,23.13043478,20.61347826,,6.977826087,169.8181818,7597.5
10/12/2004,55.50416667,7355,13.05787037,217.5913687,26.04166667,16.38625,,5.166666667,182.9565217,7684.166667
10/13/2004,55.6375,7166,13.13194444,218.1459069,28.62083333,18.53041667,,4.865416667,194.7916667,7703.75
10/14/2004,55.5375,7832,13.07638889,214.3585287,23.90833333,29.98666667,,1.714583333,197.625,7570
10/15/2004,55.73333333,8259,13.18518519,220.5056441,20.00434783,38.18478261,,1.878695652,196.625,7787.083333
10/16/2004,55.90833333,8096,13.28240741,229.6496259,15.45789474,50.14736842,,0.649473684,94.05,8110
10/17/2004,55.43333333,8184,13.01851852,229.8620022,15.82352941,75.21205882,,7.248529412,65.16666667,8117.5
10/18/2004,55.0375,7841,12.79861111,240.5103164,11.08571429,78.09892857,,2.130714286,66.66666667,8493.541667
10/19/2004,54.84166667,8189,12.68981481,230.8259549,12.14571429,82.61857143,,9.363142857,36.90909091,8151.541667
10/20/2004,55.2,7395,12.88888889,214.8658722,9.473684211,89.13561404,,3.394385965,86,7587.916667
10/21/2004,56.34583333,6632,13.52546296,202.7368229,10.69166667,75.81916667,,1.072083333,179.4166667,7159.583333
10/22/2004,56.99166667,7109,13.88425926,199.7045606,12.624,72.2064,,0.5552,72.08333333,7052.5
10/23/2004,56.62916667,6974,13.68287037,197.9701537,12.38,91.7802,,2.0984,30.45833333,6991.25
10/24/2004,55.91666667,6498,13.28703704,200.8726305,12.38461538,72.85653846,,2.512692308,164.5833333,7093.75
10/25/2004,55.77083333,7523,13.20601852,201.0496108,11.58947368,62.92894737,,2.003157895,122.2083333,7100
10/26/2004,56.10416667,7287,13.3912037,201.0142147,10.10789474,86.33631579,,4.101842105,88.125,7098.75
10/27/2004,55.81666667,6553,13.23148148,188.0592574,9.666666667,72.52380952,,2.301904762,187.8181818,6641.25
10/28/2004,55.70833333,6275,13.1712963,185.7703123,9.75,74.8965,,1.003,44.875,6560.416667
10/29/2004,55.84583333,6264,13.24768519,174.242996,12.10526316,74.26631579,,1.135789474,123.8333333,6153.333333
10/30/2004,56,5858,13.33333333,171.8596614,10.68181818,76.99181818,,1.753181818,142.5833333,6069.166667
10/31/2004,56.175,6380,13.43055556,170.5736047,11.44444444,60.14722222,,3.515555556,163.7083333,6023.75
11/1/2004,56.64166667,6432,13.68981481,170.1370533,13.405,38.1745,,3.241,157.5416667,6008.333333
11/2/2004,56.45833333,5508,13.58796296,167.5059463,11.72222222,60.78888889,,1.257222222,131.4166667,5915.416667
11/3/2004,56.4125,5521,13.5625,161.0048702,12.64615385,56.20307692,,5.830833333,36.04545455,5685.833333
11/4/2004,56.11666667,5023,13.39814815,160.674507,12.65833333,48.85166667,,6.58125,343.6666667,5674.166667
11/5/2004,56.7125,5792,13.72916667,155.8488444,11.82608696,64.02043478,,1.789565217,151.8333333,5503.75
11/6/2004,56.5,5020,13.61111111,150.3152607,14.12916667,52.81,,1.7575,150.7083333,5308.333333
11/7/2004,56.4625,5028,13.59027778,149.7135277,12.72083333,66.595,,1.82125,145.5,5287.083333
11/8/2004,56.48333333,5113,13.60185185,149.51295,10.86363636,85.93909091,,1.098863636,97.82608696,5280
11/9/2004,56.37083333,5606,13.53935185,144.8406703,12.715625,81.7090625,,0.819375,38.43478261,5115
11/10/2004,56.225,4739,13.45833333,138.0328284,12.05633803,92.58704225,,0.665915493,20.41666667,4874.583333
11/11/2004,56.05833333,4285,13.36574074,131.2957787,12.10571429,92.835,,0.712,55.21428571,4636.666667
11/12/2004,55.96666667,4451,13.31481481,128.428698,8.80952381,89.08547619,,1.224285714,144.4736842,4535.416667
11/13/2004,55.99166667,4176,13.3287037,123.5440419,16.156,60.6452,,3.4976,131.3478261,4362.916667
11/14/2004,55.54166667,4147,13.0787037,116.7479988,13.875,58.79958333,,2.357916667,107.6666667,4122.916667
11/15/2004,55.87916667,4546,13.2662037,108.3001395,10.375,82.90541667,,0.835416667,77.08333333,3824.583333
11/16/2004,56.07083333,4310,13.37268519,108.20575,13.20833333,79.90125,,0.599583333,54.6,3821.25
11/17/2004,56.1375,4061,13.40972222,113.3853732,11.52083333,75.59166667,,0.449583333,125.125,4004.166667
11/18/2004,56.07916667,3845,13.37731481,120.3701954,10.29166667,77.77833333,,0.278333333,126.9166667,4250.833333
11/19/2004,55.9,3640,13.27777778,117.3166954,11.02777778,68.80305556,,4.286944444,124.7083333,4143
11/20/2004,55.4375,4394,13.02083333,113.7157364,13.175,24.99416667,,7.18125,125.9166667,4015.833333
11/21/2004,55.075,3955,12.81944444,113.2201916,12.25,25.0925,,8.0525,126.125,3998.333333
11/22/2004,55.2,3926,12.88888889,112.7836402,14.13043478,27.84956522,,3.512608696,104,3982.916667
11/23/2004,55.17083333,4037,12.87268519,112.9606205,6.888888889,73.50916667,,0.828611111,114.1666667,3989.166667
11/24/2004,55.275,3996,12.93055556,113.5505548,13.30909091,56.24181818,,2.992272727,108.7826087,4010
11/25/2004,55.25,3680,12.91666667,115.0017932,7.75,89.84681818,,0.782727273,16.54166667,4061.25
11/26/2004,55.10833333,4087,12.83796296,115.497338,6.407692308,94.46173077,,0.93,61.13043478,4078.75
11/27/2004,54.8875,4502,12.71527778,123.2254774,9.148387097,79.70451613,,3.103548387,112.9130435,4351.666667
11/28/2004,54.66666667,4211,12.59259259,125.5144225,7.025,47.56625,,3.92375,114.6666667,4432.5
11/29/2004,54.475,4216,12.48611111,125.2430527,8.158333333,32.79208333,,5.25125,121.9130435,4422.916667
11/30/2004,54.2375,4039,12.35416667,124.405346,4.260869565,61.97478261,,0.782173913,105.5416667,4393.333333
12/1/2004,54.14166667,4195,12.30092593,123.4142564,8.979166667,45.7925,,4.759166667,111.6818182,4358.333333
12/2/2004,53.98333333,4307,12.21296296,120.5235783,10.45416667,33.59166667,,5.744166667,120.1818182,4256.25
12/3/2004,53.81666667,4460,12.12037037,115.273163,12.01666667,28.40125,,4.544166667,112.9166667,4070.833333
12/4/2004,53.725,3680,12.06944444,115.7569091,4.116666667,69.09958333,,0.685833333,71.25,4087.916667
12/5/2004,53.79166667,4112,12.10648148,112.2998941,3.111111111,74.57666667,,0.418518519,91.45833333,3965.833333
12/6/2004,53.48333333,4070,11.93518519,113.4797627,7.107142857,71.01178571,,4.060357143,10.63636364,4007.5
12/7/2004,53.00833333,4140,11.6712963,117.4441212,8.209302326,89.50209302,,8.841162791,7.739130435,4147.5
12/8/2004,52.45416667,3989,11.36342593,131.661538,10.03181818,95.16219512,,12.745,18.375,4649.583333
12/9/2004,52.51666667,3792,11.39814815,119.0971172,12.11428571,93.43457143,,3.645142857,11,4205.875
12/10/2004,52.6625,4011,11.47916667,116.7597974,9.098039216,95.28490196,,0.682115385,72.91666667,4123.333333
12/11/2004,52.825,4129,11.56944444,118.1166463,8.179487179,92.11179487,,0.197435897,80.375,4171.25
12/12/2004,52.8375,3846,11.57638889,118.3762174,9.428571429,93.13571429,,1.322857143,29.875,4180.416667
12/13/2004,52.775,3917,11.54166667,118.0104582,9.659090909,92.76181818,,1.027954545,35.45833333,4167.5
12/14/2004,52.6625,4144,11.47916667,115.1079814,12.875,83.3725,,0.92125,100.75,4065
12/15/2004,52.40833333,3968,11.33796296,116.9603751,14.84210526,49.32315789,,4.522631579,100.5,4130.416667
12/16/2004,52.03333333,4174,11.12962963,113.1847956,14.33636364,41.02727273,,3.765,101.625,3997.083333
12/17/2004,51.69166667,4070,10.93981481,115.5799288,7.882352941,69.66882353,,0.241764706,88.125,4081.666667
12/18/2004,51.57916667,3616,10.87731481,115.7569091,7.725,76.75875,,0.899583333,101.6956522,4087.916667
12/19/2004,51.425,4211,10.79166667,112.7954389,5.784848485,83.81333333,,0.389090909,98.79166667,3983.333333
12/20/2004,51.24583333,3833,10.69212963,113.2791851,5.142857143,86.01964286,,1.3775,57.90909091,4000.416667
12/21/2004,51.1375,3824,10.63194444,113.3381785,11.58846154,39.44769231,,5.026153846,102.8333333,4002.5
12/22/2004,50.9375,3949,10.52083333,114.860209,12.875,34.6525,,6.194583333,99.75,4056.25
12/23/2004,50.80833333,4034,10.44907407,115.2967604,12.4875,31.66,,5.830833333,96.625,4071.666667
12/24/2004,51.20833333,4554,10.6712963,130.8238313,12.04166667,33.61416667,,3.922916667,101.1666667,4620
12/25/2004,52.04166667,4388,11.13425926,132.3104657,0.425,88.36225,,0.2955,86.75,4672.5
12/26/2004,52.22083333,4555,11.2337963,132.7470171,3.077419355,95.95451613,,2.165322581,7.916666667,4687.916667
12/27/2004,51.34583333,5303,10.74768519,148.8994183,5.553571429,93.68339286,,3.9325,7.833333333,5258.333333
12/28/2004,50.33333333,4345,10.18518519,144.026561,7.994594595,92.68945946,,2.015945946,25.75,5086.25
12/29/2004,49.5625,3907,9.756944444,124.3109565,8.15,92.60708333,,2.978958333,29.58333333,4390
12/30/2004,49.5,3958,9.722222222,119.3083136,8.216216216,78.09513514,,7.924864865,84.33333333,4213.333333
12/31/2004,49.475,4391,9.708333333,117.3261344,5.502083333,90.98541667,,2.1325,37.16666667,4143.333333
1/1/2005,49.24166667,4198,9.578703704,120.6415652,6.659574468,83.86595745,,5.702340426,30.43478261,4260.416667
1/2/2005,49.62916667,3493,9.793981481,117.3143357,5.882222222,86.81444444,,3.978666667,17,4142.916667
1/3/2005,49.87916667,4352,9.93287037,115.9810842,5.266666667,91.44133333,,1.062666667,55.95454545,4095.833333
1/4/2005,49.92916667,4119,9.960648148,115.4737407,8.365217391,47.14652174,,5.950434783,96.625,4077.916667
1/5/2005,49.95833333,3222,9.976851852,116.8305896,5.935483871,78.14645161,,1.31,25.41666667,4125.833333
1/6/2005,50.07916667,3861,10.04398148,113.8927167,6.096153846,86.05615385,,0.909230769,79.41666667,4022.083333
1/7/2005,50.00416667,4946,10.00231481,116.5592198,4.689361702,89.28212766,,2.014255319,13,4116.25
1/8/2005,49.77083333,3908,9.872685185,122.7417313,5.626666667,78.82633333,,6.842333333,49.625,4334.583333
1/9/2005,49.79583333,4812,9.886574074,124.4997355,7.963636364,80.72090909,,5.581212121,56.29166667,4396.666667
1/10/2005,49.8375,3788,9.909722222,119.7212677,7.5,89.96902439,,0.927804878,36.29166667,4227.916667
1/11/2005,49.675,3748,9.819444444,115.7687078,7.217142857,86.318,,1.616571429,99.91666667,4088.333333
1/12/2005,49.54166667,3790,9.74537037,116.1226684,5.391666667,72.10625,,1.779583333,160.4117647,4100.833333
1/13/2005,49.3,3857,9.611111111,116.3232461,2.865217391,77.10565217,,0.469565217,66.41666667,4107.916667
1/14/2005,49.12916667,3520,9.516203704,113.3971719,3.260869565,81.87130435,,0.11173913,72.60869565,4004.583333
1/15/2005,49.0875,3364,9.493055556,111.5565769,6.144,84.734,,0.7604,67.04166667,3939.583333
1/16/2005,49.2875,3701,9.604166667,111.7571545,7.353488372,86.00325581,,1.663023256,83.625,3946.666667
1/17/2005,49.45833333,3380,9.699074074,108.0523671,9.2625,81.08208333,,0.942916667,73.75,3815.833333
1/18/2005,49.4875,3964,9.715277778,104.335781,7.055,96.432,,1.28625,29.375,3684.583333
1/19/2005,49.51666667,3851,9.731481481,106.0465905,7.178378378,92.03702703,,0.638918919,110.625,3745
1/20/2005,49.54166667,3719,9.74537037,105.5982404,7.452380952,89.57952381,,1.347142857,133.6923077,3729.166667
1/21/2005,49.49166667,3981,9.717592593,107.1674657,5.217777778,92.21977778,,0.639555556,102.5833333,3784.583333
1/22/2005,49.40416667,3458,9.668981481,108.3119382,6.178125,92.2934375,,1.28625,103.1666667,3825
1/23/2005,49.37916667,3785,9.655092593,109.0906515,6.296774194,90.90129032,,1.061935484,103.8333333,3852.5
1/24/2005,49.39583333,3821,9.664351852,108.0877632,7.85483871,85.84,,0.647096774,112.875,3817.083333
1/25/2005,49.42083333,3454,9.678240741,106.4713432,10.67105263,87.52921053,,0.662631579,51.75,3760
1/26/2005,49.325,3786,9.625,108.394529,11.1942029,94.95985507,,1.401594203,10.875,3827.916667
1/27/2005,48.725,4058,9.291666667,111.1790189,10.12340426,92.62702128,,1.400425532,59.54166667,3926.25
1/28/2005,48.7875,3074,9.326388889,120.9365323,10.53870968,79.98709677,,7.899032258,87.125,4270.833333
1/29/2005,48.74166667,3366,9.300925926,113.5387561,8.374285714,79.91742857,,2.160571429,131.2083333,4009.583333
1/30/2005,48.49583333,3130,9.164351852,106.3769537,10.55833333,53.73958333,,3.086666667,132.2916667,3756.666667
1/31/2005,48.32083333,5305,9.06712963,106.329759,13.63333333,43.77166667,,4.13625,129.8333333,3755
2/1/2005,48.4,2863,9.111111111,111.5565769,15.95833333,29.78375,,4.908333333,140.6666667,3939.583333
2/2/2005,48.59166667,3102,9.217592593,109.1378462,15.99583333,23.55791667,,3.987916667,130,3854.166667
2/3/2005,48.6375,4227,9.243055556,105.9168049,13.1375,48.92166667,,1.629166667,146.6086957,3740.416667
2/4/2005,48.47916667,3713,9.155092593,107.0966735,7.793023256,83.60255814,,0.442325581,101.173913,3782.083333
2/5/2005,48.55833333,3392,9.199074074,106.176376,10.08333333,62.17375,,2.8075,125.4583333,3749.583333
2/6/2005,48.42916667,3369,9.127314815,105.8342141,10.99166667,36.39625,,3.5575,95.25,3737.5
2/7/2005,48.45833333,4028,9.143518519,105.7988181,9.764,68.0644,,2.3252,130.9166667,3736.25
2/8/2005,48.77916667,3882,9.321759259,106.4477458,9.654166667,63.85375,,1.435416667,129.125,3759.166667
2/9/2005,48.96666667,3890,9.425925926,106.778109,7.875,67.4275,,0.9255,135.625,3770.833333
2/10/2005,48.92916667,4653,9.405092593,107.3161291,9.964,60.1408,,1.693333333,155.2083333,3789.833333
2/11/2005,48.675,3259,9.263888889,107.3208486,10.53333333,48.01416667,,1.6075,133.125,3790
2/12/2005,48.8125,4206,9.340277778,105.7988181,8.041666667,73.24916667,,1.093333333,108.3333333,3736.25
2/13/2005,48.9125,3117,9.395833333,106.0937852,10.02321429,93.01160714,,0.679285714,19.33333333,3746.666667
2/14/2005,48.89166667,3672,9.384259259,106.0347918,9.88974359,91.57307692,,0.685384615,81.94444444,3744.583333
2/15/2005,48.67916667,3443,9.266203704,105.6808312,9.995833333,77.26125,,1.65,44,3732.083333
2/16/2005,48.70416667,4062,9.280092593,105.9993957,11.65416667,75.77208333,,1.650416667,85.25,3743.333333
2/17/2005,48.68333333,3655,9.268518519,105.9875971,12.59166667,68.90625,,2.293333333,143.9130435,3742.916667
2/18/2005,48.75416667,3557,9.30787037,106.1291813,11.67777778,70.18703704,,1.59962963,55.75,3747.916667
2/19/2005,48.90833333,4009,9.393518519,106.6955182,10.71081081,88.20945946,,1.876756757,89.33333333,3767.916667
2/20/2005,48.82916667,3950,9.349537037,109.2912292,10.99756098,86.62731707,,4.968780488,66.14285714,3859.583333
2/21/2005,48.77083333,4195,9.31712963,108.1231592,11.5173913,73.6873913,,2.55,116.0869565,3818.333333
2/22/2005,48.84166667,3854,9.356481481,110.1525332,10.32647059,78.30205882,,1.861176471,169.5833333,3890
2/23/2005,48.69166667,2640,9.273148148,107.9343803,15.0625,47.27916667,,2.830416667,178.4583333,3811.666667
2/24/2005,48.7375,4297,9.298611111,107.7809973,10.812,71.728,,1.4192,179.7083333,3806.25
2/25/2005,48.88333333,3427,9.37962963,107.344446,11.81818182,80.59272727,,1.69969697,115.125,3790.833333
2/26/2005,49.0625,3467,9.479166667,108.3709316,12.4,77.38586207,,1.826896552,113.7083333,3827.083333
2/27/2005,48.97916667,4118,9.43287037,108.1113606,11.08974359,85.21051282,,1.781025641,38.25,3817.916667
2/28/2005,48.67083333,3422,9.261574074,108.9608659,10.31481481,82.01222222,,4.344074074,70.41666667,3847.916667
3/1/2005,48.34166667,4030,9.078703704,109.1260476,8.522222222,81.58259259,,1.885185185,112.2173913,3853.75
3/2/2005,48.36666667,4037,9.092592593,109.0788528,9.077272727,88.27272727,,1.940454545,158.5652174,3852.083333
3/3/2005,48.37916667,4323,9.099537037,108.9844633,9.145833333,74.28791667,,1.564583333,180.9,3848.75
3/4/2005,48.62083333,3271,9.233796296,108.5243146,12.99565217,72.68782609,,1.588695652,160.6521739,3832.5
3/5/2005,48.94166667,3838,9.412037037,107.6512118,16.53333333,44.90375,,4.15875,200.625,3801.666667
3/6/2005,49.22083333,3631,9.56712963,107.4742315,19.03333333,35.36083333,,4.201666667,200.9583333,3795.416667
3/7/2005,49.17916667,3178,9.543981481,107.8871855,19.15333333,49.07,,1.919333333,215.8095238,3810
3/8/2005,49.12916667,4083,9.516203704,107.1674657,13.89310345,76.45862069,,0.762413793,185.8695652,3784.583333
3/9/2005,49.1375,3280,9.520833333,107.0494788,16.19583333,71.36416667,,0.5575,214.7619048,3780.416667
3/10/2005,49.68333333,3830,9.824074074,106.8371025,19.95416667,46.06083333,,3.622083333,213.5833333,3772.916667
3/11/2005,49.48333333,3351,9.712962963,106.5421353,18.6375,48.45,,1.52125,236.2727273,3762.5
3/12/2005,49.49583333,4621,9.719907407,106.4477458,17.53478261,57.00217391,,1.14,174.125,3759.166667
3/13/2005,49.61666667,3911,9.787037037,106.5657327,19.44545455,27.06863636,,6.968181818,,3763.333333
3/14/2005,49.25833333,3331,9.587962963,106.4831419,16.97916667,17.55625,,6.945,,3760.416667
3/15/2005,48.90416667,4230,9.391203704,106.2825642,12.03333333,48.10041667,,1.5,223.4583333,3753.333333
3/16/2005,48.73333333,4009,9.296296296,106.553934,11.02083333,61.6925,,1.5225,117.3043478,3762.916667
3/17/2005,48.64583333,3809,9.247685185,106.5775314,11.925,68.02041667,,1.157083333,101.5652174,3763.75
3/18/2005,48.59583333,3525,9.219907407,106.8017064,11.24583333,66.54791667,,1.714583333,129.5,3771.666667
3/19/2005,48.57916667,3849,9.210648148,108.4653211,11.44634146,88.10731707,,6.035365854,56.25,3830.416667
3/20/2005,48.55833333,3753,9.199074074,107.8399908,10.31351351,84.28324324,,5.964324324,59.41666667,3808.333333
3/21/2005,48.5125,4444,9.173611111,108.9726646,10.11136364,87.395,,2.876136364,76.19047619,3848.333333
3/22/2005,48.7875,4195,9.326388889,133.2897566,10.275,87.17375,,5.99625,94.13043478,4707.083333
3/23/2005,48.92083333,3607,9.400462963,131.2013892,9.721428571,88.50809524,,2.805,139.4166667,4633.333333
3/24/2005,48.94583333,3679,9.414351852,114.8248129,8.696296296,72.91222222,,1.542592593,193.6004167,4055
3/25/2005,49.125,3686,9.513888889,110.4121043,6.884375,77.851875,,0.77125,238.3126087,3899.166667
3/26/2005,49.4125,3734,9.673611111,108.6776975,11.825,66.3025,,1.6075,169.0116667,3837.916667
3/27/2005,49.51666667,4229,9.731481481,109.3856186,13.0125,75.18333333,,2.807916667,35.18304348,3862.916667
3/28/2005,49.75833333,3328,9.865740741,110.5536886,11.09354839,76.99322581,,4.414516129,242.1391304,3904.166667
3/29/2005,49.94583333,3241,9.969907407,108.7602883,12.05769231,59.01615385,,4.808461538,230.1379167,3840.833333
3/30/2005,50.12083333,3999,10.06712963,108.9372686,10.9,44.91416667,,3.55875,263.1783333,3847.083333
3/31/2005,50.0625,3825,10.03472222,108.3709316,13.6625,42.43458333,,2.33625,254.5945833,3827.083333
4/1/2005,49.91666667,4158,9.953703704,107.6158157,13.05416667,64.54291667,,1.136666667,162.71875,3800.416667
4/2/2005,49.875,3700,9.930555556,107.5096276,12.69583333,70.28208333,,1.8,224.1791667,3796.666667
4/3/2005,49.83913043,4346,9.910628019,108.0595489,10.93103448,75.60655172,,4.825517241,79.6775,3816.086957
4/4/2005,49.7875,3398,9.881944444,107.4270368,8.2675,84.202,,2.03125,217.6379167,3793.75
4/5/2005,49.55833333,3799,9.75462963,107.6276144,16.75454545,44.40454545,,2.385454545,260.80375,3800.833333
4/6/2005,49.60833333,3751,9.782407407,108.170354,13.51304348,62.72086957,,1.810869565,268.4775,3820
4/7/2005,49.96666667,3538,9.981481481,109.4210147,13.00882353,68.81647059,,4.312647059,195.5,3864.166667
4/8/2005,50.05416667,3740,10.03009259,112.8780297,9.3,73.58769231,,3.323076923,141.1666667,3986.25
4/9/2005,50.1375,3831,10.07638889,110.2823188,9.803030303,80.32424242,,1.59,257.2083333,3894.583333
4/10/2005,49.925,3875,9.958333333,110.99024,14.56086957,42.8526087,,3.31,269.125,3919.583333
4/11/2005,49.66666667,3867,9.814814815,109.1496449,15.86923077,57.28538462,,2.176153846,259.4347826,3854.583333
4/12/2005,49.9875,3661,9.993055556,106.7309143,13.31666667,59.47,,3.215,199.5833333,3769.166667
4/13/2005,50.05,4001,10.02777778,108.5243146,8.9375,66.20625,,2.59375,202.3333333,3832.5
4/14/2005,49.97916667,3100,9.988425926,114.034301,9.541666667,53.08875,,3.258333333,287,4027.083333
4/15/2005,49.66666667,3416,9.814814815,113.621347,18.24444444,28.65722222,,3.288333333,402.2941176,4012.5
4/16/2005,49.75833333,3530,9.865740741,114.5062484,16.5173913,58.39,,1.092916667,231.4347826,4043.75
4/17/2005,50.38333333,3377,10.21296296,113.4797627,16.80833333,52.7675,,1.693333333,281.25,4007.5
4/18/2005,50.31666667,4298,10.17592593,113.4561653,14.17307692,33.65653846,,5.955769231,257.7916667,4006.666667
4/19/2005,50.07916667,3866,10.04398148,114.0225023,14.46086957,34.92130435,,4.83173913,297.9166667,4026.666667
4/20/2005,49.99166667,3781,9.99537037,114.0107036,14.47,50.595,,2.7525,294.2083333,4026.25
4/21/2005,50.4875,3977,10.27083333,113.8337233,16.59166667,52.30583333,,1.735833333,290.6666667,4020
4/22/2005,50.34583333,3808,10.19212963,113.656743,16.192,59.4896,,1.152,288.625,4013.75
4/23/2005,50.22083333,4186,10.12268519,114.3764629,14.353125,73.3596875,,4.5821875,115.3,4039.166667
4/24/2005,50.37916667,5026,10.21064815,148.3684775,12.65135135,82.89027027,,1.445405405,,5239.583333
4/25/2005,49.91666667,4886,9.953703704,152.2266478,14.46,76.8624,,1.6044,340.7222222,5375.833333
4/26/2005,50.475,4984,10.26388889,155.7780523,16.01666667,65.2525,,1.47875,269.5,5501.25
4/27/2005,50.60416667,5186,10.33564815,154.0908402,16.99583333,67.58833333,,1.929166667,218.9166667,5441.666667
4/28/2005,50.74583333,5038,10.41435185,153.571698,16.43333333,60.59583333,,2.614583333,250.75,5423.333333
4/29/2005,50.47916667,5046,10.2662037,153.8194704,16.525,68.61208333,,1.929166667,250.2083333,5432.083333
4/30/2005,50.45,4898,10.25,154.1498336,15.75714286,79.74142857,,1.512571429,204.6666667,5443.75
5/1/2005,50.6625,5293,10.36805556,154.0554441,17.54583333,62.06041667,,1.993333333,263.5833333,5440.416667
5/2/2005,50.65833333,4859,10.36574074,152.8519782,18.66086957,61.05347826,,1.23,299.7916667,5397.916667
5/3/2005,50.76666667,5835,10.42592593,160.0621552,19.495,60.492,,1.8005,258.1666667,5652.541667
5/4/2005,50.59583333,6446,10.33101852,157.5360565,17.98846154,73.17730769,,1.9,130.9583333,5563.333333
5/5/2005,50.24583333,5779,10.13657407,171.3405193,14.03636364,92.94212121,,2.587878788,146,6050.833333
5/6/2005,50.00833333,5980,10.00462963,173.4878801,14.70357143,79.40107143,,4.208214286,133.75,6126.666667
5/7/2005,49.81666667,6143,9.898148148,173.7356525,15.41111111,78.99222222,,2.305555556,149.2916667,6135.416667
5/8/2005,49.8125,6316,9.895833333,180.2721246,13.45555556,87.24055556,,4.316111111,56.26086957,6366.25
5/9/2005,50.25416667,6141,10.1412037,206.3590195,11.956,85.8698,,4.64,91.83333333,7287.5
5/10/2005,50.4,10786,10.22222222,324.8178278,11.46538462,72.41346154,,1.621153846,286.7083333,11470.83333
5/11/2005,50.05,16510,10.02777778,443.6305966,15.92916667,55.36791667,,3.023333333,296.4347826,15666.66667
5/12/2005,50.9,19979,10.5,551.7065611,19.09166667,57.9825,,1.478333333,292.875,19483.33333
5/13/2005,50.7625,19982,10.42361111,551.2346137,20.7375,58.91875,,1.565,302.125,19466.66667
5/14/2005,50.89166667,19283,10.49537037,557.9598647,22.5625,61.91583333,,1.392916667,283.75,19704.16667
5/15/2005,50.92916667,19218,10.5162037,547.1050735,20.415625,74.8340625,,3.360625,68.08333333,19320.83333
5/16/2005,51.075,10988,10.59722222,274.33125,17.82777778,69.81333333,,3.714444444,278.4761905,9687.916667
5/17/2005,50.37916667,37673,10.21064815,1093.502226,12.934375,73.93375,,2.4275,144,38616.66667
5/18/2005,50.425,29040,10.23611111,917.3478427,12.33793103,91.18413793,,4.913793103,41,32395.83333
5/19/2005,51.24583333,25314,10.69212963,723.023483,15.64285714,79.93171429,,3.234,214.8333333,25533.33333
5/20/2005,51.63333333,20624,10.90740741,568.8146559,17.46,64.2024,,1.9344,305,20087.5
5/21/2005,51.85416667,19344,11.03009259,561.7354443,18.64166667,48.32166667,,2.165416667,321.5,19837.5
5/22/2005,51.96666667,20116,11.09259259,572.5902355,21.59166667,49.85166667,,1.670833333,371.7727273,20220.83333
5/23/2005,51.61666667,20031,10.89814815,575.0679595,22.70833333,29.915,,3.387083333,344.5416667,20308.33333
5/24/2005,50.275,10450,10.15277778,269.0454387,24.83333333,25.1225,,4.0075,341.625,9501.25
5/25/2005,51.14583333,13758,10.63657407,413.0719997,28.2125,24.61833333,,3.66625,354.1304348,14587.5
5/26/2005,51.2625,14601,10.70138889,416.9655661,26.3125,48.025,,1.842916667,333.2916667,14725
5/27/2005,50.72083333,14850,10.40046296,408.4705121,26.84583333,57.1725,,2.164166667,327.5833333,14425
5/28/2005,50.4375,13947,10.24305556,410.0043413,23.81538462,50.555,,4.491923077,309.0833333,14479.16667
5/29/2005,49.91666667,14272,9.953703704,406.2287617,17.47916667,54.34875,,2.336666667,226.5416667,14345.83333
5/30/2005,50.15416667,13730,10.08564815,370.2427692,20.575,60.22166667,,1.306666667,315.2083333,13075
5/31/2005,50.25833333,12422,10.14351852,372.3665327,24.39583333,54.25708333,,1.97125,310.25,13150
6/1/2005,50.2375,12243,10.13194444,368.3549794,23.67916667,29.97,,5.036666667,353.5,13008.33333
6/2/2005,50.20416667,13020,10.11342593,358.4440831,22.2875,27.46291667,,5.937916667,352.4166667,12658.33333
6/3/2005,50.3375,12078,10.1875,335.7906058,23.92083333,29.54083333,,3.880833333,344.6086957,11858.33333
6/4/2005,50.30416667,11640,10.16898148,338.3863168,25.20952381,29.23761905,,2.915714286,322,11950
6/5/2005,50.38333333,11396,10.21296296,339.920146,20.38333333,28.46208333,,4.6725,347.7083333,12004.16667
6/6/2005,50.17916667,12378,10.09953704,326.2336701,15.97916667,39.01666667,,3.7075,248.0833333,11520.83333
6/7/2005,50.05,12230,10.02777778,335.672619,15.4625,47.66666667,,1.950833333,346.0869565,11854.16667
6/8/2005,50.2,11391,10.11111111,339.2122248,14.77297297,75.68189189,,1.834864865,94.56521739,11979.16667
6/9/2005,50.12916667,12006,10.07175926,337.7963825,17.06206897,78.69689655,,1.365172414,264.4583333,11929.16667
6/10/2005,50.62083333,12021,10.34490741,339.5661854,22.1875,58.32041667,,2.229583333,344.3333333,11991.66667
6/11/2005,50.61666667,11211,10.34259259,343.6957255,22.608,47.7632,,2.9008,358.173913,12137.5
6/12/2005,50.62083333,11548,10.34490741,342.39787,26.6,28.57857143,,3.161428571,356.2916667,12091.66667
6/13/2005,50.54166667,12527,10.30092593,342.9878043,25.79444444,28.22,,3.800555556,354.5833333,12112.5
6/14/2005,50.7,11862,10.38888889,341.4539752,26.75384615,36.65615385,,1.464615385,315.826087,12058.33333
6/15/2005,50.85833333,11668,10.47685185,341.6899489,24.1,31.97727273,,2.663043478,402.8181818,12066.66667
6/16/2005,50.66666667,11493,10.37037037,316.9127081,15.18666667,74.95266667,,2.516111111,78.91666667,11191.66667
6/17/2005,50.07083333,10531,10.03935185,300.7485082,13.48974359,79.75717949,,6.317692308,145.9166667,10620.83333
6/18/2005,50.34583333,10289,10.19212963,301.3384425,16.72916667,58.80708333,,7.757916667,211.9583333,10641.66667
6/19/2005,50.75,10917,10.41666667,301.1024688,17.7125,62.3725,,2.44375,297,10633.33333
6/20/2005,51.16666667,10558,10.64814815,300.1585739,19.33333333,52.17809524,,2.377142857,352.826087,10600
6/21/2005,51.09166667,10403,10.60648148,316.3227738,21.34347826,50.1473913,,2.72826087,333.5416667,11170.83333
6/22/2005,51.0375,12449,10.57638889,344.5216335,22.54347826,46.30565217,,2.370869565,350.2083333,12166.66667
6/23/2005,51.225,11706,10.68055556,368.3549794,23.86470588,42.77058824,,1.452941176,349.25,13008.33333
6/24/2005,51.15,14009,10.63888889,368.4729663,24.305,41.1745,,2.417,341.1666667,13012.5
6/25/2005,51.09166667,13510,10.60648148,365.0513473,23.74166667,53.6175,,2.44375,307.2916667,12891.66667
6/26/2005,51.28333333,13309,10.71296296,365.8772553,23.06666667,54.78916667,,2.293333333,311.6086957,12920.83333
6/27/2005,51.4125,13086,10.78472222,371.6586115,23.2625,46.98666667,,3.558333333,277.875,13125
6/28/2005,51.00833333,12839,10.56018519,376.8500334,23.8375,47.16791667,,1.52125,339.8333333,13308.33333
6/29/2005,50.84583333,12828,10.46990741,379.4964787,27.4125,42.02041667,,2.615416667,345.9166667,13401.79167
6/30/2005,50.79166667,12931,10.43981481,374.0183487,28.95416667,40.11958333,,1.3925,349.5833333,13208.33333
7/1/2005,50.84583333,12963,10.46990741,374.0183487,30.34583333,42.19208333,,2.422083333,339.875,13208.33333
7/2/2005,50.9375,13095,10.52083333,404.1049982,29.07083333,38.42958333,,2.250416667,344.7083333,14270.83333
7/3/2005,51.04583333,14153,10.58101852,391.4804041,28.47083333,33.14791667,,1.715,343.1666667,13825
7/4/2005,51.04583333,14470,10.58101852,391.7163779,29.17083333,33.22208333,,2.38,345.9583333,13833.33333
7/5/2005,51.17083333,13696,10.65046296,409.414407,29.63043478,35.60782609,,2.035652174,346.25,14458.33333
7/6/2005,51.19583333,13160,10.66435185,410.3583019,29.20869565,36.81608696,,2.057391304,316.3913043,14491.66667
7/7/2005,51.12083333,13161,10.62268519,397.497734,29.4952381,35.17619048,,2.132380952,307.5652174,14037.5
7/8/2005,50.89583333,15405,10.49768519,394.0761151,27.0125,43.62583333,,2.850833333,334.5,13916.66667
7/9/2005,51.0875,13598,10.60416667,392.3063122,24.5875,52.89625,,4.18,284.2916667,13854.16667
7/10/2005,51.03333333,14659,10.57407407,398.0876683,25.14347826,46.79478261,,3.803478261,329.375,14058.33333
7/11/2005,51.16666667,14232,10.64814815,399.3855238,25.84285714,48.00904762,,2.033809524,334.6521739,14104.16667
7/12/2005,51.1,15155,10.61111111,429.708147,28.32631579,42.95157895,,1.651052632,343,15175
7/13/2005,51.32083333,14791,10.7337963,429.9441208,31.42083333,36.05333333,,2.55125,335.5833333,15183.33333
7/14/2005,51.44166667,15392,10.80092593,420.1512113,32.53809524,32.91666667,,2.009047619,334.5416667,14837.5
7/15/2005,51.5375,14637,10.85416667,435.69834,32.57083333,34.34791667,,2.036666667,158.2777778,15386.54167
7/16/2005,51.49166667,15458,10.8287037,423.9267909,33.00833333,35.62,,1.757083333,403.1764706,14970.83333
7/17/2005,51.40833333,15768,10.78240741,423.9267909,33.12083333,35.47083333,,2.379166667,331.125,14970.83333
7/18/2005,51.34583333,15570,10.74768519,425.1066595,34.24583333,35.13166667,,1.9725,326.6666667,15012.5
7/19/2005,51.5125,15144,10.84027778,420.387185,32.87391304,45.48565217,,2.258695652,351.5,14845.83333
7/20/2005,51.97083333,15159,11.09490741,423.4548434,32.39130435,41.03565217,,2.057391304,329,14954.16667
7/21/2005,51.26666667,15003,10.7037037,426.5225018,29.4,40.55869565,,1.25173913,157.0833333,15062.5
7/22/2005,50.65416667,14859,10.36342593,418.8533558,27.42916667,38.41958333,,2.293333333,330.9166667,14791.66667
7/23/2005,50.825,14591,10.45833333,397.7337078,29.4,31.97291667,,2.079166667,338.0833333,14045.83333
7/24/2005,51.0125,13879,10.5625,394.5480625,30.80833333,32.2175,,2.079166667,335.5,13933.33333
7/25/2005,50.95416667,14797,10.53009259,400.8013661,32.175,18.44833333,,3.387083333,348.5652174,14154.16667
7/26/2005,51.07916667,14178,10.59953704,402.4531822,31.90434783,21.92043478,,2.438695652,338.1666667,14212.5
7/27/2005,51.25,13754,10.69444444,383.6932713,30.625,32.01791667,,1.971666667,323.5833333,13550
7/28/2005,51.25,13215,10.69444444,374.608283,29.28421053,30.17631579,,2.435789474,324,13229.16667
7/29/2005,51.3125,12690,10.72916667,359.5059649,29.83809524,30.70238095,,2.034285714,314.2083333,12695.83333
7/30/2005,51.4125,12697,10.78472222,362.2196627,31.00833333,39.425,,2.1,308.5833333,12791.66667
7/31/2005,51.47916667,12837,10.82175926,366.4671896,30.725,40.36708333,,2.207083333,309.0416667,12941.66667
8/1/2005,51.63333333,12362,10.90740741,364.2254393,29.49090909,32.87272727,,2.221363636,317.0833333,12862.5
8/2/2005,51.52916667,12193,10.84953704,380.9135009,29.97,26.9305,,1.903,312,13451.83333
8/3/2005,51.5375,13231,10.85416667,372.130559,28.28095238,27.46285714,,2.057619048,322.3333333,13141.66667
8/4/2005,51.7625,13213,10.97916667,367.6470583,28.38181818,29.47045455,,1.636818182,312.9583333,12983.33333
8/5/2005,51.8625,13264,11.03472222,352.5447401,30.36190476,32.39380952,,1.641428571,308.4166667,12450
8/6/2005,52.025,12333,11.125,355.140451,32.41052632,26.44157895,,1.732631579,315.8333333,12541.66667
8/7/2005,52.05833333,12189,11.14351852,340.8640409,30.29565217,28.87,,2.013043478,309.875,12037.5
8/8/2005,52,12131,11.11111111,346.8813708,31.20526316,29.35368421,,2.491578947,297.2083333,12250
8/9/2005,52.18333333,11616,11.21296296,325.1717884,30.02380952,38.02142857,,1.787619048,311.3333333,11483.33333
8/10/2005,52.4875,10622,11.38194444,290.2830736,27.26153846,36.91846154,,1.067692308,301.7083333,10251.25
8/11/2005,52.6375,9887,11.46527778,284.442724,29.38,28.194,,2.778,311.5416667,10045
8/12/2005,52.75,9878,11.52777778,283.2746541,33.0125,19.2675,,1.960625,323.3043478,10003.75
8/13/2005,52.9875,10114,11.65972222,284.9146715,32.47894737,19.76684211,,4.306315789,306.7083333,10061.66667
8/14/2005,52.49583333,10114,11.38657407,271.3815785,30.45833333,38.235,,2.743333333,299.0833333,9583.75
8/15/2005,52.82083333,9502,11.56712963,288.4070825,28.75625,40.586875,,3.5675,274.2083333,10185
8/16/2005,52.875,9858,11.59722222,285.0090609,25.4047619,44.52761905,,2.278095238,277.375,10065
8/17/2005,53,10318,11.66666667,281.6700328,27.92608696,43.94608696,,2.192173913,282.3333333,9947.083333
8/18/2005,52.6125,9970,11.45138889,284.3955293,26.53461538,38.07653846,,2.689230769,289.2083333,10043.33333
8/19/2005,52.40833333,10196,11.33796296,285.1270478,24.87916667,48.20625,,1.992916667,290.6666667,10069.16667
8/20/2005,52.36666667,9575,11.31481481,273.6469263,25.30416667,38.82833333,,1.6725,286.7916667,9663.75
8/21/2005,52.70416667,9592,11.50231481,272.2192852,25.74285714,36.72428571,,1.616190476,289.5416667,9613.333333
8/22/2005,52.85,10021,11.58333333,275.5111187,27.635,32.728,,1.9555,286.875,9729.583333
8/23/2005,52.81666667,9811,11.56481481,280.608151,30.52173913,31.07826087,,2.213913043,284.1666667,9909.583333
8/24/2005,52.92083333,9293,11.62268519,272.2546813,26.9625,38.49083333,,2.07875,281.6666667,9614.583333
8/25/2005,52.95,9596,11.63888889,271.7237404,24.44117647,44.37176471,,1.513529412,278.5,9595.833333
8/26/2005,52.88333333,9393,11.60185185,271.3225851,25.48235294,35.72823529,,2.118235294,282.1666667,9581.666667
8/27/2005,53.02916667,9720,11.68287037,271.9361168,26.4,27.9473913,,1.78826087,267.6956522,9603.333333
8/28/2005,52.975,9893,11.65277778,272.9744011,26.38,35.3465,,1.6205,277.7916667,9640
8/29/2005,53.425,9094,11.90277778,272.5378498,25.37333333,29.31733333,,2.608666667,276.3333333,9624.583333
8/30/2005,53.29166667,9687,11.8287037,271.3815785,26.54285714,22.00571429,,6.639047619,283.5416667,9583.75
8/31/2005,52.82916667,9899,11.57175926,276.4679921,31.16666667,12.728,,4.7,282.25,9763.375
9/1/2005,52.47083333,8972,11.37268519,283.4009,25.96666667,31.0425,,1.415,276.2916667,10008.20833
9/2/2005,52.675,9595,11.48611111,272.2310839,25.42083333,36.06125,,1.73625,265.9166667,9613.75
9/3/2005,52.72916667,9501,11.5162037,272.8800117,24.4875,35.35375,,1.62875,260.875,9636.666667
9/4/2005,52.77916667,8950,11.54398148,260.916144,24.51666667,37.575,,1.821666667,261.173913,9214.166667
9/5/2005,52.8875,8513,11.60416667,248.4331341,23.2125,39.05666667,,1.607916667,258.8333333,8773.333333
9/6/2005,52.99166667,8845,11.66203704,245.542456,23.80416667,39.15833333,,1.564583333,231.7391304,8671.25
9/7/2005,53.12916667,8673,11.73842593,243.3125043,23.14166667,37.1525,,1.500833333,250.625,8592.5
9/8/2005,53.15833333,8510,11.75462963,244.4215808,24.73809524,36.78285714,,2.376190476,248.4583333,8631.666667
9/9/2005,53.17916667,8541,11.7662037,244.4097821,21.8625,51.675,,3.450833333,239.375,8631.25
9/10/2005,53.4125,8637,11.89583333,244.2799966,19.512,59.2268,,2.5104,255.6666667,8626.666667
9/11/2005,53.09583333,8360,11.71990741,243.1945175,18.475,46.55916667,,2.100416667,239.9583333,8588.333333
9/12/2005,53.35416667,8658,11.86342593,243.6782636,18.81666667,45.06458333,,1.650416667,245.5833333,8605.416667
9/13/2005,53.425,8503,11.90277778,246.2031824,20.2375,40.30708333,,1.73625,247.3333333,8694.583333
9/14/2005,53.42916667,8486,11.90509259,245.4716639,19.9375,49.57125,,2.18625,241.9166667,8668.75
9/15/2005,53.40833333,8685,11.89351852,238.5104391,20.75454545,49.80636364,,1.846363636,241.0416667,8422.916667
9/16/2005,53.65833333,8243,12.03240741,234.8882425,20.00434783,53.14130435,,2.080869565,194.75,8295
9/17/2005,53.525,7898,11.95833333,229.8431243,18.79583333,46.57375,,1.6075,235.5416667,8116.833333
9/18/2005,53.58333333,7903,11.99074074,226.11002,21.16666667,35.5425,,2.44375,231.2916667,7985
9/19/2005,53.70416667,7794,12.05787037,226.3931885,19.615,41.7705,,0.5655,236.0833333,7995
9/20/2005,54.1375,7900,12.29861111,226.1808122,23.3,34.02086957,,1.900869565,234.3333333,7987.5
9/21/2005,54.26666667,7938,12.37037037,227.5494597,25.00625,37.85625,,2.121875,226,8035.833333
9/22/2005,54.16666667,8088,12.31481481,229.9917878,20.925,51.376,,1.0795,220.6666667,8122.083333
9/23/2005,54.1375,8755,12.29861111,256.6450196,18.61764706,51.65058824,,3.571176471,205.9166667,9063.333333
9/24/2005,53.5625,9069,11.97916667,254.6982364,19.21818182,30.79,,7.413636364,231.4166667,8994.583333
9/25/2005,53.5625,9147,11.97916667,255.4415536,22.34782609,18.90217391,,6.755652174,229,9020.833333
9/26/2005,53.74583333,8833,12.08101852,246.6633312,22.51176471,29.19882353,,2.27,110.7083333,8710.833333
9/27/2005,53.71666667,8317,12.06481481,251.0996372,21.05652174,49.37391304,,1.699130435,202.9583333,8867.5
9/28/2005,54.175,8648,12.31944444,249.0348671,25.16428571,34.45714286,,2.645,223.4166667,8794.583333
9/29/2005,54.20833333,8499,12.33796296,246.521747,23.73333333,29.75055556,,1.286111111,224,8705.833333
9/30/2005,54.1375,8672,12.29861111,243.4894846,21.4,35.981,,0.617,203.2916667,8598.75
10/1/2005,54.20833333,8338,12.33796296,248.1145696,19.1,50.915,,2.457222222,82.58333333,8762.083333
10/2/2005,54.07916667,7763,12.2662037,231.6672012,17.73333333,42.65583333,,3.43,158.1666667,8181.25
10/3/2005,54.175,8109,12.31944444,225.9448384,14.48888889,57.25111111,,1.313333333,174.9583333,7979.166667
10/4/2005,54.15833333,8155,12.31018519,229.2366718,15.46666667,41.03185185,,4.21037037,207.875,8095.416667
10/5/2005,54.40833333,8250,12.44907407,229.5906324,20.43913043,24.64652174,,4.92173913,205.2916667,8107.916667
10/6/2005,54.60833333,8161,12.56018519,234.4564106,19.37083333,28.21291667,,1.47875,202.9583333,8279.75
10/7/2005,54.66666667,8398,12.59259259,228.3045756,18.54782609,36.76826087,,1.029130435,157.4166667,8062.5
10/8/2005,54.72083333,8460,12.62268519,230.4873326,19.30416667,42.32,,2.272083333,193.0833333,8139.583333
10/9/2005,54.8,9083,12.66666667,245.920014,18.59473684,43.87684211,,4.115789474,219.6363636,8684.583333
10/10/2005,54.73333333,9308,12.62962963,257.8602843,21.9,25.21473684,,3.465789474,201.9583333,9106.25
10/11/2005,54.85833333,9184,12.69907407,262.2139994,17.035,43.873,,1.0805,190.2916667,9260
10/12/2005,54.9125,8757,12.72916667,260.0784373,15.42,52.42666667,,1.028666667,195.875,9184.583333
10/13/2005,55.27916667,7936,12.93287037,236.8350257,20.56363636,39.85545455,,0.654545455,187.9583333,8363.75
10/14/2005,55.05833333,8079,12.81018519,232.4695118,22.87857143,36.84357143,,2.754285714,164.5416667,8209.583333
10/15/2005,55.25416667,7775,12.91898148,233.2954199,15.30967742,71.2316129,,2.588387097,111.0833333,8238.75
10/16/2005,55.275,7941,12.93055556,231.8559802,19.19166667,43.49833333,,6.366666667,193,8187.916667
10/17/2005,55.37083333,7957,12.9837963,234.9708333,23.98947368,26.74578947,,3.628421053,182.0833333,8297.916667
10/18/2005,55.59583333,7100,13.1087963,207.055142,18.45217391,46.92391304,,2.25826087,160.4166667,7312.083333
10/19/2005,55.575,7308,13.09722222,200.0821185,16.50769231,65.97730769,,2.672307692,106.125,7065.833333
10/20/2005,55.64583333,7374,13.13657407,200.3770857,16.10434783,63.82782609,,1.878695652,175.7916667,7076.25
10/21/2005,55.7625,7030,13.20138889,203.5273349,18.76470588,44.65176471,,1.21,172.625,7187.5
10/22/2005,55.67916667,6833,13.15509259,202.2294794,17.7,48.248125,,0.74,171.0833333,7141.666667
10/23/2005,55.68333333,6989,13.15740741,199.0202368,17.98181818,48.09818182,,0.607272727,167.7391304,7028.333333
10/24/2005,55.8625,6796,13.25694444,199.0202368,15.45882353,58.05176471,,0.483529412,163.6666667,7028.333333
10/25/2005,55.89583333,6578,13.27546296,189.4043076,14.40952381,64.21428571,,2.057142857,142.0416667,6688.75
10/26/2005,56.05,6890,13.36111111,189.7936643,14.36052632,81.40684211,,3.763684211,41.13043478,6702.5
10/27/2005,55.89166667,7036,13.27314815,186.6906098,12.44857143,77.69885714,,1.542857143,86.29166667,6592.916667
10/28/2005,55.6875,6593,13.15972222,193.9468018,12.16774194,81.30741935,,4.065806452,21.5,6849.166667
10/29/2005,55.87916667,6745,13.2662037,187.1271612,10.22142857,89.64910714,,0.614821429,142.6666667,6608.333333
10/30/2005,55.86666667,6296,13.25925926,192.6725437,10.5862069,71.51068966,,0.904482759,159.375,6804.166667
10/31/2005,56.16666667,6510,13.42592593,188.5312049,14.03043478,56.56043478,,1.096521739,157.4166667,6657.916667
11/1/2005,55.99166667,6079,13.3287037,186.1832663,11.95416667,65.95125,,0.3425,94.75,6575
11/2/2005,55.9,5810,13.27777778,175.2694817,15.38,56.824,,1.612,94.58333333,6189.583333
11/3/2005,55.79583333,5981,13.21990741,174.5379632,10.37083333,65.46791667,,3.944166667,33.70833333,6163.75
11/4/2005,55.72083333,6019,13.17824074,169.1577623,12.4975,83.8985,,3.56275,100.0416667,5973.75
11/5/2005,55.76666667,5812,13.2037037,161.7481875,9.891666667,71.82916667,,1.114583333,43.08333333,5712.083333
11/6/2005,55.7,6062,13.16666667,162.4207126,12.65833333,75.16916667,,2.487083333,31.13043478,5735.833333
11/7/2005,55.92083333,6075,13.28935185,162.8336666,14.8025641,83.65820513,,6.991794872,20.91666667,5750.416667
11/8/2005,55.60416667,5376,13.11342593,162.4207126,10.47916667,68.14208333,,5.529166667,55.875,5735.833333
11/9/2005,55.59166667,5244,13.10648148,157.0405117,16.10416667,46.63666667,,5.4875,139.75,5545.833333
11/10/2005,55.8375,5490,13.24305556,156.0022273,13.85833333,64.96125,,1.56375,134.7916667,5509.166667
11/11/2005,55.99583333,5449,13.33101852,155.9668313,11.94166667,78.64583333,,1.565,95.125,5507.916667
11/12/2005,55.85416667,5450,13.25231481,155.789851,10.89166667,67.55541667,,1.307916667,124.375,5501.666667
11/13/2005,55.47083333,5662,13.03935185,156.7573433,12.425,63.44833333,,0.66375,116.8695652,5535.833333
11/14/2005,55.56666667,5839,13.09259259,156.3089932,15.4625,63.57916667,,1.97125,122.0833333,5520
11/15/2005,55.52083333,5522,13.06712963,158.6215357,17.55454545,30.29090909,,6.780909091,120.0833333,5601.666667
11/16/2005,55.2375,5319,12.90972222,160.2733517,16.5173913,30.70086957,,3.221304348,132.3333333,5660
11/17/2005,55.22916667,5714,12.90509259,158.2203803,14.425,46.5825,,2.507916667,124.0833333,5587.5
11/18/2005,55,5486,12.77777778,158.5035488,13.77083333,45.52875,,0.68625,128.9166667,5597.5
11/19/2005,54.92916667,5513,12.73842593,158.7867173,11.59583333,57.47291667,,1.114583333,128.9166667,5607.5
11/20/2005,54.90416667,5343,12.72453704,159.0108923,10.6,61.18,,0.556666667,123.75,5615.416667
11/21/2005,54.90416667,5440,12.72453704,159.0934831,9.639285714,67.495,,0.348571429,121.2083333,5618.333333
11/22/2005,54.84166667,5330,12.68981481,159.848599,13.55882353,56.26529412,,0.242352941,118.125,5645
11/23/2005,54.68333333,5480,12.60185185,159.7778069,9.568181818,67.71772727,,0.467272727,118.7083333,5642.5
11/24/2005,54.3875,5587,12.4375,159.2232686,7.66,74.762,,0.874,54.5,5622.916667
11/25/2005,54.32916667,5490,12.40509259,159.7070148,10.71052632,86.89342105,,2.002894737,38.20833333,5640
11/26/2005,54.28333333,5510,12.37962963,159.6480213,7.534782609,62.02521739,,1.67826087,121.7391304,5637.916667
11/27/2005,54.05416667,5355,12.25231481,161.1228571,5.104545455,65.19363636,,0.935454545,85.7826087,5690
11/28/2005,53.67083333,5550,12.03935185,160.6863057,4.195,85.34025,,1.8515,7.541666667,5674.583333
11/29/2005,53.37916667,5788,11.87731481,160.8868834,3.47173913,94.36413043,,1.274347826,12.875,5681.666667
11/30/2005,53.19583333,5942,11.77546296,159.1524765,3.953488372,91.63046512,,1.195581395,32.41666667,5620.416667
12/1/2005,53.0125,5877,11.67361111,159.6716187,7.146296296,94.11907407,,3.32122807,5.166666667,5638.75
12/2/2005,52.7125,5455,11.50694444,150.8697989,6.856,71.4416,,2.4896,102.7083333,5327.916667
12/3/2005,52.65416667,5031,11.47453704,144.5457032,4.541666667,66.93041667,,1.587083333,110,5104.583333
12/4/2005,52.60416667,5260,11.44675926,149.099996,7.183333333,50.61916667,,3.300416667,83.45833333,5265.416667
12/5/2005,52.62083333,5075,11.45601852,146.6222719,3.991666667,67.56041667,,0.9,110.8695652,5177.916667
12/6/2005,52.5875,4693,11.4375,142.3039528,7.254166667,51.19291667,,1.479166667,105.4166667,5025.416667
12/7/2005,52.4125,5130,11.34027778,142.2567581,6.7375,72.44708333,,0.5775,19.42857143,5023.75
12/8/2005,52.31666667,5455,11.28703704,142.2449594,9.116666667,80.75083333,,1.092916667,82.29166667,5023.333333
12/9/2005,52.425,4327,11.34722222,142.5045305,12.04166667,52.71333333,,3.880416667,85.75,5032.5
12/10/2005,52.55833333,4680,11.4212963,142.0797778,14.71666667,34.04541667,,3.794583333,96.08333333,5017.5
12/11/2005,52.375,4887,11.31944444,142.5399265,7.128571429,63.87190476,,0.905714286,62.375,5033.75
12/12/2005,52.0875,5115,11.15972222,141.8674014,3.404166667,78.14625,,0.278333333,69.04166667,5010
12/13/2005,51.79166667,5053,10.99537037,142.221362,4.583333333,75.455,,0.470833333,93.125,5022.5
12/14/2005,51.54166667,5516,10.85648148,142.4219397,8.995833333,50.74166667,,3.108333333,74.45833333,5029.583333
12/15/2005,51.33333333,5034,10.74074074,142.1741673,4.920833333,62.06958333,,0.771666667,101.375,5020.833333
12/16/2005,51.19583333,4936,10.66435185,142.4691344,1.403448276,78.91137931,,0.762413793,78.29166667,5031.25
12/17/2005,51.19166667,5172,10.66203704,142.4337384,1.813207547,93.43075472,,1.756981132,15,5030
12/18/2005,51.05833333,5162,10.58796296,143.5546135,4.696923077,93.33830769,,0.980769231,12.08695652,5069.583333
12/19/2005,50.69583333,5367,10.38657407,153.9964507,11.13488372,91.25255814,,5.610465116,16.47826087,5438.333333
12/20/2005,50.49583333,5034,10.27546296,145.7845652,10.57692308,92.72076923,,1.780576923,10.125,5148.333333
12/21/2005,50.48333333,5161,10.26851852,146.881843,11.56666667,96.22536232,,1.170289855,5.125,5187.083333
12/22/2005,50.58333333,5174,10.32407407,152.1794531,13.47692308,95.36096154,,3.888076923,7.041666667,5374.166667
12/23/2005,50.69583333,4896,10.38657407,147.0470246,14.58888889,94.96277778,,0.771481481,57.125,5192.916667
12/24/2005,50.44166667,4925,10.24537037,143.9321715,11.0375,94.55053571,,0.853571429,42.375,5082.916667
12/25/2005,50.12916667,4827,10.07175926,145.8789547,13.28571429,92.20795918,,4.43,5.272727273,5151.666667
12/26/2005,50.1,10440,10.05555556,299.8754054,12.075,84.7065,,7.3045,46.125,10590
12/27/2005,50.3,14580,10.16666667,417.3195266,9.976744186,87.41674419,,3.026744186,11.625,14737.5
12/28/2005,49.70833333,10568,9.837962963,307.7333303,11.53888889,89.5325,,6.530694444,45.125,10867.5
12/29/2005,50.84166667,38519,10.46759259,1110.728308,5.960714286,85.74857143,,1.009285714,55.41666667,39225
12/30/2005,50.70833333,17715,10.39351852,545.2880759,8.626666667,90.67633333,,6.499,3.291666667,19256.66667
12/31/2005,50.04583333,15354,10.02546296,491.084912,11.81818182,91.25606061,,9.010606061,49.375,17342.5
1/1/2006,50.45416667,35062,10.25231481,1102.35124,9.268888889,85.65088889,,6.482,9.75,38929.16667
1/2/2006,50.58333333,34029,10.32407407,1066.247261,9.806521739,92.78282609,,3.433043478,43.70833333,37654.16667
1/3/2006,50.59583333,44330,10.33101852,1365.933887,7.745714286,89.32171429,,5.173714286,10.25,48237.5
1/4/2006,50.85,48758,10.47222222,1505.866304,9.202380952,93.6902381,,2.891190476,50.45833333,53179.16667
1/5/2006,50.94166667,49299,10.52314815,1498.197158,7.988235294,89.80852941,,0.907352941,47.85,52908.33333
1/6/2006,51.18333333,48638,10.65740741,1473.773878,7.556410256,93.41435897,,0.447948718,47.54166667,52045.83333
1/7/2006,50.96666667,49589,10.53703704,1490.292039,9.071428571,96.74408163,,2.414081633,11,52629.16667
1/8/2006,50.75833333,50132,10.4212963,1467.638561,5.551724138,82.73965517,,1.702413793,87.79166667,51829.16667
1/9/2006,50.70416667,49887,10.3912037,1491.353921,6.920833333,73.93708333,,1.435416667,94.20833333,52666.66667
1/10/2006,50.5375,49293,10.29861111,1447.462808,7.989655172,89.72551724,,0.177241379,19.66666667,51116.66667
1/11/2006,50.29166667,47768,10.16203704,1350.713582,9.253225806,96.04693548,,1.617741935,62.91304348,47700
1/12/2006,50.2375,45606,10.13194444,1365.933887,7.725,89.72333333,,1.128055556,54.625,48237.5
1/13/2006,50,42240,10,1215.972587,8.688235294,92.66764706,,1.013235294,7.458333333,42941.66667
1/14/2006,49.8,36114,9.888888889,1028.491466,8.407246377,97.49942029,,1.34884058,23.25,36320.83333
1/15/2006,49.46666667,29902,9.703703704,909.7966836,3.8425,89.77425,,0.81,109.0833333,32129.16667
1/16/2006,49.43333333,25884,9.685185185,766.9145952,5.875,80.40166667,,0.7275,49.08333333,27083.33333
1/17/2006,49.4875,22118,9.715277778,649.281695,7.066666667,89.631,,1.646,12.875,22929.16667
1/18/2006,49.34583333,17759,9.636574074,550.6446794,7.843243243,92.86594595,,4.240540541,63,19445.83333
1/19/2006,49,15713,9.444444444,452.4796112,2.563461538,91.44403846,,1.147307692,118.5416667,15979.16667
1/20/2006,48.7875,13983,9.326388889,403.3970771,5.26,80.8884,,1.6876,48,14245.83333
1/21/2006,48.975,12822,9.430555556,353.6066218,6.051612903,88.98387097,,1.858387097,96.45833333,12487.5
1/22/2006,48.85416667,10077,9.363425926,297.3268892,9.5375,50.2925,,5.829583333,126.2083333,10500
1/23/2006,48.85416667,9680,9.363425926,264.7625156,13.55833333,33.52041667,,6.750833333,117.2083333,9350
1/24/2006,48.8625,8407,9.368055556,229.1304837,15.7125,36.82708333,,3.495,122.5217391,8091.666667
1/25/2006,48.74166667,8332,9.300925926,229.3664574,4.905405405,87.35540541,,1.084054054,98.375,8100
1/26/2006,48.5625,8070,9.201388889,232.1273499,8.45483871,84.32225806,,1.676451613,78.75,8197.5
1/27/2006,48.42083333,9452,9.122685185,277.6702782,7.646666667,83.091,,2.263666667,42.16666667,9805.833333
1/28/2006,48.24583333,10357,9.025462963,286.1063388,8.08,90.07628571,,5.056,23.45454545,10103.75
1/29/2006,47.85,10462,8.805555556,284.6551004,7.627272727,91.32,,1.309393939,22.70833333,10052.5
1/30/2006,47.9625,13496,8.868055556,399.8574713,9.08,95.78825,,2.855,30.45833333,14120.83333
1/31/2006,47.9375,14729,8.854166667,425.9325675,5.01,88.69793103,,1.886333333,46.5,15041.66667
2/1/2006,47.875,14895,8.819444444,425.9325675,7.401923077,91.09211538,,0.978653846,14.5,15041.66667
2/2/2006,47.99166667,15910,8.884259259,432.8937923,8.895652174,93.92391304,,0.700434783,40.66666667,15287.5
2/3/2006,48.19166667,26526,8.99537037,747.6827369,11.04035088,90.40859649,,0.946842105,108.9583333,26404.16667
2/4/2006,47.75,30018,8.75,874.1646517,12.87586207,72.22068966,,4.417586207,137.875,30870.83333
2/5/2006,47.70833333,29900,8.726851852,870.7430327,9.520833333,45.09708333,,3.515416667,159.3913043,30750
2/6/2006,48.00416667,29617,8.891203704,859.8882415,10.57083333,47.70958333,,1.843333333,117.4583333,30366.66667
2/7/2006,48.08333333,25634,8.935185185,753.5820799,12.665,50.908,,1.8515,153.5416667,26612.5
2/8/2006,48.25,22143,9.027777778,627.8080863,15.15,41.28863636,,2.688636364,157.375,22170.83333
2/9/2006,48.075,18364,8.930555556,528.4631495,18.24583333,26.51166667,,3.944166667,160.125,18662.5
2/10/2006,48.25833333,16875,9.032407407,494.3649468,14.28333333,44.92166667,,1.415,160.9166667,17458.33333
2/11/2006,48.07083333,14583,8.928240741,422.0390011,12.9625,56.29458333,,1.2,159.375,14904.16667
2/12/2006,48.00416667,12896,8.891203704,359.5059649,14.16666667,50.28041667,,3.150416667,169,12695.83333
2/13/2006,48.02916667,11423,8.905092593,313.1371286,18.8875,27.05166667,,5.145,165.875,11058.33333
2/14/2006,48.12083333,9552,8.956018519,278.6141731,15.22173913,28.02652174,,5.39,164.0416667,9839.166667
2/15/2006,47.78333333,7961,8.768518519,229.4844443,7.620833333,33.39291667,,3.857916667,163.8333333,8104.166667
2/16/2006,47.6875,7093,8.715277778,198.3477117,3.6125,49.63583333,,1.842916667,158.1666667,7004.583333
2/17/2006,47.51666667,6891,8.62037037,189.7476494,5.7875,58.22083333,,1.971666667,118.6666667,6700.875
2/18/2006,47.175,6581,8.430555556,191.8466357,3.7925,85.66375,,2.4825,68.33333333,6775
2/19/2006,46.9375,6316,8.298611111,170.4674165,3.583333333,67.94541667,,2.036666667,181.0434783,6020
2/20/2006,46.75,6049,8.194444444,174.620554,5.3625,52.25416667,,2.100833333,182.5833333,6166.666667
2/21/2006,46.725,5937,8.180555556,177.0274859,7.7125,43.98125,,2.765833333,179.875,6251.666667
2/22/2006,46.85833333,5878,8.25462963,175.3874686,10.22608696,46.85478261,,2.796521739,179.375,6193.75
2/23/2006,46.975,5517,8.319444444,168.532432,13.21363636,40.93045455,,2.128636364,183.375,5951.666667
2/24/2006,47.07916667,5638,8.377314815,167.7773161,10.73913043,52.77608696,,0.894347826,186.7083333,5925
2/25/2006,47.02083333,5668,8.344907407,168.154874,10.5,59.53347826,,1.163043478,148.9583333,5938.333333
2/26/2006,46.91666667,5897,8.287037037,167.8009134,10.5125,64.6325,,1.41375,95.43478261,5925.833333
2/27/2006,46.90833333,10369,8.282407407,275.3695344,9.645833333,92.37458333,,4.186666667,9.208333333,9724.583333
2/28/2006,47.15,14744,8.416666667,427.3484098,11.80612245,80.76612245,,6.698367347,98.66666667,15091.66667
3/1/2006,46.89583333,14951,8.275462963,425.1066595,8.716666667,75.65944444,,3.329166667,152.2916667,15012.5
3/2/2006,46.77083333,14502,8.206018519,424.2807514,9.62,63.34266667,,7.51,93.33333333,14983.33333
3/3/2006,46.9,21488,8.277777778,598.7833186,5.216666667,87.26722222,,3.657777778,43.5,21145.83333
3/4/2006,47.39583333,24850,8.553240741,730.9286027,5.64375,81.320625,,2.716875,126.5833333,25812.5
3/5/2006,47.30833333,24647,8.50462963,727.3889968,7.185185185,79.81851852,,3.81037037,14.625,25687.5
3/6/2006,47.49166667,26089,8.606481481,753.8180537,7.037209302,91.4855814,,2.356046512,18.63636364,26620.83333
3/7/2006,47.65,33685,8.694444444,991.4294329,8.946153846,84.36179487,,3.746666667,,35012
3/8/2006,47.57916667,32439,8.655092593,964.3066133,6.736842105,70.32315789,,1.326315789,,34054.16667
3/9/2006,47.48333333,30571,8.601851852,873.3387436,8.830434783,51.74,,3.310869565,,30841.66667
3/10/2006,47.325,29329,8.513888889,862.012005,3.741666667,70.56583333,,2.465833333,209.5,30441.66667
3/11/2006,47.40833333,30180,8.560185185,865.433624,3.237837838,78.71081081,,1.278378378,188.5416667,30562.5
3/12/2006,47.33333333,29275,8.518518519,847.3816343,3.213333333,83.48333333,,1.749111111,68.7826087,29925
3/13/2006,47.32916667,29601,8.516203704,852.4550693,3.886363636,88.37977273,,1.344090909,70.39130435,30104.16667
3/14/2006,47.16666667,25378,8.425925926,746.5028683,7.02173913,82.74347826,,6.922391304,107.0416667,26362.5
3/15/2006,47.00833333,24573,8.337962963,732.2264581,7.324242424,80.02090909,,2.604242424,61.375,25858.33333
3/16/2006,46.95416667,25817,8.30787037,736.4739851,9.66875,72.125,,9.5978125,86.625,26008.33333
3/17/2006,46.94583333,25169,8.303240741,745.6769603,9.048484848,79.70757576,,2.416060606,199.7916667,26333.33333
3/18/2006,47.10416667,25894,8.391203704,742.3733282,10.75,45.1725,,4.066666667,236.7916667,26216.66667
3/19/2006,47.325,25106,8.513888889,743.6711836,10.13333333,36.77952381,,4.531428571,246.9565217,26262.5
3/20/2006,47.25833333,23831,8.476851852,742.9632625,7.175,69.163125,,2.8125,41.875,26237.5
3/21/2006,47.225,24764,8.458333333,735.2941165,6.495348837,86.99093023,,2.667674419,104.0909091,25966.66667
3/22/2006,47.275,24534,8.486111111,739.7776172,10.03333333,70.27,,1.571666667,194.125,26125
3/23/2006,47.25416667,25403,8.474537037,729.1587997,10.58333333,68.29541667,,2.5075,161.125,25750
3/24/2006,47.12916667,22570,8.405092593,651.6414322,10.36734694,86.6777551,,2.592857143,30.20833333,23012.5
3/25/2006,47.00833333,20768,8.337962963,634.7693111,11.94705882,81.22254902,,5.305294118,119.625,22416.66667
3/26/2006,47.05833333,22670,8.365740741,638.6628775,8.609090909,67.76681818,,1.636363636,263.6956522,22554.16667
3/27/2006,47.14166667,21125,8.412037037,636.0671666,10.47083333,58.99125,,2.164583333,186.25,22462.5
3/28/2006,46.96666667,22587,8.314814815,635.2412585,10.52553191,82.58255319,,5.18787234,95.08333333,22433.33333
3/29/2006,47.02916667,22974,8.349537037,646.8039709,8.66097561,76.76804878,,3.363414634,145.9583333,22841.66667
3/30/2006,47.42083333,23019,8.56712963,637.6009958,9.620833333,73.98333333,,1.5,95.41666667,22516.66667
3/31/2006,47.275,23019,8.486111111,647.2759183,9.745238095,81.91142857,,7.32452381,65.04166667,22858.33333
4/1/2006,47.11666667,21795,8.398148148,642.7924176,8.381081081,81.99243243,,4.893783784,108.0833333,22700
4/2/2006,47.12608696,21564,8.403381643,644.1467016,9.40625,80.990625,,2.5078125,70.54166667,22747.82609
4/3/2006,47.37083333,23152,8.539351852,651.0514979,7.907142857,91.14571429,,1.699464286,48.875,22991.66667
4/4/2006,47.57916667,35804,8.655092593,1015.040963,9.507692308,84.12461538,,1.958846154,90.25,35845.83333
4/5/2006,47.5,39094,8.611111111,1102.705201,9.530769231,82.35282051,,2.795641026,151.2083333,38941.66667
4/6/2006,47.4625,39331,8.590277778,1108.01461,11.27142857,73.86028571,,3.660285714,191.0416667,39129.16667
4/7/2006,47.5125,39518,8.618055556,1095.272029,11.585,67.8945,,1.517,171.2916667,38679.16667
4/8/2006,47.2875,38691,8.493055556,1148.036933,10.99210526,75.22315789,,6.864736842,153.0416667,40542.54167
4/9/2006,47.51666667,38614,8.62037037,1104.533997,10.03529412,84.30941176,,2.042647059,93.47826087,39006.25
4/10/2006,47.5875,39415,8.659722222,1108.958505,8.967391304,88.43369565,,2.045869565,97.26086957,39162.5
4/11/2006,47.5625,34078,8.645833333,995.927092,9.918181818,85.67757576,,3.959090909,38.66666667,35170.83333
4/12/2006,48.05,22686,8.916666667,677.8345153,10.806,90.1646,,2.8916,60.04166667,23937.5
4/13/2006,48.27083333,41844,9.039351852,1137.629312,12.84782609,74.35956522,,1.945217391,260.375,40175
4/14/2006,48.325,40549,9.069444444,1141.404891,15.5375,61.95208333,,2.529583333,274.2083333,40308.33333
4/15/2006,47.92083333,40231,8.844907407,1128.66231,13.03548387,70.34580645,,10.02322581,108.9583333,39858.33333
4/16/2006,47.84166667,33230,8.800925926,979.0549709,8.075,82.05875,,2.5721875,167.8695652,34575
4/17/2006,48.02083333,29697,8.900462963,873.2207568,5.828205128,82.63871795,,1.265897436,268.9583333,30837.5
4/18/2006,48.42083333,31532,9.122685185,880.8899027,13.10666667,46.45333333,,2.983333333,298.125,31108.33333
4/19/2006,48.8125,29903,9.340277778,876.9963363,14.8,45.2825,,1.67125,299.9583333,30970.83333
4/20/2006,48.775,30107,9.319444444,862.4839524,15.96666667,55.71916667,,1.735416667,280.25,30458.33333
4/21/2006,48.75833333,23622,9.310185185,702.4937692,17.875,55.2275,,1.650416667,241.625,24808.33333
4/22/2006,48.75416667,24459,9.30787037,700.134032,16.33846154,64.87076923,,2.096923077,157.375,24725
4/23/2006,48.83333333,20600,9.351851852,597.7214368,11.53043478,80.57608696,,1.285652174,272.5416667,21108.33333
4/24/2006,48.74583333,21022,9.303240741,585.0968427,14.21290323,77.33903226,,2.80483871,82.73913043,20662.5
4/25/2006,48.82083333,20267,9.344907407,593.5918967,15.00625,75.884375,,1.060625,252.5,20962.5
4/26/2006,49.22083333,20094,9.56712963,587.2206062,19.1625,54.135,,3.279166667,304.625,20737.5
4/27/2006,49.65,21387,9.805555556,580.4953551,23.9,29.54166667,,4.309583333,303.2916667,20500
4/28/2006,49.78333333,16388,9.87962963,492.5951438,27.075,28.44125,,3.836666667,309.5833333,17395.83333
4/29/2006,49.6375,13846,9.798611111,399.0315632,22.47391304,62.43,,2.146956522,298.2083333,14091.66667
4/30/2006,49.12916667,12088,9.516203704,332.6049606,22.44210526,43.05210526,,4.467368421,333.4347826,11745.83333
5/1/2006,48.95416667,10221,9.418981481,281.8588118,22.51904762,31.79714286,,3.038571429,321.8333333,9953.75
5/2/2006,49.05416667,9218,9.474537037,244.8345348,23.53333333,17.61533333,,5.590666667,323.75,8646.25
5/3/2006,49.52916667,7016,9.738425926,210.9605071,24.98666667,18.86466667,,3.738666667,317.0833333,7450
5/4/2006,49.3875,6170,9.659722222,180.4491049,20.58095238,48.75428571,,2.742857143,319.0833333,6372.5
5/5/2006,49.42083333,6316,9.678240741,182.7970434,18.5,64.42076923,,2.531538462,308.9583333,6455.416667
5/6/2006,49.64166667,6289,9.800925926,184.2364831,20.33076923,57.91615385,,2.256923077,287.875,6506.25
5/7/2006,49.94583333,12607,9.969907407,344.2856598,21.16666667,51.742,,1.884666667,238.5652174,12158.33333
5/8/2006,49.23333333,13748,9.574074074,408.588499,27.2125,20.665,,3.6,325.6666667,14429.16667
5/9/2006,49.075,14356,9.486111111,405.4028537,23,20.88133333,,5.109333333,331.7083333,14316.66667
5/10/2006,48.98333333,14386,9.435185185,404.2229851,27.73636364,17.66545455,,3.088181818,296.3478261,14275
5/11/2006,49.07083333,13365,9.483796296,400.093445,21.68666667,46.22733333,,0.96,318.0833333,14129.16667
5/12/2006,49.5375,13490,9.743055556,369.4168612,23.18947368,40.51894737,,2.192631579,329.5,13045.83333
5/13/2006,49.43333333,12759,9.685185185,371.1866641,22.3875,41.91125,,1.37125,326.7916667,13108.33333
5/14/2006,49.62083333,12259,9.789351852,345.1115678,25.87142857,40.26714286,,2.817619048,346.7391304,12187.5
5/15/2006,49.65416667,12236,9.80787037,359.1520043,25.86842105,42.28833333,,1.922105263,280.375,12683.33333
5/16/2006,49.4875,13312,9.715277778,367.6470583,27.25833333,46.23083333,,1.453043478,328.7083333,12983.33333
5/17/2006,49.66666667,13190,9.814814815,369.7708217,28.96818182,41.64818182,,2.081818182,330.2083333,13058.33333
5/18/2006,49.66666667,13400,9.814814815,396.9077997,28.88333333,46.46791667,,2.679166667,422.1111111,14016.66667
5/19/2006,49.34166667,14637,9.634259259,415.5497237,23.57407407,44.67777778,,3.734814815,127,14675
5/20/2006,49.34583333,15312,9.636574074,407.6446041,16.97428571,80.79114286,,3.791714286,221.0833333,14395.83333
5/21/2006,49.30833333,15583,9.615740741,429.0002259,18.67407407,69.64037037,,2.781851852,164.8695652,15150
5/22/2006,49.3375,15262,9.631944444,436.9053455,16.46388889,72.18027778,,6.388333333,239.1304348,15429.16667
5/23/2006,49.2875,16211,9.604166667,430.5340551,17.44347826,54.94913043,,6.241304348,209.6666667,15204.16667
5/24/2006,49.45,13710,9.694444444,396.7898129,17.7625,62.85791667,,2.850833333,174.8333333,14012.5
5/25/2006,49.6375,14065,9.798611111,395.845918,19.05652174,56.14695652,,2.056956522,326.125,13979.16667
5/26/2006,49.67916667,14176,9.821759259,395.9639048,17.49130435,36.55869565,,3.377391304,312.875,13983.33333
5/27/2006,49.66666667,13838,9.814814815,400.6833793,15.05,39.40045455,,3.389545455,306.6666667,14150
5/28/2006,49.625,13931,9.791666667,389.1206669,16.56666667,42.8252381,,2.475238095,358.6086957,13741.66667
5/29/2006,49.84166667,14114,9.912037037,396.3178654,18.615,41.3505,,2.1865,340.5833333,13995.83333
5/30/2006,49.74583333,13560,9.858796296,398.5596158,20.65,37.22454545,,2.034090909,349.0416667,14075
5/31/2006,49.56666667,13826,9.759259259,397.6157209,20.26470588,44.80941176,,1.390588235,275.7916667,14041.66667
6/1/2006,49.48333333,13993,9.712962963,396.671826,20.28571429,63.91142857,,0.294285714,163.9583333,14008.33333
6/2/2006,49.58333333,14218,9.768518519,396.671826,24.95384615,53.50769231,,2.810769231,276.5,14008.33333
6/3/2006,49.66666667,14092,9.814814815,405.992788,22.48333333,67.26583333,,1.714583333,283.4583333,14337.5
6/4/2006,49.89166667,13698,9.939814815,403.9870114,25.52608696,41.73913043,,2.370434783,333.173913,14266.66667
6/5/2006,49.9375,13926,9.965277778,402.6891559,22.85263158,51.26894737,,1.326315789,352.75,14220.83333
6/6/2006,50.07083333,13638,10.03935185,396.4358523,22,57.165,,1.54,349.125,14000
6/7/2006,50.07916667,13850,10.04398148,400.8013661,34,17.96,,4.37,345.625,14154.16667
6/8/2006,49.89166667,14290,9.939814815,395.7279311,29.85714286,23.98857143,,3.892857143,339.375,13975
6/9/2006,50.05,14412,10.02777778,406.3467486,24.04090909,31.16227273,,2.384545455,354.3333333,14350
6/10/2006,49.95416667,14039,9.974537037,403.0431165,24.86842105,40.06052632,,2.138947368,318.125,14233.33333
6/11/2006,49.925,14330,9.958333333,401.2733136,24.06666667,46.58041667,,2.742083333,260.5652174,14170.83333
6/12/2006,50.025,14293,10.01388889,405.992788,21.3875,51.89833333,,3.171666667,306.5416667,14337.5
6/13/2006,49.91666667,13917,9.953703704,406.7007092,18.35,60.70266667,,3.652,204.9583333,14362.5
6/14/2006,49.68333333,14256,9.824074074,407.9985646,16.87692308,76.34615385,,1.305384615,197.9583333,14408.33333
6/15/2006,50.41666667,13667,10.23148148,417.0835529,22.0875,53.3375,,2.44375,318.375,14729.16667
6/16/2006,50.875,13961,10.48611111,387.9407983,25.88095238,41.83904762,,2.914761905,358.25,13700
6/17/2006,50.27083333,14833,10.15046296,402.6891559,28.42142857,29.44071429,,3.271428571,358.7083333,14220.83333
6/18/2006,50.24583333,14651,10.13657407,412.7180391,26.69090909,33.79272727,,1.566363636,412.1904762,14575
6/19/2006,50.17916667,13828,10.09953704,408.4705121,27.83809524,24.73047619,,3.821904762,387.6818182,14425
6/20/2006,50.09166667,14294,10.05092593,399.8574713,27.93636364,22.38818182,,3.811363636,366.0416667,14120.83333
6/21/2006,49.9375,14639,9.965277778,413.4259602,30.91052632,17.65736842,,5.741052632,364.6666667,14600
6/22/2006,49.85416667,14577,9.918981481,415.5497237,32.805,13.6855,,4.245,382.2608696,14675
6/23/2006,50.01666667,14717,10.00925926,423.1008828,32.59583333,20.43458333,,3.492916667,370.2083333,14941.66667
6/24/2006,50.03333333,13567,10.01851852,419.561277,33.46666667,24.80916667,,2.722916667,411.6190476,14816.66667
6/25/2006,50.09583333,15304,10.05324074,407.5266172,34.4875,30.81791667,,2.2075,390.2857143,14391.66667
6/26/2006,50.1,15183,10.05555556,421.9210142,34.20833333,32.52666667,,2.335833333,337.875,14900
6/27/2006,50.20833333,14199,10.11574074,386.4069691,32.39583333,47.17833333,,3.000833333,250.8333333,13645.83333
6/28/2006,50.075,13413,10.04166667,381.6874947,28.84166667,38.65708333,,2.335833333,179.4090909,13479.16667
6/29/2006,50.05833333,13583,10.03240741,387.4688509,28.57083333,47.18083333,,1.671666667,328.3913043,13683.33333
6/30/2006,50.35416667,13039,10.19675926,388.0587852,29.02916667,35.71458333,,1.907916667,382.0909091,13704.16667
7/1/2006,50.32083333,13743,10.17824074,393.1322202,27.68333333,35.71583333,,1.842916667,357.0454545,13883.33333
7/2/2006,50.46666667,13642,10.25925926,386.8789166,29.13333333,38.67416667,,2.335833333,394.0952381,13662.5
7/3/2006,50.47916667,13823,10.2662037,382.0414553,28.35833333,36.39625,,2.378333333,351.625,13491.66667
7/4/2006,50.49583333,13316,10.27546296,384.5191793,27.05833333,30.53916667,,2.229166667,345.826087,13579.16667
7/5/2006,50.45,13368,10.25,387.9407983,26.36666667,34.72166667,,2.400833333,349.9583333,13700
7/6/2006,50.55416667,13285,10.30787037,386.1709954,25.24166667,38.75541667,,2.2925,346.7083333,13637.5
7/7/2006,50.6625,13498,10.36805556,384.7551531,27.89166667,31.06833333,,3.000833333,358.125,13587.5
7/8/2006,50.7125,13896,10.39583333,389.2386538,29.60869565,33.0226087,,1.453478261,350.2916667,13745.83333
7/9/2006,50.77083333,13459,10.42824074,391.598391,31.80833333,31.25291667,,2.379166667,391.6190476,13829.16667
7/10/2006,50.93333333,13429,10.51851852,385.8170348,30.50416667,31.42833333,,2.55,350.875,13625
7/11/2006,50.90833333,13836,10.50462963,383.8112582,27.75,34.41041667,,2.379583333,332.1666667,13554.16667
7/12/2006,50.95833333,13154,10.53240741,388.5295527,25.85416667,34.09083333,,3.258333333,333.5833333,13720.79167
7/13/2006,50.97083333,13506,10.53935185,391.598391,26.93913043,34.59869565,,2.526956522,345.7916667,13829.16667
7/14/2006,51.10833333,14580,10.61574074,417.6734872,29.2625,32.42791667,,2.121666667,339.6666667,14750
7/15/2006,51.0625,14804,10.59027778,418.8533558,29.63478261,28.38086957,,2.325217391,344.6666667,14791.66667
7/16/2006,51.20416667,14255,10.66898148,422.2749748,30.15454545,25.45363636,,2.08,384.8181818,14912.5
7/17/2006,51.32916667,14095,10.73842593,418.0274478,33.22727273,23.68681818,,2.993181818,380.9545455,14762.5
7/18/2006,51.37083333,15448,10.76157407,424.1627646,35.975,16.89,,3.705,343.3333333,14979.16667
7/19/2006,50.82916667,15206,10.46064815,431.9498974,32.17916667,35.45333333,,2.207916667,293.9130435,15254.16667
7/20/2006,50.72083333,15339,10.40046296,435.2771269,32.97083333,32.28708333,,1.822083333,331.4782609,15371.66667
7/21/2006,50.66666667,15241,10.37037037,439.4444228,32.65416667,33.43708333,,2.980416667,126.9130435,15518.83333
7/22/2006,50.6875,15355,10.38194444,441.0348857,33.95454545,33.76545455,,2.385,326.7391304,15575
7/23/2006,51.18333333,15649,10.65740741,439.7370302,35.8,31.75391304,,2.19173913,325.625,15529.16667
7/24/2006,51.20416667,15559,10.66898148,438.4391747,36.43636364,28.37409091,,2.197272727,318.4583333,15483.33333
7/25/2006,51.3375,14511,10.74305556,436.3154112,36.07083333,26.13083333,,2.744166667,318.4782609,15408.33333
7/26/2006,51.17916667,15517,10.65509259,441.62482,33.675,29.39166667,,2.635833333,338.0869565,15595.83333
7/27/2006,51.37083333,14956,10.76157407,434.4276215,32.39565217,28.2426087,,2.101304348,344.6956522,15341.66667
7/28/2006,51.4125,15484,10.78472222,426.9944492,29.97916667,32.88083333,,2.164583333,333.6086957,15079.16667
7/29/2006,51.4125,14646,10.78472222,432.0678842,27.8,38.46041667,,3.08625,331.0869565,15258.33333
7/30/2006,51.49166667,15253,10.8287037,432.8937923,26.21923077,30.59884615,,2.769615385,345.2272727,15287.5
7/31/2006,51.51666667,14674,10.84259259,419.4432901,26.108,27.5168,,2.0992,315.3043478,14812.5
8/1/2006,51.59583333,14989,10.88657407,421.3310799,25.6875,31.23166667,,2.293333333,326.6521739,14879.16667
8/2/2006,51.8375,14679,11.02083333,432.5398317,27.75416667,28.52166667,,2.036666667,322.173913,15275
8/3/2006,51.75416667,14290,10.97453704,403.6330508,25.7,41.225,,1.7995,316,14254.16667
8/4/2006,51.8375,13582,11.02083333,408.8244727,25.05,41.23416667,,0.6425,310.3478261,14437.5
8/5/2006,51.85,14150,11.02777778,413.7799208,24,50.28818182,,2.245454545,295.2173913,14612.5
8/6/2006,52,14868,11.11111111,406.0010471,26.1,46.21782609,,2.235652174,300.4782609,14337.79167
8/7/2006,52.29166667,14254,11.27314815,403.9870114,25.89230769,47.53307692,,3.521153846,296.0869565,14266.66667
8/8/2006,51.54583333,14344,10.8587963,404.8129194,24.425,45.31208333,,2.529166667,308.3913043,14295.83333
8/9/2006,51.17083333,14415,10.65046296,413.661934,29.29565217,33.23652174,,2.64,319.0869565,14608.33333
8/10/2006,51.35,13922,10.75,415.1639067,28.96086957,30.10956522,,2.19173913,312.8695652,14661.375
8/11/2006,51.34583333,13925,10.74768519,395.7279311,28.26521739,33.68869565,,2.146956522,322.0869565,13975
8/12/2006,51.46666667,14010,10.81481481,397.2617603,27.7047619,23.85952381,,2.22952381,319.7391304,14029.16667
8/13/2006,51.4625,13583,10.8125,394.7840362,27.24782609,28.1473913,,1.833913043,318.826087,13941.66667
8/14/2006,51.45,13374,10.80555556,379.9176918,26.50434783,36.23565217,,2.10173913,254.8571429,13416.66667
8/15/2006,51.675,13501,10.93055556,375.7881516,26.12608696,35.67478261,,2.549565217,297.4347826,13270.83333
8/16/2006,51.77083333,12968,10.9837963,374.7262699,25.76842105,37.45157895,,2.652631579,305.7391304,13233.33333
8/17/2006,51.27916667,13026,10.71064815,379.0917838,23.76666667,42.85,,1.953333333,313.5652174,13387.5
8/18/2006,50.70833333,13459,10.39351852,380.3896392,25.82857143,27.10904762,,1.379545455,316.0434783,13433.33333
8/19/2006,50.83333333,13158,10.46296296,379.7997049,26.29583333,33.795,,2.14375,300.5652174,13412.5
8/20/2006,50.87916667,13118,10.48842593,379.4457443,26.27826087,32.74130435,,1.811304348,271.3478261,13400
8/21/2006,50.8375,13229,10.46527778,379.5637312,25.2,29.88727273,,1.730454545,290,13404.16667
8/22/2006,50.90416667,13222,10.50231481,379.2097706,26.11428571,29.26714286,,1.69,306.173913,13391.66667
8/23/2006,50.97083333,12972,10.53935185,367.0571239,25.91363636,29.50727273,,2.010454545,306.7826087,12962.5
8/24/2006,51.02916667,12332,10.57175926,355.140451,24.64583333,22.74583333,,1.67125,296.5217391,12541.66667
8/25/2006,51.23333333,11315,10.68518519,329.1833416,25.4875,34.50583333,,1.757916667,290.7826087,11625
8/26/2006,51.25833333,11300,10.69907407,322.2221168,26.44166667,36.79791667,,2.2075,298.4782609,11379.16667
8/27/2006,51.44583333,11161,10.80324074,328.5934073,27.2173913,35.72826087,,1.095652174,294.7391304,11604.16667
8/28/2006,51.29166667,11209,10.71759259,322.2221168,27.46666667,37.30142857,,1.983333333,291.0434783,11379.16667
8/29/2006,51.60833333,10718,10.89351852,313.8450497,26.22608696,35.1126087,,2.25826087,289.3913043,11083.33333
8/30/2006,51.6875,10972,10.9375,314.7889446,24.94347826,36.8073913,,2.773913043,283.2727273,11116.66667
8/31/2006,51.37916667,10709,10.7662037,319.3904322,28.085,14.613,,4.913,293.826087,11279.16667
9/1/2006,51.3875,11523,10.77083333,320.0983534,26.52631579,25.62684211,,1.109473684,284.6956522,11304.16667
9/2/2006,51.59583333,10833,10.88657407,319.508419,24.32222222,36.49444444,,1.199444444,261,11283.33333
9/3/2006,51.4375,11355,10.79861111,319.508419,26.69473684,29.40157895,,1.758947368,267.3913043,11283.33333
9/4/2006,51.49583333,11060,10.83101852,316.6767344,25.30454545,37.57363636,,1.402727273,286.3636364,11183.33333
9/5/2006,51.525,11169,10.84722222,319.8623796,28.3,24.665,,1.415,280,11295.83333
9/6/2006,51.6625,11079,10.92361111,316.7947212,26,30.75263158,,1.489473684,288.1363636,11187.5
9/7/2006,51.92083333,10531,11.06712963,288.6784523,28.44444444,28.66111111,,2.172777778,293.6190476,10194.58333
9/8/2006,51.8625,10007,11.03472222,293.3271346,26.76666667,34.994,,2.571333333,243.8695652,10358.75
9/9/2006,51.5125,10038,10.84027778,299.4506527,20.665,52.084,,2.5725,248.3043478,10575
9/10/2006,51.35416667,9808,10.75231481,292.2534542,23.16,46.159,,1.826,256.0833333,10320.83333
9/11/2006,51.24583333,10110,10.69212963,299.3326658,27.17857143,39.34357143,,1.542857143,249.0833333,10570.83333
9/12/2006,51.3125,9315,10.72916667,297.4448761,25.3,42.17777778,,1.199444444,256.0869565,10504.16667
9/13/2006,51.4,9698,10.77777778,283.2510567,28.08571429,34.88,,2.204285714,241.6521739,10002.91667
9/14/2006,51.525,9418,10.84722222,282.2599671,25.13125,34.210625,,3.9225,238.1304348,9967.916667
9/15/2006,51.27083333,9414,10.70601852,276.2898319,18.45238095,32.99238095,,3.65047619,193.0434783,9757.083333
9/16/2006,51.15833333,9471,10.64351852,281.9767986,17.19545455,37.86636364,,3.016363636,248.826087,9957.916667
9/17/2006,51.31666667,9021,10.73148148,274.3902435,25.86923077,19.58923077,,3.916923077,253.0869565,9690
9/18/2006,51.24583333,8974,10.69212963,270.1781125,22.77142857,36.34071429,,1.065,203.4782609,9541.25
9/19/2006,51.225,9330,10.68055556,269.6589704,20.7625,38.249375,,2.571875,248.2608696,9522.916667
9/20/2006,51.425,8437,10.79166667,259.6182885,21.07333333,28.94733333,,5.248,231.3478261,9168.333333
9/21/2006,51.40416667,8698,10.78009259,259.1935358,24.025,27.87083333,,3.643333333,219.8181818,9153.333333
9/22/2006,51.325,8411,10.73611111,255.3235668,24.04166667,17.16583333,,9.9025,247.6521739,9016.666667
9/23/2006,51.40833333,8337,10.78240741,256.6804157,23.85714286,15.63714286,,6.246428571,244.2608696,9064.583333
9/24/2006,51.3,8125,10.72222222,246.4627535,24.26666667,20.32444444,,2.001111111,242.0869565,8703.75
9/25/2006,51.3875,8202,10.77083333,242.8877516,22.3625,28.5725,,0.515,244.5454545,8577.5
9/26/2006,51.42916667,8074,10.79398148,244.114815,26.72222222,19.91111111,,2.228888889,233,8620.833333
9/27/2006,51.5875,7809,10.88194444,235.8911308,26.125,25.38,,1.80125,226.8695652,8330.416667
9/28/2006,51.6,7540,10.88888889,228.9063086,20.66,42.254,,1.44,224.1304348,8083.75
9/29/2006,51.62916667,7048,10.90509259,228.5051533,17.45,49.676,,0.463,217.4347826,8069.583333
9/30/2006,51.62083333,7380,10.90046296,224.6705803,15.6,59.68,,0.72,211.2608696,7934.166667
10/1/2006,51.5625,7684,10.86805556,228.4225625,22.28,40.684,,4.114,202.7391304,8066.666667
10/2/2006,51.39166667,7256,10.77314815,215.8215658,16.05555556,59.92888889,,2.227777778,187.9565217,7621.666667
10/3/2006,51.25833333,7332,10.69907407,213.4618286,19.31818182,49.70727273,,1.9725,155.5217391,7538.333333
10/4/2006,51.40416667,6556,10.78009259,214.0517629,17.6,54.246,,2.521,105.3043478,7559.166667
10/5/2006,51.17083333,7042,10.65046296,211.4324546,14.78695652,74.55565217,,1.832608696,135.826087,7466.666667
10/6/2006,51.52916667,6507,10.84953704,218.0869135,16.96818182,59.68045455,,2.220454545,190.9565217,7701.666667
10/7/2006,51.57083333,6643,10.87268519,187.6934982,19.29444444,47.28333333,,3.287222222,207.0869565,6628.333333
10/8/2006,51.74583333,6899,10.96990741,188.4368154,24.56428571,20.60357143,,5.622142857,208.5652174,6654.583333
10/9/2006,51.875,6353,11.04166667,187.363135,26.01818182,20.19363636,,7.67,204.6521739,6616.666667
10/10/2006,51.9375,6103,11.07638889,173.2991011,20.81764706,19.53529412,,7.050588235,188.173913,6120
10/11/2006,51.87916667,6079,11.04398148,172.0130444,24.6,18.388,,3.241,198.3478261,6074.583333
10/12/2006,51.95,5625,11.08333333,172.7445629,23.57777778,25.71222222,,1.657777778,200.0434783,6100.416667
10/13/2006,51.9,6202,11.05555556,173.3344972,19.36153846,42.27615385,,2.374615385,195.3913043,6121.25
10/14/2006,52.10416667,6012,11.16898148,172.9333419,15.86521739,58.71913043,,1.119130435,181.5217391,6107.083333
10/15/2006,52.24166667,5906,11.24537037,168.2138674,15.0125,67.68958333,,1.3075,125.1363636,5940.416667
10/16/2006,52.34583333,5927,11.30324074,167.5885371,15.21785714,65.15357143,,2.976428571,167.826087,5918.333333
10/17/2006,52.32916667,5949,11.29398148,167.1165896,14.832,52.5476,,4.0128,188.9565217,5901.666667
10/18/2006,52.33333333,5812,11.2962963,164.7804498,18.26666667,29.60958333,,3.9225,181.7826087,5819.166667
10/19/2006,52.425,5935,11.34722222,164.9574301,20.67083333,29.63416667,,2.957916667,173.4347826,5825.416667
10/20/2006,52.55,5748,11.41666667,164.3792945,23.15,32.395,,4.222916667,109.6190476,5805
10/21/2006,52.67916667,6076,11.48842593,161.9133691,22.86666667,14.92,,5.100833333,166.5217391,5717.916667
10/22/2006,52.70833333,5807,11.50462963,162.479706,17.24166667,35.92,,0.942916667,169.8333333,5737.916667
10/23/2006,52.79583333,5823,11.55324074,161.1700519,17.06666667,40.49708333,,0.578333333,166.6521739,5691.666667
10/24/2006,52.775,5235,11.54166667,160.6155136,16.76666667,43.7225,,0.685416667,156.826087,5672.083333
10/25/2006,52.82916667,5464,11.57175926,156.3797853,17.21666667,20.98333333,,6.216666667,167.0833333,5522.5
10/26/2006,52.7625,5542,11.53472222,158.9165028,19.3375,14.21458333,,5.122083333,163.7916667,5612.083333
10/27/2006,52.7,5756,11.5,158.7513212,15.65,30.07958333,,0.729166667,163.25,5606.25
10/28/2006,52.8,5770,11.55555556,159.3530542,13.77083333,36.78416667,,0.535416667,160.4583333,5627.5
10/29/2006,52.87083333,5619,11.59490741,159.0344897,12.3625,42.79375,,0.642916667,161.0869565,5616.25
10/30/2006,52.94583333,5705,11.63657407,160.1553648,11.37083333,48.33333333,,1.135416667,152.625,5655.833333
10/31/2006,52.99166667,5612,11.66203704,159.7306122,9.652173913,56.3426087,,0.603913043,120.7916667,5640.833333
11/1/2006,53,5603,11.66666667,157.5360565,8.134615385,68.815,,1.068461538,63.375,5563.333333
11/2/2006,53,5638,11.66666667,155.8370457,11.5744186,85.18162791,,1.375348837,10.66666667,5503.333333
11/3/2006,53.2125,5493,11.78472222,155.8134484,12.55121951,91.97439024,,0.551219512,27.20833333,5502.5
11/4/2006,53.22083333,5520,11.78935185,156.1202142,14.15581395,88.14162791,,0.370232558,86.33333333,5513.333333
11/5/2006,53.6125,5541,12.00694444,157.5360565,12.73142857,84.71657143,,0.411142857,83.04347826,5563.333333
11/6/2006,53.75,5520,12.08333333,157.4888618,16.42916667,74.10416667,,0.899583333,118.9130435,5561.666667
11/7/2006,53.77083333,5412,12.09490741,157.4770631,14.19,84.6565,,0.6945,129.3333333,5561.25
11/8/2006,53.79583333,5644,12.1087963,157.028713,18.04230769,61.70692308,,3.303846154,139.625,5545.416667
11/9/2006,52.90833333,5655,11.61574074,157.7248355,11.275,51.83541667,,2.207083333,137.4583333,5570
11/10/2006,52.425,5663,11.34722222,157.5596539,7.916666667,61.07,,1.200416667,80.33333333,5564.166667
11/11/2006,52.4375,5656,11.35416667,157.8900171,9.758064516,73.44548387,,2.356451613,112.4583333,5575.833333
11/12/2006,52.275,6256,11.26388889,158.0434,8.841666667,51.86666667,,2.572083333,58.26086957,5581.25
11/13/2006,52.09583333,5846,11.16435185,158.2793738,7.7265625,89.84453125,,1.29375,9.041666667,5589.583333
11/14/2006,52.52916667,5593,11.40509259,158.6569317,10.61315789,80.92921053,,3.221052632,129,5602.916667
11/15/2006,52.28333333,4776,11.26851852,163.907347,9.908333333,70.81166667,,0.835,101,5788.333333
11/16/2006,51.86666667,6021,11.03703704,163.4000035,12.07391304,88.57434783,,2.035217391,24.75,5770.416667
11/17/2006,52.21666667,5606,11.23148148,162.8218679,12.87346939,90.63265306,,0.839183673,38.875,5750
11/18/2006,52.35416667,5622,11.30787037,162.1847389,14.51666667,76.08,,1.607083333,108.0833333,5727.5
11/19/2006,52.62916667,5490,11.46064815,160.7688965,11.8,85.19363636,,0.420606061,64.52173913,5677.5
11/20/2006,52.625,5526,11.45833333,159.7424108,12.76428571,91.11714286,,0.868809524,16.16666667,5641.25
11/21/2006,52.49583333,5536,11.38657407,159.3530542,12.744,87.1122,,2.6336,52.91304348,5627.5
11/22/2006,52.35,5549,11.30555556,159.8250016,11.55172414,80.19448276,,3.706551724,59.29166667,5644.166667
11/23/2006,52.09583333,5518,11.16435185,159.4120476,8.493103448,70.82931034,,3.530344828,119.25,5629.583333
11/24/2006,51.97083333,5562,11.09490741,159.4946384,6.825,64.77583333,,1.714583333,118.0833333,5632.5
11/25/2006,52,5649,11.11111111,159.7778069,6.295833333,70.22041667,,0.66375,92.16666667,5642.5
11/26/2006,52.0375,5636,11.13194444,160.0609754,5.568571429,86.41857143,,3.571714286,8.875,5652.5
11/27/2006,51.8375,5471,11.02083333,159.8250016,7.465789474,80.99815789,,4.210789474,96.70833333,5644.166667
11/28/2006,51.68333333,5620,10.93518519,159.8108432,4.208333333,67.96041667,,1.242916667,105.6666667,5643.666667
11/29/2006,51.59583333,5571,10.88657407,159.5300345,5.8125,44.18333333,,3.68625,109.7083333,5633.75
11/30/2006,51.75416667,5693,10.97453704,158.7513212,6.5375,44.93666667,,1.950833333,100.3333333,5606.25
12/1/2006,51.97083333,5582,11.09490741,158.8457107,6.782608696,61.12,,2.303913043,110.9166667,5609.583333
12/2/2006,52.10416667,5379,11.16898148,158.6569317,12.9625,22.57416667,,6.537083333,109.8333333,5602.916667
12/3/2006,52.14583333,5609,11.19212963,159.0934831,11.42083333,31.2225,,3.15,108.8333333,5618.333333
12/4/2006,52.5375,5566,11.40972222,158.6333343,7.666666667,57.13833333,,1.328333333,105.6086957,5602.083333
12/5/2006,52.2625,5474,11.25694444,158.5271462,8.520833333,57.40833333,,0.771666667,100.5416667,5598.333333
12/6/2006,52.05,5351,11.13888889,158.5743409,7.116,66.6616,,0.3288,101.7916667,5600
12/7/2006,52.10833333,5453,11.1712963,158.9872949,6.620833333,68.96583333,,0.385,89.33333333,5614.583333
12/8/2006,52.04583333,5458,11.13657407,159.1052818,6.708333333,73.93333333,,0.814166667,60,5618.75
12/9/2006,52.04166667,5711,11.13425926,159.3294568,10.62666667,83.02933333,,5.224,30.41666667,5626.666667
12/10/2006,52.06666667,5416,11.14814815,160.639111,9.57,82.4665,,6.27625,32.70833333,5672.916667
12/11/2006,51.96666667,5696,11.09259259,160.8750847,8.55,86.57525,,3.3955,11.125,5681.25
12/12/2006,51.4875,5601,10.82638889,161.1700519,9.028,91.7372,,3.6942,15.20833333,5691.666667
12/13/2006,51.48333333,5707,10.82407407,162.6448876,9.930769231,93.78910256,,0.948974359,13.66666667,5743.75
12/14/2006,51.64166667,5225,10.91203704,161.4532203,12.51111111,92.48755556,,2.595555556,8.833333333,5701.666667
12/15/2006,51.6125,5300,10.89583333,160.072774,11.83,66.42466667,,5.452666667,69.95652174,5652.916667
12/16/2006,51.28333333,5205,10.71296296,159.7542095,5.9,43.59125,,3.687083333,51.83333333,5641.666667
12/17/2006,50.94166667,5391,10.52314815,160.4975267,4.820833333,55.37125,,1.672083333,99.29166667,5667.916667
12/18/2006,50.88333333,5704,10.49074074,160.2733517,4.741666667,49.64083333,,2.165,105.0833333,5660
12/19/2006,50.5875,5173,10.32638889,161.4532203,2.004166667,60.03375,,1.307083333,96.625,5701.666667
12/20/2006,50.47916667,5770,10.2662037,159.6834174,1.341666667,73.17791667,,0.256666667,59.91666667,5639.166667
12/21/2006,50.42083333,5400,10.2337963,159.7896056,5.013888889,82.66361111,,0.985277778,9.625,5642.916667
12/22/2006,50.12916667,5687,10.07175926,159.6716187,2.973913043,85.74456522,,1.117608696,100.3333333,5638.75
12/23/2006,50.00416667,5541,10.00231481,159.1760739,7.128571429,73.69857143,,1.119642857,36.29166667,5621.25
12/24/2006,50.0875,5509,10.04861111,159.5418332,4.605714286,87.92,,1.204,32.95833333,5634.166667
12/25/2006,50.02083333,5383,10.01157407,159.246866,6.609090909,87.28386364,,0.619090909,25.16666667,5623.75
12/26/2006,49.7875,5971,9.881944444,162.4679073,7.026415094,88.01471698,,1.746981132,3.875,5737.5
12/27/2006,49.325,5929,9.625,162.8690626,10.29487179,74.30205128,,7.228974359,97.79166667,5751.666667
12/28/2006,48.95416667,5790,9.418981481,159.813203,7.429166667,35.63166667,,6.9025,104.375,5643.75
12/29/2006,48.98333333,5230,9.435185185,159.9547872,8.679166667,33.35208333,,3.944166667,80.625,5648.75
12/30/2006,48.9625,5327,9.423611111,159.7896056,3.733333333,69.78625,,0.278333333,80.08333333,5642.916667
12/31/2006,49.15,5527,9.527777778,159.7070148,6.152173913,71.03,,0.647826087,88.25,5640
1/1/2007,49.23333333,5184,9.574074074,159.022691,8.129166667,58.49,,2.014583333,93.375,5615.833333
1/2/2007,49.3375,5405,9.631944444,159.3176581,10.5875,54.31833333,,2.057916667,61.58333333,5626.25
1/3/2007,49.175,5299,9.541666667,159.6834174,4.158064516,88.96435484,,0.837903226,8.458333333,5639.166667
1/4/2007,49.04583333,6460,9.469907407,159.1170805,8.308888889,86.456,,1.795111111,72.875,5619.166667
1/5/2007,48.82083333,5572,9.344907407,159.624424,4.95,49.06541667,,3.08625,101.625,5637.083333
1/6/2007,48.50833333,5357,9.171296296,160.2497543,3.608333333,61.41208333,,1.028333333,91,5659.166667
1/7/2007,48.48333333,5251,9.157407407,154.3032166,6.220833333,66.87541667,,1.757083333,103.2916667,5449.166667
1/8/2007,48.63333333,5096,9.240740741,148.6752433,15.10833333,41.61416667,,5.679583333,105.5,5250.416667
1/9/2007,48.64166667,5197,9.24537037,145.2418256,11.50416667,54.20833333,,1.372083333,102.5,5129.166667
1/10/2007,49.475,4846,9.708333333,145.3362151,7.691666667,69.96458333,,1.0075,82.58333333,5132.5
1/11/2007,49.725,4984,9.847222222,148.7814315,5.333333333,38.64291667,,3.15125,108.6666667,5254.166667
1/12/2007,49.35,4957,9.638888889,148.6516459,3.425,28.63166667,,5.916666667,117.0434783,5249.583333
1/13/2007,49.22916667,5226,9.571759259,147.5661668,2.458333333,26.47708333,,3.0225,102.625,5211.25
1/14/2007,49.00833333,5039,9.449074074,149.1235934,2.341666667,40.74541667,,3.751666667,109,5266.25
1/15/2007,48.875,5029,9.375,147.2476023,7.120833333,30.33291667,,3.66625,115.7916667,5200
1/16/2007,48.74583333,4776,9.303240741,148.1796985,1.258333333,57.18541667,,0.77125,87.95833333,5232.916667
1/17/2007,48.75416667,4961,9.30787037,149.1471907,8.733333333,39.41416667,,5.97875,115.0833333,5267.083333
1/18/2007,48.73333333,5130,9.296296296,143.6254057,12.17083333,17.44541667,,6.194583333,111.5,5072.083333
1/19/2007,48.75833333,5218,9.310185185,144.1917426,14.04583333,24.69916667,,4.202083333,93.33333333,5092.083333
1/20/2007,48.91666667,4880,9.398148148,144.0147623,11.17916667,36.8875,,4.33,104.6666667,5085.833333
1/21/2007,48.97083333,4690,9.428240741,145.3480138,10.3875,21.40208333,,5.850833333,118.3333333,5132.916667
1/22/2007,48.97083333,4944,9.428240741,145.5013967,12.875,18.32375,,4.565416667,127.0416667,5138.333333
1/23/2007,48.725,5058,9.291666667,144.250736,5.254166667,54.625,,0.45,123.9583333,5094.166667
1/24/2007,48.78333333,5088,9.324074074,141.4426487,4.829166667,58.55833333,,0.449166667,125.875,4995
1/25/2007,48.83333333,5008,9.351851852,139.554859,5.466666667,60.24958333,,0.45,127,4928.333333
1/26/2007,48.80833333,4958,9.337962963,144.7226835,5.208333333,60.4425,,0.32125,119.6666667,5110.833333
1/27/2007,48.77083333,4879,9.31712963,144.9586572,5.6125,64.48458333,,0.707083333,80.08333333,5119.166667
1/28/2007,48.69583333,4872,9.275462963,146.5868759,5.8875,64.51166667,,0.942083333,126.2083333,5176.666667
1/29/2007,48.62916667,5141,9.238425926,143.837782,7.329166667,59.72875,,1.800833333,125.2916667,5079.583333
1/30/2007,48.63333333,4827,9.240740741,147.1886088,7.620833333,53.44708333,,1.4575,132.0416667,5197.916667
1/31/2007,48.64166667,4987,9.24537037,145.0294493,5.733333333,61.25791667,,0.942916667,136.625,5121.666667
2/1/2007,48.62916667,5008,9.238425926,143.8495807,5.575,68.65321429,,0.918571429,131.5833333,5080
2/2/2007,48.49166667,5073,9.162037037,145.7491691,2.414285714,80.12238095,,0.465238095,100.125,5147.083333
2/3/2007,48.44166667,4960,9.134259259,145.5485915,6.1375,65.41875,,0.728333333,108.9583333,5140
2/4/2007,48.4125,4993,9.118055556,145.4777994,8.216666667,60.05916667,,1.05,127.9166667,5137.5
2/5/2007,48.55416667,5207,9.196759259,145.2890204,9.4125,66.17208333,,0.47125,97.375,5130.833333
2/6/2007,48.62916667,5130,9.238425926,145.4188059,8.883333333,70.00833333,,0.8775,115.8333333,5135.416667
2/7/2007,48.575,5135,9.208333333,147.3773878,9.841176471,79.11588235,,1.119411765,24.125,5204.583333
2/8/2007,48.47083333,4941,9.150462963,146.8228496,10.06326531,86.12367347,,2.89755102,18.75,5185
2/9/2007,48.25,4807,9.027777778,147.6015629,9.794117647,93.10014706,,0.559411765,18.91666667,5212.5
2/10/2007,48.14583333,5832,8.969907407,155.4240917,11.45316456,93.43792208,,3.053670886,16.16666667,5488.75
2/11/2007,48.29166667,4133,9.050925926,153.0171598,12.99736842,82.54421053,,7.445263158,141.6666667,5403.75
2/12/2007,48.06666667,4897,8.925925926,147.1178167,9.32,73.60933333,,1.697,95.75,5195.416667
2/13/2007,48.12916667,5466,8.960648148,145.9851429,9.559259259,74.87148148,,1.828518519,151.3333333,5155.416667
2/14/2007,47.94583333,4996,8.858796296,145.0294493,10.7,53.78208333,,2.314583333,130.5416667,5121.666667
2/15/2007,47.85,4792,8.805555556,144.8642677,10.78333333,68.17708333,,0.749583333,124.0833333,5115.833333
2/16/2007,48.06666667,4506,8.925925926,145.5957862,12.59565217,67.75652174,,1.476521739,157.375,5141.666667
2/17/2007,48.23333333,4977,9.018518519,144.9374195,16.69583333,45.56541667,,2.78625,164.0833333,5118.416667
2/18/2007,48.275,4588,9.041666667,144.026561,11.7962963,68.30444444,,2.515185185,162.875,5086.25
2/19/2007,48.14583333,4824,8.969907407,143.460224,11.75416667,30.60416667,,4.864583333,173.1666667,5066.25
2/20/2007,47.92083333,4860,8.844907407,142.9646792,7.971428571,67.52142857,,2.902857143,63.125,5048.75
2/21/2007,47.9875,4898,8.881944444,143.011874,10.53846154,70.15846154,,9.339230769,40.5,5050.416667
2/22/2007,47.48333333,4561,8.601851852,134.0330739,8.752631579,80.06842105,,6.833333333,85.54166667,4733.333333
2/23/2007,46.6625,4245,8.145833333,132.0154985,5.979166667,65.9625,,1.264583333,157.625,4662.083333
2/24/2007,46.74166667,4804,8.189814815,132.7706145,6.936,69.1332,,2.7168,30.5,4688.75
2/25/2007,47.11666667,4552,8.398148148,137.8204521,8.955882353,78.38705882,,7.095882353,147.3333333,4867.083333
2/26/2007,47.18333333,4242,8.435185185,135.8972663,7.392857143,69.18214286,,4.1525,81.29166667,4799.166667
2/27/2007,46.89166667,4834,8.273148148,132.5464394,3.052941176,81.62382353,,2.677941176,30.79166667,4680.833333
2/28/2007,46.83333333,4981,8.240740741,133.4513986,2.939534884,89.33046512,,2.500232558,125.1666667,4712.791667
3/1/2007,46.85,4516,8.25,132.7824131,4.264285714,72.79857143,,1.304285714,90.30434783,4689.166667
3/2/2007,47.2375,4624,8.465277778,132.4166539,7.108333333,74.35333333,,1.607916667,141.2083333,4676.25
3/3/2007,47.5375,4516,8.631944444,131.5199537,13.12916667,53.06,,4.09375,188.1666667,4644.583333
3/4/2007,47.92083333,4317,8.844907407,131.4137656,13.05416667,56.19208333,,1.821666667,161.5,4640.833333
3/5/2007,48.175,4507,8.986111111,129.8209429,12.84166667,58.22208333,,1.242916667,105.375,4584.583333
3/6/2007,48.1375,4244,8.965277778,131.472759,11.70416667,60.90458333,,0.9,182.2083333,4642.916667
3/7/2007,48.27916667,4701,9.043981481,131.5553498,11.825,69.115,,1.285833333,64.625,4645.833333
3/8/2007,48.225,3984,9.013888889,131.3311748,7.336585366,81.67926829,,1.241463415,184.1666667,4637.916667
3/9/2007,48.25,4304,9.027777778,131.5789472,11.3625,71.06125,,0.642916667,73.54166667,4646.666667
3/10/2007,48.3875,4827,9.104166667,130.3164878,13.35833333,63.45958333,,1.47875,191.2083333,4602.083333
3/11/2007,48.52173913,4086,9.178743961,132.5720887,18.45,46.68,,2.18625,200.9166667,4681.73913
3/12/2007,48.99166667,4347,9.439814815,129.8091443,17.95833333,58.08375,,1.135833333,196.1666667,4584.166667
3/13/2007,49.39583333,4846,9.664351852,130.3164878,18.19583333,59.3575,,1.157083333,218.4166667,4602.083333
3/14/2007,49.49166667,4335,9.717592593,129.0422297,17.56666667,53.2275,,1.242083333,208.7916667,4557.083333
3/15/2007,50.09583333,4407,10.05324074,129.9979232,19.80833333,26.40541667,,3.0875,210.375,4590.833333
3/16/2007,50.225,4922,10.125,131.472759,17.68333333,48.195,,0.985833333,220.6666667,4642.916667
3/17/2007,50.54166667,4841,10.30092593,130.871026,18.05416667,55.80125,,1.11375,223.25,4621.666667
3/18/2007,50.67916667,4034,10.37731481,129.4315863,16.89583333,61.09833333,,0.985833333,224.9166667,4570.833333
3/19/2007,50.8125,4197,10.45138889,131.1187984,15.04166667,54.09458333,,2.143333333,185.8333333,4630.416667
3/20/2007,50.65,4428,10.36111111,131.4609603,15.20357143,65.28178571,,3.398571429,200.3333333,4642.5
3/21/2007,50.73333333,4787,10.40740741,131.8739143,13.82083333,35.20875,,5.295,236.5416667,4657.083333
3/22/2007,50.24166667,4339,10.13425926,131.4137656,18.01666667,24.96041667,,4.88625,220.7083333,4640.833333
3/23/2007,51.16666667,4364,10.64814815,144.0383597,18.30416667,42.66333333,,2.637083333,234.7916667,5086.666667
3/24/2007,51.35833333,4652,10.75462963,161.9723625,18.61666667,47.33083333,,2.014166667,203.1666667,5720
3/25/2007,51.3,5741,10.72222222,161.9723625,15.35333333,69.45,,3.327333333,128.5416667,5720
3/26/2007,50.81666667,5424,10.4537037,163.8601523,12.54166667,78.75722222,,3.558055556,87.66666667,5786.666667
3/27/2007,50.27083333,6091,10.15046296,172.3788036,9.24,51.4956,,2.654,229.2916667,6087.5
3/28/2007,49.97083333,6273,9.983796296,170.5264099,10.9375,37.34333333,,3.815416667,254.125,6022.083333
3/29/2007,50.60416667,5474,10.33564815,178.6321073,16.84583333,26.07666667,,4.587083333,259.9166667,6308.333333
3/30/2007,51.28333333,6128,10.71296296,175.6116436,14.05,51.84458333,,1.714166667,250.9583333,6201.666667
3/31/2007,51.68333333,6568,10.93518519,187.1861547,15.16666667,58.36875,,1.2,244.9166667,6610.416667
4/1/2007,51.60416667,7279,10.8912037,200.5292887,16.89583333,54.25166667,,1.350416667,184.2083333,7081.625
4/2/2007,51.42083333,7189,10.78935185,201.8991162,14.44583333,45.29583333,,1.822916667,257.9583333,7130
4/3/2007,51.27916667,7227,10.71064815,210.2643846,13.56666667,49.32125,,0.96375,245.1666667,7425.416667
4/4/2007,51.72916667,7392,10.96064815,218.2485555,16.6625,46.65958333,,1.1575,232.875,7707.375
4/5/2007,51.9,7994,11.05555556,230.7280258,17.45416667,53.06041667,,1.285833333,244.625,8148.083333
4/6/2007,52.225,8118,11.23611111,237.649135,19.8375,48.8825,,1.372083333,271.2916667,8392.5
4/7/2007,52.45416667,7852,11.36342593,240.7285921,19.03846154,58.23538462,,3.977307692,200.0833333,8501.25
4/8/2007,51.775,7891,10.98611111,239.5015287,16.84583333,67.95375,,2.29375,251.2173913,8457.916667
4/9/2007,51.97916667,8162,11.09953704,235.3129952,17.05833333,41.15458333,,3.1725,263.5416667,8310
4/10/2007,51.29583333,7626,10.71990741,229.6260285,13.62916667,34.23833333,,3.257916667,265.2083333,8109.166667
4/11/2007,51.71666667,8031,10.9537037,222.8889787,12.52068966,63.6162069,,2.785517241,140.7916667,7871.25
4/12/2007,51.60833333,8428,10.89351852,223.4317183,11.02307692,51.26423077,,3.265,272.5,7890.416667
4/13/2007,51.49583333,8259,10.83101852,228.3871665,14.24583333,41.10916667,,2.07875,269.7083333,8065.416667
4/14/2007,52.52083333,8077,11.40046296,229.7912101,12.66052632,70.76894737,,2.896842105,127.3333333,8115
4/15/2007,52.06666667,7819,11.14814815,230.8412932,12.7125,49.14833333,,4.200416667,272.125,8152.083333
4/16/2007,52.4125,7976,11.34027778,231.0418708,18.09583333,29.72,,4.18,274.5416667,8159.166667
4/17/2007,53.34166667,8007,11.85648148,229.4962429,17.82916667,36.72083333,,4.308333333,210.1666667,8104.583333
4/18/2007,52.15416667,8409,11.19675926,229.7912101,9.5375,43.9975,,2.89375,247.375,8115
4/19/2007,51.1625,8357,10.64583333,228.5051533,8.344827586,64.87034483,,1.630689655,151.0833333,8069.583333
4/20/2007,51.4625,7653,10.8125,215.3850144,11.1125,55.18583333,,2.68,281.9166667,7606.25
4/21/2007,52.2875,7720,11.27083333,217.0368304,11.81923077,62.36038462,,3.560769231,86.33333333,7664.583333
4/22/2007,52.1,7542,11.16666667,215.2434302,9.405405405,81.17702703,,3.045675676,242.2083333,7601.25
4/23/2007,51.77916667,7481,10.98842593,222.096107,13.45,59.46833333,,2.228333333,286.75,7843.25
4/24/2007,52.72083333,7345,11.51157407,225.5767194,16.36666667,55.21333333,,1.47875,298.25,7966.166667
4/25/2007,53.32916667,7572,11.84953704,215.5147999,17.075,56.225,,1.415416667,307.4166667,7610.833333
4/26/2007,52.4125,7705,11.34027778,215.4912026,19.7875,35.40333333,,3.579583333,351.375,7610
4/27/2007,49.77916667,7455,9.877314815,216.3879027,22.075,40.82291667,,1.9075,353.9583333,7641.666667
4/28/2007,49.625,7793,9.791666667,216.9660383,22.40833333,53.84541667,,1.47875,337.5833333,7662.083333
4/29/2007,49.5625,7562,9.756944444,242.6045832,21.55,55.98958333,,2.03625,314.7083333,8567.5
4/30/2007,49.6625,8666,9.8125,244.4569769,20.05833333,51.14833333,,1.865416667,359.625,8632.916667
5/1/2007,49.36666667,8927,9.648148148,244.6457559,16.68275862,65.24482759,,1.666551724,144.2916667,8639.583333
5/2/2007,49.07083333,9329,9.483796296,261.1639164,13.58064516,75.24064516,,4.513548387,250.125,9222.916667
5/3/2007,49.8125,11459,9.895833333,308.0636935,11.16666667,51.46625,,1.693333333,274.7083333,10879.16667
5/4/2007,50.41666667,9318,10.23148148,267.1458502,10.09142857,76.778,,2.381142857,287.2083333,9434.166667
5/5/2007,50.62916667,9096,10.34953704,254.3442758,14.85833333,40.40833333,,3.580416667,361.6666667,8982.083333
5/6/2007,50.90416667,9383,10.50231481,257.305746,20.3375,33.5075,,3.90125,370.7916667,9086.666667
5/7/2007,51.27083333,8945,10.70601852,258.9457634,26.92083333,32.52125,,4.972916667,370.625,9144.583333
5/8/2007,50.48333333,8982,10.26851852,255.2527747,23.675,45.88916667,,1.99375,366.875,9014.166667
5/9/2007,49.73333333,9097,9.851851852,257.6007132,22.82608696,54.85086957,,1.565652174,344.75,9097.083333
5/10/2007,49.82083333,8992,9.900462963,257.6361092,21.86086957,45.21478261,,1.766956522,352.0416667,9098.333333
5/11/2007,49.7625,9384,9.868055556,270.9804232,21.40416667,51.85541667,,1.178333333,325.1666667,9569.583333
5/12/2007,49.60416667,9473,9.780092593,269.5055874,18.45,46.70916667,,2.8725,356.4583333,9517.5
5/13/2007,49.775,9740,9.875,272.9390051,19.725,40.25583333,,3.408333333,380.9166667,9638.75
5/14/2007,49.60416667,10644,9.780092593,297.7162459,24.4375,22.80333333,,3.515416667,384.9583333,10513.75
5/15/2007,49.6875,11375,9.826388889,326.9415913,22.42916667,41.55125,,1.3075,361,11545.83333
5/16/2007,49.81666667,10173,9.898148148,279.7232496,22.59583333,50.68416667,,1.650416667,371.625,9878.333333
5/17/2007,49.86666667,10015,9.925925926,279.4990745,21.7375,47.47041667,,1.822083333,368.8333333,9870.416667
5/18/2007,49.94166667,9743,9.967592593,279.5698667,20.625,43.95166667,,1.842083333,332.9583333,9872.916667
5/19/2007,49.9125,9900,9.951388889,277.9298493,21.77916667,44.19416667,,1.842916667,317.625,9815
5/20/2007,49.725,9855,9.847222222,278.3781994,21.15416667,35.77083333,,1.692916667,331.7083333,9830.833333
5/21/2007,49.76666667,9663,9.87037037,279.9828207,20.85416667,27.83375,,4.95125,385,9887.5
5/22/2007,49.3375,9725,9.631944444,279.5816654,20.97916667,21.29375,,6.866956522,399.75,9873.333333
5/23/2007,49.4125,9780,9.673611111,279.7586456,22.10833333,21.75875,,4.072916667,394.75,9879.583333
5/24/2007,49.42916667,9526,9.68287037,279.8884312,22.91666667,33.55708333,,1.949583333,385.7916667,9884.166667
5/25/2007,49.52916667,10081,9.738425926,273.5525368,23.9625,34.03541667,,2.100416667,343.3333333,9660.416667
5/26/2007,49.66666667,10132,9.814814815,282.2481684,24.90833333,38.23958333,,2.206666667,374.0833333,9967.5
5/27/2007,49.8375,10640,9.909722222,299.0966921,23.59583333,45.50541667,,2.465,373.625,10562.5
5/28/2007,49.97916667,10633,9.988425926,297.7988367,24.1125,30.715,,3.900833333,394.625,10516.66667
5/29/2007,49.85833333,9467,9.921296296,299.214679,24.66666667,27.09291667,,1.607083333,403.875,10566.66667
5/30/2007,49.4875,11388,9.715277778,298.6247447,24.4875,41.37041667,,1.907916667,385.25,10545.83333
5/31/2007,49.8875,10942,9.9375,299.214679,24.76923077,43.92884615,,1.819615385,382.2916667,10566.66667
6/1/2007,50.13333333,10826,10.07407407,312.4292074,24.80833333,48.82375,,2.400416667,381.6666667,11033.33333
6/2/2007,50.26666667,10816,10.14814815,313.0191417,24.7875,39.90666667,,1.928333333,365.625,11054.16667
6/3/2007,49.97083333,11177,9.983796296,313.0191417,24.1375,36.625,,2.079166667,374.125,11054.16667
6/4/2007,49.87083333,11296,9.928240741,313.2551154,23.8375,41.08333333,,2.572083333,277.375,11062.5
6/5/2007,49.82916667,11279,9.905092593,312.1932337,20.84814815,49.18740741,,3.371851852,258.2083333,11025
6/6/2007,49.92916667,11097,9.960648148,312.4292074,15.60416667,37.01208333,,3.300833333,385.1666667,11033.33333
6/7/2007,50.09583333,11014,10.05324074,313.1371286,19.32916667,30.71666667,,3.087083333,410.1666667,11058.33333
6/8/2007,50.2875,11097,10.15972222,312.4292074,20.0875,31.59375,,1.564166667,403.8333333,11033.33333
6/9/2007,50.36666667,11080,10.2037037,312.783168,23.1125,32.0925,,1.885416667,315.6666667,11045.83333
6/10/2007,50.45416667,11060,10.25231481,313.0191417,25.39583333,40.39333333,,1.71375,348.1666667,11054.16667
6/11/2007,50.62083333,11097,10.34490741,311.7212862,25.25833333,23.15541667,,2.980416667,409.2916667,11008.33333
6/12/2007,50.74583333,11206,10.41435185,311.4853125,27.23333333,22.16833333,,2.8725,403.4583333,11000
6/13/2007,50.89166667,10664,10.49537037,312.6651811,30.5,24.40130435,,3.646521739,395.8333333,11041.66667
6/14/2007,50.7375,10998,10.40972222,312.3112205,31.09166667,23.38833333,,4.222083333,398.0833333,11029.16667
6/15/2007,51.01666667,11752,10.56481481,330.9531445,31.27916667,22.67125,,3.644583333,403.5,11687.5
6/16/2007,50.92083333,12747,10.51157407,354.0785693,28.81666667,30.96625,,3.43,395.9583333,12504.16667
6/17/2007,51.325,12891,10.73611111,354.314543,26.5125,23.13916667,,5.079583333,405.375,12512.5
6/18/2007,52.08333333,12494,11.15740741,356.4383065,29.84583333,15.21375,,4.587083333,407.5,12587.5
6/19/2007,51.53333333,12584,10.85185185,375.8554042,28.07916667,27.03625,,2.829583333,401.4583333,13273.20833
6/20/2007,51.7375,13163,10.96527778,368.5909531,25.86666667,29.9725,,2.93625,401.125,13016.66667
6/21/2007,51.8125,13199,11.00694444,368.3549794,25.2125,30.56666667,,2.0575,399.3333333,13008.33333
6/22/2007,51.82916667,13235,11.0162037,384.1652188,26.9,28.72666667,,2.293333333,353.25,13566.66667
6/23/2007,51.04166667,13263,10.5787037,381.8054815,26.66666667,20.50666667,,2.980416667,374.25,13483.33333
6/24/2007,50.90416667,13911,10.50231481,383.5752845,24.7,17.91083333,,3.85875,406.7083333,13545.83333
6/25/2007,51.1375,13480,10.63194444,379.6817181,25.57083333,21.62958333,,4.137083333,410.0416667,13408.33333
6/26/2007,51.42916667,14154,10.79398148,396.0818917,26.07083333,23.29208333,,1.970833333,387.8333333,13987.5
6/27/2007,51.46666667,14020,10.81481481,390.8904698,26.875,28.26416667,,2.314583333,393.7083333,13804.16667
6/28/2007,51.65,14491,10.91666667,398.6776026,26.4625,33.15958333,,4.179583333,387,14079.16667
6/29/2007,51.8625,14890,11.03472222,424.2807514,25.83333333,37.19,,4.780833333,368.9583333,14983.33333
6/30/2007,51.7875,15120,10.99305556,428.2923047,23.74166667,35.24083333,,2.4,403.25,15125
7/1/2007,52.09583333,14962,11.16435185,426.5225018,24.65416667,33.60875,,2.464583333,398.125,15062.5
7/2/2007,52.075,15060,11.15277778,426.1685412,25.0875,32.31458333,,2.079166667,387.9583333,15050
7/3/2007,51.92916667,15330,11.07175926,424.9886726,27.9125,28.62833333,,1.950416667,398,15008.33333
7/4/2007,52.00416667,15719,11.11342593,426.5225018,31.84583333,27.67041667,,1.906666667,398.7083333,15062.5
7/5/2007,52.2375,15359,11.24305556,427.5843835,33.8875,32.00333333,,2.272083333,375.7916667,15100
7/6/2007,52.47916667,15080,11.37731481,417.4375135,34.14166667,26.77333333,,2.679166667,351.2916667,14741.66667
7/7/2007,52.5625,15501,11.42361111,431.7139237,31.09166667,30.4425,,2.293333333,377.8695652,15245.83333
7/8/2007,52.775,15285,11.54166667,422.0390011,31.184,32.6656,,3.2924,434.8095238,14904.16667
7/9/2007,53.04166667,15280,11.68981481,431.5959368,30,40.64708333,,2.422083333,355.5,15241.66667
7/10/2007,52.9625,15565,11.64583333,428.4102916,30.1875,36.875,,1.715833333,358.2916667,15129.16667
7/11/2007,53.27916667,15337,11.82175926,418.6173821,25.7875,43.07791667,,3.85875,101.0416667,14783.33333
7/12/2007,52.85416667,14963,11.58564815,419.3253033,24.2125,50.75166667,,1.628333333,371.625,14808.33333
7/13/2007,53.09583333,15694,11.71990741,420.1512113,26.45652174,36.85521739,,2.281304348,368.4166667,14837.5
7/14/2007,53.3,14896,11.83333333,428.056331,27.32083333,33.3975,,1.88625,391.8333333,15116.66667
7/15/2007,53.45833333,15160,11.9212963,419.6792639,28.125,29.73666667,,2.485416667,387.5416667,14820.83333
7/16/2007,53.65833333,15582,12.03240741,420.5051719,27.6625,30.88625,,2.74375,381.625,14850
7/17/2007,53.77916667,15333,12.09953704,427.5843835,24.83333333,36.77958333,,3.902083333,266.8,15100
7/18/2007,53.35,15191,11.86111111,424.5167252,19.79166667,80.87604167,,2.947916667,147.7083333,14991.66667
7/19/2007,53.18333333,15038,11.76851852,419.6792639,20.264,64.304,,1.6664,341.125,14820.83333
7/20/2007,53.48333333,14895,11.93518519,417.0835529,23.65833333,49.54625,,1.97125,366.6666667,14729.16667
7/21/2007,53.7875,15037,12.10416667,416.6116055,25.625,46.39875,,2.080416667,365.9166667,14712.5
7/22/2007,53.83333333,14625,12.12962963,419.6792639,28.0375,43.65583333,,1.671666667,371.75,14820.83333
7/23/2007,53.35416667,14891,11.86342593,416.7295923,30.05,38.99041667,,2.20875,369.9583333,14716.66667
7/24/2007,53.47083333,15136,11.92824074,419.561277,30.80416667,36.1025,,2.314166667,346.4347826,14816.66667
7/25/2007,52.45,15276,11.36111111,422.3929617,28.72083333,45.02291667,,2.614583333,371.75,14916.66667
7/26/2007,51.9,14937,11.05555556,419.3253033,27.0625,31.76666667,,1.756666667,382.5416667,14808.33333
7/27/2007,52.01666667,14661,11.12037037,404.4589588,27.44782609,31.61782609,,1.923478261,383.0833333,14283.33333
7/28/2007,52.13333333,13627,11.18518519,377.203994,28.45416667,29.72458333,,1.929583333,381.2916667,13320.83333
7/29/2007,52.07083333,13697,11.15046296,384.6371662,28.16666667,27.80625,,1.885416667,377.8333333,13583.33333
7/30/2007,52.1875,13862,11.21527778,385.3450874,28.54583333,35.11208333,,1.756666667,373.4166667,13608.33333
7/31/2007,52.25416667,13648,11.25231481,386.2889823,29.675,29.55958333,,2.443333333,372.5,13641.66667
8/1/2007,52.2875,13666,11.27083333,376.4960728,29.05416667,29.87791667,,1.714166667,337.9583333,13295.83333
8/2/2007,52.49166667,13549,11.38425926,383.4572976,29.616,31.3984,,2.3668,347.6666667,13541.66667
8/3/2007,52.875,13720,11.59722222,380.1536655,29.40833333,36.645,,1.950416667,355.5416667,13425
8/4/2007,52.9875,12904,11.65972222,381.5695078,29.51666667,28.94208333,,2.442916667,365.7083333,13475
8/5/2007,53.075,13127,11.70833333,373.3104276,27.175,24.78,,3.75125,366.5,13183.33333
8/6/2007,53.0625,13588,11.70138889,377.7939283,20.81538462,51.87653846,,3.897307692,345.6666667,13341.66667
8/7/2007,53.2375,13523,11.79861111,387.1148903,21.18333333,53.68125,,2.465,350.7916667,13670.83333
8/8/2007,52.97916667,13146,11.65509259,374.8442568,24.325,38.34458333,,2.0575,348.125,13237.5
8/9/2007,52.77916667,13083,11.54398148,367.883032,24.51363636,46.97409091,,2.257222222,347.75,12991.66667
8/10/2007,52.40833333,13304,11.33796296,366.8211502,25.62380952,36.46714286,,1.42047619,347.5416667,12954.16667
8/11/2007,52.26666667,12747,11.25925926,361.6297284,25.85416667,33.74916667,,2.348695652,352.5833333,12770.83333
8/12/2007,52.17916667,13003,11.21064815,361.039794,24.075,33.81125,,2.336666667,353.5833333,12750
8/13/2007,52.45,11770,11.36111111,373.0744538,24.70833333,29.96916667,,1.692916667,356.4166667,13175
8/14/2007,52.2,13772,11.22222222,347.9432525,25.99166667,25.76375,,1.9075,354.4583333,12287.5
8/15/2007,52.10416667,11362,11.16898148,327.0595781,25.88333333,23.48916667,,1.650416667,355.0416667,11550
8/16/2007,52.45833333,11452,11.36574074,327.7674993,26.45833333,30.75166667,,2.572916667,346.2083333,11575
8/17/2007,52.70833333,11479,11.50462963,313.8450497,25.31666667,30.44625,,1.9075,344.5,11083.33333
8/18/2007,52.06666667,10867,11.14814815,297.0909155,24.1375,33.95875,,1.80125,337.25,10491.66667
8/19/2007,51.58333333,10470,10.87962963,296.5009812,23.88333333,39.20166667,,2.9835,226.1666667,10470.83333
8/20/2007,51.475,10674,10.81944444,301.3384425,25.3875,43.85625,,1.5425,320.1666667,10641.66667
8/21/2007,51.87083333,10404,11.03935185,300.1585739,28.26521739,38.49130435,,1.454347826,325.0833333,10600
8/22/2007,51.97916667,10421,11.09953704,299.3326658,30.69166667,30.06208333,,2.906956522,333.875,10570.83333
8/23/2007,51.91666667,10329,11.06481481,284.7612885,31.33333333,19.30333333,,2.894166667,337.125,10056.25
8/24/2007,51.96666667,10054,11.09259259,284.253945,28.55833333,26.07666667,,1.56375,333.1666667,10038.33333
8/25/2007,52.2125,9632,11.22916667,275.2161515,28.25,42.15125,,1.500416667,317.9583333,9719.166667
8/26/2007,52.225,9632,11.23611111,273.3991538,28.025,37.29958333,,2.25,319.5833333,9655
8/27/2007,52.27916667,9667,11.2662037,272.8918103,26.59166667,37.55041667,,1.39375,322.4166667,9637.083333
8/28/2007,52.35833333,9772,11.31018519,273.1395828,28.13333333,30.70416667,,1.242916667,327.0833333,9645.833333
8/29/2007,52.4375,10075,11.35416667,273.3519591,29.25833333,26.6975,,2.03625,235.8333333,9653.333333
8/30/2007,52.475,9724,11.375,275.3931318,30.22916667,35.37083333,,2.271666667,244.1666667,9725.416667
8/31/2007,52.925,9338,11.625,273.9536921,30.97083333,37.39083333,,2.529166667,300.173913,9674.583333
9/1/2007,53.19583333,9765,11.77546296,275.086366,29.79166667,41.48958333,,2.25,308.7916667,9714.583333
9/2/2007,52.86666667,9714,11.59259259,278.9209389,27.74166667,27.78625,,1.243333333,314,9850
9/3/2007,52.22916667,9798,11.23842593,278.2248165,27.60833333,28.13125,,1.99375,312.75,9825.416667
9/4/2007,52.52916667,9474,11.40509259,277.8000638,26.22916667,34.25333333,,2.915,305.75,9810.416667
9/5/2007,52.82916667,9463,11.57175926,277.7646677,26.09583333,31.97416667,,7.48125,308.7916667,9809.166667
9/6/2007,52.75833333,9748,11.53240741,277.8708559,30.5875,23.69958333,,4.458333333,305.4166667,9812.916667
9/7/2007,52.6375,9041,11.46527778,264.7271196,25.52916667,38.13916667,,1.522083333,278.4583333,9348.75
9/8/2007,52.3875,9212,11.32638889,258.9457634,25.18333333,43.30125,,1.58625,244.25,9144.583333
9/9/2007,52.375,8936,11.31944444,258.3912252,27.075,30.75708333,,1.435,281.9166667,9125
9/10/2007,52.65,9352,11.47222222,253.5301665,27.59583333,39.44916667,,1.479583333,293.5416667,8953.333333
9/11/2007,52.92916667,8890,11.62731481,254.674639,25.05416667,47.60041667,,1.521666667,269.2916667,8993.75
9/12/2007,53.05,8492,11.69444444,242.6635766,25.18181818,46.36409091,,1.567272727,275.5833333,8569.583333
9/13/2007,53.375,8683,11.875,241.1651435,20.16153846,56.55538462,,2.8196,186.5,8516.666667
9/14/2007,53.24166667,7929,11.80092593,231.2896432,19.20833333,53.08333333,,0.985833333,228.7083333,8167.916667
9/15/2007,53.6875,7940,12.04861111,230.546326,20.05,45.8,,1.542916667,273.0416667,8141.666667
9/16/2007,53.925,8147,12.18055556,228.4579586,19.8125,47.6375,,1.414583333,273.0833333,8067.916667
9/17/2007,55.52083333,7352,13.06712963,228.9653021,23.02916667,35.28083333,,1.779166667,266.875,8085.833333
9/18/2007,55.47083333,7896,13.03935185,229.0242955,20.95416667,40.52375,,1.722608696,269.125,8087.916667
9/19/2007,54.42083333,8794,12.45601852,228.7293283,17.34166667,50.32,,2.873333333,93.375,8077.5
9/20/2007,54.04583333,8228,12.24768519,228.9653021,18.72,46.9668,,4.6924,260.2916667,8085.833333
9/21/2007,54.4875,8092,12.49305556,231.336838,17.4375,57.95958333,,2.27125,266.2083333,8169.583333
9/22/2007,54.45,7687,12.47222222,233.8381594,16.34444444,63.69074074,,2.305925926,62.95833333,8257.916667
9/23/2007,54.56666667,7807,12.53703704,233.3898093,14.55208333,82.229375,,0.824583333,213.125,8242.083333
9/24/2007,55.03333333,7881,12.7962963,232.7279031,17.375,44.80666667,,1.972083333,251,8218.708333
9/25/2007,54.7,7486,12.61111111,219.420165,18.05,39.07333333,,0.72875,262.6666667,7748.75
9/26/2007,53.54166667,7774,11.96759259,217.0132331,19.76666667,35.00208333,,1.007916667,261.9583333,7663.75
9/27/2007,53.6125,7432,12.00694444,216.8480515,20.53333333,34.45166667,,1.049583333,242.1666667,7657.916667
9/28/2007,53.6375,7654,12.02083333,216.3879027,16.49285714,53.90857143,,3.030714286,155.9166667,7641.666667
9/29/2007,53.53333333,7679,11.96296296,216.2935132,14.025,43.80916667,,4.159583333,250.5416667,7638.333333
9/30/2007,53.68333333,7460,12.0462963,216.3289093,14.6625,40.37541667,,1.778333333,221.3333333,7639.583333
10/1/2007,54.00416667,7598,12.22453704,215.8569618,17.45,53.17333333,,2.4225,228.7083333,7622.916667
10/2/2007,54.17083333,7451,12.31712963,218.2049004,19.09583333,35.23583333,,2.229583333,239.0833333,7705.833333
10/3/2007,54.41666667,7402,12.4537037,216.5530843,16.94583333,41.33208333,,1.329166667,238.9583333,7647.5
10/4/2007,54.3625,6831,12.42361111,205.0493654,15.65,36.5625,,2.615833333,230.75,7241.25
10/5/2007,54.3375,6890,12.40972222,205.0847614,13.2625,44.0475,,3.04173913,195.2083333,7242.5
10/6/2007,54.36666667,7002,12.42592593,204.4358337,14.69166667,32.79416667,,3.108333333,228.75,7219.583333
10/7/2007,54.65416667,7300,12.58564815,203.3857506,17.31666667,37.87583333,,2.057916667,226.5833333,7182.5
10/8/2007,54.80833333,6901,12.6712963,201.8873175,16.17083333,44.96625,,1.307083333,224.6666667,7129.583333
10/9/2007,54.8375,6815,12.6875,188.2952312,15.81666667,42.53791667,,3.04375,167.5833333,6649.583333
10/10/2007,54.9375,4650,12.74305556,188.8733668,14.64857143,76.55428571,,5.35,94.16666667,6670
10/11/2007,54.79166667,6847,12.66203704,184.3426713,11.8,78.26791667,,1.005833333,68.625,6510
10/12/2007,53.85833333,6847,12.14351852,182.9150303,13.02916667,81.60291667,,1.564166667,95.54166667,6459.583333
10/13/2007,53.43333333,6875,11.90740741,183.4341725,15.28333333,63.95708333,,1.650833333,212.375,6477.916667
10/14/2007,54.6625,6779,12.59027778,190.5841763,15.3125,66.52791667,,0.427916667,207,6730.416667
10/15/2007,55.3375,6807,12.96527778,188.0120627,15.41666667,71.56541667,,2.079583333,84.66666667,6639.583333
10/16/2007,55.325,6689,12.95833333,188.413218,12.81136364,84.97727273,,3.857954545,28.95833333,6653.75
10/17/2007,55.19583333,5702,12.88657407,176.1779805,11.86756757,77.92,,3.392162162,118.6666667,6221.666667
10/18/2007,55.36666667,6181,12.98148148,174.7857356,12.41724138,77.98965517,,0.992758621,45.33333333,6172.5
10/19/2007,55.75833333,6349,13.19907407,176.1425845,15.10882353,86.58588235,,4.826764706,33.20833333,6220.416667
10/20/2007,55.5875,6221,13.10416667,169.9482743,12.2875,59.54541667,,1.6725,198.6666667,6001.666667
10/21/2007,55.57916667,5846,13.09953704,173.4642827,14.2125,40.24458333,,4.33,201.125,6125.833333
10/22/2007,55.9625,6206,13.3125,172.4141997,21.48333333,21.47583333,,4.586666667,197,6088.75
10/23/2007,56.22083333,5689,13.45601852,165.299592,17.51666667,53.83833333,,0.450416667,196.0833333,5837.5
10/24/2007,56.16666667,5570,13.42592593,167.2463752,16.46956522,61.27521739,,0.1925,191.0416667,5906.25
10/25/2007,56.25,5446,13.47222222,166.6446422,16.59166667,58.89791667,,1.900434783,126.9166667,5885
10/26/2007,56.15,6291,13.41666667,165.0164235,18.4,29.915,,8.165833333,106.2083333,5827.5
10/27/2007,56.04166667,5869,13.35648148,163.9545418,20.525,26.17958333,,3.880416667,167.5,5790
10/28/2007,56.07916667,5601,13.37731481,163.907347,16.05416667,58.81666667,,0.728333333,162.3333333,5788.333333
10/29/2007,56.1875,6008,13.4375,163.8601523,17.2375,62.18916667,,1.714583333,120.1666667,5786.666667
10/30/2007,56.38333333,5820,13.5462963,159.7778069,16.58076923,73.31615385,,0.513846154,146.9583333,5642.5
10/31/2007,56.4625,5646,13.59027778,158.1495882,14.08235294,72.59764706,,0.892647059,176.4166667,5585
11/1/2007,56.52083333,5709,13.62268519,156.8399341,15.675,60.3875,,2.293333333,174.25,5538.75
11/2/2007,56.49583333,5791,13.6087963,157.3000828,18.75,34.4475,,3.708333333,177.5416667,5555
11/3/2007,56.52083333,5644,13.62268519,157.406271,21.91666667,21.79166667,,4.823333333,176.4166667,5558.75
11/4/2007,56.5375,5847,13.63194444,157.5006605,15.275,45.21291667,,0.558695652,173.8333333,5562.083333
11/5/2007,56.45416667,5657,13.58564815,159.8957938,13.89166667,54.38375,,0.469130435,170.0416667,5646.666667
11/6/2007,56.36666667,5706,13.53703704,160.8868834,14.47083333,54.91666667,,0.983478261,170.25,5681.666667
11/7/2007,56.44583333,5641,13.58101852,160.82789,15.02173913,51.57521739,,1.006086957,166.25,5679.583333
11/8/2007,56.44166667,5500,13.5787037,160.8042926,12.49130435,60.68391304,,0.22,156.9166667,5678.75
11/9/2007,56.41666667,5644,13.56481481,160.1671635,13.06956522,72.49434783,,0.447391304,125.4166667,5656.25
11/10/2007,56.4375,5595,13.57638889,160.7099031,11.56428571,86.35571429,,0.440714286,21.08333333,5675.416667
11/11/2007,56.25416667,5649,13.47453704,160.3677412,11.33728814,88.44762712,,1.708644068,158.4583333,5663.333333
11/12/2007,56.2125,5804,13.45138889,160.2851504,11,63.67833333,,1.448181818,54.41666667,5660.416667
11/13/2007,56.16666667,5544,13.42592593,160.7570978,14.0625,70.28541667,,0.9,138.2916667,5677.083333
11/14/2007,56.31666667,5556,13.50925926,162.2201349,16.07083333,59.07833333,,2.573333333,168.7058824,5728.75
11/15/2007,56.28333333,5388,13.49074074,164.5916708,13.49583333,76.60125,,0.55625,114.75,5812.5
11/16/2007,56.35416667,5555,13.53009259,165.8187342,14.34285714,84.05571429,,0.9048,54.33333333,5855.833333
11/17/2007,56.275,5608,13.48611111,165.3585854,14.25636364,89.97872727,,0.925454545,62.5,5839.583333
11/18/2007,56.20416667,5729,13.44675926,163.0342443,11.27692308,91.54046154,,0.205692308,95.375,5757.5
11/19/2007,56.12083333,5712,13.40046296,163.0460429,14.5,78.59793103,,2.785172414,113.0416667,5757.916667
11/20/2007,55.80416667,5942,13.22453704,164.1197234,11.6125,40.60041667,,5.433913043,142.9166667,5795.833333
11/21/2007,55.37916667,6147,12.98842593,162.8808613,13.175,24.39833333,,5.256521739,146.875,5752.083333
11/22/2007,55.4125,5449,13.00694444,155.5538773,13.0125,27.33375,,5.10125,145.25,5493.333333
11/23/2007,55.08333333,5628,12.82407407,158.1436889,14.10416667,18.78541667,,6.324166667,134.5652174,5584.791667
11/24/2007,55.04166667,5679,12.80092593,161.9818015,6.9125,51.32458333,,0.599583333,102.7916667,5720.333333
11/25/2007,55.10833333,5795,12.83796296,160.1435662,8.516666667,64.07958333,,0.535833333,110.4166667,5655.416667
11/26/2007,54.95833333,5512,12.75462963,160.4857281,6.529166667,68.76166667,,0.857083333,90.20833333,5667.5
11/27/2007,54.74166667,5835,12.63425926,159.9901832,10.35416667,59.62333333,,2.485833333,129.5,5650
11/28/2007,54.63333333,5382,12.57407407,161.1464545,12.0375,28.9125,,4.279090909,122.2083333,5690.833333
11/29/2007,54.3125,5591,12.39583333,161.1228571,7.945833333,53.91791667,,0.920833333,115.5416667,5690
11/30/2007,54.10833333,5661,12.28240741,161.1818505,9.825,32.06541667,,4.256818182,129.3333333,5692.083333
12/1/2007,53.74583333,5512,12.08101852,156.8163367,3.8625,56.53791667,,1.864166667,124.25,5537.916667
12/2/2007,53.92083333,5396,12.17824074,151.4715319,5.884615385,70.52807692,,3.047307692,16.875,5349.166667
12/3/2007,53.79166667,5178,12.10648148,146.468889,12.4,49.06708333,,6.667083333,16.79166667,5172.5
12/4/2007,53.7625,5094,12.09027778,146.4098956,9.956140351,94.00877193,,1.145614035,60.375,5170.416667
12/5/2007,53.84166667,4948,12.13425926,146.0323376,12.10833333,74.2,,2.479545455,85.33333333,5157.083333
12/6/2007,53.78333333,4824,12.10185185,145.9851429,9.82,88.80285714,,0.588,10.04166667,5155.416667
12/7/2007,53.6375,5085,12.02083333,141.7612133,9.451111111,87.06111111,,2.080888889,96.5,5006.25
12/8/2007,53.15,4472,11.75,134.1274634,7.245833333,54.95208333,,3.857727273,110.9166667,4736.666667
12/9/2007,52.65416667,4787,11.47453704,125.4554291,9.272,31.8748,,6.58125,100.75,4430.416667
12/10/2007,52.33333333,5096,11.2962963,124.7475079,11.04583333,32.21916667,,5.402083333,117.2083333,4405.416667
12/11/2007,52.2125,4807,11.22916667,124.7357092,9.566666667,27.43041667,,6.280416667,104.9166667,4405
12/12/2007,52.0625,4545,11.14583333,127.0482517,7.176923077,51.34307692,,0.573461538,105.4166667,4486.666667
12/13/2007,51.96666667,4120,11.09259259,130.269293,6.646428571,56.71178571,,2.724444444,114.75,4600.416667
12/14/2007,51.70416667,4321,10.94675926,130.8120326,7.408333333,50.07458333,,1.88625,110.625,4619.583333
12/15/2007,51.575,4360,10.875,129.5259758,6.383333333,72.1,,0.257083333,59.04166667,4574.166667
12/16/2007,51.48333333,4648,10.82407407,129.8445403,6.270588235,84.82117647,,1.028235294,19.25,4585.416667
12/17/2007,51.2625,4556,10.70138889,127.9567505,7.890697674,88.04302326,,4.594418605,7.208333333,4518.75
12/18/2007,50.97083333,4490,10.53935185,127.8033676,9.128846154,92.25807692,,8.043269231,11.83333333,4513.333333
12/19/2007,50.26666667,4974,10.14814815,129.1366191,8.080952381,94.08015873,,2.057301587,15.625,4560.416667
12/20/2007,50.30416667,4533,10.16898148,132.4284526,8.766666667,84.45916667,,6.887777778,124.5,4676.666667
12/21/2007,50.19166667,4609,10.10648148,130.0215206,5.8125,53.56,,3.494166667,101.3333333,4591.666667
12/22/2007,49.925,4010,9.958333333,129.9153324,4.579166667,56.07458333,,1.633478261,47.04166667,4587.916667
12/23/2007,49.97916667,4537,9.988425926,129.8681377,7.583333333,72.44291667,,0.278333333,62.375,4586.25
12/24/2007,50.1,4607,10.05555556,128.9006454,7.574074074,74.28,,1.867037037,117.2083333,4552.083333
12/25/2007,49.96666667,4474,9.981481481,129.1484178,7.7375,32.4825,,4.114583333,94.125,4560.833333
12/26/2007,49.50833333,4238,9.726851852,128.9596389,4.125,60.49166667,,1.843333333,117.8333333,4554.166667
12/27/2007,49.25,4604,9.583333333,129.5613718,3.316666667,51.63208333,,1.242916667,63.625,4575.416667
12/28/2007,48.98333333,4497,9.435185185,129.5731705,2.076086957,89.94478261,,0.692826087,12.625,4575.833333
12/29/2007,48.8125,4450,9.340277778,129.7147548,2.03,93.9928,,0.1232,15.25,4580.833333
12/30/2007,48.82916667,4410,9.349537037,130.0333193,4.031481481,90.66740741,,0.371296296,116.8333333,4592.083333
12/31/2007,48.7,4321,9.277777778,129.5141771,6.369565217,49.99434783,,4.21,115,4573.75
1/1/2008,48.5625,4411,9.201388889,123.20188,7.541666667,45.98666667,,2.33625,103.7916667,4350.833333
1/2/2008,48.5625,4225,9.201388889,117.4205239,4.558333333,70.84375,,0.064166667,98.20833333,4146.666667
1/3/2008,48.6,3973,9.222222222,118.7537754,5.14516129,84.02774194,,2.040645161,8.833333333,4193.75
1/4/2008,48.075,3887,8.930555556,131.4255642,8.513043478,94.23184211,,12.58173913,21.625,4641.25
1/5/2008,47.375,3887,8.541666667,118.5178017,6.545454545,85.76909091,,5.549090909,28.29166667,4185.416667
1/6/2008,47.15,3862,8.416666667,115.3439551,5.942857143,86.8947619,,3.355952381,37.29166667,4073.333333
1/7/2008,47.33333333,4008,8.518518519,115.8277012,4.854545455,88.27363636,,1.402727273,113.75,4090.416667
1/8/2008,47.64583333,4072,8.69212963,119.9218453,6.1,83.39566667,,4.217666667,12.16666667,4235
1/9/2008,47.57916667,4766,8.655092593,110.99024,5.309090909,94.47386364,,0.514090909,20.375,3919.583333
1/10/2008,47.32916667,3836,8.516203704,117.1845501,6.101694915,95.5759322,,0.705423729,21.54166667,4138.333333
1/11/2008,47.40833333,3959,8.560185185,119.5796834,7.571428571,95.75571429,,0.799107143,60.45833333,4222.916667
1/12/2008,47.5875,3722,8.659722222,118.7655741,8.2625,88.103125,,1.0115625,73.5,4194.166667
1/13/2008,47.56666667,3554,8.648148148,118.730178,7.804545455,78.26045455,,1.612272727,125.9166667,4192.916667
1/14/2008,47.32083333,3775,8.511574074,116.0754737,5.776666667,80.171,,0.394333333,87.75,4099.166667
1/15/2008,47.10833333,3913,8.393518519,110.2587214,5.03125,79.2625,,3.772380952,129.9583333,3893.75
1/16/2008,46.73333333,3627,8.185185185,105.7044286,8.908695652,21.99347826,,9.819565217,134.3333333,3732.916667
1/17/2008,46.59583333,4026,8.108796296,104.4891639,10.8125,24.59166667,,7.801666667,136.25,3690
1/18/2008,46.47083333,3709,8.039351852,99.69889738,12.38333333,35.85291667,,4.63,139.3333333,3520.833333
1/19/2008,46.54166667,3270,8.078703704,100.0174619,10.1375,45.77916667,,2.25,133.0416667,3532.083333
1/20/2008,46.57083333,3184,8.094907407,100.0292606,3.954166667,75.96375,,0.6425,108.0833333,3532.5
1/21/2008,46.3375,3375,7.965277778,99.66350132,4,86.73190476,,2.032857143,26.08333333,3519.583333
1/22/2008,46.04583333,3459,7.803240741,101.1737331,5.528,52.8104,,4.4868,129.0416667,3572.916667
1/23/2008,45.88333333,3352,7.712962963,101.5630898,7.642307692,38.46153846,,3.303846154,68.29166667,3586.666667
1/24/2008,45.65833333,4414,7.587962963,100.2534356,4.25,85.18194444,,3.671388889,17.58333333,3540.416667
1/25/2008,45.47083333,3735,7.483796296,102.9789321,4.707142857,89.8802381,,3.087142857,20.5,3636.666667
1/26/2008,45.475,3657,7.486111111,111.3088045,7.943589744,90.75512821,,2.625384615,91.83333333,3930.833333
1/27/2008,45.29583333,3266,7.386574074,107.155667,8.383333333,86.96766667,,3.635333333,41.91666667,3784.166667
1/28/2008,45.25,3332,7.361111111,100.9613568,4.766666667,75.53481481,,2.515555556,126.4583333,3565.416667
1/29/2008,45.22916667,3246,7.349537037,97.66952337,4.125714286,79.67171429,,3.483142857,40,3449.166667
1/30/2008,45.15833333,3056,7.310185185,96.89081009,3.141666667,91.83145833,,1.307708333,37.08333333,3421.666667
1/31/2008,44.82916667,3614,7.127314815,107.8281921,4.182051282,90.62153846,,3.706410256,13.5,3807.916667
2/1/2008,44.6875,2981,7.048611111,108.2647435,4.457971014,92.08217391,,1.752028986,84.5,3823.333333
2/2/2008,44.50416667,3418,6.946759259,105.4684549,3.676470588,90.24264706,,2.163529412,18.75,3724.583333
2/3/2008,44.50416667,3232,6.946759259,114.0814957,5.887234043,92.0293617,,4.038510638,100.2916667,4028.75
2/4/2008,44.64583333,3139,7.025462963,101.8580569,5.5125,67.405,,2.314583333,166.1666667,3597.083333
2/5/2008,44.6375,3117,7.020833333,98.50723008,7.245833333,50.00333333,,2.508333333,152.5,3478.75
2/6/2008,45.04166667,2824,7.24537037,97.62232863,7.495833333,66.64291667,,0.985833333,151.8333333,3447.5
2/7/2008,45.31666667,3344,7.398148148,97.02059564,6.666666667,74.63333333,,0.685833333,152.4166667,3426.25
2/8/2008,45.34583333,3082,7.414351852,96.06490206,8.208333333,65.82833333,,1.564166667,149.7916667,3392.5
2/9/2008,45.37916667,3269,7.43287037,95.56935725,11.83333333,52.95208333,,1.715,165.6666667,3375
2/10/2008,45.3625,3060,7.423611111,95.33338353,10.30833333,65.33833333,,0.835,162.4166667,3366.666667
2/11/2008,45.4875,3860,7.493055556,95.68734411,13.35833333,54.6025,,2.7,163.2916667,3379.166667
2/12/2008,45.53333333,3215,7.518518519,95.47496776,14.69583333,42.05333333,,2.057826087,184.25,3371.666667
2/13/2008,45.55416667,3577,7.530092593,95.3569809,11.0875,52.81875,,3.12875,194.4583333,3367.5
2/14/2008,45.4625,3319,7.479166667,96.06490206,9.775,30.12,,6.17375,194.5833333,3392.5
2/15/2008,45.32916667,3040,7.405092593,95.73453885,14.03333333,21.18958333,,5.444166667,195,3380.833333
2/16/2008,45.19583333,3174,7.331018519,95.8643244,9.191666667,58.61791667,,0.685833333,190.2916667,3385.416667
2/17/2008,45.35416667,3249,7.418981481,95.42777302,9.0125,63.23791667,,0.449583333,200.25,3370
2/18/2008,45.53333333,3202,7.518518519,95.25079272,10.14166667,60.97791667,,0.900833333,187.5,3363.75
2/19/2008,45.32916667,3320,7.405092593,95.54575988,8.368,72.3516,,0.6172,64.5,3374.166667
2/20/2008,45.18333333,3135,7.324074074,95.93511652,8.914035088,89.54087719,,0.820526316,92.20833333,3387.916667
2/21/2008,45.12916667,3806,7.293981481,96.97340089,8.378378378,86.26918919,,1.946756757,16.04166667,3424.583333
2/22/2008,45.14166667,3380,7.300925926,98.83759329,7.681395349,89.3044186,,2.069534884,141.3333333,3490.416667
2/23/2008,44.93333333,3450,7.185185185,99.52191708,7.226315789,87.23184211,,1.556578947,25.29166667,3514.583333
2/24/2008,45.07083333,3226,7.261574074,117.7862831,8.606976744,86.78813953,,8.853255814,50,4159.583333
2/25/2008,45.3875,3515,7.4375,110.2469227,11.29642857,75.46571429,,4.058518519,174.125,3893.333333
2/26/2008,45.52083333,3028,7.511574074,102.0704333,10.2826087,66.29434783,,1.099090909,206.25,3604.583333
2/27/2008,46.10416667,3587,7.835648148,99.30954074,12.4,65.43625,,0.920833333,176.625,3507.083333
2/28/2008,46.12916667,3329,7.849537037,104.748735,17.35416667,35.76791667,,4.950416667,225.7916667,3699.166667
2/29/2008,45.97083333,2743,7.761574074,98.60161957,13.67083333,55.00166667,,1.414583333,138.9166667,3482.083333
3/1/2008,46.25833333,3513,7.921296296,97.03239432,13.87083333,46.72375,,3.044166667,221.375,3426.666667
3/2/2008,46.375,2756,7.986111111,96.53684951,11.39166667,33.625,,6.17375,226.2083333,3409.166667
3/3/2008,46.27916667,3049,7.93287037,97.37455622,13.27916667,25.78166667,,4.09375,223.2916667,3438.75
3/4/2008,45.89583333,3212,7.719907407,97.16217987,11.575,50.78291667,,1.542916667,236,3431.25
3/5/2008,46.1125,3508,7.840277778,95.98231126,15.02083333,20.21916667,,5.509166667,248.0416667,3389.583333
3/6/2008,45.69583333,3187,7.608796296,95.62835068,11.62916667,36.44708333,,1.800416667,159.875,3377.083333
3/7/2008,45.59583333,3159,7.553240741,93.98833331,8.4125,60.69791667,,0.36375,143.0833333,3319.166667
3/8/2008,45.79583333,3025,7.664351852,93.77595696,10.95416667,56.96958333,,1.95,232.2083333,3311.666667
3/9/2008,45.96086957,3344,7.756038647,94.14735908,15.7125,32.31,,2.679583333,242.8333333,3324.782609
3/10/2008,46.77083333,3227,8.206018519,90.90887625,13.95833333,50.98916667,,1.350833333,193.0833333,3210.416667
3/11/2008,47.19583333,3439,8.44212963,92.80846471,13.70416667,60.68166667,,1.285833333,219.8333333,3277.5
3/12/2008,47.4625,3681,8.590277778,91.19204471,13.2875,54.79916667,,1.37125,171.375,3220.416667
3/13/2008,47.6,3492,8.666666667,91.80557639,15.02083333,63.38416667,,3.021666667,229.6666667,3242.083333
3/14/2008,47.47916667,3533,8.599537037,93.13882792,10.28846154,61.03269231,,3.996153846,151.625,3289.166667
3/15/2008,47.42916667,3103,8.571759259,91.01506442,8.604166667,61.78208333,,1.435416667,227.0833333,3214.166667
3/16/2008,47.275,3247,8.486111111,90.64930515,10.04583333,42.17791667,,3.407916667,252.625,3201.25
3/17/2008,46.99166667,3282,8.328703704,93.37480164,12.29166667,39.91166667,,1.9925,253.2916667,3297.5
3/18/2008,47.32916667,3054,8.516203704,90.80268807,14.97916667,58.48208333,,1.65,257.1666667,3206.666667
3/19/2008,47.54166667,3338,8.634259259,91.06225917,13.072,70.2268,,1.338,74.66666667,3215.833333
3/20/2008,47.72916667,3186,8.738425926,96.31267447,10.3875,57.88666667,,1.521666667,261.8333333,3401.25
3/21/2008,47.52083333,3453,8.622685185,95.56935725,11.15,46.97208333,,1.950833333,281.6666667,3375
3/22/2008,47.46666667,3338,8.592592593,91.22744077,15.96666667,24.89291667,,2.442916667,284.125,3221.666667
3/23/2008,47.55833333,3310,8.643518519,93.28041215,14.47083333,45.17458333,,1.22125,278.125,3294.166667
3/24/2008,47.9375,3593,8.854166667,90.80268807,15.29166667,53.39791667,,1.199583333,189.1666667,3206.666667
3/25/2008,48.08333333,3629,8.935185185,90.56671435,16.19090909,50.70136364,,2.010909091,243.5,3198.333333
3/26/2008,47.77916667,3452,8.766203704,90.10656559,12.41538462,54.27153846,,4.748846154,176.125,3182.083333
3/27/2008,47.68333333,3272,8.712962963,90.66110384,8.791666667,42.24458333,,3.493333333,296.75,3201.666667
3/28/2008,47.28333333,3402,8.490740741,93.38660032,9.1375,51.0625,,1.2225,124.2916667,3297.916667
3/29/2008,47.15416667,2984,8.418981481,92.51349755,9.018181818,69.81575758,,2.665454545,244.75,3267.083333
3/30/2008,47.025,3366,8.347222222,113.5623535,10.984,27.392,,3.396,295.8333333,4010.416667
3/31/2008,47.42916667,3945,8.571759259,113.621347,10.3875,25.63125,,3.28,299.3333333,4012.5
4/1/2008,48.04166667,4018,8.912037037,116.1462658,12.85833333,28.32541667,,1.929166667,241.2083333,4101.666667
4/2/2008,48.6,4965,9.222222222,115.6035262,11.925,43.16833333,,1.328333333,314,4082.5
4/3/2008,48.24166667,4165,9.023148148,115.5563315,13.71666667,46.28791667,,1.029166667,310.125,4080.833333
4/4/2008,48.2,3825,9,120.7477533,13.72083333,52.10083333,,2.48625,265.125,4264.166667
4/5/2008,48.25416667,5211,9.030092593,154.397606,12.77916667,45.0375,,2.014166667,296.173913,5452.5
4/6/2008,47.98333333,5537,8.87962963,159.21147,11.64583333,55.05666667,,2.035833333,208.25,5622.5
4/7/2008,47.60833333,5652,8.671296296,160.0845727,10.80416667,45.60041667,,2.015833333,294.3333333,5653.333333
4/8/2008,47.69583333,6406,8.719907407,189.2509247,13.31666667,36.96875,,1.585416667,257.4166667,6683.333333
4/9/2008,47.64583333,6666,8.69212963,207.9518422,11.06666667,47.5075,,1.114166667,308.9583333,7343.75
4/10/2008,47.80833333,7015,8.782407407,205.0139693,14.7625,41.53291667,,2.787083333,296.2608696,7240
4/11/2008,48.14166667,7590,8.967592593,205.4741181,20.51666667,20.67833333,,4.887916667,331.375,7256.25
4/12/2008,48.41666667,6806,9.12037037,202.3002715,19.80833333,35.75958333,,1.5425,332.7083333,7144.166667
4/13/2008,48.45416667,6873,9.141203704,206.1112471,19.975,41.73458333,,1.307083333,320.3333333,7278.75
4/14/2008,48.50416667,7230,9.168981481,203.7279125,20.6625,28.47125,,4.694583333,279.25,7194.583333
4/15/2008,47.9,7308,8.833333333,206.830967,11.69166667,34.19,,3.13,344.9583333,7304.166667
4/16/2008,47.7875,7444,8.770833333,217.7211542,13.5952381,32.22,,4.067142857,338.3333333,7688.75
4/17/2008,48.03333333,7622,8.907407407,214.8658722,16.97826087,38.13478261,,2.124782609,339.9166667,7587.916667
4/18/2008,48.375,7557,9.097222222,219.8095217,17.725,41.86291667,,1.435833333,333.9166667,7762.5
4/19/2008,48.45416667,7467,9.141203704,219.4555611,15.392,24.0668,,4.0948,338.75,7750
4/20/2008,47.84583333,7478,8.803240741,219.7151322,8.041666667,36.35875,,3.472083333,278.5,7759.166667
4/21/2008,47.64166667,7181,8.689814815,220.1752809,9.7,41.52958333,,2.679583333,292.4166667,7775.416667
4/22/2008,47.74583333,6999,8.747685185,207.3383105,10.88333333,56.43916667,,1.929583333,106.0833333,7322.083333
4/23/2008,47.8,7363,8.777777778,204.388639,10.74,81.55625,,4.52725,171.4166667,7217.916667
4/24/2008,48.03333333,6966,8.907407407,206.4888051,10.18333333,51.73708333,,2.121666667,348.25,7292.083333
4/25/2008,48.36666667,7013,9.092592593,207.6332776,14.45416667,48.36416667,,0.557083333,334.125,7332.5
4/26/2008,48.80833333,7029,9.337962963,207.4916934,21.025,37.9725,,2.808333333,336.4583333,7327.5
4/27/2008,48.95,7380,9.416666667,217.2256094,22.1375,44.48916667,,1.6925,318.5,7671.25
4/28/2008,48.98333333,7687,9.435185185,217.202012,22.21666667,37.90333333,,1.520434783,340.5,7670.416667
4/29/2008,48.87916667,7871,9.377314815,216.7772593,17.35416667,37.55125,,3.17125,315.9583333,7655.416667
4/30/2008,48.2875,7971,9.048611111,227.3370834,12.19583333,32.63833333,,3.880416667,363.7916667,8028.333333
5/1/2008,48.47083333,7601,9.150462963,231.0418708,15.58333333,26.80166667,,4.159166667,364.2083333,8159.166667
5/2/2008,48.94583333,7931,9.414351852,232.1155513,17.1625,35.97708333,,1.264166667,303.875,8197.083333
5/3/2008,48.92916667,8489,9.405092593,239.0059839,18.30833333,41.23083333,,1.606666667,346.0416667,8440.416667
5/4/2008,49.12083333,8314,9.511574074,239.6667103,21.304,33.5064,,3.6012,338.5,8463.75
5/5/2008,49.1375,8071,9.520833333,243.8552439,22.34666667,38.17566667,,3.447,358.9166667,8611.666667
5/6/2008,49.30416667,8696,9.613425926,244.1030163,22.908,40.6688,,1.234,328.375,8620.416667
5/7/2008,49.2,7905,9.555555556,244.1738084,21.54583333,30.5975,,4.4375,360.5,8622.916667
5/8/2008,49.17916667,8094,9.543981481,244.6811519,20.92916667,21.19958333,,2.829583333,364.8333333,8640.833333
5/9/2008,49.25,8352,9.583333333,244.4805743,21.1875,24.62833333,,3.857916667,362.8333333,8633.75
5/10/2008,49.16666667,8278,9.537037037,241.0943514,20.25416667,37.17458333,,1.5,338.3333333,8514.166667
5/11/2008,49.39583333,8557,9.664351852,238.7582115,20.41666667,40.2675,,1.58625,338.5,8431.666667
5/12/2008,49.39583333,8176,9.664351852,242.4040055,18.84166667,22.91041667,,5.959166667,368.3333333,8560.416667
5/13/2008,49.575,8111,9.763888889,245.1648981,21.16666667,24.355,,2.443333333,365.2083333,8657.916667
5/14/2008,49.74166667,9428,9.856481481,269.5055874,26.04,31.774,,5.3088,351.0833333,9517.5
5/15/2008,49.72083333,10956,9.844907407,310.7773913,30.22916667,23.98,,7.78125,370.5,10975
5/16/2008,50.1625,9242,10.09027778,260.9397413,30.38333333,30.19125,,2.486666667,385,9215
5/17/2008,50.25833333,9086,10.14351852,260.0312425,29.76666667,37.37125,,1.457083333,380.0416667,9182.916667
5/18/2008,50.125,10239,10.06944444,283.1448685,29.81666667,33.44,,1.47875,378,9999.166667
5/19/2008,50.09583333,9974,10.05324074,288.3598878,28.35833333,39.4325,,1.318695652,369.375,10183.33333
5/20/2008,50.0125,9928,10.00694444,289.6577433,24.74583333,39.345,,2.422083333,232.6666667,10229.16667
5/21/2008,49.825,10034,9.902777778,292.6074148,18.6875,26.99791667,,5.894583333,389.875,10333.33333
5/22/2008,50.28333333,9516,10.15740741,290.908404,18.54166667,23.16708333,,6.687916667,347.8181818,10273.33333
5/23/2008,50.1125,10240,10.0625,288.9262247,17.73333333,31.33916667,,5.315416667,227.6521739,10203.33333
5/24/2008,49.7625,10259,9.868055556,280.0890089,14.44074074,73.13481481,,4.40037037,127.7916667,9891.25
5/25/2008,49.4625,10165,9.701388889,280.6553458,14.77083333,68.67291667,,1.907083333,218.8333333,9911.25
5/26/2008,50.12083333,9843,10.06712963,283.4162383,16.4,60.52625,,2.529583333,207.4583333,10008.75
5/27/2008,50.20833333,10226,10.11574074,288.0059272,17.58888889,68.88555556,,1.734444444,261.6666667,10170.83333
5/28/2008,50.51666667,9639,10.28703704,288.5958615,17.8875,52.80708333,,2.037083333,311.875,10191.66667
5/29/2008,50.57083333,9918,10.31712963,289.0914063,18.77916667,48.47333333,,1.92875,314.0416667,10209.16667
5/30/2008,50.77916667,10291,10.43287037,285.7877742,20.125,51.96791667,,1.994583333,382.625,10092.5
5/31/2008,51.04166667,9604,10.5787037,290.2476776,21.32916667,37.89458333,,2.207916667,387.9166667,10250
6/1/2008,51.05833333,10213,10.58796296,288.3598878,20.42083333,44.02458333,,1.5,377.6666667,10183.33333
6/2/2008,51.45,10297,10.80555556,288.9498221,21.70833333,40.0575,,1.670833333,379.1666667,10204.16667
6/3/2008,51.86666667,9693,11.03703704,287.298006,24.075,29.09416667,,2.68,315.2083333,10145.83333
6/4/2008,51.67083333,10352,10.92824074,287.3569995,19.96,25.5128,,4.4656,403.2916667,10147.91667
6/5/2008,51.99583333,10239,11.1087963,288.4778747,21.80833333,25.76083333,,3.0225,395.4583333,10187.5
6/6/2008,52.13333333,10174,11.18518519,290.4836513,21.1625,25.29083333,,3.472083333,404.3333333,10258.33333
6/7/2008,52.10416667,10119,11.16898148,288.2419009,20.60416667,27.14625,,5.550833333,405.9583333,10179.16667
6/8/2008,52.33333333,10021,11.2962963,287.0620323,24.76666667,21.05125,,3.73,405.5416667,10137.5
6/9/2008,52.54583333,9851,11.41435185,287.8879404,26.77916667,26.55166667,,2.25125,400,10166.66667
6/10/2008,52.56666667,9968,11.42592593,294.0232571,23.6875,18.252,,6.49525,411.7916667,10383.33333
6/11/2008,52.73333333,10636,11.51851852,300.6305213,21.7375,22.35041667,,5.745416667,411.7083333,10616.66667
6/12/2008,52.7875,11272,11.54861111,313.7270629,25.99583333,14.84708333,,6.71,416.2083333,11079.16667
6/13/2008,53.22083333,10567,11.78935185,317.2666687,29.425,15.09416667,,3.43,416.125,11204.16667
6/14/2008,52.87916667,11418,11.59953704,315.6148526,27.59166667,28.54208333,,2.07875,317.4347826,11145.83333
6/15/2008,53.02083333,10808,11.67824074,315.9688132,26.53333333,34.14833333,,1.565,345.5454545,11158.33333
6/16/2008,53.22083333,11204,11.78935185,316.9127081,26.6375,30.88416667,,2.015416667,375.25,11191.66667
6/17/2008,53.35833333,12233,11.86574074,351.8368189,26.525,30.27125,,1.86375,404.6666667,12425
6/18/2008,53.44583333,12981,11.91435185,369.7708217,26.10952381,17.71380952,,2.18,410.1666667,13058.33333
6/19/2008,53.5875,13028,11.99305556,371.3046509,26.80833333,21.59916667,,2.0575,357.4090909,13112.5
6/20/2008,53.83333333,12923,12.12962963,372.0125721,27.55,24.67,,1.92875,428.4347826,13137.5
6/21/2008,53.78333333,12696,12.10185185,371.5406247,26.525,39.161875,,2.154375,196.9565217,13120.83333
6/22/2008,53.8,13434,12.11111111,371.3046509,25.36666667,36.81708333,,1.477916667,381.0416667,13112.5
6/23/2008,53.8,13081,12.11111111,380.0356786,26.53548387,24.82290323,,1.492903226,335.6086957,13420.83333
6/24/2008,54.20416667,13326,12.33564815,370.9506904,28.428125,27.6409375,,2.7971875,316.1666667,13100
6/25/2008,54.2875,12814,12.38194444,371.0686772,26.77826087,39.71413043,,2.124347826,248.9166667,13104.16667
6/26/2008,54.5625,13040,12.53472222,370.2427692,24.98292683,44.68365854,,2.270243902,351.2083333,13075
6/27/2008,55.06666667,12664,12.81481481,370.3607561,30.63333333,33.31166667,,2.379166667,368.4166667,13079.16667
6/28/2008,54.15,13069,12.30555556,367.1751108,28.17241379,48.6,,2.749655172,309.25,12966.66667
6/29/2008,54.25416667,12815,12.36342593,368.4729663,26.94864865,49.40189189,,1.584864865,316.8333333,13012.5
6/30/2008,54.575,11887,12.54166667,372.956467,25.10344828,44.80241379,,1.543103448,342.4166667,13170.83333
7/1/2008,54.49583333,13540,12.49768519,374.0183487,26.17083333,35.8125,,1.670833333,358.9583333,13208.33333
7/2/2008,53.79166667,13651,12.10648148,369.6528349,27.20833333,34.19458333,,1.607916667,365.5416667,13054.16667
7/3/2008,54.02083333,12782,12.2337963,375.7881516,27.34166667,37.38125,,2.271666667,366.5416667,13270.83333
7/4/2008,54.01666667,13207,12.23148148,371.7765984,26.06,42.0196,,3.891304348,375.2083333,13129.16667
7/5/2008,54.14583333,13237,12.30324074,372.6025064,25.87916667,29.62833333,,1.693333333,321.375,13158.33333
7/6/2008,54.36666667,12946,12.42592593,370.7147166,29.16086957,34.93391304,,2.347391304,370.75,13091.66667
7/7/2008,54.00833333,13062,12.22685185,371.6586115,34.90416667,19.79708333,,4.030416667,385.2916667,13125
7/8/2008,53.825,12992,12.125,371.3046509,37.44583333,13.15958333,,5.294166667,331.2916667,13112.5
7/9/2008,53.825,13029,12.125,376.2600991,35.69583333,17.10375,,3.23625,327.2916667,13287.5
7/10/2008,53.49583333,12928,11.94212963,376.0241254,34.025,23.18178571,,2.424285714,279,13279.16667
7/11/2008,53.30833333,12961,11.83796296,366.2312159,34.09285714,17.96178571,,3.638214286,279.9583333,12933.33333
7/12/2008,53.57083333,12753,11.9837963,371.8945852,27.22,49.56366667,,1.629333333,308.375,13133.33333
7/13/2008,53.83333333,13271,12.12962963,376.4960728,27.35384615,47.92576923,,1.3168,281.0833333,13295.83333
7/14/2008,54.20416667,13032,12.33564815,374.7262699,28.975,45.32392857,,1.653571429,336.375,13233.33333
7/15/2008,54.30416667,12918,12.3912037,369.7708217,28.64166667,39.06375,,2.4875,337.9166667,13058.33333
7/16/2008,53.30416667,12866,11.83564815,374.8442568,27.74761905,42.33952381,,2.032857143,353.375,13237.5
7/17/2008,52.80833333,12851,11.56018519,373.5464013,28.12083333,36.32208333,,2.057083333,360,13191.66667
7/18/2008,52.82083333,12932,11.56712963,374.3723093,29.18518519,23.65185185,,1.924074074,325.2083333,13220.83333
7/19/2008,53.12083333,12404,11.7337963,362.1016758,27.3075,30.666,,1.01575,302.25,12787.5
7/20/2008,52.9875,13057,11.65972222,354.0785693,27.70769231,36.66384615,,1.898461538,353.5833333,12504.16667
7/21/2008,53.17916667,12468,11.7662037,357.0282408,25.26666667,36.92125,,2.486666667,372.4583333,12608.33333
7/22/2008,53.62083333,12452,12.01157407,359.1520043,23.7125,43.97375,,1.5,290.0416667,12683.33333
7/23/2008,53.62083333,11748,12.01157407,347.5892919,25.75483871,35.97129032,,1.476774194,302,12275
7/24/2008,54,12170,12.22222222,344.6396204,26.94444444,31.39833333,,1.485,323.1666667,12170.83333
7/25/2008,54.04166667,12100,12.24537037,342.5158569,27.95128205,30.3374359,,1.299736842,285.9583333,12095.83333
7/26/2008,53.65,11759,12.02777778,341.4539752,27.80571429,28.75542857,,1.455428571,308.4583333,12058.33333
7/27/2008,53.52916667,11467,11.96064815,334.0208029,27.1,33.17333333,,1.77875,338.5833333,11795.83333
7/28/2008,53.64583333,11671,12.02546296,333.6668423,26.19166667,36.98541667,,2.3575,348.2916667,11783.33333
7/29/2008,53.81666667,11628,12.12037037,332.8409343,25.92916667,37.37,,2.120833333,336.4583333,11754.16667
7/30/2008,53.8375,11713,12.13194444,333.076908,26.4875,39.99,,1.77875,333.375,11762.5
7/31/2008,54.03333333,11476,12.24074074,331.7790526,27.10833333,34.29208333,,1.9075,348.125,11716.66667
8/1/2008,53.62916667,11623,12.0162037,331.425092,27.275,35.75625,,1.5,347.875,11704.16667
8/2/2008,53.375,11339,11.875,332.8409343,27.825,34.7275,,1.78,351.9583333,11754.16667
8/3/2008,53.45416667,11280,11.91898148,315.4968658,27.29166667,29.23291667,,1.970833333,349.3333333,11141.66667
8/4/2008,53.35416667,10705,11.86342593,314.5529709,27.14,25.0116,,1.8524,355.875,11108.33333
8/5/2008,53.30833333,11323,11.83796296,313.3731023,27.0875,27.32375,,2.164583333,353.625,11066.66667
8/6/2008,53.7125,11145,12.0625,317.5026424,28.54230769,29.42,,2.572692308,293.5,11212.5
8/7/2008,53.0625,10822,11.70138889,321.7501694,29.62916667,30.79291667,,1.97125,341.4166667,11362.5
8/8/2008,52.825,10740,11.56944444,320.6882877,27.99166667,29.59791667,,3.000416667,346.75,11325
8/9/2008,53.22083333,11076,11.78935185,318.3285504,24.62272727,32.81227273,,2.547142857,332.2083333,11241.66667
8/10/2008,53.77916667,10489,12.09953704,300.3945476,25.80833333,35.91083333,,1.242916667,331.6666667,10608.33333
8/11/2008,53.40833333,10694,11.89351852,303.462206,30.75416667,22.61416667,,2.658333333,336.5416667,10716.66667
8/12/2008,53.7875,10380,12.10416667,306.0579169,30.01666667,30.525,,1.39375,333.875,10808.33333
8/13/2008,53.90833333,10548,12.1712963,306.7658381,33.448,23.3708,,2.448,339.2083333,10833.33333
8/14/2008,53.7375,10818,12.07638889,302.0463636,32.75416667,23.67916667,,1.865,327.625,10666.66667
8/15/2008,53.56666667,10200,11.98148148,295.2031257,32.725,31.31041667,,1.392916667,322.9583333,10425
8/16/2008,53.73333333,10121,12.07407407,290.719625,32.8,31.32958333,,1.714583333,286.5416667,10266.66667
8/17/2008,53.75833333,9873,12.08796296,293.5513097,29.25833333,35.6025,,3.086666667,282.0833333,10366.66667
8/18/2008,53.99166667,9982,12.21759259,288.4778747,25.88333333,42.29583333,,3.64375,320.3333333,10187.5
8/19/2008,54.17916667,10342,12.32175926,297.9168235,24.04583333,47.80708333,,4.029166667,290.125,10520.83333
8/20/2008,53.96666667,10437,12.2037037,288.7138484,24.856,42.2812,,2.3872,299.9166667,10195.83333
8/21/2008,53.54583333,9980,11.96990741,295.9110469,27.08333333,41.82916667,,1.757916667,325.1666667,10450
8/22/2008,53.75,9742,12.08333333,277.6702782,27.8,29.79208333,,1.4575,325.2083333,9805.833333
8/23/2008,53.9625,9521,12.20138889,269.8949441,28.575,33.65541667,,1.82125,173.9473684,9531.25
8/24/2008,54.3875,9218,12.4375,269.3522045,28.68333333,30.99625,,1.885416667,309,9512.083333
8/25/2008,54.6375,9245,12.57638889,268.9392505,27.36363636,31.63909091,,2.220454545,306.9166667,9497.5
8/26/2008,54.17916667,9110,12.32175926,275.9240727,27.3375,21.65375,,4.952083333,321.0416667,9744.166667
8/27/2008,53.7125,9444,12.0625,277.528694,30.95416667,15.10541667,,3.215416667,319.7083333,9800.833333
8/28/2008,53.59166667,9499,11.99537037,276.2308385,33.90833333,14.4075,,7.0725,432,9755
8/29/2008,53.825,9100,12.125,279.0389258,34.3625,16.77833333,,3.216666667,301.6666667,9854.166667
8/30/2008,53.9,9403,12.16666667,271.7591365,29.03333333,31.60916667,,2.142916667,314.75,9597.083333
8/31/2008,54.14583333,8864,12.30324074,249.5422106,24.375,19.53208333,,6.3025,318.7083333,8812.5
9/1/2008,54.24583333,8344,12.3587963,246.0733969,21.87083333,21.24083333,,6.901666667,321.2916667,8690
9/2/2008,54.3875,8508,12.4375,250.7810726,26.80416667,12.78416667,,3.43,312.2916667,8856.25
9/3/2008,54.35416667,8709,12.41898148,249.0820618,27.70416667,17.16833333,,2.9575,341.8095238,8796.25
9/4/2008,53.325,8272,11.84722222,250.80467,27.775,21.55583333,,2.463333333,308.2083333,8857.083333
9/5/2008,53.28333333,8415,11.82407407,236.6816428,30.82916667,19.615,,2.817826087,306.2916667,8358.333333
9/6/2008,53.27916667,7790,11.82175926,234.4988858,32.22916667,15.92833333,,2.914583333,305.4166667,8281.25
9/7/2008,53.34583333,7714,11.8587963,235.4663781,28.77083333,28.47125,,1.543333333,439.625,8315.416667
9/8/2008,53.6875,7740,12.04861111,222.2872457,27.44583333,30.36916667,,2.037083333,304.125,7850
9/9/2008,53.925,7664,12.18055556,221.3197535,23.4,30.33,,1.607916667,289.25,7815.833333
9/10/2008,54.00416667,7308,12.22453704,219.1487952,24.225,37.88958333,,1.822083333,287.0416667,7739.166667
9/11/2008,54.1125,7300,12.28472222,220.3758586,26.18333333,30.95583333,,1.585833333,295.875,7782.5
9/12/2008,54.31666667,7492,12.39814815,221.7799022,24.95416667,31.62166667,,1.265416667,282.0416667,7832.083333
9/13/2008,54.45,7546,12.47222222,219.2431847,23.78333333,38.85041667,,1.093333333,276.25,7742.5
9/14/2008,54.5375,7435,12.52083333,202.7958163,24.59166667,43.34708333,,1.114166667,271.375,7161.666667
9/15/2008,54.77083333,7235,12.65046296,211.7746164,25.45416667,34.66916667,,1.457083333,285.4347826,7478.75
9/16/2008,54.94166667,7057,12.74537037,213.8511852,25.2625,36.45333333,,1.8225,245.4583333,7552.083333
9/17/2008,55.17083333,7388,12.87268519,205.214547,23.16086957,42.54608696,,1.745217391,261.5,7247.083333
9/18/2008,55.24166667,6971,12.91203704,203.4329454,19.59130435,46.79608696,,1.699130435,262.7826087,7184.166667
9/19/2008,55.15416667,7010,12.86342593,204.4712298,18.775,43.77958333,,1.328333333,207.5,7220.833333
9/20/2008,55.23333333,7151,12.90740741,205.4505207,18.425,51.75916667,,1.436666667,256.125,7255.416667
9/21/2008,55.54583333,6584,13.08101852,207.2085249,19.975,50.925,,1.222083333,233.7916667,7317.5
9/22/2008,55.75,7230,13.19444444,205.7336892,22.125,36.2575,,3.45125,263.4166667,7265.416667
9/23/2008,55.79583333,6583,13.21990741,192.4601673,21.30434783,27.9473913,,1.275217391,263.6666667,6796.666667
9/24/2008,55.91666667,6481,13.28703704,194.7255151,20.65833333,29.86333333,,0.917391304,252.7083333,6876.666667
9/25/2008,56.12916667,6264,13.40509259,187.5755113,23.05,25.7175,,1.565416667,253.5,6624.166667
9/26/2008,56.3375,6275,13.52083333,187.7052968,22.415,27.7445,,1.286,250.5416667,6628.75
9/27/2008,56.58333333,6640,13.65740741,187.4221284,23.63333333,31.94666667,,0.92125,251.1666667,6618.75
9/28/2008,56.70416667,6503,13.72453704,186.1242729,24.34166667,26.11333333,,1.1575,245.8333333,6572.916667
9/29/2008,56.65416667,6607,13.69675926,185.5107412,25.15,27.54958333,,1.564583333,220.2083333,6551.25
9/30/2008,56.83333333,6656,13.7962963,185.0623912,24.40416667,35.64416667,,1.37125,232.125,6535.416667
10/1/2008,56.95416667,6635,13.86342593,186.6198177,23.0375,43.80958333,,1.628333333,194,6590.416667
10/2/2008,56.90833333,6458,13.83796296,190.3010078,24.27916667,39.23041667,,4.28625,135.3333333,6720.416667
10/3/2008,56.7625,6475,13.75694444,187.1861547,18.46896552,70.24586207,,3.157241379,35.25,6610.416667
10/4/2008,56.725,6572,13.73611111,184.7438266,16.69230769,82.25128205,,6.872051282,165.4583333,6524.166667
10/5/2008,57.00833333,6453,13.89351852,185.9826887,15.55769231,78.34115385,,1.225769231,149.5,6567.916667
10/6/2008,57.05,6186,13.91666667,185.4871439,17.48333333,65.86458333,,1.049166667,235.375,6550.416667
10/7/2008,57.32916667,6302,14.07175926,189.0385484,19.54166667,54.39541667,,1.32875,231.75,6675.833333
10/8/2008,57.61666667,6263,14.23148148,189.4986971,21.3375,38.80041667,,3.950909091,226.4583333,6692.083333
10/9/2008,57.34583333,6228,14.08101852,189.4515024,18.33333333,27.9175,,5.015833333,232.375,6690.416667
10/10/2008,56.95416667,6323,13.86342593,192.4837647,12.87083333,32.78625,,4.517826087,225.2916667,6797.5
10/11/2008,56.99583333,6131,13.88657407,195.0086835,13.77916667,25.43958333,,4.909166667,225.625,6886.666667
10/12/2008,57.02916667,6261,13.90509259,197.7813748,13.19166667,29.42375,,3.42875,225,6984.583333
10/13/2008,57.47083333,6822,14.15046296,176.2841687,18.2125,26.285,,4.438333333,218.2916667,6225.416667
10/14/2008,57.60833333,6448,14.22685185,184.1538923,17.98333333,41.53958333,,1.200416667,213.6666667,6503.333333
10/15/2008,57.79166667,6360,14.3287037,188.0710561,17.64166667,47.43041667,,0.664166667,204.6666667,6641.666667
10/16/2008,57.77916667,7137,14.32175926,199.7753527,20.88333333,34.46458333,,2.400833333,205.8333333,7055
10/17/2008,57.82916667,7699,14.34953704,215.5147999,19.33333333,48.96791667,,0.7925,194.2083333,7610.833333
10/18/2008,57.5625,7363,14.20138889,211.7038243,16.9125,53.04875,,1.0925,58.66666667,7476.25
10/19/2008,57.37916667,7401,14.09953704,212.5533297,17.3125,50.36791667,,0.964166667,,7506.25
10/20/2008,57.51666667,7723,14.17592593,212.8011021,16.13333333,57.14291667,,0.407083333,,7515
10/21/2008,57.68333333,7487,14.26851852,214.1461524,17.47083333,38.1525,,4.115,,7562.5
10/22/2008,57.47083333,7273,14.15046296,215.2316315,22.6875,13.81666667,,4.994166667,,7600.833333
10/23/2008,57.45,7363,14.13888889,214.2523405,17.175,36.78041667,,0.75,199.3333333,7566.25
10/24/2008,57.6125,7582,14.22916667,211.2908703,17.50416667,41.33875,,1.371666667,224.4583333,7461.666667
10/25/2008,57.6625,7355,14.25694444,216.5884804,17.42083333,40.6325,,0.428333333,217.9166667,7648.75
10/26/2008,57.74583333,7509,14.30324074,214.8776709,20.02222222,36.64722222,,0.542777778,219.25,7588.333333
10/27/2008,57.74166667,7563,14.30092593,220.7652152,18.20666667,41.94533333,,0.788,176.125,7796.25
10/28/2008,57.70833333,7435,14.28240741,218.1931017,16.16315789,51.70526316,,0.432631579,187.7083333,7705.416667
10/29/2008,57.7625,7380,14.3125,212.7185113,17.08,42.656,,0.2876,203.125,7512.083333
10/30/2008,57.9,7509,14.38888889,215.2788262,15.25,50.77411765,,0.937647059,55.29166667,7602.5
10/31/2008,58.025,7013,14.45833333,202.4772518,14.6275,87.789,,5.29875,60.16666667,7150.416667
11/1/2008,58.04583333,6693,14.46990741,190.6431697,14.5375,90.74375,,6.2385,24.125,6732.5
11/2/2008,57.875,5650,14.375,189.0503471,14.21707317,86.72,,4.555609756,86.91666667,6676.25
11/3/2008,57.65416667,6611,14.25231481,184.2010871,11.15945946,88.9772973,,3.253243243,21.70833333,6505
11/4/2008,57.51666667,6494,14.17592593,169.4055347,10.3,76.2537931,,3.876428571,152.4583333,5982.5
11/5/2008,57,5868,13.88888889,165.1934038,7.283333333,76.80416667,,1.994166667,61.04166667,5833.75
11/6/2008,56.8875,5638,13.82638889,160.4739294,11.75833333,68.38125,,2.150909091,164.4166667,5667.083333
11/7/2008,57.50833333,5436,14.1712963,152.1912517,13.62916667,71.27,,0.707083333,189.9583333,5374.583333
11/8/2008,57.65833333,5543,14.25462963,155.6482668,12.54166667,82.8575,,0.77125,87.95833333,5496.666667
11/9/2008,57.40416667,4768,14.11342593,151.8136938,12.18965517,75.21551724,,2.394482759,179.75,5361.25
11/10/2008,57.01666667,5377,13.89814815,145.3598125,10.4125,71.1,,0.900416667,100.4166667,5133.333333
11/11/2008,56.60416667,5096,13.66898148,147.3301931,10.51538462,81.60076923,,0.177692308,60.04166667,5202.916667
11/12/2008,56.69166667,4406,13.71759259,144.9822546,13.84583333,73.845,,1.05,125.2083333,5120
11/13/2008,57.02083333,4438,13.90046296,140.8645131,14.5875,77.67958333,,0.72875,162.125,4974.583333
11/14/2008,56.72916667,4658,13.73842593,130.6704483,20.375,33.52041667,,6.044166667,178.1666667,4614.583333
11/15/2008,56.5,4296,13.61111111,125.6796041,22.125,22.99708333,,3.602083333,176.4166667,4438.333333
11/16/2008,56.42083333,4157,13.56712963,121.4202784,14.52916667,63.095,,0.47125,174.7083333,4287.916667
11/17/2008,56.3,4223,13.5,117.3261344,13.32916667,69.64041667,,0,165.375,4143.333333
11/18/2008,56.2125,3903,13.45138889,116.0872723,12.825,72.31208333,,0.1925,162.0416667,4099.583333
11/19/2008,55.9,4346,13.27777778,112.1819072,11.34166667,73.97791667,,0.064166667,126.5416667,3961.666667
11/20/2008,55.60833333,4144,13.11574074,106.2943629,9.142857143,88.62238095,,0.930952381,72.41666667,3753.75
11/21/2008,55.5375,3966,13.07638889,105.2442798,12.95833333,52.4125,,3.354782609,162,3716.666667
11/22/2008,55.28333333,3471,12.93518519,104.2649889,8.658333333,72.69625,,0.3,120.125,3682.083333
11/23/2008,55.29583333,3336,12.94212963,102.5423807,9.166666667,73,,0.814583333,157.8333333,3621.25
11/24/2008,55.59583333,3365,13.1087963,103.3918861,9.570833333,70.24416667,,1.007083333,142.0833333,3651.25
11/25/2008,55.69166667,3475,13.16203704,106.7191156,11.49166667,71.83,,0.749583333,80.625,3768.75
11/26/2008,55.73333333,3298,13.18518519,104.4773652,12.09565217,70.3126087,,2.17,132.4166667,3689.583333
11/27/2008,55.67083333,3536,13.15046296,102.2946083,9.777419355,80.33032258,,0.497419355,133.75,3612.5
11/28/2008,55.50833333,3982,13.06018519,103.922827,8.128571429,79.16357143,,0.496071429,128.1666667,3670
11/29/2008,55.42083333,3717,13.01157407,102.0350372,17.952,34.3512,,4.1356,146.5833333,3603.333333
11/30/2008,55.20833333,3517,12.89351852,103.3446914,15.975,53.29583333,,2.207916667,147.2083333,3649.583333
12/1/2008,55.16666667,3426,12.87037037,105.2088838,7.386842105,85.27157895,,0.257368421,116.5416667,3715.416667
12/2/2008,55.09166667,3445,12.8287037,103.8166388,8.867391304,90.16543478,,0.659565217,102.7083333,3666.25
12/3/2008,54.84166667,4076,12.68981481,106.6247261,7.720588235,79.91911765,,1.496363636,66.625,3765.416667
12/4/2008,54.53333333,3668,12.51851852,109.0552554,1.964285714,88.23928571,,0.969714286,138.875,3851.25
12/5/2008,54.26666667,3931,12.37037037,104.7251376,13.2375,33.9125,,2.271666667,136.2916667,3698.333333
12/6/2008,54.10416667,3931,12.28009259,104.713339,6.858333333,66.42333333,,0.256666667,137.25,3697.916667
12/7/2008,54.00833333,3722,12.22685185,104.7723324,4.8,87.02484848,,0.779090909,87.125,3700
12/8/2008,53.9125,3412,12.17361111,105.5274483,5.323809524,88.66071429,,1.493809524,101.4583333,3726.666667
12/9/2008,53.3625,4337,11.86805556,104.6189495,12.55416667,28.63416667,,3.816666667,134.2083333,3694.583333
12/10/2008,53.22083333,4363,11.78935185,104.7723324,7.379166667,65.20083333,,0.793333333,134.2083333,3700
12/11/2008,53.10416667,3524,11.72453704,105.6218378,7.141666667,66.49625,,0.15,121.9166667,3730
12/12/2008,53.1625,3726,11.75694444,104.8667219,6.479166667,75.87833333,,1.17875,67.95833333,3703.333333
12/13/2008,52.99166667,3523,11.66203704,104.9729101,8.066666667,49.95208333,,2.98,122.875,3707.083333
12/14/2008,52.55833333,3670,11.4212963,104.6661442,2.759259259,73.49222222,,2.02,31.54166667,3696.25
12/15/2008,52.15833333,3782,11.19907407,104.6661442,1.888571429,93.30657143,,1.424857143,36.58333333,3696.25
12/16/2008,51.85416667,3812,11.03009259,104.5835534,1.198,90.2114,,1.8518,127.8333333,3693.333333
12/17/2008,51.55416667,3799,10.86342593,104.6307482,3.033333333,52.53333333,,3.451666667,140.9166667,3695
12/18/2008,51.37083333,4470,10.76157407,104.8313258,0.061538462,77.50692308,,1.958461538,45.29166667,3702.083333
12/19/2008,51.25416667,3667,10.69675926,105.8932076,5.955555556,75.89592593,,5.202962963,131.2916667,3739.583333
12/20/2008,51.09166667,3287,10.60648148,105.5864417,2.3125,71.16833333,,0.3425,104.1666667,3728.75
12/21/2008,50.92916667,3653,10.5162037,105.3268706,5.202941176,83.05058824,,0.71,19.66666667,3719.583333
12/22/2008,50.83333333,3828,10.46296296,104.8077284,3.291139241,94.73822785,,1.562405063,68.91666667,3701.25
12/23/2008,50.725,3681,10.40277778,105.1144943,1.453703704,88.67851852,,0.571481481,59.66666667,3712.083333
12/24/2008,50.4375,3618,10.24305556,106.3887524,3.957894737,88.96526316,,1.231578947,28.125,3757.083333
12/25/2008,50.15416667,3310,10.08564815,107.8871855,5.194736842,83.57315789,,2.057894737,110.7083333,3810
12/26/2008,49.85,4029,9.916666667,106.5421353,1.870833333,74.06083333,,0.557083333,129.0833333,3762.5
12/27/2008,49.56666667,3905,9.759259259,105.0555009,5.095833333,71.9275,,0.385416667,51.29166667,3710
12/28/2008,49.38333333,3716,9.657407407,104.937514,4.563461538,91.80576923,,0.969038462,18,3705.833333
12/29/2008,49.4,3584,9.666666667,104.9493127,6.10212766,94.62,,0.459148936,19.54166667,3706.25
12/30/2008,49.04583333,4014,9.469907407,104.8077284,5.542857143,89.58816327,,1.069591837,132.8333333,3701.25
12/31/2008,48.95,4065,9.416666667,100.5484028,5.309677419,84.88129032,,0.58,133.8333333,3550.833333
1/1/2009,48.71666667,3558,9.287037037,96.11209681,4.591176471,93.53676471,,0.846764706,35.2173913,3394.166667
1/2/2009,48.625,3311,9.236111111,93.97653463,4.933333333,92.71106061,,2.923181818,50.75,3318.75
1/3/2009,48.32916667,3196,9.071759259,92.67867916,4.811538462,66.27115385,,3.422692308,132.5416667,3272.916667
1/4/2009,47.925,3145,8.847222222,91.01506442,5.1375,41.92458333,,2.659166667,95.79166667,3214.166667
1/5/2009,47.6125,3185,8.673611111,92.41910806,4.481481481,74.57259259,,0.628888889,32.41666667,3263.75
1/6/2009,47.6625,3118,8.701388889,92.5606923,6.588888889,80.38481481,,0.304444444,119.9166667,3268.75
1/7/2009,47.85416667,3350,8.80787037,92.46630281,7.178125,84.5709375,,0.4015625,112.1666667,3265.416667
1/8/2009,47.95416667,3242,8.863425926,91.84097245,6.808571429,90.92542857,,1.998285714,80.70833333,3243.333333
1/9/2009,48.09166667,3570,8.939814815,91.91176456,9.295833333,51.33041667,,6.0025,151.3333333,3245.833333
1/10/2009,47.97083333,3391,8.872685185,92.26572515,13.77916667,20.86791667,,3.75125,149.75,3258.333333
1/11/2009,47.73333333,3163,8.740740741,92.06514748,10.54166667,45.37416667,,3.00125,142.4583333,3251.25
1/12/2009,47.8,3143,8.777777778,92.2185304,18.2625,36.14208333,,6.5375,146.7916667,3256.666667
1/13/2009,47.55416667,3098,8.641203704,92.41910806,18.9875,31.2475,,4.202083333,152,3263.75
1/14/2009,47.3625,2898,8.534722222,92.50169887,14.1125,38.95708333,,2.250833333,150.2916667,3266.666667
1/15/2009,47.24166667,3261,8.467592593,92.34831595,16.13333333,26.63583333,,3.537916667,164.625,3261.25
1/16/2009,47.1875,3123,8.4375,92.39551069,13.16666667,39.70375,,2.079583333,164.5416667,3262.916667
1/17/2009,47.01666667,3209,8.342592593,91.91176456,10.02083333,51.39916667,,0.814166667,166.3333333,3245.833333
1/18/2009,47.01666667,3187,8.342592593,92.14773828,7.936,60.2584,,1.146363636,165.6666667,3254.166667
1/19/2009,46.85,3232,8.25,91.72298559,9.558333333,52.92583333,,0.707083333,169.3333333,3239.166667
1/20/2009,46.5375,3424,8.076388889,92.37191332,8.729166667,55.99833333,,0.6425,167,3262.083333
1/21/2009,46.47916667,3319,8.043981481,92.57249098,9.395833333,59.04458333,,0.814166667,71.33333333,3269.166667
1/22/2009,46.51666667,3761,8.064814815,92.46630281,9.911904762,89.14095238,,0.48952381,30.79166667,3265.416667
1/23/2009,47.27083333,3471,8.483796296,92.44270544,9.507272727,93.16509091,,0.495454545,105.25,3264.583333
1/24/2009,48.3625,3621,9.090277778,91.51060924,11.39565217,90.07043478,,1.375217391,35.08333333,3231.666667
1/25/2009,48.77916667,3657,9.321759259,91.2864342,9.044444444,79.07805556,,1.713888889,115.2916667,3223.75
1/26/2009,48.59583333,3645,9.219907407,91.23923946,5.495833333,70.75458333,,2.44375,167.5,3222.083333
1/27/2009,48.2125,2972,9.006944444,92.53709493,6.954166667,31.7,,4.051666667,160.8333333,3267.916667
1/28/2009,47.94583333,3036,8.858796296,93.4927885,6.204166667,58.60041667,,1.650833333,180.7083333,3301.666667
1/29/2009,47.9625,2816,8.868055556,93.03263974,14.16666667,33.35,,5.144166667,183.625,3285.416667
1/30/2009,48.2125,3163,9.006944444,93.29221083,13.32916667,41.945,,1.629583333,189.6666667,3294.583333
1/31/2009,48.41666667,3332,9.12037037,93.48098981,10.24583333,62.40583333,,1.264166667,192.8333333,3301.25
2/1/2009,48.575,3354,9.208333333,93.64617142,15.63333333,19.03875,,4.394166667,194.625,3307.083333
2/2/2009,48.50416667,3433,9.168981481,93.37480164,11.28333333,45.40666667,,0.964583333,194.5416667,3297.5
2/3/2009,48.46666667,3196,9.148148148,93.25681478,9.358333333,61.0425,,0,196.1666667,3293.333333
2/4/2009,48.5,3219,9.166666667,93.50458718,9.733333333,64.05208333,,0.427916667,143.4583333,3302.083333
2/5/2009,48.29166667,3243,9.050925926,93.63437273,8.967857143,78.40428571,,3.858214286,63.79166667,3306.666667
2/6/2009,47.98333333,3289,8.87962963,93.94113857,10.35106383,83.10659574,,4.005319149,96.20833333,3317.5
2/7/2009,47.82083333,2913,8.789351852,93.92933988,12.25416667,56.43041667,,5.743333333,204.6666667,3317.083333
2/8/2009,47.45416667,3045,8.585648148,93.94113857,10.27307692,56.59846154,,4.471538462,92.83333333,3317.5
2/9/2009,47.26666667,3529,8.481481481,93.70516485,5.429268293,81.8404878,,1.73097561,188.5416667,3309.166667
2/10/2009,47.25,3638,8.472222222,93.89394382,3.008,69.9068,,1.0076,75.70833333,3315.833333
2/11/2009,47.0875,3405,8.381944444,94.97942294,3.533333333,90.111875,,3.192916667,33.29166667,3354.166667
2/12/2009,46.87083333,3224,8.261574074,93.25681478,4.684090909,89.35545455,,1.157272727,86.16666667,3293.333333
2/13/2009,46.6125,3001,8.118055556,95.47496776,5.886666667,81.226,,6.687666667,66.91666667,3371.666667
2/14/2009,46.3625,3223,7.979166667,96.44246002,5.527906977,85.85209302,,5.928095238,24.125,3405.833333
2/15/2009,46.24583333,3241,7.914351852,102.0940307,6.694285714,89.47342857,,5.409142857,31.04166667,3605.416667
2/16/2009,45.9,3498,7.722222222,103.8048401,5.325581395,93.84209302,,2.943488372,41.25,3665.833333
2/17/2009,45.74166667,3077,7.634259259,101.3153174,5.3175,94.32125,,2.392,44.70833333,3577.916667
2/18/2009,46.0625,2986,7.8125,98.1532695,6.744262295,95.22131148,,1.728688525,123.875,3466.25
2/19/2009,46.3625,3488,7.979166667,96.01770732,7.891666667,74.33583333,,0.706666667,189.125,3390.833333
2/20/2009,46.71666667,2848,8.175925926,95.2743901,9.895833333,62.15291667,,1.393333333,234.0416667,3364.583333
2/21/2009,46.71666667,2954,8.175925926,94.61366368,9.879166667,61.23333333,,0.92125,203.5416667,3341.25
2/22/2009,47.0375,3650,8.354166667,101.6102845,10.82432432,85.28486486,,4.936486486,29.70833333,3588.333333
2/23/2009,47.17083333,4121,8.428240741,105.0555009,12.95454545,88.62333333,,10.05515152,92.33333333,3710
2/24/2009,46.97916667,3165,8.321759259,106.9314919,12.30967742,79.57774194,,6.040322581,217.2916667,3776.25
2/25/2009,46.99166667,3037,8.328703704,99.21515125,10.10769231,77.35307692,,2.551538462,98.79166667,3503.75
2/26/2009,46.86666667,3639,8.259259259,96.72562848,11.22380952,83.12238095,,4.167,210.9166667,3415.833333
2/27/2009,46.95,2960,8.305555556,96.19468761,8.904166667,63.23666667,,1.139565217,231.5,3397.083333
2/28/2009,47.26666667,3260,8.481481481,95.61655199,9.7625,64.76458333,,1.114166667,155.5833333,3376.666667
3/1/2009,47.34583333,3424,8.525462963,99.69889738,11.33333333,85.878,,2.177333333,26.54166667,3520.833333
3/2/2009,47.52916667,2889,8.627314815,105.0201048,12.65111111,86.93066667,,7.899333333,74.45833333,3708.75
3/3/2009,47.77916667,3174,8.766203704,99.56911183,10.17142857,75.0875,,8.248571429,208.4166667,3516.25
3/4/2009,47.62916667,2979,8.68287037,97.84650366,7.382051282,77.87974359,,3.244615385,174.9565217,3455.416667
3/5/2009,47.575,3349,8.652777778,96.60764162,4.597142857,84.25028571,,0.838,208,3411.666667
3/6/2009,47.32916667,3524,8.516203704,96.51325213,7.2625,69.74125,,0.706666667,240.1666667,3408.333333
3/7/2009,47.24583333,3350,8.469907407,96.11209681,9.4625,56.25208333,,1.993333333,282.25,3394.166667
3/8/2009,47.4,2896,8.555555556,96.28959009,9.3375,62.95791667,,1.178333333,287.125,3400.434783
3/9/2009,46.97916667,3107,8.321759259,96.58404425,7.658333333,37.73666667,,2.829583333,297.0833333,3410.833333
3/10/2009,47.275,3099,8.486111111,96.21828498,7.116666667,44.46541667,,2.14375,285.6666667,3397.916667
3/11/2009,47.64166667,2455,8.689814815,96.73742717,8.708333333,49.31083333,,0.877916667,294.2916667,3416.25
3/12/2009,48.025,3371,8.902777778,96.10029812,10.85416667,49.17666667,,1.543333333,305.125,3393.75
3/13/2009,47.9125,3419,8.840277778,96.46605739,12.64583333,41.69958333,,1.543333333,307.5833333,3406.666667
3/14/2009,47.97083333,3305,8.872685185,96.85541403,9.420689655,68.66034483,,2.205357143,225.9166667,3420.416667
3/15/2009,48.1,3479,8.944444444,96.7964206,10.69032258,72.66709677,,7.235483871,73.16666667,3418.333333
3/16/2009,48.12083333,3651,8.956018519,103.8756322,12.99310345,76.18517241,,12.31068966,135.6666667,3668.333333
3/17/2009,48.0875,3613,8.9375,104.0408139,12.37916667,74.78625,,1.971666667,248.0416667,3674.166667
3/18/2009,48.24166667,3464,9.023148148,99.62810526,13.66153846,60.36153846,,1.919230769,303,3518.333333
3/19/2009,48.44166667,3165,9.134259259,98.69600906,15.44166667,54.47125,,0.985,299.625,3485.416667
3/20/2009,48.46666667,3000,9.148148148,97.87010103,15.6,56.11708333,,1.274347826,313.1666667,3456.25
3/21/2009,48.44166667,3116,9.134259259,97.89369841,13.99090909,63.595,,3.016363636,160.6666667,3457.083333
3/22/2009,48.75416667,3101,9.30787037,97.29196542,10.22222222,63.66481481,,5.353703704,272.5416667,3435.833333
3/23/2009,48.45833333,3117,9.143518519,97.62232863,7.7625,43.62625,,2.80875,319.625,3447.5
3/24/2009,48.3625,3181,9.090277778,96.97340089,12.525,44.44125,,2.379583333,314.2083333,3424.583333
3/25/2009,48.47916667,3415,9.155092593,96.96160221,15.1625,42.14666667,,1.47875,265.4583333,3424.166667
3/26/2009,48.61666667,3411,9.231481481,96.97340089,14.63478261,56.51043478,,2.862173913,321.2916667,3424.583333
3/27/2009,48.9625,3516,9.423611111,96.86721272,18.73043478,37.05217391,,5.323913043,320.2916667,3420.833333
3/28/2009,48.9625,3003,9.423611111,96.26547973,19.60869565,35.56347826,,3.42173913,334.5833333,3399.583333
3/29/2009,49.26666667,2919,9.592592593,96.44246002,14.37083333,27.32166667,,5.552083333,336.5,3405.833333
3/30/2009,48.97916667,3164,9.43287037,97.46894571,12.10416667,26.10166667,,5.315833333,345.2083333,3442.083333
3/31/2009,48.46666667,3202,9.148148148,97.99988658,16.26666667,29.88375,,2.29375,312.7916667,3460.833333
4/1/2009,48.59583333,4420,9.219907407,136.6759796,17.52727273,32.70909091,,3.205454545,349.5833333,4826.666667
4/2/2009,48.85,4953,9.361111111,134.1510607,14.65833333,51.90916667,,1.65,347.8333333,4737.5
4/3/2009,48.56666667,5340,9.203703704,129.4905797,12.2875,31.84541667,,5.230833333,370.9166667,4572.916667
4/4/2009,48.29166667,4646,9.050925926,129.7737482,11.61666667,27.7975,,3.880833333,379.2083333,4582.916667
4/5/2009,48.10416667,4553,8.946759259,129.9153324,11.82272727,42.30590909,,1.309545455,372.7083333,4587.916667
4/6/2009,48.49166667,4426,9.162037037,130.7884352,14.92083333,41.08291667,,0.685833333,374.4583333,4618.75
4/7/2009,48.45833333,4248,9.143518519,136.3928111,14.932,44.202,,3.1064,214.9583333,4816.666667
4/8/2009,48.275,5315,9.041666667,157.3472776,11.45555556,72.38055556,,4.943888889,184.4166667,5556.666667
4/9/2009,47.95416667,5790,8.863425926,157.7602316,11.18461538,82.09846154,,4.352307692,113.25,5571.25
4/10/2009,47.8625,5343,8.8125,160.82789,10.05185185,79.46111111,,1.352962963,296.7083333,5679.583333
4/11/2009,48.24166667,5450,9.023148148,161.8897717,12.01666667,63.22958333,,1.499166667,375.2083333,5717.083333
4/12/2009,48.775,5327,9.319444444,160.2025596,14.71666667,58.12541667,,1.543333333,345.9166667,5657.5
4/13/2009,49.19583333,5902,9.553240741,162.0785507,16.25416667,53.22208333,,0.942916667,364.9583333,5723.75
4/14/2009,48.63333333,5695,9.240740741,161.3588308,11.7625,27.8875,,5.72375,387.6666667,5698.333333
4/15/2009,48.33333333,4943,9.074074074,162.8808613,9.232,41.5228,,3.3536,389.4166667,5752.083333
4/16/2009,48.62083333,5578,9.233796296,161.8897717,12.62916667,37.50416667,,2.44375,380.2083333,5717.083333
4/17/2009,48.84583333,6134,9.358796296,174.7385408,15.5625,46.01375,,0.964166667,376.25,6170.833333
4/18/2009,48.92083333,6246,9.400462963,188.9559576,22.00833333,30.91583333,,3.279166667,392.75,6672.916667
4/19/2009,49.03333333,6666,9.462962963,189.1447365,21.58333333,41.18458333,,0.921666667,398.7083333,6679.583333
4/20/2009,49.21666667,6622,9.564814815,187.9884653,23.0625,43.58875,,1.242916667,401.75,6638.75
4/21/2009,49.20416667,7148,9.55787037,188.000264,24.07083333,41.99958333,,0.96375,388.0833333,6639.166667
4/22/2009,49.28333333,6398,9.601851852,194.4895413,23.5625,47.59583333,,1.865,383.125,6868.333333
4/23/2009,49.6,6584,9.777777778,201.792928,21.15416667,35.57416667,,4.307916667,329.6666667,7126.25
4/24/2009,49.45416667,7418,9.696759259,208.8367436,15.1375,40.73833333,,3.407916667,296.9166667,7375
4/25/2009,48.7,7519,9.277777778,215.4204104,12.775,55.67916667,,1.264583333,403.2916667,7607.5
4/26/2009,49.07916667,8248,9.488425926,221.1073771,15.39583333,40.8525,,2.550416667,409.875,7808.333333
4/27/2009,48.88333333,8080,9.37962963,230.2041641,14.19583333,50.09291667,,2.700416667,398.4583333,8129.583333
4/28/2009,48.625,8227,9.236111111,234.5460806,11.03076923,57.94807692,,3.699230769,195.5,8282.916667
4/29/2009,48.40833333,8525,9.115740741,246.3801627,12.80416667,52.21208333,,1.73625,363.375,8700.833333
4/30/2009,48.7375,8585,9.298611111,251.1468319,13.65833333,51.24125,,1.285416667,322.0833333,8869.166667
5/1/2009,48.79166667,9217,9.328703704,259.4413082,14.05555556,64.17259259,,1.790740741,115.0833333,9162.083333
5/2/2009,48.6375,9213,9.243055556,261.4588835,12.77804878,90.49219512,,5.143902439,75.25,9233.333333
5/3/2009,49.175,9221,9.541666667,261.4470848,14.74411765,78.85823529,,7.549411765,278,9232.916667
5/4/2009,49.76666667,9316,9.87037037,265.5412289,13.03666667,85.68766667,,1.835,109.4583333,9377.5
5/5/2009,49.88333333,9362,9.935185185,268.5262965,15.87058824,80.67147059,,6.400882353,127.8333333,9482.916667
5/6/2009,50.68333333,8160,10.37962963,245.1413007,16.55666667,71.05533333,,3.685666667,214.75,8657.083333
5/7/2009,50.06666667,7104,10.03703704,220.9775916,18.05833333,48.95416667,,2.657916667,437.8333333,7803.75
5/8/2009,49.94166667,7607,9.967592593,216.4232988,20.2375,27.49791667,,4.779583333,443,7642.916667
5/9/2009,49.98333333,7636,9.990740741,214.759684,22.05416667,25.46875,,2.615833333,442.625,7584.166667
5/10/2009,50.0875,7113,10.04861111,213.709601,22.77916667,26.06708333,,2.4225,412.8333333,7547.083333
5/11/2009,50.00833333,7597,10.00462963,218.4172767,21.59583333,36.47458333,,1.32875,439.5416667,7713.333333
5/12/2009,49.8375,7889,9.909722222,218.2874912,18.71666667,25.05791667,,1.5425,440.0833333,7708.75
5/13/2009,50.0375,7796,10.02083333,217.8391411,19.7375,26.70375,,2.442916667,380.375,7692.916667
5/14/2009,50.07083333,8466,10.03935185,239.4425353,20.87916667,42.17375,,1.56375,403.0833333,8455.833333
5/15/2009,50.41666667,9115,10.23148148,251.5597859,24.14583333,36.945,,3.750416667,444.75,8883.75
5/16/2009,50.25416667,9137,10.1412037,258.6861923,27.95833333,23.6325,,3.065416667,448,9135.416667
5/17/2009,50.18333333,9134,10.10185185,255.8073129,27.40384615,37.54884615,,0.81,449.125,9033.75
5/18/2009,50.1625,9052,10.09027778,252.9756282,27.40416667,42.08125,,1.843333333,423,8933.75
5/19/2009,50.30416667,9138,10.16898148,250.391716,24.58333333,34.97541667,,2.1425,445.25,8842.5
5/20/2009,50.26666667,9612,10.14814815,254.9342101,22.70434783,24.27086957,,3.10875,434.5833333,9002.916667
5/21/2009,50.40416667,9190,10.22453704,256.3736498,21.1125,35.68583333,,0.899583333,463.4583333,9053.75
5/22/2009,50.34583333,8940,10.19212963,256.0196892,23.65416667,34.44833333,,1.22125,450.5416667,9041.25
5/23/2009,50.32916667,9270,10.18287037,252.008136,23.2125,40.68,,1.715,422.3333333,8899.583333
5/24/2009,50.475,9116,10.26388889,251.7249675,22.27916667,49.67666667,,1.757083333,440.4166667,8889.583333
5/25/2009,50.675,9216,10.375,250.3327226,23.2125,45.64875,,1.692916667,448.9583333,8840.416667
5/26/2009,50.84166667,9175,10.46759259,251.1114358,27.0875,30.26208333,,3.2575,448.5833333,8867.916667
5/27/2009,50.80416667,9670,10.44675926,255.4297549,29.49166667,22.24375,,2.979166667,453.7083333,9020.416667
5/28/2009,50.7375,8895,10.40972222,258.7805818,28.83333333,35.22125,,1.821666667,442.2916667,9138.75
5/29/2009,50.74166667,8561,10.41203704,257.872083,28.0125,35.76708333,,1.071666667,436.125,9106.666667
5/30/2009,50.95,8645,10.52777778,257.0933697,27.29583333,41.73458333,,2.422083333,448.1666667,9079.166667
5/31/2009,51.075,8390,10.59722222,261.4470848,25.93333333,45.85375,,2.529166667,431.8333333,9232.916667
6/1/2009,50.91666667,8900,10.50925926,265.5058329,23.6,52.63347826,,1.632608696,324.1666667,9376.25
6/2/2009,50.7125,9836,10.39583333,263.4764589,23.70769231,49.38730769,,2.156923077,376.5833333,9304.583333
6/3/2009,50.9875,9653,10.54861111,267.8419727,23.55833333,51.04708333,,3.429583333,439.0833333,9458.75
6/4/2009,51.25416667,10505,10.69675926,274.1306724,19.859375,68.7590625,,3.2146875,388.0416667,9680.833333
6/5/2009,50.75833333,10425,10.4212963,277.339915,16.33611111,81.02194444,,2.843611111,141.1666667,9794.166667
6/6/2009,50.3625,10072,10.20138889,279.0625232,16.924,80.3348,,1.0692,204.6666667,9855
6/7/2009,51.01666667,9874,10.56481481,281.776221,21.375,51.03833333,,2.229166667,429.6666667,9950.833333
6/8/2009,51.22916667,10038,10.68287037,278.5315823,21.84166667,54.74416667,,1.563333333,453.8333333,9836.25
6/9/2009,51.275,9966,10.70833333,281.9767986,21.25416667,54.07083333,,2.83,411.4583333,9957.916667
6/10/2009,51.34583333,10173,10.74768519,282.0829868,19.12121212,70.24242424,,2.089393939,342.1666667,9961.666667
6/11/2009,51.1375,10322,10.63194444,281.3042735,18.63793103,72.85965517,,2.128965517,301.75,9934.166667
6/12/2009,51.15,10313,10.63888889,280.5019629,19.60416667,68.49625,,1.500833333,379.3333333,9905.833333
6/13/2009,51.47916667,10489,10.82175926,284.4545227,19.13333333,71.671,,2.109,410.2083333,10045.41667
6/14/2009,51.62916667,11016,10.90509259,296.5245786,20.7375,56.85666667,,2.014166667,450.7083333,10471.66667
6/15/2009,51.65416667,10746,10.91898148,300.4299437,21.36666667,51.14791667,,1.7575,447.2916667,10609.58333
6/16/2009,51.85416667,10575,11.03009259,294.4952046,23.60416667,43.885,,1.671666667,398.5833333,10400
6/17/2009,51.95,10342,11.08333333,285.5518005,25.9,42.85916667,,2.443333333,433.125,10084.16667
6/18/2009,51.90416667,10490,11.05787037,294.141244,27.15,37.51,,3.044166667,469.75,10387.5
6/19/2009,52.15,10981,11.19444444,301.2204556,27.35,35.54458333,,1.73625,438.5416667,10637.5
6/20/2009,52.01666667,11100,11.12037037,295.9110469,24.848,36.058,,4.3636,420.0416667,10450
6/21/2009,51.94583333,10736,11.08101852,298.2707841,20.47307692,41.85115385,,4.016538462,417,10533.33333
6/22/2009,52.2875,11355,11.27083333,304.4061009,23.5625,26.69791667,,4.865416667,453.5909091,10750
6/23/2009,52.425,11522,11.34722222,311.7212862,28.6375,20.47083333,,3.472916667,478.7083333,11008.33333
6/24/2009,52.32083333,11575,11.28935185,323.5199723,27.55,29.37958333,,1.45625,472.7916667,11425
6/25/2009,52.625,12050,11.45833333,331.425092,28.32083333,33.40166667,,1.927916667,464.25,11704.16667
6/26/2009,52.83333333,12451,11.57407407,343.9316992,27.92916667,36.28,,2.057083333,459.8333333,12145.83333
6/27/2009,52.82083333,12601,11.56712963,337.4424219,31.26666667,22.79625,,2.957083333,467.9166667,11916.66667
6/28/2009,52.86666667,12302,11.59259259,336.8524876,32.20416667,27.3025,,1.47875,467.4166667,11895.83333
6/29/2009,53.01666667,12342,11.67592593,337.7963825,32.2375,26.93458333,,2.786666667,465,11929.16667
6/30/2009,53.22083333,12109,11.78935185,345.4655284,30.48333333,27.95791667,,2.165,469.5,12200
7/1/2009,53.32916667,13075,11.84953704,354.0785693,28.52916667,30.77375,,1.735833333,443.125,12504.16667
7/2/2009,53.42083333,13130,11.90046296,354.1965561,29.92916667,34.47416667,,1.73625,458.375,12508.33333
7/3/2009,53.61666667,12832,12.00925926,348.2972131,28.91666667,40.4175,,2.25,456.6666667,12300
7/4/2009,53.80833333,12845,12.11574074,352.5447401,29.18333333,32.47083333,,2.271666667,454.5416667,12450
7/5/2009,54.03333333,13070,12.24074074,353.2526612,27.5375,38.39833333,,2.529166667,454.25,12475
7/6/2009,54.16666667,12886,12.31481481,355.140451,24.225,35.23916667,,3.494166667,464.6666667,12541.66667
7/7/2009,53.6125,13070,12.00694444,354.4325298,24.05416667,30.81666667,,2.014166667,459.2083333,12516.66667
7/8/2009,53.44583333,13013,11.91435185,353.9605824,25.39583333,21.99458333,,2.98,449.625,12500
7/9/2009,53.45833333,13196,11.9212963,355.6123985,25.02916667,29.73041667,,1.607916667,417.5833333,12558.33333
7/10/2009,53.68333333,12853,12.0462963,355.3764247,24.27083333,33.86875,,1.757083333,456.2083333,12550
7/11/2009,53.87083333,12984,12.15046296,363.2815444,25.35416667,26.0725,,2.2075,458.625,12829.16667
7/12/2009,54.03333333,12994,12.24074074,356.5562933,24.87083333,30.855,,2.464166667,460.25,12591.66667
7/13/2009,53.9875,13098,12.21527778,357.1462276,26.4625,22.23208333,,4.309166667,492.3181818,12612.5
7/14/2009,53.43333333,13151,11.90740741,354.1965561,31.73333333,19.81541667,,4.117083333,457.25,12508.33333
7/15/2009,53.89166667,13057,12.16203704,350.4209766,30.5,26.07125,,1.864583333,424.7826087,12375
7/16/2009,53.5375,12655,11.96527778,354.9044773,30.62083333,29.39208333,,2.1,1166,12533.33333
7/17/2009,53.10416667,12318,11.72453704,355.966359,31.39583333,24.76625,,1.885833333,457.9583333,12570.83333
7/18/2009,53.12916667,13076,11.73842593,358.0901225,32.85,23.84916667,,1.329166667,448.5416667,12645.83333
7/19/2009,53.5125,12791,11.95138889,353.3706481,33.8625,23.65833333,,2.186666667,447.8333333,12479.16667
7/20/2009,53.02083333,12993,11.67824074,353.488635,32.6625,25.9675,,2.057916667,445.375,12483.33333
7/21/2009,52.22083333,13356,11.2337963,357.2642145,30.55833333,30.70666667,,1.906666667,440.375,12616.66667
7/22/2009,52.19583333,11821,11.21990741,365.287321,29.14166667,34.88375,,1.928333333,441.1666667,12900
7/23/2009,51.95833333,12910,11.08796296,353.488635,28.95416667,33.055,,2.12125,439.6666667,12483.33333
7/24/2009,52.20833333,13027,11.22685185,355.3764247,28.42916667,34.99,,1.843333333,441.5416667,12550
7/25/2009,52.275,12838,11.26388889,354.7864904,27.85833333,38.52333333,,1.43625,448.5,12529.16667
7/26/2009,52.29583333,13553,11.27546296,353.1346744,29.5125,29.5525,,1.199583333,445.25,12470.83333
7/27/2009,52.7125,12949,11.50694444,359.0340174,32.33333333,27.55333333,,2.014583333,438.8333333,12679.16667
7/28/2009,52.725,13236,11.51388889,364.1074524,34.16666667,31.32083333,,1.607083333,432.125,12858.33333
7/29/2009,52.69166667,13048,11.49537037,355.7303853,33.93333333,33.128,,3.223333333,645.8666667,12562.5
7/30/2009,52.67083333,13150,11.4837963,357.6181751,29.71666667,43.595,,2.573333333,403.5,12629.16667
7/31/2009,52.9875,12608,11.65972222,351.2468846,28.52083333,49.80208333,,1.992916667,389.875,12404.16667
8/1/2009,52.79166667,12747,11.55092593,346.8813708,29.00416667,43.36166667,,1.73625,411.4583333,12250
8/2/2009,53.075,12707,11.70833333,346.1734496,29.09583333,37.14541667,,2.807083333,406.5,12225
8/3/2009,53.07916667,12159,11.71064815,346.7633839,26.7125,41.135,,2.422083333,420.9583333,12245.83333
8/4/2009,53.05416667,12165,11.69675926,345.2295547,24.925,36.73208333,,2.52875,419.1666667,12191.66667
8/5/2009,53.10416667,11635,11.72453704,342.39787,25.1625,33.57458333,,3.1725,424.5833333,12091.66667
8/6/2009,53.05416667,12256,11.69675926,339.6841722,21.33076923,50.07269231,,3.641538462,205.25,11995.83333
8/7/2009,53.0875,11167,11.71527778,344.5216335,19.95833333,61.71416667,,1.243333333,374.2083333,12166.66667
8/8/2009,53.29583333,11771,11.83101852,334.2567766,24.4625,38.26791667,,2.4425,401.7083333,11804.16667
8/9/2009,53.53333333,11598,11.96296296,329.4193154,28.79583333,23.61916667,,2.529166667,399.6666667,11633.33333
8/10/2009,53.51666667,11138,11.9537037,327.2955519,29.9,22.76,,1.971666667,392.9166667,11558.33333
8/11/2009,53.775,10785,12.09722222,326.1156833,29.4,25.51083333,,1.843333333,393.0833333,11516.66667
8/12/2009,52.99166667,11283,11.66203704,321.0422482,28.02083333,34.72958333,,1.86375,405.125,11337.5
8/13/2009,51.97083333,11416,11.09490741,322.8120511,29.39583333,28.51333333,,1.928333333,400.0833333,11400
8/14/2009,52.49583333,10883,11.38657407,317.7386161,26.22916667,25.84708333,,2.487083333,399.8333333,11220.83333
8/15/2009,52.5125,10460,11.39583333,306.2938906,27.37916667,20.10541667,,3.344166667,405.1666667,10816.66667
8/16/2009,52.38333333,10751,11.32407407,304.9960352,27.32916667,21.58125,,1.992916667,405.75,10770.83333
8/17/2009,52.65,10715,11.47222222,300.6305213,29.14166667,24.91916667,,2.014583333,399.5833333,10616.66667
8/18/2009,52.96666667,10330,11.64814815,300.1585739,29.69583333,26.095,,0.857083333,394.4166667,10600
8/19/2009,52.9375,10251,11.63194444,299.0966921,30.4875,33.20375,,1.393333333,392.7916667,10562.5
8/20/2009,53.10833333,10458,11.72685185,296.7369549,28.42083333,42.36375,,2.18625,376.5833333,10479.16667
8/21/2009,53.24166667,9962,11.80092593,296.0290337,29.175,39.17708333,,1.435833333,383.0416667,10454.16667
8/22/2009,53.25,9746,11.80555556,286.9322468,30.90416667,31.7625,,2.635416667,386.4583333,10132.91667
8/23/2009,53.33333333,9749,11.85185185,288.8082379,26.99583333,32.87958333,,3.88,382.5,10199.16667
8/24/2009,53.4375,10126,11.90972222,282.2953632,24.62916667,35.94666667,,1.992916667,387.5416667,9969.166667
8/25/2009,53.75416667,9815,12.08564815,285.7169821,24.25833333,31.24125,,1.77875,388.875,10090
8/26/2009,53.69166667,9893,12.05092593,293.0439662,25.625,25.41333333,,2.485833333,383.75,10348.75
8/27/2009,53.86666667,8859,12.14814815,286.023748,25.99166667,23.86375,,1.585833333,386.6666667,10100.83333
8/28/2009,53.8,10536,12.11111111,271.5821562,26.675,24.545,,1.114166667,219.2083333,9590.833333
8/29/2009,53.54166667,9889,11.96759259,270.7916442,29.60416667,29.53166667,,1.864166667,345.4166667,9562.916667
8/30/2009,53.1875,9334,11.77083333,261.6476625,29.3875,27.34,,2.443333333,370.75,9240
8/31/2009,53.48333333,8628,11.93518519,258.8513739,24.82083333,32.09,,2.7,368.3333333,9141.25
9/1/2009,53.47083333,9461,11.92824074,262.0606165,23.66521739,36.59,,1.967826087,363.4583333,9254.583333
9/2/2009,53.27916667,8457,11.82175926,246.7105259,26.5625,33.00416667,,1.84375,340.7916667,8712.5
9/3/2009,52.48333333,7974,11.37962963,230.5581247,28.775,30.08375,,2.079583333,361.3333333,8142.083333
9/4/2009,52.73333333,7314,11.51851852,229.2956653,26.57083333,28.5475,,1.865,360,8097.5
9/5/2009,53.275,7865,11.81944444,231.3132406,22.60833333,37.7975,,2.635833333,324.6666667,8168.75
9/6/2009,53.3875,7641,11.88194444,229.6968206,22.44583333,36.06375,,1.864583333,348.6666667,8111.666667
9/7/2009,53.39166667,7834,11.88425926,237.8851087,22.6,31.76916667,,1.92875,359.875,8400.833333
9/8/2009,53.35416667,7959,11.86342593,229.5080416,23.74166667,22.93833333,,1.92875,358.7916667,8105
9/9/2009,53.58333333,7883,11.99074074,231.1126629,24.90416667,30.76833333,,1.779166667,337.1666667,8161.666667
9/10/2009,53.57916667,7803,11.98842593,238.4278483,26.55833333,29.66625,,1.092916667,337.7916667,8420
9/11/2009,53.61666667,7836,12.00925926,238.250868,27.42916667,27.35208333,,0.835416667,340.4583333,8413.75
9/12/2009,53.575,7890,11.98611111,233.9207502,28.72083333,26.40375,,1.73625,266.2083333,8260.833333
9/13/2009,53.53333333,7413,11.96296296,221.6737141,22.825,50.64625,,3.451666667,267.875,7828.333333
9/14/2009,53.71666667,6838,12.06481481,205.8752734,19.54193548,72.34322581,,2.744,224.1666667,7270.416667
9/15/2009,53.9875,6847,12.21527778,206.7601749,21.57083333,60.03916667,,1.050416667,331,7301.666667
9/16/2009,54.2,6774,12.33333333,208.6479646,23.5125,52.69583333,,1.11375,295.3043478,7368.333333
9/17/2009,54.27916667,6813,12.37731481,200.5068712,25.67083333,43.94458333,,1.945652174,323.375,7080.833333
9/18/2009,54.5,6459,12.5,190.1240275,28.32916667,27.865,,2.357916667,326,6714.166667
9/19/2009,54.625,6196,12.56944444,192.8377253,26.24166667,37.88083333,,2.035,304.0833333,6810
9/20/2009,55.0875,6294,12.82638889,196.7902851,26.87083333,36.98083333,,3.707916667,319.75,6949.583333
9/21/2009,55.09166667,6313,12.8287037,188.601997,30.69583333,10.36708333,,4.523333333,330.25,6660.416667
9/22/2009,54.825,6347,12.68055556,190.1358262,26.31666667,18.67666667,,1.285833333,325.3333333,6714.583333
9/23/2009,54.57916667,6070,12.54398148,195.2092612,26.79583333,21.87666667,,1.371666667,319.25,6893.75
9/24/2009,54.57916667,6252,12.54398148,188.2362377,25.99166667,29.385,,1.307083333,308.625,6647.5
9/25/2009,54.66666667,6108,12.59259259,178.4197309,25.30416667,36.32791667,,0.900416667,290.2083333,6300.833333
9/26/2009,54.7875,5915,12.65972222,177.251661,27.77916667,32.25,,0.964166667,302.8333333,6259.583333
9/27/2009,54.76666667,5942,12.64814815,177.0038886,27.95909091,20.92863636,,1.052727273,303.8333333,6250.833333
9/28/2009,54.6625,6325,12.59027778,177.8297966,23.86666667,35.00708333,,1.52125,245.875,6280
9/29/2009,54.84166667,5330,12.68981481,178.9624705,19.86666667,23.17166667,,3.194166667,279.2916667,6320
9/30/2009,54.69166667,5561,12.60648148,178.2191532,16.2375,33.72416667,,3.57875,298.75,6293.75
10/1/2009,54.44583333,5653,12.46990741,179.1748468,19.87083333,23.11833333,,4.35125,287,6327.5
10/2/2009,54.3125,5684,12.39583333,179.6231969,19.45,30.47041667,,1.22125,288.5833333,6343.333333
10/3/2009,54.4,5841,12.44444444,176.8033109,19.44166667,25.46666667,,4.308333333,279.6666667,6243.75
10/4/2009,54.275,6045,12.375,171.4231101,13.65833333,35.88958333,,2.07875,227.3333333,6053.75
10/5/2009,54.25,6092,12.36111111,170.4202217,15.2375,36.78666667,,2.807916667,267.6666667,6018.333333
10/6/2009,54.35416667,6146,12.41898148,176.7561162,18.57083333,24.75,,5.765833333,275.8333333,6242.083333
10/7/2009,54.5875,6004,12.54861111,176.6145319,19.23333333,27.68333333,,1.886666667,275.6666667,6237.083333
10/8/2009,54.87083333,5507,12.70601852,180.2839233,16.8625,36.20291667,,1.135833333,267.75,6366.666667
10/9/2009,55.01666667,5905,12.78703704,176.685324,17.27083333,41.85333333,,1.2,267.125,6239.583333
10/10/2009,55.18333333,5761,12.87962963,176.4729477,21.44583333,27.0325,,2.4,259.7083333,6232.083333
10/11/2009,55.075,6231,12.81944444,179.0804573,17.025,46.64708333,,1.3925,248.3333333,6324.166667
10/12/2009,55.08333333,5925,12.82407407,183.2453935,13.43461538,68.45730769,,1.107692308,65.875,6471.25
10/13/2009,54.62083333,6614,12.56712963,185.0033977,13.24418605,86.34,,9.03255814,22.625,6533.333333
10/14/2009,54.95416667,6535,12.75231481,183.0920106,16.75555556,82.47777778,,12.38944444,85.375,6465.833333
10/15/2009,55.3875,5354,12.99305556,181.7941551,16.08510638,91.17404255,,1.706382979,70.5,6420
10/16/2009,56.2375,5900,13.46527778,180.5670918,18.70384615,77.48346154,,1.364230769,231,6376.666667
10/17/2009,56.79166667,6470,13.77314815,173.5350749,19.55416667,72.40375,,0.857083333,207.2608696,6128.333333
10/18/2009,56.7125,5258,13.72916667,183.7763344,18.15,79.91,,0.942916667,90.66666667,6490
10/19/2009,56.42916667,6472,13.57175926,182.3722907,14.50512821,83.38179487,,3.772564103,64.66666667,6440.416667
10/20/2009,56.51666667,5804,13.62037037,177.8179979,12.61111111,79.54185185,,1.181111111,221.1666667,6279.583333
10/21/2009,56.40416667,5615,13.55787037,182.5728684,15.0125,74.05125,,0.749583333,217.9583333,6447.5
10/22/2009,56.87916667,5584,13.82175926,178.7854902,16.925,66.4925,,2.100416667,225.0416667,6313.75
10/23/2009,57.04583333,5682,13.91435185,178.4079322,21.40833333,39.86291667,,2.379166667,212.9583333,6300.416667
10/24/2009,57.3625,6033,14.09027778,171.5410969,18.15,62.51291667,,1.950833333,171.5,6057.916667
10/25/2009,56.8875,5763,13.82638889,170.0662612,19.62307692,35.53346154,,3.700769231,218.125,6005.833333
10/26/2009,56.95416667,5900,13.86342593,167.517745,18.7,45.37791667,,2.335416667,184.8333333,5915.833333
10/27/2009,57.19583333,5714,13.99768519,157.9018158,13.86666667,39.13833333,,4.222916667,218.6666667,5576.25
10/28/2009,56.77916667,6036,13.7662037,157.8074263,11.59583333,34.23083333,,3.3875,212.9166667,5572.916667
10/29/2009,56.82916667,5818,13.79398148,158.232179,12.7625,39.715,,1.99375,197.7916667,5587.916667
10/30/2009,56.96666667,5518,13.87037037,157.7012381,16.26666667,62.57083333,,1.371666667,205.9166667,5569.166667
10/31/2009,57.24166667,5461,14.02314815,157.9372119,14.05833333,72.31291667,,0.321666667,205.5,5577.5
11/1/2009,57.6125,5156,14.22916667,158.1377895,15.94166667,66.22625,,1.650416667,207.25,5584.583333
11/2/2009,57.64166667,5867,14.24537037,157.5596539,18.39583333,41.29125,,2.379166667,208.0833333,5564.166667
11/3/2009,57.66666667,5861,14.25925926,157.1113038,15.07916667,57.71666667,,0.664166667,201.4583333,5548.333333
11/4/2009,57.37083333,5727,14.09490741,158.6805291,13.8375,64.615,,0.943333333,192.5416667,5603.75
11/5/2009,57.41666667,5334,14.12037037,153.8076717,12.45675676,81.8172973,,0.972972973,71.29166667,5431.666667
11/6/2009,57.43333333,5417,14.12962963,154.6335798,14.18181818,83.59151515,,4.286969697,43.91666667,5460.833333
11/7/2009,57.425,5541,14.125,152.6631992,9.491428571,80.25971429,,0.661142857,171.7083333,5391.25
11/8/2009,57.30416667,5360,14.05787037,153.0879519,9.991666667,60.98,,1.73625,173.75,5406.25
11/9/2009,57.1125,5249,13.95138889,153.1705427,7.941666667,70.60625,,0.4925,62.91666667,5409.166667
11/10/2009,57.21666667,5219,14.00925926,153.1705427,10.66666667,74.48375,,1.32875,103.1666667,5409.166667
11/11/2009,57.20833333,5442,14.00462963,148.1325037,11.7625,79.045,,1.479166667,42.04166667,5231.25
11/12/2009,57.275,5019,14.04166667,143.04727,10.775,61.67083333,,1.457083333,162.0833333,5051.666667
11/13/2009,56.925,5166,13.84722222,148.6516459,9.445833333,53.04291667,,1.864166667,133.6666667,5249.583333
11/14/2009,56.8125,5068,13.78472222,141.3246619,10.4625,50.4675,,2.699583333,164.4583333,4990.833333
11/15/2009,56.55,4627,13.63888889,136.9119533,9.883333333,42.46,,2.229583333,204.2222222,4835
11/16/2009,56.35416667,4638,13.53009259,137.0299401,6.929166667,64.65458333,,0.428333333,153.375,4839.166667
11/17/2009,56.2,4832,13.44444444,130.2220983,6.1,77.6872,,0.514,64.04166667,4598.75
11/18/2009,56.12083333,4934,13.40046296,125.0424751,3.838983051,90.54898305,,0.975172414,155.2083333,4415.833333
11/19/2009,55.8375,4108,13.24305556,128.6646717,6.513043478,71.15652174,,0.960869565,159.125,4543.75
11/20/2009,55.6875,3813,13.15972222,124.8654948,6.115625,86.1928125,,2.0415625,25.25,4409.583333
11/21/2009,55.5375,3855,13.07638889,116.6418106,3.15625,93.30375,,0.409375,155.7083333,4119.166667
11/22/2009,55.65416667,3574,13.1412037,113.2319903,9.271428571,73.93892857,,1.506428571,121.375,3998.75
11/23/2009,55.65416667,3479,13.1412037,109.7277805,10.10833333,60.5725,,3.08625,159.7083333,3875
11/24/2009,55.7,3599,13.16666667,109.0670541,13.6125,47.91291667,,2.079583333,144.6956522,3851.666667
11/25/2009,55.51666667,4248,13.06481481,109.6451897,13.07916667,57.77416667,,1.521666667,159.1666667,3872.083333
11/26/2009,55.4125,3991,13.00694444,106.1645773,9.004166667,69.62083333,,0.45,110.625,3749.166667
11/27/2009,55.325,3728,12.95833333,103.4036848,10.36071429,80.22964286,,0.973571429,86.125,3651.666667
11/28/2009,54.84583333,3634,12.69212963,100.689987,12.11666667,31.39208333,,5.294583333,149.3333333,3555.833333
11/29/2009,54.56666667,3304,12.53703704,96.2890771,14.5375,24.15916667,,6.345833333,148.7916667,3400.416667
11/30/2009,54.37916667,3457,12.43287037,93.78775565,12.1,45.95,,1.69375,145.9583333,3312.083333
12/1/2009,54.30833333,3529,12.39351852,92.1359396,7.179166667,71.10791667,,0.32125,143.3333333,3253.75
12/2/2009,54.19166667,3360,12.3287037,92.79666602,6.204166667,69.92208333,,0.514166667,146.25,3277.083333
12/3/2009,53.99166667,3533,12.21759259,92.50169887,14.275,28.57208333,,4.630416667,151.375,3266.666667
12/4/2009,53.69166667,3320,12.05092593,93.98833331,6.566666667,57.90625,,0.72875,123.6666667,3319.166667
12/5/2009,53.35,3179,11.86111111,94.01193069,5.395833333,59.2375,,3.514583333,139.6666667,3320
12/6/2009,52.92916667,2923,11.62731481,94.29509915,2.291666667,46.82958333,,2.421666667,126.9583333,3330
12/7/2009,52.42916667,3305,11.34953704,93.89394382,2.9375,53.50291667,,3.9225,130.7916667,3315.833333
12/8/2009,51.99583333,3515,11.1087963,93.94113857,0.304166667,46.67708333,,1.967391304,133.25,3317.5
12/9/2009,51.75416667,3439,10.97453704,94.5900663,-1.620833333,63.71416667,,0.47125,135.8333333,3340.416667
12/10/2009,51.45,3175,10.80555556,95.00302032,-0.995833333,59.99583333,,0.45,102.4583333,3355
12/11/2009,51.3875,3102,10.77083333,93.22141872,4.088888889,70.45407407,,0.685185185,36.125,3292.083333
12/12/2009,51.25416667,3030,10.69675926,92.20673172,5.223728814,94.84322034,,0.740677966,18.70833333,3256.25
12/13/2009,51.375,3271,10.76388889,91.94716062,7.32745098,92.6272549,,1.2,77.33333333,3247.083333
12/14/2009,51.50833333,3358,10.83796296,93.09163317,7.475675676,93.57918919,,0.313888889,42.79166667,3287.5
12/15/2009,51.58333333,3666,10.87962963,94.48387813,8.720512821,93.79435897,,1.635641026,14.91666667,3336.666667
12/16/2009,51.375,3705,10.76388889,96.14749287,8.83220339,95.75016949,,1.281355932,18.41666667,3395.416667
12/17/2009,51.1,3238,10.61111111,91.91176456,9.186842105,92.15289474,,0.865789474,76.33333333,3245.833333
12/18/2009,50.94166667,2781,10.52314815,93.5753793,8.654545455,87.44590909,,0.654318182,120.2083333,3304.583333
12/19/2009,50.81666667,2503,10.4537037,94.69625448,7.520512821,92.25717949,,1.318461538,26.875,3344.166667
12/20/2009,50.74583333,3411,10.41435185,93.87034645,6.613461538,96.26057692,,0.919615385,16.625,3315
12/21/2009,50.62083333,3453,10.34490741,91.82917376,7.658666667,97.06626667,,0.321866667,11.95833333,3242.916667
12/22/2009,50.175,3403,10.09722222,91.23923946,6.662068966,66.89655172,,2.163103448,125.0833333,3222.083333
12/23/2009,49.7125,3356,9.840277778,90.96786968,8.245833333,38.78666667,,4.973333333,134.7083333,3212.5
12/24/2009,49.4875,3618,9.715277778,89.83519581,12.52916667,28.68583333,,5.250416667,122.1666667,3172.5
12/25/2009,49.32916667,3397,9.627314815,90.6964999,8.775,51.97916667,,1.47875,133.9583333,3202.916667
12/26/2009,49.32083333,3462,9.622685185,91.19204471,4.375,78.54208333,,0.6425,72.33333333,3220.416667
12/27/2009,49.46666667,3257,9.703703704,93.4927885,5.92972973,90.24891892,,1,20.33333333,3301.666667
12/28/2009,49.375,3241,9.652777778,94.1653136,5.369230769,90.025,,0.672307692,45.125,3325.416667
12/29/2009,49.10416667,3273,9.502314815,94.81424134,1.8,89.8852,,0.6788,33.33333333,3348.333333
12/30/2009,48.95416667,3157,9.418981481,93.26861346,5.453846154,91.65358974,,0.751025641,47.79166667,3293.75
12/31/2009,48.8375,3120,9.354166667,92.91465288,6.075,90.71892857,,0.293571429,24.58333333,3281.25
1/1/2010,48.8375,3398,9.354166667,95.03841637,7.828301887,94.21056604,,1.067169811,14.20833333,3356.25
1/2/2010,48.825,3275,9.347222222,92.93825025,8.781132075,90.43886792,,1.076792453,86.83333333,3282.083333
1/3/2010,48.7875,3030,9.326388889,91.88816719,7.275,83.48208333,,1.56375,114.25,3245
1/4/2010,48.71666667,3222,9.287037037,91.82917376,2.919607843,92.59686275,,0.272156863,107.5833333,3242.916667
1/5/2010,48.75,3335,9.305555556,90.14196165,7.420833333,80.8,,0.128333333,108.4166667,3183.333333
1/6/2010,48.75416667,3303,9.30787037,90.14196165,6.392307692,87.12653846,,0.770769231,57.29166667,3183.333333
1/7/2010,48.7375,3264,9.298611111,89.85879319,5.191891892,96.23324324,,0.902972973,41.58333333,3173.333333
1/8/2010,48.65416667,3377,9.252314815,89.95318267,6.334042553,97.05404255,,0.809361702,23.58333333,3176.666667
1/9/2010,48.575,3212,9.208333333,89.75260501,5.219565217,97.38934783,,0.659565217,49.08333333,3169.583333
1/10/2010,48.52083333,3250,9.178240741,89.18626808,8.536734694,94.60795918,,0.168163265,84.16666667,3149.583333
1/11/2010,48.48333333,3151,9.157407407,92.67867916,8.137142857,94.96085714,,0.675428571,31,3272.916667
1/12/2010,48.54166667,3726,9.189814815,94.56646893,8.331578947,94.03105263,,1.265394737,9.666666667,3339.583333
1/13/2010,48.6625,3223,9.256944444,97.28016673,12.21136364,85.99568182,,5.8,87.75,3435.416667
1/14/2010,49.075,2900,9.486111111,91.59320004,7.035555556,87.44577778,,0.970666667,120.625,3234.583333
1/15/2010,49.24166667,3326,9.578703704,92.40730938,8.042857143,85.56392857,,0.752857143,73.70833333,3263.333333
1/16/2010,49.41666667,3023,9.675925926,92.39551069,8.207692308,84.97807692,,0.474230769,106.8333333,3262.916667
1/17/2010,49.425,3039,9.680555556,94.25970309,9.176,91.9374,,2.6746,13.08333333,3328.75
1/18/2010,49.32083333,4060,9.622685185,104.748735,10.11081081,90.55216216,,8.662972973,23.66666667,3699.166667
1/19/2010,49.2375,3730,9.576388889,109.5390016,9.25,84.8,,13.27555556,40.75,3868.333333
1/20/2010,48.95416667,4014,9.418981481,151.1765647,7.8,87.41918919,,9.552162162,24.29166667,5338.75
1/21/2010,48.63333333,4685,9.240740741,156.1084155,7.442857143,85.77914286,,9.112857143,37.25,5512.916667
1/22/2010,48.50833333,4589,9.171296296,136.9473493,6.352380952,89.47952381,,3.551428571,28.875,4836.25
1/23/2010,48.45,4899,9.138888889,131.508155,5.669230769,90.86788462,,2.057692308,26,4644.166667
1/24/2010,48.37083333,4574,9.094907407,129.7737482,6.095918367,96.30102041,,1.185918367,17.875,4582.916667
1/25/2010,48.26666667,4220,9.037037037,137.8558482,5.997435897,97.78410256,,1.964615385,14.41666667,4868.333333
1/26/2010,48.0625,3895,8.923611111,132.5110434,6.008510638,91.04042553,,1.137659574,111.5416667,4679.583333
1/27/2010,48.00833333,3023,8.893518519,119.0015478,9.125,68.64708333,,3.08625,168.7916667,4202.5
1/28/2010,47.9875,3399,8.881944444,111.9813296,10.01666667,60.47833333,,1.929166667,145.0416667,3954.583333
1/29/2010,48.125,3830,8.958333333,106.1881747,8.904166667,82.51666667,,1.5225,64.95833333,3750
1/30/2010,48.09583333,2990,8.94212963,100.7961752,9.165853659,91.39756098,,1.128536585,92.16666667,3559.583333
1/31/2010,48.1875,4364,8.993055556,97.48074439,9.41875,83.3975,,0.9471875,179.2083333,3442.5
2/1/2010,48.125,3224,8.958333333,94.67265711,7.542307692,87.50769231,,1.583076923,37.29166667,3343.333333
2/2/2010,47.82916667,3109,8.793981481,91.78197902,6.180645161,90.61903226,,0.746774194,107.6666667,3241.25
2/3/2010,47.82083333,3083,8.789351852,90.51951961,9.780645161,84.1483871,,1.41,83.54166667,3196.666667
2/4/2010,47.91666667,3916,8.842592593,93.24501609,9.128947368,91.44315789,,1.379473684,26.04166667,3292.916667
2/5/2010,47.875,4115,8.819444444,102.3889978,10.24210526,90.25157895,,6.444210526,36.45833333,3615.833333
2/6/2010,48.2125,3532,9.006944444,101.3507134,9.128,94.4092,,1.9244,37.875,3579.166667
2/7/2010,48.1125,3529,8.951388889,99.33313811,6.6725,69.3945,,1.2085,178,3507.916667
2/8/2010,48.12083333,3318,8.956018519,94.33049521,7.658333333,73.63875,,1.243333333,150.6666667,3331.25
2/9/2010,48.31666667,2975,9.064814815,92.69047784,8.486486486,84.61540541,,2.183243243,156.7083333,3273.333333
2/10/2010,48.15,2745,8.972222222,91.01506442,5.8,85.96615385,,0.751538462,100.5,3214.166667
2/11/2010,48.05416667,2798,8.918981481,91.43981712,8.766666667,90.63288889,,1.062444444,60.54166667,3229.166667
2/12/2010,47.8875,3489,8.826388889,92.39551069,9.636842105,90.36973684,,3.438421053,41.25,3262.916667
2/13/2010,48.0375,3009,8.909722222,91.48701186,10.91428571,90.26380952,,0.661190476,127.125,3230.833333
2/14/2010,48.07083333,3171,8.928240741,90.93247362,8.52962963,86.41111111,,0.609259259,107.5,3211.25
2/15/2010,48.14166667,3241,8.967592593,90.83808413,11.75833333,77.88208333,,1.56375,186.5833333,3207.916667
2/16/2010,48.40416667,3666,9.113425926,91.32183026,14.00833333,67.92375,,1.435416667,208.25,3225
2/17/2010,48.46666667,2916,9.148148148,90.17735771,13.14583333,63.70791667,,1.1575,226.875,3184.583333
2/18/2010,48.63333333,3359,9.240740741,90.84988282,12.02608696,73.08136364,,1.453043478,228.375,3208.333333
2/19/2010,48.6375,3292,9.243055556,90.63750647,12.08,67.2768,,1.5436,222.625,3200.833333
2/20/2010,48.6375,3114,9.243055556,91.93536194,12.10625,72.7159375,,1.51125,223.2916667,3246.666667
2/21/2010,48.49583333,3128,9.164351852,94.11811886,8.718604651,84.15325581,,2.308604651,206.8333333,3323.75
2/22/2010,48.65,3648,9.25,92.95004894,7.55,67.80375,,1.32875,236.4166667,3282.5
2/23/2010,48.7125,3679,9.284722222,92.61968573,7.337037037,70.7,,0.628518519,51.70833333,3270.833333
2/24/2010,48.24583333,3035,9.025462963,93.4101977,6.186,91.0786,,1.914,98.45833333,3298.75
2/25/2010,48.05416667,2987,8.918981481,91.94716062,12.91,64.447,,1.336,162.375,3247.083333
2/26/2010,48.25416667,3887,9.030092593,98.16506819,10.81111111,85.42777778,,3.415277778,21.25,3466.666667
2/27/2010,48.3375,3928,9.076388889,99.62810526,10.29166667,81.28138889,,3.186388889,229.0416667,3518.333333
2/28/2010,48.475,3241,9.152777778,98.99097621,11.80833333,53.2275,,1.693333333,246.2916667,3495.833333
3/1/2010,48.71666667,3451,9.287037037,94.70805316,11.13571429,72.87392857,,1.045714286,136.625,3344.583333
3/2/2010,48.6875,2699,9.270833333,94.79064397,11.75294118,80.56352941,,4.508529412,58.54166667,3347.5
3/3/2010,48.57083333,3589,9.206018519,97.48074439,7.936538462,86.4775,,5.164038462,106.875,3442.5
3/4/2010,48.59583333,3123,9.219907407,98.7432038,2.514035088,89.09175439,,0.973392857,200.6666667,3487.083333
3/5/2010,48.66666667,2921,9.259259259,93.74056091,8.6625,73.87416667,,0.3425,189.375,3310.416667
3/6/2010,48.8125,3247,9.340277778,90.82628544,11.35,62.32291667,,1.393333333,215.0416667,3207.5
3/7/2010,48.94583333,3363,9.414351852,91.29823289,12.775,59.67416667,,2.077916667,256.7916667,3224.166667
3/8/2010,48.9875,3269,9.4375,92.31291989,11.0875,60.74833333,,3.27875,185.5,3260
3/9/2010,48.77916667,3367,9.321759259,94.01193069,6.148,60.444,,2.8392,187.25,3320
3/10/2010,48.86666667,3456,9.37037037,90.60211041,6.176666667,69.54933333,,2.658666667,266.5833333,3199.583333
3/11/2010,48.55416667,3474,9.196759259,89.94138399,8.344,60.3044,,2.098,288.625,3176.25
3/12/2010,48.29166667,3523,9.050925926,93.83495039,9.711111111,74.10148148,,3.448148148,72.875,3313.75
3/13/2010,48.30416667,3456,9.05787037,93.77595696,6.25,68.54541667,,2.292916667,276.7916667,3311.666667
3/14/2010,48.16956522,3660,8.983091787,93.05162024,10.94583333,40.6125,,2.936666667,276.7916667,3286.086957
3/15/2010,48.0875,3565,8.9375,91.26283683,10.7625,58.91791667,,0.835833333,293.6666667,3222.916667
3/16/2010,48.37083333,3096,9.094907407,93.1506266,11.9826087,63.05130435,,0.737391304,280.6666667,3289.583333
3/17/2010,48.91666667,3267,9.398148148,92.32471858,17.86315789,42.61263158,,2.762105263,292.7083333,3260.416667
3/18/2010,49.1625,3611,9.534722222,93.46919113,17.85416667,27.50416667,,5.145833333,316.5416667,3300.833333
3/19/2010,49.2,2937,9.555555556,92.7258739,17.54166667,25.46291667,,3.45125,323.5416667,3274.583333
3/20/2010,49.21666667,3117,9.564814815,92.28932252,14.275,52.365,,1.029166667,288.7083333,3259.166667
3/21/2010,49.50833333,3242,9.726851852,92.2185304,13.10416667,63.955,,1.221666667,186.3333333,3256.666667
3/22/2010,49.91666667,3519,9.953703704,92.11234223,12.875,55.38375,,2.680416667,320.7916667,3252.916667
3/23/2010,49.64166667,3514,9.800925926,92.80846471,16.3875,26.90458333,,4.18125,321.8333333,3277.5
3/24/2010,49.47916667,3269,9.710648148,94.02372937,13.6375,52.97125,,1.73625,301.6666667,3320.416667
3/25/2010,49.65833333,3303,9.810185185,94.14171623,11.6862069,68.93137931,,6.172758621,155.5833333,3324.583333
3/26/2010,49.77916667,3110,9.877314815,93.68156748,8.266666667,68.83458333,,1.135833333,297.875,3308.333333
3/27/2010,49.575,3396,9.763888889,93.56358061,11.69583333,53.48291667,,1.092916667,324.375,3304.166667
3/28/2010,49.4375,3167,9.6875,91.33362895,13.175,61.13875,,1.393333333,168.2916667,3225.416667
3/29/2010,49.40833333,3035,9.671296296,95.54575988,14.232,65.6168,,6.3776,131.7083333,3374.166667
3/30/2010,49.48333333,3464,9.712962963,90.87348019,11.99333333,61.20966667,,7.030333333,254.8333333,3209.166667
3/31/2010,49.11666667,3394,9.509259259,91.7937777,8.42,62.2484,,2.86,203.4166667,3241.666667
4/1/2010,49.05833333,2893,9.476851852,91.72298559,9.091666667,57.63625,,1.114166667,282.9166667,3239.166667
4/2/2010,48.89166667,3017,9.384259259,94.96762426,8.15,73.106,,3.618333333,72.95833333,3353.75
4/3/2010,48.78333333,2515,9.324074074,93.78775565,6.492307692,71.37076923,,1.404615385,206.9583333,3312.083333
4/4/2010,48.60833333,3663,9.226851852,91.7937777,8.169230769,71.79730769,,4.708846154,102.25,3241.666667
4/5/2010,48.2875,3465,9.048611111,93.37480164,5.24,88.49022222,,2.331777778,251.625,3297.5
4/6/2010,48.36666667,3954,9.092592593,98.28305505,8.141666667,68.0075,,1.607083333,357.5,3470.833333
4/7/2010,49.05,2725,9.472222222,102.2238162,14.81666667,43.62916667,,3.065,365.5833333,3610
4/8/2010,49.72083333,2857,9.844907407,104.8667219,14.06666667,57.81333333,,2.593333333,358.8333333,3703.333333
4/9/2010,49.94166667,2970,9.967592593,106.778109,13.88333333,26.21875,,6.62375,361.9583333,3770.833333
4/10/2010,49.8,3149,9.888888889,107.0494788,13.5625,48.89666667,,3.19375,176.25,3780.416667
4/11/2010,49.82083333,3267,9.900462963,107.3208486,10.5,75.48607143,,3.5275,75.20833333,3790
4/12/2010,49.47916667,4196,9.710648148,115.461942,9.091176471,84.465,,7.080588235,139.2916667,4077.5
4/13/2010,49.01666667,4350,9.453703704,115.1669748,9.595918367,87.55836735,,2.48877551,208.9166667,4067.083333
4/14/2010,49.3875,3262,9.659722222,110.6716754,10.37,83.68625,,1.4405,134.7083333,3908.333333
4/15/2010,49.65416667,3382,9.80787037,124.0867815,10.75833333,71.31791667,,1.670833333,339,4382.083333
4/16/2010,49.91666667,4535,9.953703704,147.7667445,13.40416667,63.96958333,,1.37125,319.3333333,5218.333333
4/17/2010,50.125,4754,10.06944444,143.613607,13.19032258,73.96967742,,0.46483871,359.625,5071.666667
4/18/2010,50.525,4275,10.29166667,143.5782109,15.97916667,57.27625,,1.07125,384.375,5070.416667
4/19/2010,50.46666667,4474,10.25925926,143.8731781,15.94166667,56.85041667,,1.778333333,281.0833333,5080.833333
4/20/2010,50.42083333,4544,10.2337963,143.837782,11.99032258,73.22451613,,3.485483871,136.2083333,5079.583333
4/21/2010,50.53333333,4412,10.2962963,143.649003,10.62,71.7956,,2.1808,251.4583333,5072.916667
4/22/2010,50.2875,5268,10.15972222,162.6566863,15.472,38.5596,,4.506,382.25,5744.166667
4/23/2010,50.05416667,6242,10.03009259,161.9015704,16.16086957,53.95304348,,1.722173913,395.4583333,5717.5
4/24/2010,50.6625,6790,10.36805556,184.7910214,16.525,60.61083333,,0.98625,396.5416667,6525.833333
4/25/2010,50.3625,6614,10.20138889,187.4221284,17.95,40.53083333,,1.95,405.2083333,6618.75
4/26/2010,49.60833333,6170,9.782407407,190.2302157,15.85416667,54.45958333,,0.857083333,256.5416667,6717.916667
4/27/2010,49.4375,6939,9.6875,193.1208938,15.25172414,64.09206897,,9.065172414,244.125,6820
4/28/2010,49.25416667,6748,9.585648148,188.8143733,9.7,63.53583333,,4.051666667,251.0833333,6667.916667
4/29/2010,49.56666667,6243,9.759259259,184.1184963,9.104166667,65.45791667,,1.05,364.2083333,6502.083333
4/30/2010,49.89166667,6642,9.939814815,182.5728684,12.75833333,43.24625,,3.880416667,391.7083333,6447.5
5/1/2010,50.69166667,7762,10.38425926,203.0943231,16.37916667,40.73791667,,1.97125,409.8333333,7172.208333
5/2/2010,51.14166667,7557,10.63425926,205.0729628,18.75833333,27.97791667,,3.730416667,413.7916667,7242.083333
5/3/2010,50.28333333,7484,10.15740741,205.1437549,18.864,47.528,,2.16,375.6666667,7244.583333
5/4/2010,49.71666667,7821,9.842592593,208.8485423,17.55,28.13416667,,4.3075,403.7083333,7375.416667
5/5/2010,49.875,7543,9.930555556,207.9518422,15.7125,19.13333333,,4.051666667,420.125,7343.75
5/6/2010,49.525,7421,9.736111111,207.2675184,14.34583333,24.60041667,,5.70125,427.625,7319.583333
5/7/2010,49.62083333,8074,9.789351852,207.5978816,15.74583333,33.56375,,1.7575,427.3333333,7331.25
5/8/2010,49.9125,7501,9.951388889,207.8220566,16.64166667,41.93541667,,1.650833333,400.3333333,7339.166667
5/9/2010,50.82916667,7319,10.46064815,207.88105,15.16666667,62.915,,2.71,250.9583333,7341.25
5/10/2010,50.775,7654,10.43055556,207.8338553,12.03333333,73.30583333,,5.901388889,192.5,7339.583333
5/11/2010,50.49166667,7596,10.27314815,210.4177676,8.89375,73.45875,,0.8521875,426.3333333,7430.833333
5/12/2010,51.175,7276,10.65277778,203.7987047,18.5125,39.44208333,,3.602083333,421.875,7197.083333
5/13/2010,51.52083333,7573,10.84490741,205.1201575,20.9625,35.36166667,,2.229583333,416.4583333,7243.75
5/14/2010,51.67916667,8352,10.93287037,227.4196742,20.2375,44.78833333,,1.499166667,427.1666667,8031.25
5/15/2010,51.60416667,8533,10.8912037,233.1538356,20.90416667,49.35041667,,1.435833333,410.4583333,8233.75
5/16/2010,51.6625,8764,10.92361111,233.9915423,20.96666667,49.36875,,1.521666667,367.3333333,8263.333333
5/17/2010,51.40833333,8426,10.78240741,231.0418708,18.08,49.4732,,4.198,268.7916667,8159.166667
5/18/2010,50.97916667,8767,10.54398148,232.4577131,14.15135135,76.60054054,,3.462702703,248.9583333,8209.166667
5/19/2010,50.9375,8326,10.52083333,233.0004527,15.572,73.046,,3.482692308,147.5416667,8228.333333
5/20/2010,50.65833333,8095,10.36574074,235.9029295,13.26666667,60.87166667,,2.786666667,388.5416667,8330.833333
5/21/2010,50.9375,8400,10.52083333,239.1829642,14.02,44.1772,,2.2432,351.875,8446.666667
5/22/2010,50.6875,8469,10.38194444,246.3565654,9.666666667,50.50041667,,1.88625,393.1666667,8700
5/23/2010,50.52916667,8723,10.29398148,242.1326357,12.73333333,46.40333333,,2.83,411.7916667,8550.833333
5/24/2010,51.49166667,8545,10.8287037,244.9761191,14.7875,43.86541667,,3.515416667,329.25,8651.25
5/25/2010,51.37083333,8652,10.76157407,265.3996447,14.08,65.1904,,2.2428,161.8333333,9372.5
5/26/2010,52.2,10273,11.22222222,292.7254016,13.18684211,75.69763158,,4.751842105,278.875,10337.5
5/27/2010,52.3,10685,11.27777778,318.9184847,11.164,76.8016,,2.5512,138.3333333,11262.5
5/28/2010,52.57916667,11822,11.43287037,352.7807138,11.36486486,80.92864865,,1.042702703,318.4166667,12458.33333
5/29/2010,53.31666667,14215,11.84259259,439.8550171,17.52916667,49.4575,,3.2575,448.9166667,15533.33333
5/30/2010,53.95,15205,12.19444444,440.5629382,22.38333333,31.21958333,,2.657916667,423.125,15558.33333
5/31/2010,54.1125,14692,12.28472222,439.029109,22.3125,45.97166667,,1.82125,290.625,15504.16667
6/1/2010,51.675,10264,10.93055556,288.8082379,20.776,61.0216,,2.7164,330.2916667,10199.16667
6/2/2010,50.1125,14231,10.0625,438.203201,21.43333333,59.30125,,2.550416667,204.2083333,15475
6/3/2010,50.07916667,14825,10.04398148,449.6479265,19.06774194,80.03064516,,1.509677419,172.9583333,15879.16667
6/4/2010,50.20416667,15845,10.11342593,431.7139237,19.50322581,75.93032258,,5.327096774,165.1666667,15245.83333
6/5/2010,50.275,14896,10.15277778,434.6635952,20.79230769,70.20230769,,2.116153846,271.6666667,15350
6/6/2010,50.64166667,14815,10.35648148,435.0175558,22.70833333,62.08291667,,1.8,274.5833333,15362.5
6/7/2010,50.6,14863,10.33333333,430.7700288,24.95416667,35.92125,,3.0875,434.625,15212.5
6/8/2010,50.7,12866,10.38888889,378.3838626,23.525,44.4575,,1.906666667,405.375,13362.5
6/9/2010,50.7125,10977,10.39583333,318.4465373,23.67916667,40.74083333,,6.000416667,383.4166667,11245.83333
6/10/2010,50.00416667,11146,10.00231481,305.4679826,19.75,34.86375,,3.600416667,429.25,10787.5
6/11/2010,49.75833333,9956,9.865740741,280.3957747,21.15416667,29.2625,,6.216666667,457.3333333,9902.083333
6/12/2010,50.00416667,11113,10.00231481,315.9310574,24.5875,28.45541667,,4.072083333,458.4166667,11157
6/13/2010,49.7875,10754,9.881944444,301.3384425,27.10833333,27.87625,,2.915416667,462.75,10641.66667
6/14/2010,49.89583333,11493,9.94212963,328.1214599,26.59583333,39.56125,,1.499583333,448.5416667,11587.5
6/15/2010,50.04583333,10953,10.02546296,308.8896016,26.7375,21.92333333,,3.53625,449.6666667,10908.33333
6/16/2010,49.975,10883,9.986111111,305.114022,21.95833333,19.9825,,5.40125,461.6666667,10775
6/17/2010,50.34166667,10656,10.18981481,308.1816804,22.1,27.02583333,,2.850416667,459.9583333,10883.33333
6/18/2010,49.70833333,10912,9.837962963,306.4118775,21.9875,35.85208333,,2.207083333,427.2083333,10820.83333
6/19/2010,49.90416667,10664,9.946759259,310.6594045,20.76956522,46.39043478,,4.339565217,410.1666667,10970.83333
6/20/2010,50.02083333,11034,10.01157407,311.3673257,21.35,37.785,,3.13,450.1666667,10995.83333
6/21/2010,50.25416667,10912,10.1412037,311.4853125,24.625,26.43125,,4.802083333,437.875,11000
6/22/2010,50.14166667,10646,10.0787037,311.2493388,25.11666667,35.99291667,,1.2425,411,10991.66667
6/23/2010,49.97916667,10811,9.988425926,310.3054439,27.15,39.11583333,,1.715,395.8333333,10958.33333
6/24/2010,49.91666667,11177,9.953703704,310.4234308,26.74166667,41.815,,1.521666667,348.75,10962.5
6/25/2010,50.01666667,10764,10.00925926,309.361549,24.16666667,48.26166667,,2.20875,422.25,10925
6/26/2010,50.34166667,10850,10.18981481,312.3112205,27.73333333,39.19333333,,3.021666667,454.5,11029.16667
6/27/2010,50.3375,11369,10.1875,320.2163402,31.9875,23.10583333,,3.086666667,465.8333333,11308.33333
6/28/2010,50.32083333,11495,10.17824074,338.5043036,31.14583333,28.93541667,,2.164166667,463.5,11954.16667
6/29/2010,50.4125,11633,10.22916667,345.819489,30.48333333,25.25458333,,1.84375,467.2916667,12212.5
6/30/2010,50.3625,11919,10.20138889,340.746054,27.58333333,22.655,,3.323333333,458.625,12033.33333
7/1/2010,50.3625,11943,10.20138889,344.5216335,25.49166667,28.92375,,2.42125,448.375,12166.66667
7/2/2010,50.35833333,12083,10.19907407,337.0884613,25.40833333,29.79875,,2.979583333,459.5,11904.16667
7/3/2010,50.4875,11881,10.27083333,345.4655284,25.93333333,22.50083333,,5.123333333,465.2083333,12200
7/4/2010,50.6,11595,10.33333333,345.9374759,28.74583333,20.07125,,4.801666667,463.2916667,12216.66667
7/5/2010,50.43333333,11866,10.24074074,341.9259226,30.25833333,22.5475,,3.557916667,455.4166667,12075
7/6/2010,50.62916667,11726,10.34953704,336.0265796,29.30833333,33.06083333,,2.1225,447.6666667,11866.66667
7/7/2010,50.6125,11855,10.34027778,344.5216335,28.25,42.68291667,,2.014583333,439.2083333,12166.66667
7/8/2010,50.62916667,12075,10.34953704,357.6181751,29.19166667,41.83958333,,2.207916667,385.1666667,12629.16667
7/9/2010,50.73333333,12781,10.40740741,361.3937546,29.52916667,44.80416667,,3.065416667,419.6666667,12762.5
7/10/2010,50.72916667,12036,10.40509259,363.9894656,29.975,40.23625,,2.507083333,429.375,12854.16667
7/11/2010,50.8375,12239,10.46527778,363.5175181,30.32916667,34.38625,,1.820833333,436.5416667,12837.5
7/12/2010,50.87083333,12522,10.4837963,358.2081094,30.02916667,31.55583333,,2.29375,431.4583333,12650
7/13/2010,50.87083333,12261,10.4837963,360.6858335,27.35833333,38.93458333,,3.215416667,430.0416667,12737.5
7/14/2010,50.8875,12522,10.49305556,354.1965561,28.40416667,42.93208333,,2.015416667,431.7083333,12508.33333
7/15/2010,50.82083333,12297,10.45601852,359.0340174,30.37916667,36.14791667,,1.586666667,428.0833333,12679.16667
7/16/2010,50.84166667,12556,10.46759259,356.4383065,33.02916667,34.52541667,,1.73625,423.25,12587.5
7/17/2010,50.92083333,12089,10.51157407,357.3822014,32.5875,37.515,,1.907916667,422.4583333,12620.83333
7/18/2010,50.85,12472,10.47222222,364.5793999,31.6625,38.78,,2.057916667,435.625,12875
7/19/2010,50.82083333,12441,10.45601852,361.3937546,31.78333333,25.44708333,,2.442916667,435.1666667,12762.5
7/20/2010,50.72916667,12317,10.40509259,360.9218072,30.9625,31.94541667,,1.8,435.1666667,12745.83333
7/21/2010,50.8625,11903,10.47916667,358.0901225,28.84166667,40.4625,,2.55,422.2083333,12645.83333
7/22/2010,50.90416667,12530,10.50231481,361.039794,28.9375,35.86166667,,1.629166667,429.375,12750
7/23/2010,50.93333333,12310,10.51851852,361.039794,29.625,41.29375,,2.014583333,418.375,12750
7/24/2010,50.94166667,12340,10.52314815,356.6742802,30.5375,35.35708333,,1.735416667,419.5833333,12595.83333
7/25/2010,51.09166667,12309,10.60648148,353.9605824,30.69166667,33.63708333,,2.0575,396.25,12500
7/26/2010,51.1375,12308,10.63194444,354.6685036,28.92916667,38.11916667,,2.227916667,415.2083333,12525
7/27/2010,51.2,12380,10.66666667,359.9779123,26.3125,44.26916667,,3.042916667,410.2083333,12712.5
7/28/2010,51.39166667,12249,10.77314815,356.0843459,25.69583333,44.54,,1.672083333,421,12575
7/29/2010,51.14166667,11886,10.63425926,363.635505,26.37083333,31.95125,,1.886666667,426.375,12841.66667
7/30/2010,51.14583333,12341,10.63657407,361.8657021,26.49583333,28.77166667,,1.971666667,418.2083333,12779.16667
7/31/2010,51.22083333,12553,10.67824074,358.0901225,26.70833333,29.42583333,,2.185416667,416.5416667,12645.83333
8/1/2010,51.40833333,12196,10.78240741,358.6800568,26.475,29.61375,,1.52125,417.0833333,12666.66667
8/2/2010,51.4,11551,10.77777778,361.8657021,27.4875,30.965,,1.7575,410.2083333,12779.16667
8/3/2010,51.4125,12796,10.78472222,368.1190057,27.40833333,29.31875,,1.521666667,406.4166667,13000
8/4/2010,51.61666667,12459,10.89814815,353.7246087,28.1,34.53083333,,1.821666667,401.2083333,12491.66667
8/5/2010,51.6875,11966,10.9375,352.3087663,27.62608696,29.45695652,,1.654782609,400.4166667,12441.66667
8/6/2010,51.70833333,11580,10.94907407,344.5216335,27.30416667,36.73291667,,1.885833333,394.5416667,12166.66667
8/7/2010,51.8875,11660,11.04861111,330.7171708,28.2875,35.42041667,,2.120833333,385.75,11679.16667
8/8/2010,51.86666667,10784,11.03703704,315.9688132,26.10526316,43.26157895,,1.407894737,385.0833333,11158.33333
8/9/2010,52.075,11056,11.15277778,321.9861431,26.02083333,45.38208333,,2.570833333,388.875,11370.83333
8/10/2010,52.2125,10946,11.22916667,313.7270629,25.425,40.26083333,,2.185833333,317.4583333,11079.16667
8/11/2010,51.5875,10646,10.88194444,305.5859695,24.8,38.44217391,,3.467391304,348.7619048,10791.66667
8/12/2010,51.71666667,10277,10.9537037,299.214679,25.05,38.80458333,,1.885416667,391.875,10566.66667
8/13/2010,51.64166667,10287,10.91203704,295.79306,26.388,39.9064,,1.3576,298.1304348,10445.83333
8/14/2010,51.81666667,9861,11.00925926,286.2125269,26.96666667,39.5925,,1.800416667,366.0416667,10107.5
8/15/2010,52.02083333,9475,11.12268519,283.4516344,27.68333333,41.33208333,,1.52125,364.0833333,10010
8/16/2010,52.05,9608,11.13888889,287.0266363,28.05833333,39.01375,,1.757083333,365.375,10136.25
8/17/2010,51.62916667,10333,10.90509259,288.1003167,28.03333333,44.17208333,,2.357916667,366.5,10174.16667
8/18/2010,51.09583333,9808,10.6087963,282.3071618,25.22916667,30.78166667,,1.62875,349.0833333,9969.583333
8/19/2010,50.9875,9446,10.54861111,267.193045,25.15,26.83541667,,1.47875,368.8333333,9435.833333
8/20/2010,51.07916667,9637,10.59953704,263.4528615,26.47916667,31.075,,2.185833333,362.7916667,9303.75
8/21/2010,51.10416667,9396,10.61342593,261.5650717,24.60833333,37.07666667,,2.958333333,360.2083333,9237.083333
8/22/2010,51.175,8483,10.65277778,260.0194438,23.82083333,36.92583333,,2.057083333,347.9583333,9182.5
8/23/2010,51.2625,9868,10.70138889,263.358472,28.10416667,22.22375,,4.479583333,362.875,9300.416667
8/24/2010,51.0625,9183,10.59027778,258.7923805,29.78333333,23.39291667,,1.6925,363.25,9139.166667
8/25/2010,51.20416667,8826,10.66898148,262.1078113,30.82916667,24.26416667,,1.565416667,356.8333333,9256.25
8/26/2010,51.32083333,8946,10.7337963,257.27035,30.425,29.96125,,1.950833333,349.25,9085.416667
8/27/2010,51.51666667,9059,10.84259259,250.3091252,28.05,31.40666667,,3.365416667,342.125,8839.583333
8/28/2010,51.48333333,8363,10.82407407,243.0411346,20.38461538,53.38192308,,4.036153846,146.375,8582.916667
8/29/2010,51.12916667,8426,10.62731481,247.6898169,19.35,58.82863636,,1.916363636,294.625,8747.083333
8/30/2010,51.1875,8679,10.65972222,245.8846179,19.9375,38.36,,1.479583333,328.125,8683.333333
8/31/2010,51.43333333,8575,10.7962963,238.5930299,22.18695652,43.22521739,,2.936666667,306.0416667,8425.833333
9/1/2010,51.68333333,8405,10.93518519,250.8164687,28.08333333,25.55875,,4.694166667,331.9166667,8857.5
9/2/2010,51.56666667,8438,10.87037037,243.3950951,30.50833333,29.22208333,,2.572083333,330.2083333,8595.416667
9/3/2010,51.7625,8357,10.97916667,241.5545001,28.12916667,33.73666667,,1.629166667,336.7916667,8530.416667
9/4/2010,51.75416667,8348,10.97453704,244.1856071,27.45416667,29.655,,1.885416667,333.7083333,8623.333333
9/5/2010,51.9,8192,11.05555556,234.7820543,26.05833333,25.635,,4.007916667,335.7916667,8291.25
9/6/2010,51.64166667,8278,10.91203704,231.0300721,27.25833333,14.37083333,,5.487083333,339.7083333,8158.75
9/7/2010,51.4125,8170,10.78472222,233.2128291,23.40416667,29.07041667,,1.949583333,320.9166667,8235.833333
9/8/2010,51.4375,8123,10.79861111,233.7673673,19.90740741,57.02925926,,2.934074074,171.9166667,8255.416667
9/9/2010,50.6375,8474,10.35416667,231.973967,16.6,74.61961538,,0.751153846,262.5,8192.083333
9/10/2010,51.025,8395,10.56944444,234.8174504,20.28333333,46.3075,,1.88625,321.75,8292.5
9/11/2010,50.78333333,7776,10.43518519,234.0859318,21.6,38.7425,,1.435416667,319.2083333,8266.666667
9/12/2010,50.6625,7291,10.36805556,228.5287507,22.72916667,38.3925,,0.92125,314.3333333,8070.416667
9/13/2010,51.0375,8379,10.57638889,219.1841913,22.92083333,36.98541667,,1.157083333,272.5416667,7740.416667
9/14/2010,51.70416667,7342,10.94675926,217.9453293,22.22916667,40.77208333,,1.392916667,303.0833333,7696.666667
9/15/2010,52.05,7260,11.13888889,213.8629839,21.25416667,38.72541667,,0.943333333,284.9166667,7552.5
9/16/2010,52.0625,7052,11.14583333,208.9665292,23.19583333,39.60291667,,1.32875,276.25,7379.583333
9/17/2010,52.09166667,7023,11.16203704,202.1232912,22.6625,45.96833333,,1.6075,214.0833333,7137.916667
9/18/2010,51.77083333,6651,10.9837963,196.7430904,22.52083333,63.31458333,,1.992916667,245.6666667,6947.916667
9/19/2010,51.26666667,6682,10.7037037,194.05299,19.33030303,75.64939394,,2.602727273,78.83333333,6852.916667
9/20/2010,51.075,6970,10.59722222,192.6843424,18.712,70.0576,,1.9544,280.6666667,6804.583333
9/21/2010,51.1625,6920,10.64583333,192.8141279,18.9875,55.49041667,,1.00625,248.4583333,6809.166667
9/22/2010,51.23333333,6402,10.68518519,189.3571129,18.88333333,56.8875,,0.900833333,263.6666667,6687.083333
9/23/2010,51.64583333,6806,10.91435185,194.2063729,18.9125,58.44833333,,1.392916667,277,6858.333333
9/24/2010,51.51666667,6662,10.84259259,192.0354146,20.9625,45.73208333,,0.835416667,280.8333333,6781.666667
9/25/2010,51.6,6478,10.88888889,191.5516685,21.96666667,40.96375,,0.685833333,282,6764.583333
9/26/2010,51.57916667,6399,10.87731481,189.5458919,28.74166667,22.34083333,,1.6725,274.5,6693.75
9/27/2010,51.51666667,6545,10.84259259,192.0708107,25.4,30.54,,0.412,275.5,6782.916667
9/28/2010,51.82916667,6747,11.0162037,190.9499355,27,22.86,,1.54,274.25,6743.333333
9/29/2010,51.77916667,6594,10.98842593,191.9882199,40.55,7.66,,1.8,267.625,6780
9/30/2010,51.75,7199,10.97222222,192.1652002,25.20416667,32.6725,,0.664583333,255.375,6786.25
10/1/2010,51.81666667,6370,11.00925926,185.5815334,24.94166667,42.35208333,,0.856666667,251.0833333,6553.75
10/2/2010,52.10833333,6358,11.1712963,185.0741899,23.58333333,46.11416667,,1.242916667,241.4166667,6535.833333
10/3/2010,52.15,6258,11.19444444,185.9236952,22.26666667,44.57708333,,1.950416667,176.5,6565.833333
10/4/2010,52.02916667,6618,11.12731481,186.5490256,16.64074074,70.64148148,,1.791111111,100.5,6587.916667
10/5/2010,52.16666667,6467,11.2037037,183.2335948,19.23333333,37.80208333,,6.109583333,225.25,6470.833333
10/6/2010,51.94166667,6638,11.0787037,184.5078529,19.8,56.02666667,,3.00125,201.7083333,6515.833333
10/7/2010,52.02083333,6205,11.12268519,177.7354071,18.47083333,61.16708333,,2.122083333,179.625,6276.666667
10/8/2010,52.01666667,6069,11.12037037,172.0366417,17.44583333,59.40375,,1.071666667,211.25,6075.416667
10/9/2010,52.175,6002,11.20833333,168.945386,19.3,52.83625,,1.0075,222.5416667,5966.25
10/10/2010,52.50416667,5887,11.3912037,170.3494296,23.3375,48.00958333,,1.435,225.625,6015.833333
10/11/2010,53.1125,5885,11.72916667,171.6354864,24.52083333,32.10166667,,5.38,234.5416667,6061.25
10/12/2010,52.87083333,5901,11.59490741,168.3554517,25.40416667,15.02083333,,4.60875,229.3333333,5945.416667
10/13/2010,52.25833333,6278,11.25462963,168.6386201,22.35416667,30.81041667,,0.878333333,230.5416667,5955.416667
10/14/2010,51.85,5913,11.02777778,168.7448083,20.80416667,37.76083333,,0.728333333,205.7916667,5959.166667
10/15/2010,51.75833333,6059,10.97685185,168.2728609,21.825,42.48458333,,0.7925,166.6666667,5942.5
10/16/2010,51.79166667,5794,10.99537037,167.9778937,20,49.18208333,,1.05,181,5932.083333
10/17/2010,51.75833333,5958,10.97685185,171.1281429,15.82916667,49.60833333,,0.749583333,87.20833333,6043.333333
10/18/2010,51.69583333,6015,10.94212963,172.1428299,18.29583333,50.69166667,,1.800416667,196.4583333,6079.166667
10/19/2010,51.55416667,5953,10.86342593,173.3226985,19.42083333,51.49625,,1.47875,209.2916667,6120.833333
10/20/2010,51.45833333,6169,10.81018519,170.8095784,17.6375,47.92041667,,0.66375,186.875,6032.083333
10/21/2010,51.70833333,6017,10.94907407,171.3759153,15.712,65.2848,,1.8308,156.25,6052.083333
10/22/2010,51.625,5827,10.90277778,166.7626291,15.20416667,72.43125,,0.685416667,68.625,5889.166667
10/23/2010,51.24583333,5814,10.69212963,169.35834,12.62,89.17422222,,3.406222222,24.375,5980.833333
10/24/2010,51.04166667,6112,10.5787037,168.6622175,13.7375,92.61633333,,7.834583333,31.625,5956.25
10/25/2010,51.0875,5797,10.60416667,168.1666727,11.77916667,65.62875,,1.736666667,176.625,5938.75
10/26/2010,51.17916667,5728,10.65509259,169.7240993,10.99583333,66.515,,1.070833333,174.0869565,5993.75
10/27/2010,51.3,5530,10.72222222,170.1252546,10.45833333,50.55833333,,1.800416667,113.7916667,6007.916667
10/28/2010,51.24166667,5950,10.68981481,171.9658496,9.992592593,85.16592593,,2.114814815,34.83333333,6072.916667
10/29/2010,51.13333333,5900,10.62962963,172.9569392,12.2375,80.07416667,,1.628333333,76.95833333,6107.916667
10/30/2010,51.2375,5685,10.6875,171.1517403,12.73571429,86.03464286,,2.076071429,23.16666667,6044.166667
10/31/2010,51.44166667,6673,10.80092593,169.6179111,13.9,81.521,,3.429333333,64.33333333,5990
11/1/2010,51.475,5592,10.81944444,169.3701387,13.51428571,77.46142857,,0.8625,168.625,5981.25
11/2/2010,51.99583333,5629,11.1087963,165.0636183,18.10833333,61.21125,,2.722083333,174.375,5829.166667
11/3/2010,51.88333333,6669,11.0462963,167.8835042,16.29583333,70.49583333,,0.621666667,141.875,5928.75
11/4/2010,51.62916667,6166,10.90509259,164.096126,15.77916667,71.63291667,,0.578333333,134.6666667,5795
11/5/2010,51.6375,6001,10.90972222,162.4679073,16.65,72.21,,0.364166667,128.125,5737.5
11/6/2010,51.42083333,5672,10.78935185,164.4382879,14.17297297,83.16,,0.611351351,149.375,5807.083333
11/7/2010,51.45,5400,10.80555556,162.4915047,14.39411765,80.07588235,,7.732352941,87.375,5738.333333
11/8/2010,51.85416667,5908,11.03009259,161.2054479,9.1125,70.545,,1.114166667,166.0833333,5692.916667
11/9/2010,51.00416667,6028,10.55787037,163.907347,6.804166667,74.68458333,,0.6425,55.91666667,5788.333333
11/10/2010,50.78333333,6060,10.43518519,163.2584193,8.713636364,86.57204545,,1.052045455,146.2083333,5765.416667
11/11/2010,50.74583333,5575,10.41435185,161.5240124,11.19166667,56.56375,,2.70125,153.7916667,5704.166667
11/12/2010,50.75,6000,10.41666667,162.6802837,11.57222222,60.48444444,,1.743333333,150.7916667,5745
11/13/2010,50.82083333,5608,10.45601852,166.6328435,15.625,30.9425,,5.53,88.625,5884.583333
11/14/2010,50.9625,5825,10.53472222,165.7833381,19.54545455,53.42363636,,1.73,118.0833333,5854.583333
11/15/2010,51.23333333,5678,10.68518519,162.6448876,22.8,40.744,,4.628,145.75,5743.75
11/16/2010,51.21666667,5729,10.67592593,162.5740955,21,37.66,,3.6,146.25,5741.25
11/17/2010,51.19166667,6060,10.66203704,161.7127914,21,37.66,,,142.3043478,5710.833333
11/18/2010,51.10416667,5667,10.61342593,164.4972813,8.715,79.39,,0.7975,108.5833333,5809.166667
11/19/2010,51.17916667,5895,10.65509259,162.3499205,10.54166667,75.46125,,1.049583333,40.79166667,5733.333333
11/20/2010,51.05833333,5751,10.58796296,166.2552856,7.052941176,84.20676471,,5.462647059,29.5,5871.25
11/21/2010,50.9375,6214,10.52083333,160.7924939,6.275,87.54604167,,3.847916667,78.04166667,5678.333333
11/22/2010,50.9125,5996,10.50694444,164.2023142,8.244827586,72.3,,4.542068966,117.0833333,5798.75
11/23/2010,51.10833333,5973,10.61574074,162.9398548,8.55483871,72.98870968,,5.625483871,135.1666667,5754.166667
11/24/2010,50.79583333,5893,10.44212963,162.857264,3.358333333,47.23458333,,3.0225,142.25,5751.25
11/25/2010,50.74166667,5841,10.41203704,159.7542095,7.510526316,34.70894737,,3.790526316,118.6875,5641.666667
11/26/2010,50.99166667,6008,10.55092593,159.8368003,3.625,66.68291667,,0.556666667,60.64705882,5644.583333
11/27/2010,51.00833333,5964,10.56018519,161.842577,4.166666667,89.18717949,,1.675384615,32.875,5715.416667
11/28/2010,50.95,5581,10.52777778,162.0903494,1.236363636,89.17045455,,0.713181818,117.125,5724.166667
11/29/2010,50.93333333,6045,10.51851852,161.5004151,4.241666667,69.79875,,1.371666667,130.375,5703.333333
11/30/2010,51.00833333,6039,10.56018519,160.6037149,5.620833333,71.25333333,,0.620833333,49.95833333,5671.666667
12/1/2010,51.19583333,6007,10.66435185,165.4175788,6.477777778,79.615,,0.171111111,75.45833333,5841.666667
12/2/2010,51.2625,5966,10.70138889,164.3085024,6.477777778,79.615,,,21.79166667,5802.5
12/3/2010,51.15416667,6166,10.6412037,166.6446422,7.731818182,90.09272727,,1.706818182,20.36363636,5885
12/4/2010,51.25,5693,10.69444444,163.081439,9.695833333,86.19833333,,1.349583333,,5759.166667
12/5/2010,51.35833333,5778,10.75462963,163.1758285,10.10540541,92.95081081,,0.792162162,,5762.5
12/6/2010,51.3875,6285,10.77083333,166.9396093,11.71481481,92.51148148,,4.515555556,,5895.416667
12/7/2010,51.40833333,5959,10.78240741,165.3939815,9.132432432,88.85567568,,0.458648649,,5840.833333
12/8/2010,51.425,5613,10.79166667,161.0638637,10.14827586,91.10948276,,3.016034483,,5687.916667
12/9/2010,51.54166667,5843,10.85648148,163.871951,10.39390244,96.72536585,,0.664634146,,5787.083333
12/10/2010,51.49166667,5233,10.8287037,161.5476098,12.58108108,93.96972973,,2.321891892,,5705
12/11/2010,51.42916667,6880,10.79398148,195.0558783,12.598,93.8788,,0.8944,,6888.333333
12/12/2010,51.40416667,6865,10.78009259,198.5128933,8.306451613,96.80403226,,0.530645161,,7010.416667
12/13/2010,51.1875,7065,10.65972222,201.9345123,9.164864865,99.82108108,,0.667297297,,7131.25
12/14/2010,52.3625,13447,11.3125,398.0404736,9.164864865,99.82108108,,,,14056.66667
12/15/2010,53.25416667,14226,11.80787037,432.5398317,9.164864865,99.82108108,,,,15275
12/16/2010,53.20416667,13699,11.78009259,434.781582,7.5625,60.56,,0.9,,15354.16667
12/17/2010,53.17083333,13574,11.76157407,433.0117791,3.115384615,84.68153846,,0.197692308,41,15291.66667
12/18/2010,53.14583333,13684,11.74768519,427.4663967,7.814,88.367,,1.9954,35.125,15095.83333
12/19/2010,53.0125,12374,11.67361111,421.5670536,10.38571429,87.01642857,,4.176904762,49.125,14887.5
12/20/2010,52.61666667,13338,11.4537037,423.4548434,8.009090909,77.69636364,,6.173636364,33.54166667,14954.16667
12/21/2010,52.2375,14325,11.24305556,429.0002259,8.206666667,88.95711111,,6.413333333,38.29166667,15150
12/22/2010,52.14166667,13963,11.18981481,438.6751485,9.153448276,90.94793103,,1.525172414,55.54166667,15491.66667
12/23/2010,52.1,14923,11.16666667,436.551385,6.283050847,92.46016949,,0.304915254,70.16666667,15416.66667
12/24/2010,52.40833333,12094,11.33796296,377.7939283,8.968571429,91.74657143,,0.146857143,32.04166667,13341.66667
12/25/2010,52.3375,10591,11.29861111,315.3788789,9.0075,90.937,,2.0955,6.583333333,11137.5
12/26/2010,51.72083333,10921,10.95601852,304.9960352,8.783783784,88.27945946,,7.715405405,43.08333333,10770.83333
12/27/2010,51.49583333,10858,10.83101852,310.187457,8.932142857,86.84928571,,1.488214286,71.33333333,10954.16667
12/28/2010,51.53333333,10586,10.85185185,317.3846556,8.178125,92.9671875,,2.07375,8.958333333,11208.33333
12/29/2010,51.11666667,11164,10.62037037,324.5818541,7.663636364,87.94590909,,5.003863636,124.875,11462.5
12/30/2010,50.91666667,13074,10.50925926,456.4911644,2.5375,67.11166667,,1.0075,114.2083333,16120.83333
12/31/2010,50.825,13917,10.45833333,437.9672273,2.643478261,65.02565217,,1.855652174,87.91666667,15466.66667
1/1/2011,50.9125,13751,10.50694444,438.203201,2.452173913,88.49434783,,0.670434783,21.70833333,15475
1/2/2011,50.89583333,14550,10.49768519,436.3154112,5.789655172,86.41931034,,0.815172414,76.91666667,15408.33333
1/3/2011,50.9875,14622,10.54861111,437.377293,2.66875,83.6875,,0.4496875,119.7083333,15445.83333
1/4/2011,50.79583333,13273,10.44212963,438.6751485,2.765384615,78.94153846,,0.138461538,117.7916667,15491.66667
1/5/2011,50.5875,13976,10.32638889,438.0852142,3.408333333,76.79708333,,0.214166667,116.0833333,15470.83333
1/6/2011,50.54583333,13722,10.30324074,368.5909531,3.266666667,78.34,,0.171111111,126.7916667,13016.66667
1/7/2011,50.26666667,12617,10.14814815,340.3920934,1.917777778,95.28111111,,0.880222222,35.16666667,12020.83333
1/8/2011,49.975,12084,9.986111111,336.6165139,1.264285714,98.42428571,,0.495357143,17.41666667,11887.5
1/9/2011,49.73333333,11121,9.851851852,292.147266,1.945714286,83.70714286,,1.322285714,124,10317.08333
1/10/2011,49.69166667,9145,9.828703704,248.2915499,3.941666667,49.21291667,,2.507916667,111.9166667,8768.333333
1/11/2011,49.69583333,7906,9.831018519,223.5497052,4.029166667,71.25208333,,1.392916667,40.45833333,7894.583333
1/12/2011,49.58333333,8484,9.768518519,225.4610923,5.217073171,92.55682927,,0.727317073,53.70833333,7962.083333
1/13/2011,49.5375,8295,9.743055556,228.139394,8.245454545,93.82909091,,0.95030303,19.66666667,8056.666667
1/14/2011,49.55833333,8045,9.75462963,196.8964733,8.412244898,93.73673469,,0.839591837,83.16666667,6953.333333
1/15/2011,49.45833333,6455,9.699074074,171.6590838,11.05833333,79.69375,,1.028333333,114.9565217,6062.083333
1/16/2011,49.62916667,5981,9.793981481,170.3376309,11.52272727,85.97318182,,0.677727273,92,6015.416667
1/17/2011,49.34583333,6198,9.636574074,171.5174995,10.12051282,92.90923077,,0.210769231,100.9166667,6057.083333
1/18/2011,49.2375,6307,9.576388889,171.0573508,14.70416667,48.40208333,,2.53,123.625,6040.833333
1/19/2011,49.2125,5944,9.5625,168.7094123,9.103571429,71.92464286,,1.745357143,141.9583333,5957.916667
1/20/2011,49.43333333,5622,9.685185185,164.0489313,15.27916667,23.66791667,,4.887083333,148.0833333,5793.333333
1/21/2011,49.61666667,5732,9.787037037,158.0905948,10.8125,61.12291667,,0.985833333,144.5,5582.916667
1/22/2011,49.75416667,4916,9.863425926,150.7400134,15.05416667,48.0025,,4.39375,152.3333333,5323.333333
1/23/2011,49.67916667,4831,9.821759259,147.6015629,15.41111111,27.45074074,,3.124444444,110.5416667,5212.5
1/24/2011,49.60416667,4887,9.780092593,142.7876989,11.10416667,57.66916667,,1.285416667,128.0416667,5042.5
1/25/2011,49.60416667,5095,9.780092593,136.9945441,12.35833333,54.96083333,,2.464583333,152.5416667,4837.916667
1/26/2011,49.5,4649,9.722222222,139.689364,17.87083333,23.78375,,4.007916667,134.2083333,4933.083333
1/27/2011,49.47916667,4872,9.710648148,137.8959637,8.36,72.39466667,,0.359333333,157.875,4869.75
1/28/2011,49.40833333,4709,9.671296296,131.9293681,7.245833333,74.10916667,,0.214166667,151.875,4659.041667
1/29/2011,49.19166667,4252,9.550925926,125.4507096,5.382857143,92.77485714,,1.204857143,28.08333333,4430.25
1/30/2011,49.0875,3784,9.493055556,123.2502547,6.455813953,90.10488372,,0.825348837,93.58333333,4352.541667
1/31/2011,48.9625,4021,9.423611111,125.3197442,8.454166667,72.24625,,1.564583333,151.5833333,4425.625
2/1/2011,48.97916667,3794,9.43287037,125.0023595,11.1625,45.07083333,,5.46625,173.5,4414.416667
2/2/2011,48.97916667,4188,9.43287037,123.3965584,11.375,20.01916667,,4.1375,175.125,4357.708333
2/3/2011,48.87083333,3869,9.372685185,123.2986293,9.470833333,45.11125,,1.65,157.0833333,4354.25
2/4/2011,48.98333333,4148,9.435185185,124.8088611,16.16666667,29.14708333,,2.894166667,147.9166667,4407.583333
2/5/2011,49.17083333,4217,9.539351852,122.9092726,16.2125,43.98333333,,2.486666667,159.7083333,4340.5
2/6/2011,49.40833333,3866,9.671296296,112.3470889,15.80833333,47.48291667,,2.807916667,172.0833333,3967.5
2/7/2011,49.40416667,3973,9.668981481,112.6892508,12.37916667,60.60208333,,0.9,169.1666667,3979.583333
2/8/2011,49.07916667,3936,9.488425926,112.1701086,10.02083333,33.70041667,,5.230416667,188.875,3961.25
2/9/2011,48.7875,4133,9.326388889,110.7188702,11.13333333,27.19375,,6.55875,194.2916667,3910
2/10/2011,48.80416667,4236,9.335648148,112.5122705,13.95,22.26541667,,4.522916667,194.4166667,3973.333333
2/11/2011,48.9375,4102,9.409722222,114.636034,10.39166667,51.8075,,0.62125,159.5416667,4048.333333
2/12/2011,48.82083333,4135,9.344907407,112.6066599,9.741666667,64.90916667,,1.114583333,186.125,3976.666667
2/13/2011,48.79583333,3851,9.331018519,114.4354563,9.066666667,66.82416667,,0.835416667,182.875,4041.25
2/14/2011,48.5625,4420,9.201388889,113.243789,8.286206897,76.80310345,,7.22,37.95833333,3999.166667
2/15/2011,48.225,4167,9.013888889,110.5772859,10.65185185,84.00481481,,11.52740741,36.08333333,3905
2/16/2011,47.90833333,4006,8.837962963,110.4710978,8.321276596,84.35553191,,6.556170213,100.0833333,3901.25
2/17/2011,47.3875,3602,8.548611111,112.4768744,3.430769231,88.06487179,,2.954358974,19.08333333,3972.083333
2/18/2011,47.0625,3829,8.368055556,113.3145811,4.646774194,84.43112903,,1.58483871,124.875,4001.666667
2/19/2011,46.90833333,3287,8.282407407,114.6006379,5.284,82.694,,3.4774,85.04166667,4047.083333
2/20/2011,47.10833333,4296,8.393518519,111.2616097,1.108163265,86.77081633,,0.461632653,179.5,3929.166667
2/21/2011,47.52916667,4161,8.627314815,113.6449443,6.513513514,79.38540541,,1.709459459,141.9583333,4013.333333
2/22/2011,47.55416667,3948,8.641203704,117.1255567,4.833333333,75.00916667,,1.371666667,211.2083333,4136.25
2/23/2011,47.70833333,3612,8.726851852,112.2055046,7.075,59.11583333,,1.628333333,190.6666667,3962.5
2/24/2011,47.41666667,3472,8.564814815,112.5240691,7.381481481,61.51037037,,5.372962963,57.29166667,3973.75
2/25/2011,47.62916667,3761,8.68287037,112.9842179,5.26122449,86.94285714,,3.075714286,116.0833333,3990
2/26/2011,47.44166667,3278,8.578703704,111.0964281,3.134615385,67.31384615,,4.235,222.875,3923.333333
2/27/2011,47.12916667,4032,8.405092593,108.1585553,4.395833333,55.17958333,,2.079583333,230.375,3819.583333
2/28/2011,47.25416667,4367,8.474537037,109.8457674,7.028,65.6816,,3.108333333,61,3879.166667
3/1/2011,47.28333333,4238,8.490740741,113.2673864,4.304166667,88.09895833,,0.535833333,207.25,4000
3/2/2011,47.425,3620,8.569444444,114.895605,9.217948718,84.92025641,,7.268461538,32.45833333,4057.5
3/3/2011,47.70833333,3320,8.726851852,116.1108697,10.24054054,83.86621622,,3.476216216,153.25,4100.416667
3/4/2011,47.95833333,3743,8.865740741,111.43859,9.316666667,78.82625,,1.328333333,184.0833333,3935.416667
3/5/2011,48.14583333,3390,8.969907407,113.5741522,11.325,77.47833333,,1.2425,92.41666667,4010.833333
3/6/2011,48.18333333,3618,8.990740741,112.4650757,10.06904762,94.20785714,,0.477857143,76.875,3971.666667
3/7/2011,48.35833333,3988,9.087962963,111.8869401,10.66444444,77.20133333,,2.195333333,223.6666667,3951.25
3/8/2011,48.45416667,3757,9.141203704,111.9931283,10.571875,72.24375,,1.3984375,104.3333333,3955
3/9/2011,48.43333333,4245,9.12962963,112.2880954,11.78076923,77.59076923,,0.791153846,128.4166667,3965.416667
3/10/2011,48.49583333,4518,9.164351852,111.7099598,12.18125,79.345625,,3.0540625,141.2083333,3945
3/11/2011,48.54583333,4219,9.19212963,111.5683756,10.65416667,63.41583333,,1.3925,213.2916667,3940
3/12/2011,48.50416667,3058,9.168981481,113.4089706,10.06923077,70.11538462,,1.563076923,134.6666667,4005
3/13/2011,48.34347826,3662,9.079710145,111.8022973,10.38461538,78.52692308,,3.244230769,44.5,3948.26087
3/14/2011,48.41666667,4024,9.12037037,119.4616966,10.68888889,78.14388889,,2.642777778,139.875,4218.75
3/15/2011,48.29583333,13733,9.053240741,425.3544319,12.165625,82.8578125,,3.423125,32.54166667,15021.25
3/16/2011,48.00833333,18183,8.893518519,569.4045902,11.29142857,79.02114286,,3.866285714,222.9166667,20108.33333
3/17/2011,47.925,25732,8.847222222,745.4409865,7.220833333,70.73166667,,2.336666667,163.9583333,26325
3/18/2011,47.74166667,28700,8.74537037,871.0969933,8.72972973,81.31918919,,9.328918919,35.125,30762.5
3/19/2011,47.475,35886,8.597222222,1092.322357,6.576470588,84.07235294,,9.351764706,64.91666667,38575
3/20/2011,47.45,37113,8.583333333,1120.285243,7.413157895,85.15289474,,8.853684211,140.3333333,39562.5
3/21/2011,47.61666667,43298,8.675925926,1318.503169,7.435897436,85.08333333,,2.044102564,126.25,46562.5
3/22/2011,47.56666667,45137,8.648148148,1456.78377,7.383333333,79.36533333,,2.829333333,157.25,51445.83333
3/23/2011,47.74166667,37501,8.74537037,1172.199462,7.381081081,88.01945946,,3.072972973,38.375,41395.83333
3/24/2011,47.6125,19148,8.673611111,644.7981943,6.66,89.194,,11.934,,22770.83333
3/25/2011,47.41666667,26382,8.564814815,738.243788,8.16875,78.2834375,,10.3053125,67.75,26070.83333
3/26/2011,47.5625,39868,8.645833333,1185.649964,8.632352941,83.95823529,,9.971176471,149,41870.83333
3/27/2011,47.6125,37815,8.673611111,1130.668087,8.487096774,82.19225806,,5.592580645,90.95833333,39929.16667
3/28/2011,47.64583333,40912,8.69212963,1198.038585,7.168888889,86.09111111,,1.931555556,281.2916667,42308.33333
3/29/2011,47.72916667,47478,8.738425926,1440.737557,11.58333333,61.45833333,,0.707083333,248.7916667,50879.16667
3/30/2011,47.97083333,45352,8.872685185,1382.216074,16.15833333,56.95916667,,2.743333333,251.0416667,48812.5
3/31/2011,48.275,45014,9.041666667,1357.320847,19.80833333,42.84208333,,3.472083333,324.0416667,47933.33333
4/1/2011,48.45833333,41964,9.143518519,1319.329077,20.20833333,37.00958333,,2.100416667,291.5833333,46591.66667
4/2/2011,48.64583333,37351,9.247685185,1104.475004,18.35416667,42.24291667,,4.329583333,310,39004.16667
4/3/2011,49.01666667,32924,9.453703704,947.4344922,12.87083333,25.78333333,,7.137916667,335.3333333,33458.33333
4/4/2011,49.0125,27629,9.451388889,815.5251818,16.0125,31.42583333,,2.53,292.625,28800
4/5/2011,48.83333333,23234,9.351851852,709.2190203,16.41153846,57.61153846,,1.919615385,275.6956522,25045.83333
4/6/2011,48.9375,19778,9.409722222,622.8526382,14.55416667,40.53666667,,2.572083333,311.9166667,21995.83333
4/7/2011,48.4,17846,9.111111111,551.9425348,9.120833333,45.43875,,2.31375,247.5,19491.66667
4/8/2011,48.425,13906,9.125,460.5027177,8.708333333,42.12833333,,3.42875,283.0416667,16262.5
4/9/2011,49.08333333,13603,9.490740741,407.2906435,11.60833333,38.38416667,,2.48625,290.8333333,14383.33333
4/10/2011,49.2125,13023,9.5625,361.5117415,11.436,56.678,,1.3792,268.5,12766.66667
4/11/2011,49.14583333,11288,9.525462963,300.5243331,13.82083333,55.37208333,,2.142916667,284.625,10612.91667
4/12/2011,49.175,9612,9.541666667,269.9539375,13.312,58.648,,1.6044,315.2916667,9533.333333
4/13/2011,49.66666667,9293,9.814814815,231.0182734,11.440625,64.5478125,,5.3053125,230.625,8158.333333
4/14/2011,49.17916667,6999,9.543981481,197.922959,10.76666667,54.76625,,1.649583333,296.3333333,6989.583333
4/15/2011,49.17083333,6362,9.539351852,174.6795474,12.8625,57.88291667,,1.4575,175.25,6168.75
4/16/2011,49.57916667,6017,9.766203704,171.8242654,15.74166667,63.39125,,1.113333333,245.2083333,6067.916667
4/17/2011,50.2375,6119,10.13194444,170.785981,18.092,66.846,,1.8516,165.625,6031.25
4/18/2011,50.65,6106,10.36111111,170.1016572,15.07857143,74.92071429,,2.774642857,192.8333333,6007.083333
4/19/2011,50.28333333,6106,10.15740741,170.1724493,14.1875,66.991875,,1.9134375,320.5416667,6009.583333
4/20/2011,50.0375,6357,10.02083333,172.9333419,14.1037037,66.97444444,,2.057407407,123.0833333,6107.083333
4/21/2011,50.45,5695,10.25,172.3552063,11.76551724,74.85,,1.915172414,336.625,6086.666667
4/22/2011,50.72916667,5741,10.40509259,168.8981912,14.052,47.0084,,2.5724,284.2083333,5964.583333
4/23/2011,51.29583333,5614,10.71990741,169.2049571,13.46956522,70.97086957,,1.655217391,178.2916667,5975.416667
4/24/2011,51.5125,5821,10.84027778,170.2078454,13.8875,73.47875,,1.907083333,264.9166667,6010.833333
4/25/2011,51.23333333,6048,10.68518519,170.0898585,15.2,58.0375,,6.215416667,271.625,6006.666667
4/26/2011,50.37083333,5777,10.20601852,174.7621382,11.64166667,49.29375,,2.078333333,365.0833333,6171.666667
4/27/2011,49.92083333,5677,9.956018519,168.4498412,14.975,51.14708333,,1.221666667,348.375,5948.75
4/28/2011,51.075,6160,10.59722222,156.5213695,15.125,52.98833333,,2.743333333,310.1666667,5527.5
4/29/2011,51.20833333,6145,10.6712963,160.7099031,11.75833333,35.41666667,,3.922916667,385.0833333,5675.416667
4/30/2011,50.95,6072,10.52777778,162.1729402,14.2125,29.97416667,,5.10125,388.7916667,5727.083333
5/1/2011,51.5125,5136,10.84027778,160.6273123,16.16666667,33.17166667,,1.650416667,383.5416667,5672.5
5/2/2011,52.45416667,5899,11.36342593,158.645133,17.22083333,48.44041667,,2.250416667,353.375,5602.5
5/3/2011,52.625,7531,11.45833333,206.9961486,19.8375,26.54166667,,4.373333333,375.4583333,7310
5/4/2011,52.40833333,7801,11.33796296,215.6563842,22.87083333,18.12291667,,4.736666667,387.4583333,7615.833333
5/5/2011,53.20416667,7033,11.78009259,214.1815484,20.875,43.47208333,,0.96375,369.2916667,7563.75
5/6/2011,53.20833333,7332,11.78240741,209.4856714,21.48333333,42.575,,1.88625,359,7397.916667
5/7/2011,52,7437,11.11111111,204.4004376,19.18333333,50.78916667,,2.93625,201.375,7218.333333
5/8/2011,50.82083333,7127,10.45601852,205.7218905,16.12916667,54.57916667,,3.322083333,358.75,7265
5/9/2011,50.57916667,7675,10.32175926,203.2559651,13.69285714,61.01392857,,3.4725,373.125,7177.916667
5/10/2011,51.25833333,7208,10.69907407,204.8959825,18.25,36.49125,,3.129583333,393.0833333,7235.833333
5/11/2011,51.5875,7838,10.88194444,209.3794832,18.325,51.36583333,,1.946086957,295.5416667,7394.166667
5/12/2011,51.07916667,7320,10.59953704,212.6005245,18.62666667,52.492,,2.022666667,325.5,7507.916667
5/13/2011,51.225,7461,10.68055556,206.5831946,19.76666667,41.24416667,,2.143333333,378.5416667,7295.416667
5/14/2011,51.05416667,6683,10.58564815,210.5475531,16.45454545,46.11818182,,4.162727273,300.0416667,7435.416667
5/15/2011,50.4625,7110,10.25694444,206.4652077,9.032432432,79.74891892,,3.614594595,83.70833333,7291.25
5/16/2011,49.87916667,8000,9.93287037,203.5745296,9.382758621,76.56034483,,1.614137931,181.0833333,7189.166667
5/17/2011,50.16666667,8848,10.09259259,204.6246127,9.253061224,93.06836735,,3.369795918,54.08333333,7226.25
5/18/2011,51.27083333,8164,10.70601852,222.240051,11.79032258,78.81387097,,1.991612903,368.0833333,7848.333333
5/19/2011,52.1375,8279,11.1875,225.6026765,17.14583333,50.57625,,2.892916667,398.9583333,7967.083333
5/20/2011,53.1875,9342,11.77083333,235.9029295,19.2375,51.33541667,,1.3075,389.5416667,8330.833333
5/21/2011,53.09583333,9654,11.71990741,237.1653889,21.48333333,52.89583333,,1.2425,366.25,8375.416667
5/22/2011,51.92916667,9625,11.07175926,230.2985536,20.39583333,47.83666667,,2.07875,351.5416667,8132.916667
5/23/2011,51.67916667,10169,10.93287037,231.1362603,18.69230769,43.445,,3.066923077,373.1666667,8162.5
5/24/2011,51.8,9497,11,241.1415461,16.39583333,48.66458333,,2.507916667,385.75,8515.833333
5/25/2011,51.76666667,9101,10.98148148,244.7047493,13.32727273,68.80030303,,3.850909091,118.4166667,8641.666667
5/26/2011,50.67916667,9331,10.37731481,232.8116737,11.75,76.465625,,1.792258065,272.6666667,8221.666667
5/27/2011,50.94583333,10556,10.52546296,246.8993049,16.1875,60.38083333,,3.192916667,332.0416667,8719.166667
5/28/2011,51.48333333,11064,10.82407407,259.5474964,14.55769231,49.825,,3.719230769,279.3333333,9165.833333
5/29/2011,51.67083333,11069,10.92824074,273.9654908,12.22592593,65.10481481,,3.22,376.7916667,9675
5/30/2011,52.59166667,10966,11.43981481,281.4340591,14.25833333,56.61458333,,4.114583333,266.9166667,9938.75
5/31/2011,51.47083333,11709,10.81712963,302.3885255,13.48214286,66.65535714,,6.081428571,131.9166667,10678.75
6/1/2011,51.24583333,11237,10.69212963,323.4019855,10.70555556,85.96861111,,1.714722222,136.4583333,11420.83333
6/2/2011,51.86666667,12497,11.03703704,365.287321,11.15555556,81.01138889,,1.572222222,266.8333333,12900
6/3/2011,51.775,13525,10.98611111,378.8676087,13.40416667,65.39875,,1.3075,226.7916667,13379.58333
6/4/2011,51.79583333,19211,10.99768519,579.4334734,14.6137931,76.19586207,,1.898275862,95.79166667,20462.5
6/5/2011,51.9,19338,11.05555556,584.034961,14.92,83.734,,1.457333333,266.0833333,20625
6/6/2011,51.75,16454,10.97222222,571.29238,15.59259259,81.08666667,,3.811111111,82.95833333,20175
6/7/2011,52.15416667,18178,11.19675926,531.2948342,16.89285714,71.25214286,,2.057857143,369.125,18762.5
6/8/2011,52.69166667,15322,11.49537037,436.0794375,21.45416667,51.76791667,,1.820833333,413.9583333,15400
6/9/2011,51.48333333,12833,10.82407407,377.9119151,23.45416667,45.31541667,,2.829583333,416.1666667,13345.83333
6/10/2011,50.13333333,10727,10.07407407,317.6206293,22.875,44.16583333,,1.028333333,412.3333333,11216.66667
6/11/2011,49.875,9380,9.930555556,272.6558366,21.84166667,49.42541667,,1.628333333,263.0833333,9628.75
6/12/2011,49.9,9232,9.944444444,265.6002223,21.83333333,60.84041667,,1.264166667,362.9166667,9379.583333
6/13/2011,50.17916667,10017,10.09953704,283.9235818,25.02083333,42.84083333,,1.842916667,407.5,10026.66667
6/14/2011,50.18333333,11892,10.10185185,327.6495124,26.64583333,39.64541667,,2.549583333,421.25,11570.83333
6/15/2011,49.45416667,11044,9.696759259,317.3846556,27.768,26.0776,,4.395,423.8333333,11208.33333
6/16/2011,49.2375,10608,9.576388889,315.2608921,25.34166667,20.50083333,,6.060434783,402.2083333,11133.33333
6/17/2011,49.225,11141,9.569444444,316.5587475,25.3,22.72916667,,2.594166667,426.2083333,11179.16667
6/18/2011,49.2,10989,9.555555556,313.2551154,24.732,38.4212,,1.44,370.0416667,11062.5
6/19/2011,49.39583333,11080,9.664351852,301.6924031,25.7125,32.19875,,4.78,417.5,10654.16667
6/20/2011,49.45,11033,9.694444444,295.5570863,28.32916667,26.99541667,,4.437083333,421.3333333,10437.5
6/21/2011,49.5,10056,9.722222222,289.0914063,29.96666667,31.92291667,,2.486666667,418.2083333,10209.16667
6/22/2011,49.25,12414,9.583333333,278.7203613,29.79583333,40.205,,1.992916667,407.5416667,9842.916667
6/23/2011,49.3875,11115,9.659722222,267.6649924,28,28.7775,,2.315416667,423.0833333,9452.5
6/24/2011,49.48333333,10310,9.712962963,254.3796719,26.532,28.198,,3.1284,416.7083333,8983.333333
6/25/2011,49.42916667,11223,9.68287037,277.6466808,25.4875,32.1975,,1.842916667,380.7916667,9805
6/26/2011,49.39166667,11304,9.662037037,281.7880196,25.55833333,42.16791667,,1.5425,316.0416667,9951.25
6/27/2011,49.4375,11349,9.6875,286.283319,26.25416667,41.84125,,1.950416667,394.6666667,10110
6/28/2011,49.6875,11257,9.826388889,278.0596348,19.64722222,71.17361111,,5.415277778,106.875,9819.583333
6/29/2011,49.1125,11171,9.506944444,279.5816654,17.11304348,84.0423913,,2.281956522,282.5833333,9873.333333
6/30/2011,49.50833333,12306,9.726851852,301.4564293,20.97916667,61.41166667,,1.306666667,408.3333333,10645.83333
7/1/2011,49.62916667,12049,9.793981481,321.8681563,26.01666667,42.38208333,,2.6575,418.9166667,11366.66667
7/2/2011,49.55833333,12840,9.75462963,327.6495124,27.39166667,45.15541667,,1.092916667,254.0454545,11570.83333
7/3/2011,49.62083333,12335,9.789351852,330.0092497,30.18461538,36.50730769,,2.630769231,320.1666667,11654.16667
7/4/2011,49.7875,12727,9.881944444,327.4135387,28.66363636,37.35090909,,1.799545455,411.25,11562.5
7/5/2011,49.75833333,12520,9.865740741,333.1948949,39.15,14.69,,1.1575,413.25,11766.66667
7/6/2011,49.75416667,12753,9.863425926,381.6874947,29.69583333,37.7775,,1.500833333,403.6666667,13479.16667
7/7/2011,49.79583333,13588,9.886574074,382.1594421,29.76666667,37.97958333,,2.057916667,361.5833333,13495.83333
7/8/2011,49.93333333,13032,9.962962963,376.8500334,29.3625,38.54166667,,2.421666667,401.75,13308.33333
7/9/2011,49.95833333,12425,9.976851852,363.7534918,28.59166667,40.95083333,,1.457916667,393.5833333,12845.83333
7/10/2011,49.93333333,12483,9.962962963,359.0340174,27.41666667,42.9225,,1.521666667,393.2916667,12679.16667
7/11/2011,49.85416667,12232,9.918981481,364.9333605,25.75,41.01083333,,2.615,396.1666667,12887.5
7/12/2011,49.82916667,11877,9.905092593,365.9952422,23.93333333,49.87625,,3.04375,356.875,12925
7/13/2011,49.59583333,12423,9.775462963,359.9779123,23.63913043,55.23347826,,4.227826087,341.7083333,12712.5
7/14/2011,49.7625,12047,9.868055556,363.0455707,22.175,56.09916667,,2.572083333,399.5416667,12820.83333
7/15/2011,49.4875,12599,9.715277778,361.1577809,22.66666667,44.7225,,1.735416667,397.75,12754.16667
7/16/2011,49.55833333,12257,9.75462963,357.5001882,23.25416667,48.33166667,,3.665416667,384.125,12625
7/17/2011,49.60833333,12696,9.782407407,364.5793999,22.34230769,55.16153846,,3.918461538,379.2916667,12875
7/18/2011,49.46666667,12740,9.703703704,366.5851765,21.6625,43.89458333,,1.928333333,217.5416667,12945.83333
7/19/2011,49.59166667,12445,9.773148148,361.039794,22.50434783,61.84086957,,1.342173913,345.4583333,12750
7/20/2011,50.03333333,11912,10.01851852,351.1288977,26.575,41.25125,,2.164583333,393.7083333,12400
7/21/2011,50.2625,11795,10.14583333,348.5331868,27.96666667,40.20375,,2.18625,386.375,12308.33333
7/22/2011,50.26666667,11812,10.14814815,345.1115678,29.6125,34.04875,,2.444166667,383.25,12187.5
7/23/2011,50.29583333,11783,10.16435185,344.7576073,28.77916667,39.58208333,,1.37125,385.4166667,12175
7/24/2011,50.30833333,11953,10.1712963,349.241108,27.5375,43.75041667,,2.485833333,384.4166667,12333.33333
7/25/2011,50.34583333,12164,10.19212963,347.8252656,25.61666667,41.88791667,,1.800416667,393.0416667,12283.33333
7/26/2011,50.34166667,12104,10.18981481,345.7015021,26.84583333,33.34916667,,1.88625,384.7083333,12208.33333
7/27/2011,50.40833333,11968,10.22685185,342.5158569,28.0875,35.01791667,,1.67125,381.9583333,12095.83333
7/28/2011,50.5,11983,10.27777778,346.7633839,29.80416667,34.53458333,,2.122083333,381.7083333,12245.83333
7/29/2011,50.5625,11963,10.3125,353.2526612,30.22916667,37.19625,,1.135416667,366.9166667,12475
7/30/2011,50.64166667,11946,10.35648148,352.1907795,27.57272727,49.49636364,,1.730909091,366.125,12437.5
7/31/2011,50.59166667,12073,10.3287037,348.2972131,28.02727273,45.34818182,,1.706818182,367.2083333,12300
8/1/2011,50.69166667,11945,10.38425926,349.7130554,27.79166667,45.34208333,,2.529166667,372.3333333,12350
8/2/2011,50.76666667,11746,10.42592593,345.3475416,28.07916667,31.35458333,,1.907083333,377.9583333,12195.83333
8/3/2011,50.8,12219,10.44444444,356.2023328,27.70833333,29.61458333,,1.97125,383.75,12579.16667
8/4/2011,50.79166667,12176,10.43981481,351.8368189,25.85833333,37.19416667,,2.12125,374.1666667,12425
8/5/2011,50.82916667,11797,10.46064815,361.3937546,25.6,46.58666667,,1.67125,370.5,12762.5
8/6/2011,50.9875,12012,10.54861111,350.067016,26.42083333,41.16708333,,1.565,365.7083333,12362.5
8/7/2011,51.05,11834,10.58333333,340.0381328,25.99583333,42.76416667,,1.585833333,354,12008.33333
8/8/2011,51.04166667,11742,10.5787037,346.7633839,26.42083333,39.57166667,,1.671666667,366.2083333,12245.83333
8/9/2011,51.37083333,11813,10.76157407,349.3590948,27.56666667,33.62375,,1.607083333,363.9583333,12337.5
8/10/2011,51.39583333,11791,10.77546296,348.7691605,27.97083333,34.50875,,1.8,363.5,12316.66667
8/11/2011,51.39166667,11701,10.77314815,343.3417649,28.1,39.32166667,,1.65,239.3125,12125
8/12/2011,51.075,11870,10.59722222,350.4209766,27.85416667,42.50458333,,1.84375,359.4166667,12375
8/13/2011,51.06666667,11434,10.59259259,341.571962,28.24166667,40.96458333,,2.014583333,358.8333333,12062.5
8/14/2011,51.02916667,11268,10.57175926,336.1445664,27.36666667,37.44416667,,1.842916667,360.625,11870.83333
8/15/2011,50.98333333,11481,10.5462963,337.6783956,26,35.23208333,,1.392916667,359.8333333,11925
8/16/2011,51.0125,11379,10.5625,338.2683299,26.18333333,31.34833333,,1.39375,363.5833333,11945.83333
8/17/2011,50.95833333,11119,10.53240741,338.0323562,27.18333333,30.98166667,,1.520833333,354.9166667,11937.5
8/18/2011,51.07083333,11298,10.59490741,327.7674993,28.2625,33.30541667,,1.35,353.6666667,11575
8/19/2011,51.19166667,10964,10.66203704,332.1330132,28.45,39.64,,1.842916667,349,11729.16667
8/20/2011,51.125,11219,10.625,327.6495124,26.35833333,46.53333333,,1.8,351.1666667,11570.83333
8/21/2011,51.12083333,11319,10.62268519,324.9358146,24.675,42.96125,,1.435416667,354.8333333,11475
8/22/2011,51.225,11018,10.68055556,332.3689869,25.06666667,39.87958333,,1.242916667,355.2083333,11737.5
8/23/2011,51.325,11126,10.73611111,333.7848292,26.47916667,33.15333333,,1.672083333,352.875,11787.5
8/24/2011,51.45833333,11063,10.81018519,332.1330132,27.36666667,30.18791667,,1.993333333,320.6086957,11729.16667
8/25/2011,51.45416667,10855,10.80787037,332.8409343,27.19130435,34.68913043,,1.800416667,345.6666667,11754.16667
8/26/2011,51.4125,11208,10.78472222,327.0595781,27.7125,33.7225,,1.6075,347.5833333,11550
8/27/2011,51.675,11000,10.93055556,329.7732759,28.07083333,33.70166667,,1.865416667,345.75,11645.83333
8/28/2011,51.61666667,10996,10.89814815,325.0538015,27.5875,35.82458333,,1.2,340.9166667,11479.16667
8/29/2011,51.5625,10716,10.86805556,330.9531445,27.7375,28.93875,,1.500833333,337.375,11687.5
8/30/2011,51.64583333,11416,10.91435185,327.8854862,26.82916667,37.9875,,1.436666667,327.5,11579.16667
8/31/2011,51.90833333,10949,11.06018519,325.5257489,25.425,40.6775,,1.800833333,330.4583333,11495.83333
9/1/2011,52.025,10740,11.125,312.783168,27.10833333,21.15791667,,4.350416667,334.125,11045.83333
9/2/2011,51.73333333,10801,10.96296296,309.7155096,30.44166667,10.62583333,,5.122916667,340.2083333,10937.5
9/3/2011,51.45416667,10505,10.80787037,312.783168,27.17083333,30.57541667,,1.222083333,334.5416667,11045.83333
9/4/2011,51.6375,10838,10.90972222,311.7212862,26.95,34.05708333,,1.242916667,298,11008.33333
9/5/2011,51.6625,10668,10.92361111,317.9745899,25.925,33.89708333,,1.457083333,324.125,11229.16667
9/6/2011,51.70416667,10390,10.94675926,315.3788789,26.09583333,32.3775,,1.479166667,330.9166667,11137.5
9/7/2011,51.63333333,10832,10.90740741,316.2047869,26.34166667,26.7625,,1.114166667,308.25,11166.66667
9/8/2011,51.76666667,10629,10.98148148,312.783168,27.51666667,30.37333333,,1.522083333,310.7083333,11045.83333
9/9/2011,52.0375,10461,11.13194444,306.2938906,31.48333333,23.61583333,,3.793333333,298.9166667,10816.66667
9/10/2011,52.04166667,10181,11.13425926,301.4564293,32.81666667,16.08916667,,3.922916667,292.1666667,10645.83333
9/11/2011,51.95416667,10138,11.08564815,292.3714411,26.12916667,41.24416667,,2.143333333,267.5,10325
9/12/2011,51.76666667,9798,10.98148148,296.6189681,24.52222222,60.89666667,,1.99962963,257.4583333,10475
9/13/2011,51.84583333,9979,11.02546296,300.5125345,25.13461538,62.36807692,,1.957692308,288.8333333,10612.5
9/14/2011,51.95833333,9549,11.08796296,288.1003167,26.78333333,49.04833333,,1.564583333,285.0833333,10174.16667
9/15/2011,51.98333333,9251,11.10185185,274.708808,24.87916667,49.31541667,,1.629583333,182.5217391,9701.25
9/16/2011,51.8875,9864,11.04861111,267.8655701,21.64166667,43.52833333,,0.900416667,241.875,9459.583333
9/17/2011,52.025,9588,11.125,269.0572374,22.15416667,41.9975,,2.079166667,290.0416667,9501.666667
9/18/2011,51.52083333,9436,10.84490741,269.9067428,24.10416667,33.12875,,1.2,291.4583333,9531.666667
9/19/2011,50.85416667,9627,10.47453704,270.2843007,24.42727273,39.79409091,,0.562857143,288.0833333,9545
9/20/2011,50.93333333,9142,10.51851852,269.5291848,26.27916667,33.33083333,,1.1575,289.75,9518.333333
9/21/2011,50.9875,9201,10.54861111,265.989579,26.7125,30.23958333,,1.714583333,289.0416667,9393.333333
9/22/2011,51.05416667,9257,10.58564815,267.7121872,28.11428571,26.82809524,,1.42,285.75,9454.166667
9/23/2011,51.09166667,9325,10.60648148,256.9517855,26.63333333,28.82208333,,1.050416667,276.4583333,9074.166667
9/24/2011,50.62916667,8987,10.34953704,248.1145696,25.1875,35.49125,,1.5,252.3333333,8762.083333
9/25/2011,50.85833333,8929,10.47685185,245.9790074,19.42413793,62.15689655,,3.405862069,121.625,8686.666667
9/26/2011,50.80416667,8864,10.44675926,253.7189455,18.832,62.9188,,1.09,259.2083333,8960
9/27/2011,50.63333333,8651,10.35185185,254.7218338,21.775,43.51916667,,0.749166667,260.7083333,8995.416667
9/28/2011,50.64583333,8489,10.3587963,252.645265,23.97083333,45.25333333,,1.00625,260.375,8922.083333
9/29/2011,50.925,9236,10.51388889,252.8576414,25.20833333,41.27291667,,1.093333333,253.6666667,8929.583333
9/30/2011,51.02083333,8835,10.56712963,250.9344555,24.05,45.61625,,1.714166667,244.4166667,8861.666667
10/1/2011,51.00416667,8720,10.55787037,249.0348671,19.26153846,60.915,,3.185769231,72.29166667,8794.583333
10/2/2011,50.67916667,8484,10.37731481,243.0175372,17.3375,66.14458333,,1.478333333,172.0833333,8582.083333
10/3/2011,50.76666667,8328,10.42592593,232.1745447,15.41666667,68.82541667,,1.393333333,67.25,8199.166667
10/4/2011,50.61666667,8213,10.34259259,237.8143166,12.83030303,93.10575758,,1.044242424,30.625,8398.333333
10/5/2011,50.5,8006,10.27777778,238.215472,11.73333333,88.06846154,,4.234615385,93.66666667,8412.5
10/6/2011,50.84166667,8183,10.46759259,239.0295813,10.42068966,82.47896552,,1.631724138,222.375,8441.25
10/7/2011,51.16666667,8384,10.64814815,236.6226493,14.65416667,58.8775,,2.550416667,239.2083333,8356.25
10/8/2011,51.01666667,8136,10.56481481,242.4040055,18.03333333,54.755,,1.907916667,242.75,8560.416667
10/9/2011,51.1625,8004,10.64583333,239.1947629,15.8875,64.84291667,,0.556666667,221.4166667,8447.083333
10/10/2011,51.225,8112,10.68055556,243.513082,15.684375,86.9525,,1.84875,34.04166667,8599.583333
10/11/2011,51.29583333,8148,10.71990741,239.04138,17.60606061,86.95212121,,2.587575758,202.25,8441.666667
10/12/2011,51.40833333,8657,10.78240741,236.0091177,17.82916667,64.94541667,,1.758333333,225.8333333,8334.583333
10/13/2011,51.15,7920,10.63888889,243.7962505,18.66666667,54.74583333,,1.11375,214.4583333,8609.583333
10/14/2011,51.17916667,8326,10.65509259,242.1798305,19.44583333,62.00458333,,0.4925,189.1666667,8552.5
10/15/2011,51.48333333,7100,10.82407407,215.7979684,20.60416667,64.99458333,,0.4925,191,7620.833333
10/16/2011,51.65416667,6040,10.91898148,183.4459712,20.236,73,,0.6168,194.375,6478.333333
10/17/2011,52.075,5791,11.15277778,175.5762476,21.20416667,58.72333333,,2.529583333,214.4583333,6200.416667
10/18/2011,52.12916667,5994,11.18287037,172.7091668,21.15909091,53.40136364,,1.098181818,230.9090909,6099.166667
10/19/2011,51.9625,5930,11.09027778,172.6501734,18.25833333,69.18541667,,0.707083333,201.5416667,6097.083333
10/20/2011,51.92083333,6877,11.06712963,197.7931734,17.04166667,75.99708333,,0.57875,168.5,6985
10/21/2011,51.925,7176,11.06944444,201.2383898,17.072,72.238,,0.7608,197.0833333,7106.666667
10/22/2011,52.05833333,6898,11.14351852,201.6631425,21.82083333,39.26125,,3.27875,205.625,7121.666667
10/23/2011,51.89583333,6914,11.05324074,201.2855845,19.02916667,53.1725,,0.835416667,178.375,7108.333333
10/24/2011,51.84583333,7468,11.02546296,201.4625648,17.24166667,66.31208333,,0.51375,180,7114.583333
10/25/2011,51.84583333,7266,11.02546296,202.1586873,18.54230769,25.43961538,,6.065833333,191,7139.166667
10/26/2011,51.7875,6888,10.99305556,203.7043152,16.825,17.69041667,,5.765833333,195.5,7193.75
10/27/2011,51.49166667,6856,10.8287037,202.8784071,15.37916667,26.30375,,2.035416667,188.875,7164.583333
10/28/2011,51.50833333,6785,10.83796296,202.0053044,11.71666667,52.37458333,,0.214166667,189.5,7133.75
10/29/2011,51.6375,6920,10.90972222,201.9581096,13.84166667,54.70166667,,1.735833333,177.3333333,7132.083333
10/30/2011,51.6375,6996,10.90972222,201.4743635,19.4375,49.92666667,,1.629583333,173.3333333,7115
10/31/2011,51.75416667,6892,10.97453704,202.1940834,17.0125,63.27791667,,1.650416667,176.2083333,7140.416667
11/1/2011,51.55416667,7024,10.86342593,202.0289017,16.525,23.995,,9.045,184.625,7134.583333
11/2/2011,51.23333333,7025,10.68518519,202.8430111,16.9125,11.91291667,,4.695,180.5,7163.333333
11/3/2011,51.32916667,7033,10.73842593,202.3002715,8.566666667,59.2025,,1.17875,64.41666667,7144.166667
11/4/2011,51.18333333,7005,10.65740741,204.2588534,4.658823529,86.48941176,,0.352745098,140.9166667,7213.333333
11/5/2011,51.4625,6961,10.8125,201.4507661,6.683333333,65.29166667,,1.37125,60.625,7114.166667
11/6/2011,51.16666667,6704,10.64814815,202.0878952,6.893333333,89.18688889,,0.88,37.16666667,7136.666667
11/7/2011,51.03333333,7004,10.57407407,202.2412781,7.235714286,78.65857143,,1.800357143,171.25,7142.083333
11/8/2011,51.2625,7272,10.70138889,201.7693307,6.520833333,72.31416667,,0.47125,161.5,7125.416667
11/9/2011,51.37083333,7264,10.76157407,201.3681753,6.295833333,77.77083333,,0,115.4166667,7111.25
11/10/2011,51.28333333,7115,10.71296296,201.5923504,7.108333333,72.69375,,0.1925,161.5833333,7119.166667
11/11/2011,51.4,7202,10.77777778,201.6631425,7.6,67.06416667,,0.47125,93.625,7121.666667
11/12/2011,51.58333333,6992,10.87962963,201.7457333,12.09333333,67.257,,0.822333333,138.3333333,7124.583333
11/13/2011,51.55416667,6789,10.86342593,201.8283241,10.85833333,70.24666667,,0.578333333,108.25,7127.5
11/14/2011,51.43333333,7044,10.7962963,202.3120702,11.372,70.8604,,0.9872,143.4583333,7144.583333
11/15/2011,51.61666667,6459,10.89814815,203.6453217,9.395833333,71.13041667,,0.706666667,145.2916667,7191.666667
11/16/2011,51.57083333,6920,10.87268519,201.8991162,10.34166667,69.55375,,0.835416667,148.8333333,7130
11/17/2011,51.56666667,6707,10.87037037,202.3710636,9.75,77.39583333,,0.857083333,73.25,7146.666667
11/18/2011,51.4,6989,10.77777778,202.9609979,11.08333333,60.65333333,,4.887916667,78.41666667,7167.5
11/19/2011,51.13333333,6875,10.62962963,203.2559651,3.8125,70.35958333,,1.156666667,113.625,7177.916667
11/20/2011,51.0625,7256,10.59027778,196.2475456,6.505263158,85.99210526,,1.625263158,50.70833333,6930.416667
11/21/2011,51.45,7182,10.80555556,203.8458994,4.737777778,94.27622222,,0.353777778,43.5,7198.75
11/22/2011,51.30833333,7047,10.72685185,203.8458994,9.7,86.40272727,,3.586060606,23.33333333,7198.75
11/23/2011,51.25833333,6952,10.69907407,203.7987047,9.334375,85.981875,,0.5140625,30.33333333,7197.083333
11/24/2011,51.2625,6987,10.70138889,204.3178468,8.977941176,95.79514706,,0.997941176,39.66666667,7215.416667
11/25/2011,51.575,6895,10.875,203.9284902,11.03243243,87.74972973,,0.987027027,108.9166667,7201.666667
11/26/2011,51.4375,6833,10.79861111,204.4594311,9.075,80.30916667,,1.821666667,123.7916667,7220.416667
11/27/2011,51.22083333,6453,10.67824074,179.2102429,4.732857143,93.46442857,,0.176142857,83.83333333,6328.75
11/28/2011,51.39583333,6224,10.77546296,173.8064446,9.632258065,83.49225806,,0.31483871,106.75,6137.916667
11/29/2011,51.22083333,6189,10.67824074,172.7209655,6.48,80.7265,,0.367619048,128.2916667,6099.583333
11/30/2011,51.19166667,5704,10.66203704,173.9952236,6.817142857,81.69885714,,1.748857143,132.5,6144.583333
12/1/2011,51.01666667,5689,10.56481481,170.8685718,13.2875,24.31833333,,8.637916667,133.9583333,6034.166667
12/2/2011,50.775,5422,10.43055556,170.561806,14.25,22.90416667,,3.837083333,132.2083333,6023.333333
12/3/2011,50.7375,5492,10.40972222,160.4385333,12.47916667,17.41375,,8.552083333,131.2083333,5665.833333
12/4/2011,50.59166667,5586,10.3287037,158.4091593,10.788,34.434,,3.4368,126.5416667,5594.166667
12/5/2011,50.5875,5538,10.32638889,160.2025596,12.62083333,21.59291667,,7.63125,128.0833333,5657.5
12/6/2011,50.875,5317,10.48611111,154.2914179,6.4125,45.6,,1.274782609,116.125,5448.75
12/7/2011,50.82083333,5720,10.45601852,148.0145169,4.4375,64.99875,,0.192916667,105.75,5227.083333
12/8/2011,50.625,5132,10.34722222,142.1387712,6.336,64.9604,,1.8928,118.75,5019.583333
12/9/2011,50.53333333,4857,10.2962963,141.7258172,6.454166667,64.84458333,,0.6425,121.2083333,5005
12/10/2011,50.45,4773,10.25,145.4306046,4.208333333,68.7775,,0.214166667,110.375,5135.833333
12/11/2011,50.3125,5066,10.17361111,139.9560143,3.2625,72.6625,,0.3,99.79166667,4942.5
12/12/2011,50.15833333,5061,10.08796296,141.1004868,5.491666667,67.26208333,,2.250833333,111.25,4982.916667
12/13/2011,50.29166667,4774,10.16203704,143.236049,8.545833333,41.86208333,,2.400833333,119.7083333,5058.333333
12/14/2011,50.29583333,5106,10.16435185,145.7963639,2.379166667,69.78791667,,0.256666667,105.375,5148.75
12/15/2011,50.34166667,4916,10.18981481,144.7698782,7.042857143,79.125,,1.873571429,92.41666667,5112.5
12/16/2011,50.425,4950,10.23611111,144.6518913,12.35,39.45666667,,5.294583333,113.125,5108.333333
12/17/2011,50.3125,5033,10.17361111,143.1298608,16.45833333,24.29291667,,4.244583333,123.5416667,5054.583333
12/18/2011,50.34166667,4655,10.18981481,143.460224,4.89,77.77566667,,0.514,106.5,5066.25
12/19/2011,50.50833333,5049,10.28240741,142.7759003,11.45833333,45.47416667,,5.91625,106.4583333,5042.083333
12/20/2011,50.24166667,5113,10.13425926,143.424828,14.75833333,20.12041667,,6.816666667,119.7916667,5065
12/21/2011,51.5125,4931,10.84027778,143.9085741,13.10416667,29.65125,,5.74375,126.2916667,5082.083333
12/22/2011,51.7375,4872,10.96527778,144.5575019,10.5,16.57583333,,5.6375,127.8333333,5105
12/23/2011,51.49583333,4925,10.83101852,144.2035413,3.541666667,48.26708333,,0.535416667,99.91666667,5092.5
12/24/2011,51.52916667,5137,10.84953704,144.2271386,3.704166667,60.29916667,,0.878333333,122.7083333,5093.333333
12/25/2011,51.44583333,4863,10.80324074,144.474911,2.895833333,67.53666667,,0.535416667,108.5,5102.083333
12/26/2011,51.34583333,4982,10.74768519,145.5603902,2.7,65.77083333,,0.385,118.7916667,5140.416667
12/27/2011,51.31666667,4768,10.73148148,144.3451255,4.95,63.9175,,0.706666667,85.70833333,5097.5
12/28/2011,51.4,4885,10.77777778,144.2035413,10.02083333,60.52166667,,0,45.5,5092.5
12/29/2011,51.4875,4979,10.82638889,143.7433925,7.595833333,74.70375,,0.62125,35.375,5076.25
12/30/2011,51.37083333,5076,10.76157407,142.634316,9.751428571,85.74714286,,2.69,32.33333333,5037.083333
12/31/2011,51.17083333,5033,10.65046296,143.0000753,7.239130435,62.70043478,,2.706956522,117.875,5050
1/1/2012,50.83333333,4741,10.46296296,142.9292832,7.35,62.80625,,0.856666667,113.0416667,5047.5
1/2/2012,50.85416667,4788,10.47453704,142.4927318,5.425,78.54166667,,0.728333333,98.5,5032.083333
1/3/2012,50.87916667,5236,10.48842593,142.0443817,6.970833333,76.59875,,0.278333333,106.0833333,5016.25
1/4/2012,50.79583333,5304,10.44212963,143.8495807,7.308333333,74.46958333,,0.128333333,117,5080
1/5/2012,50.77916667,5268,10.43287037,144.1445478,9.208333333,71.2225,,0.278333333,110.9166667,5090.416667
1/6/2012,50.775,5245,10.43055556,144.4631124,6.420833333,75.62041667,,0.47125,89.5,5101.666667
1/7/2012,50.61666667,4745,10.34259259,144.1917426,9.329166667,55.25916667,,3.622916667,123.25,5092.083333
1/8/2012,50.4375,4607,10.24305556,144.0147623,14.10833333,23.66416667,,4.737083333,119.875,5085.833333
1/9/2012,50.34166667,4936,10.18981481,142.2331607,6.454166667,57.61708333,,0.6425,123.5,5022.916667
1/10/2012,50.325,4711,10.18055556,139.2834892,5.2,69.87583333,,0.1925,81.26086957,4918.75
1/11/2012,50.26666667,5039,10.14814815,136.9473493,13.4,35.27125,,3.88125,,4836.25
1/12/2012,50.11666667,4740,10.06481481,137.4546928,10.4625,36.44875,,3.065,327.25,4854.166667
1/13/2012,50.03333333,4766,10.01851852,133.7617041,6.845833333,51.065,,0.449583333,129.8333333,4723.75
1/14/2012,49.92083333,4297,9.956018519,133.8914896,5.366666667,58.77791667,,0.278333333,128.9583333,4728.333333
1/15/2012,49.78333333,4269,9.87962963,132.0154985,4.6625,62.92833333,,0.9425,132.4166667,4662.083333
1/16/2012,49.4375,4359,9.6875,131.7795248,2.829166667,45.48875,,1.607916667,143.9166667,4653.75
1/17/2012,49.18333333,4569,9.546296296,130.646851,-1.208333333,59.01875,,0.47125,130.9583333,4613.75
1/18/2012,49.2625,4473,9.590277778,125.007079,3.226923077,62.21346154,,1.067692308,33.83333333,4414.583333
1/19/2012,49.2125,4628,9.5625,125.9155778,3.384210526,94.54315789,,1.394473684,7.333333333,4446.666667
1/20/2012,48.63333333,4167,9.240740741,122.4231668,3.318367347,96.47938776,,0.755306122,9.375,4323.333333
1/21/2012,48.54583333,3979,9.19212963,116.7951935,6.321153846,91.39365385,,1.573076923,116.6666667,4124.583333
1/22/2012,48.575,4240,9.208333333,113.8691194,5.029411765,81.59205882,,2.980882353,19.625,4021.25
1/23/2012,48.4625,4234,9.145833333,114.3174694,5.335897436,87.35974359,,2.77,137.7083333,4037.083333
1/24/2012,48.4875,4276,9.159722222,113.1376008,7.641666667,73.46041667,,0.98625,64.08333333,3995.416667
1/25/2012,48.675,3922,9.263888889,115.7215131,9.396153846,83.53846154,,0.93,100.625,4086.666667
1/26/2012,49,4261,9.444444444,116.4530316,10.75641026,89.85820513,,0.804102564,67.16666667,4112.5
1/27/2012,49.02083333,4191,9.456018519,116.3704408,10.85,50.71166667,,4.48,166.2083333,4109.583333
1/28/2012,48.84166667,3680,9.356481481,116.099071,12.89583333,22.9125,,4.200833333,141.875,4100
1/29/2012,48.67083333,3811,9.261574074,116.0518763,9.404166667,50.02166667,,0.835833333,122.375,4098.333333
1/30/2012,48.73333333,4054,9.296296296,116.3350447,9.770833333,64.85083333,,0.643333333,135.4166667,4108.333333
1/31/2012,48.74166667,4003,9.300925926,116.3468434,8.0125,71.74583333,,0.578333333,125.375,4108.75
2/1/2012,48.8125,3834,9.340277778,113.0314126,10.84230769,75.3,,2.196538462,130.875,3991.666667
2/2/2012,48.82916667,3841,9.349537037,108.7838857,11.35833333,48.87833333,,4.587083333,158.5,3841.666667
2/3/2012,48.71666667,3829,9.287037037,104.937514,13.0125,23.34791667,,4.54375,170.7083333,3705.833333
2/4/2012,48.5125,3366,9.173611111,102.0940307,7.366666667,55.78041667,,0.42875,175.8333333,3605.416667
2/5/2012,48.5375,3473,9.1875,98.83759329,8.1,55.32708333,,0.92125,178.125,3490.416667
2/6/2012,48.5375,3473,9.1875,95.72274017,7.495833333,57.70666667,,0.47125,138,3380.416667
2/7/2012,48.5,2710,9.166666667,92.90285419,8.768965517,74.55,,0.957241379,30.125,3280.833333
2/8/2012,48.54166667,3643,9.189814815,100.7489804,10.02631579,89.21973684,,1.190263158,151.5,3557.916667
2/9/2012,48.61666667,3650,9.231481481,113.0432113,10.99166667,74.1975,,0.835416667,166.9583333,3992.083333
2/10/2012,48.59583333,5203,9.219907407,114.0814957,10.28518519,83.50148148,,1.161481481,76.16666667,4028.75
2/11/2012,48.15833333,3907,8.976851852,115.3793512,10.3862069,88.60948276,,0.664827586,150.7916667,4074.583333
2/12/2012,47.97916667,3860,8.877314815,115.4029485,10.7875,46.86916667,,2.464583333,126.5833333,4075.416667
2/13/2012,47.875,3949,8.819444444,115.2967604,7.791428571,84.962,,1.322,159.3333333,4071.666667
2/14/2012,47.75,4092,8.75,115.5917275,8.958333333,55.02666667,,2.294166667,189.0416667,4082.083333
2/15/2012,47.74166667,4411,8.74537037,115.6743183,9.583333333,37.30541667,,4.329583333,203.9166667,4085
2/16/2012,47.73333333,3802,8.740740741,115.2613643,11.02083333,34.065,,3.365833333,195.4166667,4070.416667
2/17/2012,47.78333333,3539,8.768518519,114.0107036,9.566666667,55.90583333,,0.320833333,72.5,4026.25
2/18/2012,47.89583333,3597,8.831018519,110.6952728,9.233333333,61.08458333,,1.05,149.9583333,3909.166667
2/19/2012,47.81666667,3996,8.787037037,112.9606205,8.804166667,37.64916667,,2.487083333,209.9166667,3989.166667
2/20/2012,47.79583333,4234,8.775462963,113.9635088,8.404166667,62.93458333,,1.2425,72,4024.583333
2/21/2012,47.8375,4058,8.798611111,118.1638411,10.96666667,68.17208333,,0.749583333,144.25,4172.916667
2/22/2012,47.9,4307,8.833333333,142.8466924,15.63333333,55.78458333,,1.654782609,173.5416667,5044.583333
2/23/2012,48.2,5636,9,144.2389373,15.44166667,30.925,,5.572916667,219.0416667,5093.75
2/24/2012,47.89583333,5226,8.831018519,144.6518913,16.34166667,20.72916667,,4.587916667,223.5416667,5108.333333
2/25/2012,48.06666667,4848,8.925925926,142.4219397,12.1375,37.135,,3.729583333,225.4583333,5029.583333
2/26/2012,47.95416667,4958,8.863425926,137.4900889,7.945833333,33.04,,4.00875,120.3333333,4855.416667
2/27/2012,47.70416667,4736,8.724537037,134.1746581,9.004166667,37.01583333,,3.837083333,206.75,4738.333333
2/28/2012,47.35,3962,8.527777778,135.6612925,5.661538462,68.25769231,,2.789615385,127.1666667,4790.833333
2/29/2012,47.45833333,4574,8.587962963,135.1893451,7.597368421,75.38552632,,7.229473684,123.4166667,4774.166667
3/1/2012,47.475,4980,8.597222222,128.015744,7.05483871,71.15419355,,3.369032258,126.8333333,4520.833333
3/2/2012,47.30416667,4350,8.502314815,119.2493202,8.279166667,48.53708333,,3.515,230.1666667,4211.25
3/3/2012,47.375,4121,8.541666667,114.6124366,13.98333333,42.48,,2.594583333,239.25,4047.5
3/4/2012,47.60833333,3328,8.671296296,115.3911499,12.975,57.35291667,,0.72875,242.4166667,4075
3/5/2012,47.8625,3877,8.8125,115.3557538,12.15833333,62.43333333,,1.477916667,229.625,4073.75
3/6/2012,48.15416667,4180,8.974537037,115.3557538,11.89583333,32.12791667,,5.830416667,242.2083333,4073.75
3/7/2012,47.86666667,4397,8.814814815,115.9574868,9.35,27.345,,4.972916667,257.125,4095
3/8/2012,47.62083333,4040,8.678240741,115.7569091,14.11666667,28.38875,,2.808333333,256.4583333,4087.916667
3/9/2012,47.99166667,4193,8.884259259,116.099071,10.47916667,53.77791667,,1.157083333,250.7916667,4100
3/10/2012,48.15,3679,8.972222222,116.2760513,10.94166667,53.92333333,,1.992916667,236.4166667,4106.25
3/11/2012,48.09565217,3968,8.942028986,116.2221878,11.00666667,70.67566667,,5.847666667,133.8333333,4104.347826
3/12/2012,48.17916667,3987,8.988425926,116.5474211,8.779166667,58.0225,,3.75,225.6666667,4115.833333
3/13/2012,48,4318,8.888888889,115.461942,10.77142857,75.6125,,12.53071429,48,4077.5
3/14/2012,47.6,3875,8.666666667,111.7335572,10.47115385,93.68711538,,4.451538462,30.16666667,3945.833333
3/15/2012,47.66666667,4509,8.703703704,113.3971719,13.17647059,88.03176471,,7.808235294,56.16666667,4004.583333
3/16/2012,47.7625,3275,8.756944444,110.9430452,12.1,86.44926829,,7.992682927,52.79166667,3917.916667
3/17/2012,47.94583333,3388,8.858796296,104.0998073,7.979166667,63.98541667,,2.98,250.875,3676.25
3/18/2012,48.04166667,3264,8.912037037,100.0174619,8.64,58.6788,,2.8816,200.25,3532.083333
3/19/2012,47.95833333,3103,8.865740741,96.80821929,5.554166667,54.56083333,,1.564166667,180.6666667,3418.75
3/20/2012,48.12083333,2759,8.956018519,94.86143608,7.779166667,61.5125,,1.200416667,85.875,3350
3/21/2012,47.94583333,2969,8.858796296,94.57826762,9.337931034,79.69482759,,1.223793103,61.61904762,3340
3/22/2012,47.90833333,3521,8.837962963,94.60186499,10.70571429,81.58371429,,2.483428571,118.25,3340.833333
3/23/2012,48.03333333,3353,8.907407407,94.5900663,8.804,67.9184,,2.9632,364,3340.416667
3/24/2012,48.29583333,2874,9.053240741,94.80244265,8.460714286,72.6975,,2.186428571,54.25,3347.916667
3/25/2012,48.14166667,2803,8.967592593,95.32158484,6.733333333,92.73666667,,1.418484848,83.83333333,3366.25
3/26/2012,47.93333333,3275,8.851851852,95.08561112,6.836111111,84.28888889,,2.243888889,127.0416667,3357.916667
3/27/2012,47.70416667,4668,8.724537037,100.1826435,9.211538462,78.13923077,,5.599615385,42.95833333,3537.916667
3/28/2012,47.59583333,3742,8.664351852,102.5069847,10.05454545,82.34431818,,6.243181818,157.2083333,3620
3/29/2012,47.80833333,3192,8.782407407,97.76391286,11.9625,68.48458333,,3.558333333,63,3452.5
3/30/2012,48.00833333,3573,8.893518519,103.6750546,12.61,77.54,,5.093,36.20833333,3661.25
3/31/2012,48.08333333,2653,8.935185185,99.82868292,12.77419355,75.66645161,,10.20612903,144.5,3525.416667
4/1/2012,48.51666667,2986,9.175925926,96.73742717,9.369230769,65.15846154,,3.522307692,297.0416667,3416.25
4/2/2012,48.72083333,3761,9.289351852,95.55755856,11.2,56.19208333,,2.229583333,282.25,3374.583333
4/3/2012,48.86666667,2897,9.37037037,93.96473594,12.0875,61.48625,,1.649583333,192.3913043,3318.333333
4/4/2012,48.9625,3009,9.423611111,93.66976879,9.670833333,61.30375,,1.929166667,215.125,3307.916667
4/5/2012,49.0375,2877,9.465277778,93.51638587,7.575,57.27583333,,2.33625,292.625,3302.5
4/6/2012,49.06666667,3289,9.481481481,94.05912543,7.095833333,55.18125,,1.329166667,321.7916667,3321.666667
4/7/2012,49.2,3058,9.555555556,94.53107287,9.85,48.5675,,0.75,218.4166667,3338.333333
4/8/2012,49.4125,2726,9.673611111,94.28330047,11.66666667,53.39791667,,1.071666667,279.3333333,3329.583333
4/9/2012,49.51666667,3025,9.731481481,98.61341826,14.46666667,49.75083333,,1.62875,226,3482.5
4/10/2012,49.64166667,3139,9.800925926,102.4243939,10.63333333,78.92305556,,1.571666667,71.41666667,3617.083333
4/11/2012,49.425,3628,9.680555556,101.9052517,10.26,89.2885,,2.4775,153.0833333,3598.75
4/12/2012,49.35833333,3804,9.643518519,101.8108622,10.48387097,75.65935484,,10.10612903,240.0833333,3595.416667
4/13/2012,49.32916667,3861,9.627314815,93.32760689,7.731578947,88.41921053,,3.682631579,86.58333333,3295.833333
4/14/2012,49.30416667,3733,9.613425926,91.40442106,9.7,76.46769231,,1.740384615,307.0416667,3227.916667
4/15/2012,49.3375,2989,9.631944444,90.7790907,14.12083333,52.51875,,1.499583333,344.5,3205.833333
4/16/2012,49.61666667,3283,9.787037037,103.2267045,15.625,63.14041667,,1.9075,238.25,3645.416667
4/17/2012,50.32083333,3047,10.17824074,124.0395868,12.52432432,76.40594595,,0.653783784,144.8333333,4380.416667
4/18/2012,50.4375,4180,10.24305556,129.7619495,15.12083333,68.51541667,,0.642083333,174.5416667,4582.5
4/19/2012,50.4875,5086,10.27083333,130.2456956,17.96666667,68.20208333,,0.642083333,276.75,4599.583333
4/20/2012,50.60833333,4800,10.33796296,133.4785356,21.57916667,57.5675,,1.800416667,345.6666667,4713.75
4/21/2012,51.20416667,4346,10.66898148,150.8344028,22.97083333,50.08458333,,1.714583333,357.2916667,5326.666667
4/22/2012,51.575,4801,10.875,147.9555234,23.15,56.86208333,,1.2425,354.2083333,5225
4/23/2012,51.375,6916,10.76388889,156.8871288,22.17916667,63.88416667,,1.778333333,341.75,5540.416667
4/24/2012,51.22916667,6253,10.68287037,171.0809482,17.34827586,67.6837931,,1.489655172,212.1666667,6041.666667
4/25/2012,50.5625,6210,10.3125,171.6000903,17.052,72.8596,,2.3452,121.5,6060
4/26/2012,50.43333333,5771,10.24074074,171.387714,15.35806452,74.56645161,,4.464193548,298.5,6052.5
4/27/2012,50.43333333,5927,10.24074074,171.2107337,12.91666667,46.41125,,2.916666667,308.125,6046.25
4/28/2012,50.27083333,6039,10.15046296,171.2697271,18.19583333,38.67916667,,3.4725,334.1666667,6048.333333
4/29/2012,50.975,5942,10.54166667,171.3995127,22.94583333,31.62458333,,3.4725,367.0416667,6052.916667
4/30/2012,51.87916667,6029,11.04398148,171.8124667,20.82916667,51.38,,1.799583333,294.1666667,6067.5
5/1/2012,51.90833333,6243,11.06018519,171.4939022,18.40833333,33.63958333,,2.872916667,371.1666667,6056.25
5/2/2012,51.6625,5818,10.92361111,171.4585061,15.19166667,41.91916667,,1.672083333,276.25,6055
5/3/2012,51.64166667,6454,10.91203704,185.0859885,15.23333333,58.34541667,,4.094583333,172,6536.25
5/4/2012,51.30833333,7104,10.72685185,200.8136371,14.94285714,68.27607143,,2.389285714,336.4583333,7091.666667
5/5/2012,51.2,6672,10.66666667,200.4832739,16.33333333,34.965,,5.036666667,362.125,7080
5/6/2012,52.15,6838,11.19444444,199.5275803,20.95,24.68,,5.594583333,374.8333333,7046.25
5/7/2012,53.40833333,7903,11.89351852,211.7038243,23.32916667,22.265,,3.472916667,389,7476.25
5/8/2012,53.0625,8353,11.70138889,249.7781843,22.01666667,39.65,,1.54375,391.7916667,8820.833333
5/9/2012,51.5125,8904,10.84027778,263.3466733,22.54166667,43.59083333,,1.542916667,378.9583333,9300
5/10/2012,50.72916667,9057,10.40509259,265.6356184,22.50416667,17.73958333,,6.902916667,398.875,9380.833333
5/11/2012,51.45833333,10334,10.81018519,279.369289,24.07916667,16.55833333,,4.158333333,397.0416667,9865.833333
5/12/2012,51.5625,10250,10.86805556,284.631503,22.40416667,38.98,,1.199583333,395.2916667,10051.66667
5/13/2012,51.02916667,9703,10.57175926,282.5195382,23.98333333,35.56,,1.350416667,378.3333333,9977.083333
5/14/2012,50.95,9941,10.52777778,284.9264701,20.652,48.052,,2.894166667,337.4583333,10062.08333
5/15/2012,50.71666667,10016,10.39814815,283.8999845,19.452,57.7616,,1.285833333,336.25,10025.83333
5/16/2012,50.87083333,9791,10.4837963,284.2893411,22.24166667,55.36,,1.542916667,380.4583333,10039.58333
5/17/2012,50.63333333,10635,10.35185185,302.636298,22.80416667,49.72041667,,2.14375,314.4166667,10687.5
5/18/2012,50.5875,10677,10.32638889,297.5628629,20.41666667,24.125,,3.644166667,397.5833333,10508.33333
5/19/2012,51.05416667,10424,10.58564815,297.5628629,21.27083333,36.0125,,1.350416667,390.375,10508.33333
5/20/2012,50.90416667,10775,10.50231481,290.8376119,23.9375,36.58125,,1.564166667,384.0416667,10270.83333
5/21/2012,50.85416667,10063,10.47453704,297.3268892,23.93333333,45.70166667,,2.335833333,310.5833333,10500
5/22/2012,50.6375,10095,10.35416667,295.4390994,20.87391304,43.8,,1.811304348,103.8333333,10433.33333
5/23/2012,50.62083333,10190,10.34490741,296.1470206,18.69166667,38.39666667,,2.997391304,18.55,10458.33333
5/24/2012,50.75416667,10973,10.41898148,278.4489915,19.15,33.06208333,,3.64375,324.8571429,9833.333333
5/25/2012,50.8125,10626,10.45138889,275.5701121,14.92083333,36.40375,,4.437083333,260.7619048,9731.666667
5/26/2012,50.7875,10040,10.4375,276.3842214,14.88333333,56.765,,1.8425,280.9,9760.416667
5/27/2012,50.8625,9781,10.47916667,282.637525,17.88846154,55.69269231,,2.116923077,323.75,9981.25
5/28/2012,51.05833333,9303,10.58796296,271.4287733,19.41666667,49.52708333,,2.357083333,377.9444444,9585.416667
5/29/2012,51.24583333,9473,10.69212963,267.9127648,19.5125,42.62875,,1.542916667,362.8695652,9461.25
5/30/2012,50.88333333,9274,10.49074074,267.2992331,23.375,37.65958333,,1.987727273,379.2727273,9439.583333
5/31/2012,50.27916667,9512,10.15509259,267.9245635,27.59166667,35.11041667,,1.865416667,374.8636364,9461.666667
6/1/2012,50.3,9731,10.16666667,267.2992331,29.50434783,36.91043478,,1.744347826,342.7083333,9439.583333
6/2/2012,50.6,9625,10.33333333,267.9363622,31.5,27.0225,,3.59875,316.5833333,9462.083333
6/3/2012,50.42083333,10283,10.2337963,294.4480098,28.8,26.12,,3.6,300.9166667,10398.33333
6/4/2012,50.20416667,10631,10.11342593,295.0851389,18,66.344,,9.466,150.5833333,10420.83333
6/5/2012,49.8125,10260,9.895833333,299.8046133,14.14285714,56.66571429,,1.69,287.5416667,10587.5
6/6/2012,50.35,10490,10.19444444,297.3268892,14.14285714,56.66571429,,,346.0416667,10500
6/7/2012,50.27916667,10529,10.15509259,295.6750732,14.14285714,56.66571429,,,267.25,10441.66667
6/8/2012,50.30416667,10633,10.16898148,296.8549418,23.125,19.435,,3.08625,355,10483.33333
6/9/2012,50.225,10576,10.125,308.8896016,18.52608696,28.94826087,,4.853478261,362.5,10908.33333
6/10/2012,50.7375,10511,10.40972222,306.7658381,23.47391304,21.08521739,,6.821304348,364.875,10833.33333
6/11/2012,50.65,10645,10.36111111,307.0018118,26.67,20.9115,,3.2925,360.2083333,10841.66667
6/12/2012,50.87916667,10806,10.48842593,307.0018118,27.91,29.329,,1.9025,338.2083333,10841.66667
6/13/2012,50.07916667,10780,10.04398148,320.0983534,28.26086957,28.39391304,,3.892173913,356.2083333,11304.16667
6/14/2012,49.7125,11308,9.840277778,334.6107372,29.73181818,18.25454545,,4.63,357.4166667,11816.66667
6/15/2012,49.76666667,11535,9.87037037,334.0208029,29.42380952,18.57047619,,5.586190476,350.75,11795.83333
6/16/2012,49.675,12715,9.819444444,361.8657021,33.06190476,17.98809524,,4.776666667,344.5,12779.16667
6/17/2012,49.69166667,12314,9.828703704,367.1751108,32.84347826,23.34826087,,3.377391304,329.625,12966.66667
6/18/2012,49.79583333,12271,9.886574074,368.2369926,28.98695652,29.51043478,,3.220869565,353.7083333,13004.16667
6/19/2012,49.87916667,12729,9.93287037,365.6412816,26.09166667,20.77416667,,4.008333333,364.3333333,12912.5
6/20/2012,49.85416667,12794,9.918981481,365.1693342,26.79545455,17.64181818,,3.789090909,365.7083333,12895.83333
6/21/2012,49.69583333,12617,9.831018519,364.2254393,26.71818182,29.22863636,,2.665,357.4583333,12862.5
6/22/2012,49.62916667,12246,9.793981481,357.9721357,18.92916667,52.93333333,,4.800833333,151.9166667,12641.66667
6/23/2012,50.325,12314,10.18055556,357.8541488,17.77916667,55.20125,,3.857083333,310.1666667,12637.5
6/24/2012,50.9875,13416,10.54861111,412.7180391,18.81666667,39.30666667,,3.815833333,345.4166667,14575
6/25/2012,51.2125,13654,10.67361111,422.8649091,18.34583333,37.18958333,,3.43,320.3333333,14933.33333
6/26/2012,51.4,14094,10.77777778,418.0274478,16.44166667,66.0625,,2.336666667,292.4166667,14762.5
6/27/2012,51.78333333,14211,10.99074074,418.8533558,21.7625,38.49875,,1.67125,357.4166667,14791.66667
6/28/2012,51.95833333,14294,11.08796296,417.4375135,23.12916667,36.66583333,,1.929166667,353.625,14741.66667
6/29/2012,51.87083333,14231,11.03935185,420.387185,24.40416667,40.17208333,,1.843333333,338.5833333,14845.83333
6/30/2012,51.8875,14251,11.04861111,419.6792639,24.71666667,42.40541667,,2.014583333,341.0416667,14820.83333
7/1/2012,50.50416667,14204,10.28009259,414.6058289,26.48333333,49.65916667,,1.457083333,314.0416667,14641.66667
7/2/2012,50.57083333,14263,10.31712963,412.6000522,27.77916667,42.89291667,,2.078333333,346.4166667,14570.83333
7/3/2012,50.5375,14427,10.29861111,417.7914741,27.59583333,26.90625,,2.572916667,355.625,14754.16667
7/4/2012,50.66666667,14251,10.37037037,421.2130931,27.64583333,28.2775,,2.186666667,352.4166667,14875
7/5/2012,50.65416667,14558,10.36342593,423.808804,26.87916667,36.10083333,,2.442916667,343.9583333,14966.66667
7/6/2012,50.55833333,13875,10.31018519,423.5728303,25.39583333,38.57875,,1.564583333,352.25,14958.33333
7/7/2012,50.86666667,14470,10.48148148,429.708147,26.49090909,28.88863636,,1.683181818,352.4166667,15175
7/8/2012,50.78333333,14266,10.43518519,430.6520419,28.07142857,27.91,,1.788571429,348.1666667,15208.33333
7/9/2012,51.1125,14151,10.61805556,434.5456083,28.72916667,29.51208333,,2.143333333,342.875,15345.83333
7/10/2012,50.925,14041,10.51388889,438.3211879,28.89166667,29.11208333,,2.014583333,342.5833333,15479.16667
7/11/2012,50.88333333,14161,10.49074074,431.9498974,29.89166667,28.05958333,,1.393333333,344.5416667,15254.16667
7/12/2012,51.04166667,14065,10.5787037,427.9383441,30.57916667,25.70666667,,1.778333333,341.2916667,15112.5
7/13/2012,51.06666667,14169,10.59259259,425.1066595,30.09583333,28.02541667,,2.014583333,331.7916667,15012.5
7/14/2012,51.26666667,13787,10.7037037,428.6462653,26.21666667,39.93791667,,1.972083333,334.6666667,15137.5
7/15/2012,51.275,13948,10.70833333,435.4895032,27.508,30.2888,,2.1396,334.2916667,15379.16667
7/16/2012,51.27916667,14157,10.71064815,437.6132667,26.45833333,40.73458333,,4.630416667,320.4166667,15454.16667
7/17/2012,51.17083333,14350,10.65046296,427.1124361,19.20357143,54.34857143,,4.079285714,226.8333333,15083.33333
7/18/2012,51.37916667,14324,10.7662037,429.8261339,21.625,50.43083333,,1.65,296.6666667,15179.16667
7/19/2012,51.55833333,13862,10.86574074,430.4160682,24.17083333,38.66041667,,3.60125,331.4583333,15200
7/20/2012,51.65416667,14299,10.91898148,429.9441208,24.5375,36.55666667,,2.2725,335.0833333,15183.33333
7/21/2012,51.92916667,14309,11.07175926,432.0678842,28.975,29.42166667,,2.1225,340.375,15258.33333
7/22/2012,52.0625,14075,11.14583333,431.4779499,30.25416667,25.94875,,2.33625,340.6666667,15237.5
7/23/2012,52.175,14424,11.20833333,430.2980813,31.6375,28.18791667,,2.2075,323.5833333,15195.83333
7/24/2012,51.62916667,14167,10.90509259,429.9441208,28.4,38.74166667,,2.271666667,327.1666667,15183.33333
7/25/2012,51.36666667,14472,10.75925926,430.4160682,26.26666667,35.93625,,1.8,331.5833333,15200
7/26/2012,51.6625,14240,10.92361111,433.4837266,26.40833333,30.45333333,,1.95,327.1666667,15308.33333
7/27/2012,51.6125,14339,10.89583333,432.4218448,26.125,33.98875,,1.928333333,330.9166667,15270.83333
7/28/2012,51.64583333,14129,10.91435185,434.1916477,26.37083333,36.38,,1.842916667,328.1666667,15333.33333
7/29/2012,51.77083333,14402,10.9837963,434.0736609,27.1125,31.16375,,1.757916667,327.125,15329.16667
7/30/2012,52.0875,14356,11.15972222,434.6635952,28.4625,31.77333333,,1.885833333,324.125,15350
7/31/2012,52.1375,14234,11.1875,434.4276215,30.1125,30.15125,,1.778333333,322.2083333,15341.66667
8/1/2012,52.35,14314,11.30555556,433.955674,29.388,32.8168,,1.5632,320.75,15325
8/2/2012,52.54166667,14153,11.41203704,434.0736609,29.1625,29.78875,,1.564166667,323.9166667,15329.16667
8/3/2012,52.3125,14186,11.28472222,432.8937923,29.625,28.50041667,,1.479166667,321.8333333,15287.5
8/4/2012,52.22083333,14305,11.2337963,432.8937923,28.12916667,35.88291667,,1.435833333,296.125,15287.5
8/5/2012,52.3375,14477,11.29861111,433.2477529,28.15416667,39.71125,,3.043333333,298.5833333,15300
8/6/2012,52.61666667,14046,11.4537037,431.4779499,26.9625,42.94708333,,1.757083333,306.75,15237.5
8/7/2012,52.37916667,13811,11.32175926,429.708147,27.72916667,30.40291667,,1.92875,318.8333333,15175
8/8/2012,52.6,13187,11.44444444,406.818696,29.47083333,23.77541667,,1.972083333,319.75,14366.66667
8/9/2012,52.0375,12951,11.13194444,404.340972,28.95833333,23.46875,,1.050416667,318.8333333,14279.16667
8/10/2012,52.09166667,14069,11.16203704,386.8789166,31.03333333,23.84125,,2.164583333,318.7916667,13662.5
8/11/2012,52.25416667,13839,11.25231481,388.6487195,32.04615385,23.25153846,,1.978461538,303.625,13725
8/12/2012,52.275,12699,11.26388889,366.2312159,30.90416667,20.96458333,,1.286666667,309.2083333,12933.33333
8/13/2012,52.42916667,12893,11.34953704,352.0727926,31.3625,22.89083333,,1.200416667,298.5416667,12433.33333
8/14/2012,52.17083333,12558,11.20601852,351.8368189,33.29166667,26.97125,,2.485833333,249.5416667,12425
8/15/2012,51.70416667,12307,10.94675926,353.8425955,29.60416667,39.65708333,,0.75,190.4166667,12495.83333
8/16/2012,51.61666667,11969,10.89814815,340.9820277,30.1375,38.09125,,0.81375,289.1666667,12041.66667
8/17/2012,51.85,12258,11.02777778,340.3920934,30.09166667,37.13833333,,1.542916667,285.7083333,12020.83333
8/18/2012,51.95833333,12256,11.08796296,351.718832,30.67083333,33.24625,,2.78625,291.8333333,12420.83333
8/19/2012,52.05,12106,11.13888889,351.718832,28.74166667,35.34375,,1.585416667,295.7916667,12420.83333
8/20/2012,51.00416667,12148,10.55787037,340.8640409,27.89230769,37.28076923,,1.740769231,265.0833333,12037.5
8/21/2012,50.70416667,12251,10.3912037,342.8698175,26.69583333,38.06,,1.157083333,252.2916667,12108.33333
8/22/2012,50.65416667,12010,10.36342593,331.8970394,26.47307692,36.91153846,,1.445,258.4166667,11720.83333
8/23/2012,50.84166667,11491,10.46759259,323.9919198,26.76086957,34.85173913,,1.633043478,263.2083333,11441.66667
8/24/2012,50.8125,11441,10.45138889,323.6379592,26.21153846,33.53538462,,1.503846154,263.0416667,11429.16667
8/25/2012,50.77083333,10996,10.42824074,313.2551154,25.55483871,30.11580645,,1.443225806,264,11062.5
8/26/2012,50.7375,10906,10.40972222,309.9514833,23.39166667,38.665,,2.679166667,269.9583333,10945.83333
8/27/2012,50.64166667,11259,10.35648148,310.187457,21.95833333,42.045,,1.607083333,276.125,10954.16667
8/28/2012,50.61666667,11057,10.34259259,310.5414176,21.70789474,34.36263158,,0.973947368,263.6666667,10966.66667
8/29/2012,51.00416667,10665,10.55787037,303.8161666,25.9375,30.8175,,1.9940625,255.9166667,10729.16667
8/30/2012,50.99166667,10387,10.55092593,294.7311783,24.01875,29.75,,0.9003125,261.7083333,10408.33333
8/31/2012,51.075,10376,10.59722222,294.8491651,23.3375,33.16083333,,2.015,276.1666667,10412.5
9/1/2012,51.08333333,10121,10.60185185,295.0851389,21.20416667,49.06791667,,1.779166667,268.75,10420.83333
9/2/2012,51.05833333,10377,10.58796296,294.2592308,21.80384615,35.01038462,,1.108461538,260.7083333,10391.66667
9/3/2012,51.04583333,10378,10.58101852,282.2953632,24.91785714,38.00571429,,1.303928571,252,9969.166667
9/4/2012,51.19583333,10458,10.66435185,281.8352144,25.45555556,33.14851852,,1.047407407,258.6666667,9952.916667
9/5/2012,51.03333333,9140,10.57407407,268.6442834,25.61851852,23.80296296,,1.542592593,250.9166667,9487.083333
9/6/2012,51.33333333,8727,10.74074074,260.7391637,26.15,34.87625,,2.293333333,252.9583333,9207.916667
9/7/2012,51.53333333,8809,10.85185185,261.7302533,24.30416667,37.13041667,,1.3075,256.5,9242.916667
9/8/2012,51.50416667,8826,10.83564815,260.916144,26.15,39.58541667,,1.093333333,243.75,9214.166667
9/9/2012,51.55,8766,10.86111111,243.9024386,24.85416667,39.69083333,,1.994166667,255.9166667,8613.333333
9/10/2012,51.45,9067,10.80555556,241.8140712,24.14583333,27.35083333,,2.293333333,255.625,8539.583333
9/11/2012,51.37083333,9034,10.76157407,241.0117606,25.29583333,23.56125,,1.843333333,255.4583333,8511.25
9/12/2012,51.30416667,7667,10.72453704,228.6467375,24.70833333,30.44833333,,1.05,250.625,8074.583333
9/13/2012,51.575,8177,10.875,226.9123307,25.76666667,31.36541667,,0.900416667,238.25,8013.333333
9/14/2012,51.7,8067,10.94444444,226.6645583,25.73333333,34.90625,,1.207391304,212.2083333,8004.583333
9/15/2012,51.84583333,7968,11.02546296,226.6409609,25.55833333,39.19916667,,1.5,239.625,8003.75
9/16/2012,51.95833333,7749,11.08796296,226.7353504,24.175,29.22666667,,1.542916667,248.2083333,8007.083333
9/17/2012,51.88333333,8224,11.0462963,226.7589478,24.72916667,27.95625,,0.87875,242.2916667,8007.916667
9/18/2012,52.025,7807,11.125,227.5258624,24.9,38.585,,1.050416667,235.0416667,8035
9/19/2012,52.05833333,8044,11.14351852,226.676357,23.1875,33.99166667,,0.7075,231.5,8005
9/20/2012,51.8875,8115,11.04861111,227.0185189,23.25833333,35.14041667,,0.985833333,237.0416667,8017.083333
9/21/2012,51.78333333,7466,10.99074074,214.8068788,24.17916667,35.92583333,,1.414166667,234.4583333,7585.833333
9/22/2012,51.72083333,7412,10.95601852,213.0134785,24.0125,32.80291667,,1.62875,233.75,7522.5
9/23/2012,51.18333333,7238,10.65740741,213.0842706,24.7625,31.40583333,,1.415,215.625,7525
9/24/2012,51.48333333,7476,10.82407407,214.8068788,25.5875,28.66791667,,3.665,224.5,7585.833333
9/25/2012,51.10416667,7758,10.61342593,213.9691721,25.8625,28.19208333,,2.07875,206.4166667,7556.25
9/26/2012,51.05,7281,10.58333333,202.0524991,23.4875,36.83541667,,1.006666667,206.875,7135.416667
9/27/2012,51.35,7164,10.75,199.3388013,24.11666667,41.28041667,,1.114166667,208.6666667,7039.583333
9/28/2012,51.54583333,6943,10.8587963,199.3034053,24.66956522,32.76434783,,0.983913043,209.9166667,7038.333333
9/29/2012,51.62916667,7118,10.90509259,199.9051383,26.32777778,26.53111111,,1.115,206.4166667,7059.583333
9/30/2012,51.66666667,7197,10.92592593,199.9995277,24.69583333,29.66916667,,0.771666667,214.9166667,7062.916667
10/1/2012,51.53333333,6790,10.85185185,199.8461448,25.43333333,26.36541667,,1.050833333,213.0416667,7057.5
10/2/2012,51.65,6741,10.91666667,200.176508,25.84166667,30.54791667,,0.900416667,210.25,7069.166667
10/3/2012,51.81666667,7332,11.00925926,199.5157816,25.13043478,33.3373913,,1.677391304,205.4583333,7045.833333
10/4/2012,51.75416667,6589,10.97453704,193.0265043,22.03333333,39.80208333,,1.585416667,195.875,6816.666667
10/5/2012,51.69166667,6863,10.93981481,192.6017516,18.35416667,59.74333333,,1.371666667,172.75,6801.666667
10/6/2012,51.67083333,6758,10.92824074,192.7551345,17.19583333,58.56416667,,1.071666667,194.375,6807.083333
10/7/2012,51.65416667,6835,10.91898148,192.6017516,17.84583333,57.16125,,1.1575,191.625,6801.666667
10/8/2012,51.4125,6444,10.78472222,186.7260059,17.525,57.09041667,,1.6925,154.6666667,6594.166667
10/9/2012,51.28333333,6030,10.71296296,185.0033977,16.22083333,57.23791667,,0.899583333,187.0416667,6533.333333
10/10/2012,51.33333333,6976,10.74074074,185.9000979,17.9,46.93916667,,1.07125,187.4166667,6565
10/11/2012,51.30833333,6565,10.72685185,185.8293058,18.00833333,48.33125,,2.014166667,181.7916667,6562.5
10/12/2012,51.3625,6359,10.75694444,185.5225399,15.11785714,67.40285714,,1.855,76.33333333,6551.666667
10/13/2012,51.39166667,6288,10.77314815,186.1242729,17.3375,59.13416667,,1.714166667,164.5,6572.916667
10/14/2012,51.525,6399,10.84722222,185.9826887,17.63333333,59.29333333,,0.7925,170.875,6567.916667
10/15/2012,51.5,6356,10.83333333,186.0180847,19.89166667,55.63583333,,0.364166667,158.625,6569.166667
10/16/2012,51.70416667,6528,10.94675926,185.3455596,23.45,48.08416667,,1.243333333,170.25,6545.416667
10/17/2012,52.175,6122,11.20833333,185.2747675,23.16666667,19.70541667,,5.377727273,179.375,6542.916667
10/18/2012,51.6125,6628,10.89583333,185.4517478,24.41666667,14.31666667,,2.936666667,174.5,6549.166667
10/19/2012,51.5375,6555,10.85416667,191.870233,19.06666667,47.61,,0.98625,159.0833333,6775.833333
10/20/2012,51.81666667,6856,11.00925926,191.7640449,18.40416667,56.69916667,,0.77125,163.6666667,6772.083333
10/21/2012,51.76666667,6836,10.98148148,192.2949857,15.79166667,34.85583333,,2.5075,166.8333333,6790.833333
10/22/2012,51.64583333,6865,10.91435185,193.2860754,12.17142857,73.04057143,,5.497714286,67.625,6825.833333
10/23/2012,51.74583333,6888,10.96990741,193.2270819,10.176,73.3192,,3.0036,123.2083333,6823.75
10/24/2012,51.87083333,6986,11.03935185,193.3096727,10.69166667,77.13027778,,3.086666667,97.79166667,6826.666667
10/25/2012,52.22916667,6776,11.23842593,192.9321148,11.11111111,74.49592593,,2.285555556,153.25,6813.333333
10/26/2012,52.12083333,6515,11.17824074,192.9675108,13.39583333,51.30625,,1.329166667,147.2083333,6814.583333
10/27/2012,52.275,6473,11.26388889,192.6371476,17.0375,59.565,,1.435416667,148.8333333,6802.916667
10/28/2012,52.25833333,6127,11.25462963,186.383844,17.7125,61.57666667,,0.899166667,147.625,6582.083333
10/29/2012,52.63333333,6282,11.46296296,186.761402,16.83333333,68.0425,,0.406666667,142.6666667,6595.416667
10/30/2012,52.6,6544,11.44444444,186.7024085,16.09259259,71.99444444,,0.266666667,123.6666667,6593.333333
10/31/2012,52.50833333,6510,11.39351852,186.7260059,12.95428571,85.87685714,,1.455142857,24.08333333,6594.166667
11/1/2012,52.40416667,6851,11.33564815,186.3602466,14.15121951,88.00146341,,3.024390244,93.45833333,6581.25
11/2/2012,52.70416667,6758,11.50231481,186.3248506,12.8625,77.415,,0.835,114.625,6580
11/3/2012,53.05,6546,11.69444444,186.5490256,16.0375,70.07,,0.77125,133.9583333,6587.916667
11/4/2012,52.81666667,6843,11.56481481,186.4428374,17.6875,63.15583333,,1.607916667,135.5416667,6584.166667
11/5/2012,52.99166667,6656,11.66203704,185.3455596,22.67307692,43.21,,4.030833333,143.875,6545.416667
11/6/2012,52.925,6268,11.625,180.0951443,16.77916667,68.88958333,,0.214166667,138.625,6360
11/7/2012,52.88333333,5696,11.60185185,166.7862264,14.81666667,73.67208333,,0.223478261,104.0833333,5890
11/8/2012,52.77916667,5993,11.54398148,164.7804498,11.11034483,69.75034483,,1.827586207,50.16666667,5819.166667
11/9/2012,52.43333333,6161,11.35185185,165.0164235,5.316,79.4024,,0.6992,134.4166667,5827.5
11/10/2012,52.59166667,6022,11.43981481,165.3231894,6.0875,68.98041667,,0.814583333,136.1666667,5838.333333
11/11/2012,52.72916667,5895,11.5162037,164.9102353,4.883333333,68.345,,0.556666667,98.95833333,5823.75
11/12/2012,52.7625,5996,11.53472222,164.6742616,8.1125,67.4825,,0.128333333,99.54166667,5815.416667
11/13/2012,53.01666667,6027,11.67592593,168.0368872,9.742307692,68.01038462,,0.989230769,56.16666667,5934.166667
11/14/2012,53.2125,6122,11.78472222,172.8743484,12.4375,71.3425,,1.500833333,122.2083333,6105
11/15/2012,53.35416667,6858,11.86342593,166.6682396,10.29565217,72.35,,1.177916667,89,5885.833333
11/16/2012,53.28333333,6852,11.82407407,172.6973682,10.62083333,77.92208333,,0.4925,39.79166667,6098.75
11/17/2012,53.29166667,6164,11.8287037,173.5822696,11.20465116,91.3,,1.279302326,9.166666667,6130
11/18/2012,53.14583333,6119,11.74768519,168.0958806,8.6275,88.38075,,2.3665,46.95833333,5936.25
11/19/2012,53.15,6336,11.75,162.4089139,9.915384615,87.05576923,,1.641923077,17.125,5735.416667
11/20/2012,53.32083333,6016,11.84490741,164.1551194,13.87931034,75.13206897,,11.01655172,20.04166667,5797.083333
11/21/2012,53.55416667,5917,11.97453704,159.65982,13.80833333,82.92645833,,8.53125,79.66666667,5638.333333
11/22/2012,53.60833333,5214,12.00462963,149.2533789,10.71666667,61.55958333,,2.25,107.625,5270.833333
11/23/2012,53.49583333,5510,11.94212963,142.7641016,10.125,69.3075,,0.964166667,111.0833333,5041.666667
11/24/2012,53.62083333,4724,12.01157407,141.7258172,9.779166667,73.99208333,,0.685,117.2083333,5005
11/25/2012,53.64583333,4917,12.02546296,141.5370382,11.1375,75.19,,0.685833333,114.75,4998.333333
11/26/2012,53.51666667,5340,11.9537037,141.9381935,8.209375,79.959375,,0.32125,112.1666667,5012.5
11/27/2012,53.45,4685,11.91666667,138.6109641,8.591666667,80.38708333,,0.128333333,71.16666667,4895
11/28/2012,53.2375,4882,11.79861111,136.6995769,8.792105263,88.70447368,,2.476842105,18.91666667,4827.5
11/29/2012,53.16666667,4539,11.75925926,135.8618702,12.90540541,83.11189189,,8.620540541,11,4797.916667
11/30/2012,53.67083333,5182,12.03935185,137.6670692,14.309375,88.2046875,,12.0403125,41.33333333,4861.666667
12/1/2012,54.29583333,5676,12.38657407,131.8385183,13.8325,84.76625,,11.228,36.375,4655.833333
12/2/2012,54.7125,4824,12.61805556,149.7253264,13.99411765,81.83323529,,10.13794118,91.70833333,5287.5
12/3/2012,54.6,5145,12.55555556,136.4636032,8.645833333,74.32416667,,0.814166667,82.66666667,4819.166667
12/4/2012,54.66666667,4630,12.59259259,135.5551044,10.30606061,89.28787879,,0.856969697,9.166666667,4787.083333
12/5/2012,54.45833333,4236,12.47685185,137.5136863,10.05555556,90.9652381,,1.150793651,37,4856.25
12/6/2012,54.0625,5403,12.25694444,134.7173977,12.21538462,77.46807692,,1.365,100.0833333,4757.5
12/7/2012,53.5375,4209,11.96527778,134.8589819,10.25833333,57.37666667,,2.165416667,92.16666667,4762.5
12/8/2012,53.12083333,3632,11.7337963,134.3162423,8.420833333,61.44458333,,2.037083333,92.91666667,4743.333333
12/9/2012,52.64583333,5051,11.46990741,130.2810917,12.20416667,38.64166667,,5.038333333,98.125,4600.833333
12/10/2012,52.27083333,5165,11.26157407,132.7588158,15.96,42.7868,,4.836,114.7272727,4688.333333
12/11/2012,52.35,3790,11.30555556,128.5584835,8.381481481,72.00703704,,1.334074074,19.70833333,4540
12/12/2012,52.32083333,4483,11.28935185,128.5466848,8.05,87.39230769,,0.810192308,74.08333333,4539.583333
12/13/2012,52.05416667,4404,11.1412037,128.3225098,4.306896552,76.30137931,,1.578275862,102.7916667,4531.666667
12/14/2012,51.4375,4663,10.79861111,128.3579059,4.329166667,70.48458333,,0.964166667,60.95833333,4532.916667
12/15/2012,51.5375,4656,10.85416667,129.1012231,0.454285714,89.09142857,,0.190857143,14.95833333,4559.166667
12/16/2012,51.1875,4667,10.65972222,128.5348862,2.489285714,92.86714286,,1.01,8.583333333,4539.166667
12/17/2012,51.39583333,4721,10.77546296,129.0776257,9.2,82.09242424,,5.565151515,94.58333333,4558.333333
12/18/2012,50.99583333,4990,10.55324074,128.464094,5.341666667,56.3,,2.185833333,102.7083333,4536.666667
12/19/2012,50.48333333,4703,10.26851852,128.9832362,1.725,65.47125,,1.006666667,68.54166667,4555
12/20/2012,50.325,4367,10.18055556,128.6292756,4.579166667,65.2025,,2.529166667,12.5,4542.5
12/21/2012,49.93333333,5127,9.962962963,134.0212752,2.045762712,89.44355932,,2.162711864,7.454545455,4732.916667
12/22/2012,49.78333333,4955,9.87962963,138.7525483,5.709090909,89.135,,3.928181818,45.75,4900
12/23/2012,49.475,4933,9.708333333,143.9439702,7.765116279,86.49093023,,7.202093023,20.16666667,5083.333333
12/24/2012,49.45,4228,9.694444444,138.2334061,5.884848485,82.67333333,,1.372121212,99.375,4881.666667
12/25/2012,49.4125,4590,9.673611111,137.6552705,3.8875,85.3996875,,1.43,13.20833333,4861.25
12/26/2012,49.1375,4479,9.520833333,137.9148416,4.121428571,87.68261905,,0.979761905,70.375,4870.416667
12/27/2012,49.16666667,4644,9.537037037,136.5107979,1.708,86.6794,,0.8738,102,4820.833333
12/28/2012,48.675,4892,9.263888889,134.4342292,2.674193548,83.02096774,,1.260322581,26.875,4747.5
12/29/2012,48.60833333,4592,9.226851852,134.4696253,4.307142857,84.32107143,,1.083214286,72.25,4748.75
12/30/2012,48.39583333,4556,9.108796296,133.1481724,6.025,63.91458333,,3.8375,105.0416667,4702.083333
12/31/2012,48.32083333,4767,9.06712963,133.1009777,5.869565217,45.87130435,,3.600869565,88.79166667,4700.416667
1/1/2013,48.1,4566,8.944444444,133.2661593,3.0125,63.02041667,,2.37875,108.7083333,4706.25
1/2/2013,47.82083333,4865,8.789351852,133.2189645,5.454166667,50.68416667,,1.500416667,104.1666667,4704.583333
1/3/2013,47.69583333,4468,8.719907407,130.6940457,2.6375,68.49666667,,0.51375,96.625,4615.416667
1/4/2013,47.7,4494,8.722222222,130.5996562,3.975,68.06916667,,0.427916667,97.41666667,4612.083333
1/5/2013,47.88333333,4003,8.824074074,130.3282864,3.029166667,77.76958333,,0.320833333,31.16666667,4602.5
1/6/2013,48.16666667,3848,8.981481481,130.1277088,6.642857143,81.50035714,,1.468928571,89.20833333,4595.416667
1/7/2013,48.25416667,4775,9.030092593,130.8946234,8.4375,61.42416667,,1.35,90.5,4622.5
1/8/2013,48.45416667,4217,9.141203704,128.8770481,7.346428571,79.23964286,,1.5425,91.25,4551.25
1/9/2013,48.575,4261,9.208333333,126.5173108,6.344067797,89.95457627,,0.548644068,16.625,4467.916667
1/10/2013,48.42083333,6084,9.122685185,127.2134333,1.28,84.911,,0.7924,102.875,4492.5
1/11/2013,48.35416667,4565,9.085648148,130.2928904,1.820833333,71.11708333,,0.96375,96.04166667,4601.25
1/12/2013,48.13333333,3987,8.962962963,130.7530391,2.829166667,52.45791667,,2.722083333,103.8333333,4617.5
1/13/2013,47.68333333,3956,8.712962963,130.7884352,3.804166667,31.35791667,,5.144583333,108.6666667,4618.75
1/14/2013,47.43333333,4444,8.574074074,127.5791926,5.458333333,25.695,,6.966666667,114.5416667,4505.416667
1/15/2013,47.67916667,4051,8.710648148,127.2960241,4.008333333,52.0175,,0.707083333,116.25,4495.416667
1/16/2013,47.9,4750,8.833333333,125.8565844,6.779166667,56.485,,1.9075,126.2173913,4444.583333
1/17/2013,48.07083333,4714,8.928240741,125.6914028,9.5375,44.74958333,,3.34375,125.125,4438.75
1/18/2013,47.99166667,4900,8.884259259,125.7857923,6.458333333,56.18916667,,0.5575,126.5,4442.083333
1/19/2013,48.10416667,4572,8.946759259,125.6914028,8.841666667,46.69583333,,0.535,126.875,4438.75
1/20/2013,47.85416667,3856,8.80787037,125.4908251,8.641666667,46.575,,1.05,128.1666667,4431.666667
1/21/2013,47.60416667,4099,8.668981481,126.7650832,9.941666667,45.13833333,,0.900416667,128.8333333,4476.666667
1/22/2013,47.1,5393,8.388888889,127.001057,6.377272727,56.13045455,,0.685416667,107.5833333,4485
1/23/2013,47.25833333,4427,8.476851852,127.5673939,6.016666667,73.41041667,,0.256666667,27.66666667,4505
1/24/2013,47.42083333,4843,8.56712963,127.862361,9.184375,89.1771875,,1.173125,47.70833333,4515.416667
1/25/2013,47.4875,4048,8.604166667,127.3904136,11.77916667,80.20416667,,0.771666667,45.5,4498.75
1/26/2013,47.6,4085,8.666666667,126.9184662,8.5234375,88.52765625,,0.41,85.58333333,4482.083333
1/27/2013,47.22916667,4311,8.460648148,127.9095558,8.031818182,47.88227273,,2.408181818,132.7083333,4517.083333
1/28/2013,47.03333333,5061,8.351851852,127.2724267,7.641666667,55.58791667,,0.835416667,109.8333333,4494.583333
1/29/2013,46.65416667,4407,8.141203704,127.001057,6.225,69.1275,,0.793333333,117.625,4485
1/30/2013,46.825,4810,8.236111111,127.1426412,12.7625,47.96958333,,3.686666667,138.0416667,4490
1/31/2013,46.61666667,4629,8.12037037,127.0718491,9.695833333,59.03458333,,1.114166667,141.0833333,4487.5
2/1/2013,47.22916667,4750,8.460648148,127.3550175,7.9625,65.71583333,,0.064166667,142.3333333,4497.5
2/2/2013,47.64583333,4351,8.69212963,127.1426412,7.920833333,64.80958333,,0.278333333,112.5833333,4490
2/3/2013,47.99583333,3967,8.886574074,124.1103789,8.175,65.64625,,0.128333333,145.9166667,4382.916667
2/4/2013,47.98333333,5048,8.87962963,122.0338101,9.116666667,65.885,,0.36375,129.75,4309.583333
2/5/2013,47.94166667,4155,8.856481481,124.9008908,7.957692308,75.72076923,,0.811153846,111.0833333,4410.833333
2/6/2013,47.70833333,4884,8.726851852,125.1014685,6.081481481,71.73888889,,0.780740741,138.75,4417.916667
2/7/2013,47.65833333,4667,8.699074074,127.6853808,8.573076923,67.82153846,,3.541923077,94.29166667,4509.166667
2/8/2013,47.8875,4323,8.826388889,124.3817487,4.82972973,78.09459459,,2.03,139.5,4392.5
2/9/2013,47.5625,4199,8.645833333,123.8744052,8.845833333,37.415,,4.287916667,155.7916667,4374.583333
2/10/2013,47.44166667,3713,8.578703704,121.7978364,9.304166667,47.06125,,3.365833333,156.375,4301.25
2/11/2013,47.59166667,4226,8.662037037,115.6743183,10.18333333,43.33875,,2.765833333,160.2916667,4085
2/12/2013,47.70833333,4124,8.726851852,114.4000602,8.654166667,58.33,,1.350416667,160.2916667,4040
2/13/2013,47.80833333,4131,8.782407407,112.2998941,10.2875,53.89541667,,1.564583333,161.6666667,3965.833333
2/14/2013,47.99166667,4581,8.884259259,108.7366909,16.11304348,34.39782609,,6.302083333,164.5833333,3840
2/15/2013,47.99166667,4463,8.884259259,108.9018725,15.7,32.76416667,,2.830416667,168.75,3845.833333
2/16/2013,48.05,3796,8.916666667,109.1732423,10.5375,55.67791667,,0.235416667,152.2083333,3855.416667
2/17/2013,48.17083333,3194,8.983796296,109.1496449,11.64583333,44.55708333,,3.578333333,173.3333333,3854.583333
2/18/2013,47.85,4080,8.805555556,109.409216,7.191304348,53.54217391,,1.117391304,126.6666667,3863.75
2/19/2013,47.41666667,3794,8.564814815,109.975553,7.472727273,71.59818182,,4.848484848,85.83333333,3883.75
2/20/2013,47.40833333,3869,8.560185185,109.7395792,7.125,57.08083333,,3.8375,153.4166667,3875.416667
2/21/2013,47.20416667,3901,8.446759259,110.010949,7.782608696,49.9073913,,2.616956522,179.0434783,3885
2/22/2013,47.19166667,3644,8.439814815,110.0935398,9.770833333,47.7075,,2.144166667,161.2083333,3887.916667
2/23/2013,47.48333333,3999,8.601851852,110.0581438,11.45833333,38.29291667,,4.372916667,165.4166667,3886.666667
2/24/2013,47.575,3744,8.652777778,109.8575661,9.645833333,33.05875,,4.22375,175.4583333,3879.583333
2/25/2013,47.43333333,4231,8.574074074,110.3413122,9.325,48.64291667,,1.34173913,176.9166667,3896.666667
2/26/2013,47.67916667,3488,8.710648148,110.8604544,11.0375,30.96375,,3.901666667,181.125,3915
2/27/2013,47.59583333,4203,8.664351852,110.7660649,8.554166667,47.395,,1.435416667,170.875,3911.666667
2/28/2013,47.85416667,3733,8.80787037,110.6362794,13.70416667,46.13125,,0.514166667,143.9166667,3907.083333
3/1/2013,47.97916667,4067,8.877314815,105.3386693,13.075,59.90833333,,1.178333333,178.5,3720
3/2/2013,47.85416667,3661,8.80787037,112.1465112,12.82083333,57.97833333,,0.407083333,111.4583333,3960.416667
3/3/2013,47.85416667,3782,8.80787037,107.2146604,14.37916667,62.87166667,,0.557083333,156.875,3786.25
3/4/2013,47.84166667,3911,8.800925926,107.191063,11.68888889,69.36037037,,1.40962963,161,3785.416667
3/5/2013,47.8375,4404,8.798611111,105.5864417,12.684,60.4672,,3.7448,123.4583333,3728.75
3/6/2013,47.6875,4041,8.715277778,105.5982404,9.017241379,74.59310345,,9.083103448,82.66666667,3729.166667
3/7/2013,47.475,4222,8.597222222,108.5361132,7.388,71.54,,2.2632,203.0833333,3832.916667
3/8/2013,47.175,4939,8.430555556,140.9825,9.783333333,50.23041667,,2.9575,211.0416667,4978.75
3/9/2013,47.20416667,3780,8.446759259,141.0532921,13.475,32.68458333,,3.449583333,220.5,4981.25
3/10/2013,47.63478261,5290,8.685990338,141.6088563,14.45833333,30.99875,,2.850416667,214.2083333,5000.869565
3/11/2013,47.75833333,5472,8.75462963,144.061957,14.675,47.83166667,,1.73625,215.5416667,5087.5
3/12/2013,47.80416667,4819,8.780092593,138.3277956,14.65416667,58.51958333,,0.428333333,200.4583333,4885
3/13/2013,47.85,5092,8.805555556,140.7583249,15.18333333,63.3,,0.428333333,189.125,4970.833333
3/14/2013,47.74166667,4964,8.74537037,144.3805216,15.89545455,57.99,,0.654545455,159.1666667,5098.75
3/15/2013,47.85416667,4939,8.80787037,143.8141846,15.90416667,60.55375,,0.728333333,179.5833333,5078.75
3/16/2013,47.91666667,5253,8.842592593,139.0593141,18.17083333,36.93416667,,2.379583333,215,4910.833333
3/17/2013,47.82083333,4352,8.789351852,133.5847238,13.5875,45.41333333,,2.100833333,229.9166667,4717.5
3/18/2013,47.87083333,4722,8.81712963,129.3843916,12.7625,45.18416667,,1.41375,196.5416667,4569.166667
3/19/2013,47.68333333,5385,8.712962963,129.065827,14.725,50.24708333,,1.13625,103.2916667,4557.916667
3/20/2013,47.48333333,4540,8.601851852,127.0836478,12.16333333,83.89433333,,5.143333333,32.20833333,4487.916667
3/21/2013,48.075,3895,8.930555556,121.4320771,11.18846154,56.65384615,,4.352692308,228.4166667,4288.333333
3/22/2013,48.2125,3583,9.006944444,114.6832287,10.69583333,32.72375,,4.930833333,246.0416667,4050
3/23/2013,48.76666667,3838,9.314814815,113.2555877,12.125,27.11083333,,3.5375,248.625,3999.583333
3/24/2013,49.6125,3323,9.784722222,113.2319903,13.0375,47.37208333,,0.535416667,210.125,3998.75
3/25/2013,49.99583333,4105,9.997685185,111.7571545,13.24166667,55.95916667,,1.370833333,231.2916667,3946.666667
3/26/2013,50.30833333,3777,10.1712963,114.7422221,11.71818182,77.38909091,,0.638787879,209.0416667,4052.083333
3/27/2013,50.4125,3983,10.22916667,111.4857848,15.02083333,66.13208333,,1.992083333,180.2173913,3937.083333
3/28/2013,50.15,5018,10.08333333,114.5888392,14.896,65.1228,,2.2432,210.6363636,4046.666667
3/29/2013,50.20833333,6507,10.11574074,161.5830059,15.45833333,62.66791667,,1.007083333,240.9166667,5706.25
3/30/2013,50.51666667,5745,10.28703704,163.2938153,16.97916667,53.87708333,,1.306666667,197.1666667,5766.666667
3/31/2013,50.875,5758,10.48611111,163.8247562,14.51818182,83.82242424,,2.385454545,90.91666667,5785.416667
4/1/2013,50.8125,6210,10.45138889,158.4917501,12.54705882,83.76529412,,1.149117647,131.0416667,5597.083333
4/2/2013,50.89166667,5906,10.49537037,160.6509097,15.04166667,67.47791667,,1.13625,253.9166667,5673.333333
4/3/2013,50.88333333,5584,10.49074074,162.7274784,15.62083333,67.62,,0.96375,224.625,5746.666667
4/4/2013,51.1,5848,10.61111111,164.9456314,15.03703704,78.91407407,,4.134814815,66.66666667,5825
4/5/2013,50.825,5398,10.45833333,164.4146905,13.8725,80.4365,,3.782,83.875,5806.25
4/6/2013,50.45833333,5580,10.25462963,163.081439,14.16296296,79.70851852,,2.972222222,209.625,5759.166667
4/7/2013,50.325,5275,10.18055556,162.0549533,15.172,67.8624,,5.8848,183.0833333,5722.916667
4/8/2013,50.15833333,5965,10.08796296,162.6920824,13.025,41.2725,,4.565833333,278.125,5745.416667
4/9/2013,49.96666667,6134,9.981481481,163.1050364,14.48333333,35.81333333,,3.665,283.125,5760
4/10/2013,51.31666667,5862,10.73148148,162.5504981,18.94583333,44.18458333,,2.079166667,267.4583333,5740.416667
4/11/2013,51.95,5390,11.08333333,162.3617191,19.025,33.42291667,,5.29375,257.5833333,5733.75
4/12/2013,52.00833333,5706,11.11574074,161.3824282,20.55833333,25.4275,,3.665,286.1666667,5699.166667
4/13/2013,52.6875,5184,11.49305556,151.9788754,17.52083333,43.65541667,,1.907083333,259.5833333,5367.083333
4/14/2013,52.575,5011,11.43055556,154.6217811,15.84166667,29.72041667,,3.322916667,265.5,5460.416667
4/15/2013,52.1625,5390,11.20138889,154.8813522,12.68333333,39.20125,,3.9225,275.6666667,5469.583333
4/16/2013,52.05833333,5333,11.14351852,154.6453785,11.7625,34.37666667,,3.83625,282,5461.25
4/17/2013,52.19166667,6319,11.21759259,154.5981837,11.7375,40.24041667,,4.136666667,281.8333333,5459.583333
4/18/2013,52.50416667,5154,11.3912037,169.9246769,15.8,35.12916667,,3.27875,292.7916667,6000.833333
4/19/2013,52.79166667,6959,11.55092593,185.5225399,17.475,52.79416667,,1.264583333,266.625,6551.666667
4/20/2013,52.89166667,6275,11.60648148,197.0734536,19.76666667,30.36625,,4.737916667,299.625,6959.583333
4/21/2013,53.075,6639,11.70833333,197.8875629,22.2875,24.02583333,,3.473333333,293.9166667,6988.333333
4/22/2013,53.50833333,7571,11.94907407,211.3380651,22.9875,27.36041667,,6.044166667,304.1666667,7463.333333
4/23/2013,53.15416667,7256,11.75231481,242.0146489,21.29583333,14.25541667,,7.202916667,311.2916667,8546.666667
4/24/2013,52.38333333,8914,11.32407407,261.9780257,23.1,14.37875,,4.930416667,324.9130435,9251.666667
4/25/2013,52.4,9279,11.33333333,298.6247447,18.31666667,36.41375,,2.315,305.8333333,10545.83333
4/26/2013,52.5,11497,11.38888889,312.5471943,19.03333333,51.25375,,1.007083333,291.8333333,11037.5
4/27/2013,52.51666667,9926,11.39814815,314.3169972,21.31666667,54.32708333,,1.179166667,296.5,11100
4/28/2013,52.5125,10764,11.39583333,316.2047869,23.45416667,42.31916667,,2.529583333,290.4583333,11166.66667
4/29/2013,53.10416667,10675,11.72453704,314.0810234,24.8625,25.50958333,,5.015833333,280.0833333,11091.66667
4/30/2013,52.1625,11226,11.20138889,314.5529709,21.12083333,21.25833333,,6.129583333,320.9166667,11108.33333
5/1/2013,51.775,11041,10.98611111,314.0810234,20.8125,13.10625,,7.566666667,327.5833333,11091.66667
5/2/2013,51.8375,10932,11.02083333,315.7328395,23.875,10.09,,3.858333333,324.7083333,11150
5/3/2013,51.90833333,10469,11.06018519,315.2608921,22.49166667,35.30583333,,2.40125,322.6666667,11133.33333
5/4/2013,51.675,10416,10.93055556,315.3788789,26.00833333,16.0675,,7.180416667,325.0833333,11137.5
5/5/2013,52.05833333,9861,11.14351852,317.1486818,21.16153846,36.04769231,,4.669230769,225.3333333,11200
5/6/2013,51.5375,10795,10.85416667,317.1486818,17.43076923,61.51615385,,3.145384615,159.5,11200
5/7/2013,51.25416667,11171,10.69675926,345.5835153,15.21481481,81.86666667,,1.066296296,138.5,12204.16667
5/8/2013,51.36666667,11757,10.75925926,344.2856598,19.025,65.66583333,,1.13625,193.9583333,12158.33333
5/9/2013,52.02916667,11875,11.12731481,342.8698175,20.9625,59.06583333,,1.585833333,301.2083333,12108.33333
5/10/2013,52.275,12570,11.26388889,342.8698175,24.25833333,50.67125,,1.117391304,316.3333333,12108.33333
5/11/2013,52.26666667,12235,11.25925926,342.6338438,26.1625,49.52833333,,1.520833333,292.9583333,12100
5/12/2013,52.1625,11589,11.20138889,343.5777386,26.48333333,49.52458333,,2.420833333,305.125,12133.33333
5/13/2013,52.09583333,11589,11.16435185,346.0554627,24.80833333,38.4675,,1.9075,318.5416667,12220.83333
5/14/2013,52.4,11292,11.33333333,341.1000146,25.675,31.70416667,,2.636666667,322.1666667,12045.83333
5/15/2013,52.42083333,11126,11.34490741,335.7906058,29.975,16.075,,2.445,302.6666667,11858.33333
5/16/2013,52.0625,11196,11.14583333,342.8698175,29.975,16.075,,,198.7916667,12108.33333
5/17/2013,51.87916667,11458,11.04398148,332.1330132,29.975,16.075,,,304.4166667,11729.16667
5/18/2013,52.4375,11538,11.35416667,333.6668423,19.54545455,42.53181818,,1.59,296,11783.33333
5/19/2013,52.29166667,11345,11.27314815,334.2567766,22.54545455,27.63272727,,5.892727273,342.125,11804.16667
5/20/2013,52.29166667,11502,11.27314815,335.5546321,27.38571429,18.86142857,,3.381428571,344.1666667,11850
5/21/2013,52.1,12180,11.16666667,369.2988743,21.97083333,23.32958333,,3.79375,346.8333333,13041.66667
5/22/2013,51.35833333,11905,10.75462963,366.1132291,14.13461538,26.83076923,,4.531923077,347.9166667,12929.16667
5/23/2013,52.1875,12959,11.21527778,370.9506904,16.99090909,30.69409091,,3.472916667,343.75,13100
5/24/2013,52.77916667,13303,11.54398148,365.1693342,17.49166667,35.90291667,,1.715,332.3333333,12895.83333
5/25/2013,52.75833333,13097,11.53240741,365.4053079,18.89166667,37.16083333,,1.757916667,312.625,12904.16667
5/26/2013,52.54166667,11920,11.41203704,356.2023328,20.21666667,39.37083333,,3.021666667,320.9583333,12579.16667
5/27/2013,52.22083333,12028,11.2337963,357.9721357,17.81666667,58.23916667,,3.45125,155.7916667,12641.66667
5/28/2013,51.9875,12016,11.10416667,358.2081094,16.24324324,77.27189189,,3.268648649,267.1666667,12650
5/29/2013,52.5625,12936,11.42361111,356.3203196,21.62083333,39.56208333,,3.30125,339.75,12583.33333
5/30/2013,52.77083333,11565,11.53935185,340.8640409,21.16666667,31.02375,,2.68,350.6666667,12037.5
5/31/2013,52.62083333,11782,11.45601852,342.0439095,24.20833333,26.47208333,,3.75125,350.4166667,12079.16667
6/1/2013,52.74583333,12026,11.52546296,338.9762511,29.05,17.41458333,,4.695416667,343.8333333,11970.83333
6/2/2013,53.0125,11701,11.67361111,339.4481985,29.175,22.2825,,3.923333333,344,11987.5
6/3/2013,53.05833333,11791,11.69907407,338.2683299,30.3,18.58791667,,4.607916667,348.8333333,11945.83333
6/4/2013,52.95833333,11602,11.64351852,340.0381328,28.175,30.45583333,,1.479166667,346.7083333,12008.33333
6/5/2013,53.09166667,11832,11.71759259,340.5100803,26.31666667,48.78333333,,2.164583333,337.8333333,12025
6/6/2013,53.3875,12494,11.88194444,385.8170348,27.9625,48.30208333,,1.585416667,331.0833333,13625
6/7/2013,52.07083333,13827,11.15046296,398.4416289,31.18333333,41.85583333,,2.506666667,342.1666667,14070.83333
6/8/2013,52.2375,13608,11.24305556,397.9696815,35.19583333,19.99958333,,5.05875,340.875,14054.16667
6/9/2013,52.42916667,13442,11.34953704,395.7279311,33.1,24.90416667,,3.9225,340.0833333,13975
6/10/2013,52.1625,13385,11.20138889,397.7337078,22.29615385,52.99807692,,4.689615385,242.0833333,14045.83333
6/11/2013,51.85833333,13643,11.03240741,398.9135764,22.14583333,55.05375,,2.37875,317.125,14087.5
6/12/2013,52.22083333,13326,11.2337963,398.4416289,24.33333333,26.21875,,3.13,346.125,14070.83333
6/13/2013,51.87916667,13541,11.04398148,399.3855238,23.17083333,25.95833333,,3.70875,348.6666667,14104.16667
6/14/2013,52.04166667,13721,11.13425926,407.4086303,24.55833333,21.34875,,5.015,349.9583333,14387.5
6/15/2013,51.99166667,13705,11.10648148,409.8863544,24.075,29.36416667,,1.73625,352,14475
6/16/2013,51.22916667,12791,10.68287037,419.9152376,24.7875,31.14833333,,2.1,347,14829.16667
6/17/2013,51.6,14082,10.88888889,407.9985646,25.05,32.81083333,,2.679583333,335.375,14408.33333
6/18/2013,51.77083333,14942,10.9837963,390.6544961,22.62083333,36.38041667,,3.73,319.5,13795.83333
6/19/2013,51.51666667,13958,10.84259259,407.9985646,19.30833333,34.4,,2.572916667,347.5833333,14408.33333
6/20/2013,51.7125,13376,10.95138889,399.3855238,21.64583333,30.93541667,,2.14375,346.5833333,14104.16667
6/21/2013,52.12916667,14040,11.18287037,400.8013661,24.76666667,24.9725,,3.665,344.5416667,14154.16667
6/22/2013,52.0125,13697,11.11805556,399.5035107,26.52916667,21.3925,,3.150416667,348,14108.33333
6/23/2013,51.27916667,13932,10.71064815,402.3351953,24.5375,37.11583333,,2.464583333,204.5416667,14208.33333
6/24/2013,51.3375,13674,10.74305556,401.8632479,19.06176471,71.73882353,,6.097647059,121.125,14191.66667
6/25/2013,51.16666667,13846,10.64814815,437.0233324,16.92115385,88.16788462,,4.333269231,34.125,15433.33333
6/26/2013,51.34166667,13644,10.74537037,445.872347,21.53333333,75.84212121,,3.772424242,142.0833333,15745.83333
6/27/2013,51.84583333,13538,11.02546296,437.6132667,25.50416667,59.53041667,,1.499583333,318.625,15454.16667
6/28/2013,52.25416667,13753,11.25231481,432.6578186,30.39583333,42.28166667,,2.337083333,339.2083333,15279.16667
6/29/2013,52.175,14920,11.20833333,435.4895032,31.75,36.99083333,,1.693333333,344.25,15379.16667
6/30/2013,52.27916667,14501,11.2662037,436.4333981,32.92916667,34.00791667,,1.415416667,348.9583333,15412.5
7/1/2013,52.47083333,13860,11.37268519,430.6520419,32.54583333,35.40875,,1.7575,326.625,15208.33333
7/2/2013,52.65,14408,11.47222222,420.6231588,36.21904762,30.10666667,,2.376190476,313.875,14854.16667
7/3/2013,52.79583333,14157,11.55324074,431.3599631,35.54166667,32.51458333,,3.022916667,283.625,15233.33333
7/4/2013,52.76666667,13399,11.53703704,441.1528725,35.34583333,23.4775,,3.73,266.7083333,15579.16667
7/5/2013,52.95833333,14355,11.64351852,432.303858,32.66666667,21.525,,3.623333333,313.826087,15266.66667
7/6/2013,53.17083333,13948,11.76157407,433.0117791,27.75416667,39.41708333,,1.779166667,335.5416667,15291.66667
7/7/2013,53.35833333,14149,11.86574074,436.6693718,28.49166667,39.84875,,2.1,339.0833333,15420.83333
7/8/2013,53.49583333,14200,11.94212963,438.3211879,28.62083333,28.81041667,,2.378333333,345,15479.16667
7/9/2013,53.61666667,14049,12.00925926,421.6850405,27.95416667,27.73916667,,2.293333333,348.0833333,14891.66667
7/10/2013,53.75416667,13459,12.08564815,427.5843835,29.66666667,26.08125,,2.485833333,342.3333333,15100
7/11/2013,53.85833333,13467,12.14351852,428.5282784,27.8,28.71958333,,2.399583333,343.625,15133.33333
7/12/2013,54.10416667,13590,12.28009259,427.7023704,26.04166667,32.25666667,,2.27125,341.5833333,15104.16667
7/13/2013,54.25416667,14495,12.36342593,420.7411456,27.39166667,28.65666667,,1.843333333,339.4166667,14858.33333
7/14/2013,54.49583333,14694,12.49768519,407.9985646,28.30416667,25.44583333,,2.207916667,345.875,14408.33333
7/15/2013,54.55,13407,12.52777778,413.3079734,27.77916667,29.79916667,,2.100833333,321.2916667,14595.83333
7/16/2013,54.1,13573,12.27777778,420.2691982,25.5125,35.51166667,,2.679166667,354.6363636,14841.66667
7/17/2013,53.9,13533,12.16666667,418.4993953,24.925,31.18208333,,1.58625,346.375,14779.16667
7/18/2013,54.10833333,13619,12.28240741,419.2073164,29.20526316,24.20105263,,1.894736842,378.7727273,14804.16667
7/19/2013,54.16666667,13739,12.31481481,413.3079734,29.7,29.60083333,,2.014583333,338.7916667,14595.83333
7/20/2013,53.775,13542,12.09722222,420.8591325,31.92916667,33.6125,,1.843333333,330.2916667,14862.5
7/21/2013,53.60833333,13434,12.00462963,424.634712,32.0625,39.35791667,,1.586666667,324.375,14995.83333
7/22/2013,54.04166667,13792,12.24537037,420.5051719,30.72083333,31.32333333,,2.635833333,319.8333333,14850
7/23/2013,53.9125,13606,12.17361111,422.3929617,28.84583333,34.96125,,2.680833333,290.5,14916.66667
7/24/2013,53.87083333,13820,12.15046296,421.4490668,29.65833333,33.74958333,,2.507916667,290.8333333,14883.33333
7/25/2013,53.33333333,13834,11.85185185,421.4490668,31.43333333,36.13166667,,1.8425,303.9166667,14883.33333
7/26/2013,53.3625,13731,11.86805556,422.0390011,31.73333333,38.41791667,,2.8075,303.4166667,14904.16667
7/27/2013,53.52916667,13700,11.96064815,423.1008828,31.72083333,36.95625,,2.464166667,308.5,14941.66667
7/28/2013,53.7125,12758,12.0625,396.4358523,30.01666667,37.78666667,,2.636666667,303.0833333,14000
7/29/2013,53.45,12847,11.91666667,382.0414553,27.29166667,37.63291667,,2.93625,293.3333333,13491.66667
7/30/2013,52.22916667,12974,11.23842593,385.699048,24.925,40.57291667,,1.714166667,284.4583333,13620.83333
7/31/2013,52.425,12466,11.34722222,383.8112582,26.4,35.48826087,,1.811304348,292.2083333,13554.16667
8/1/2013,52.66666667,12239,11.48148148,365.9952422,25.7875,34.97083333,,2.850416667,312.75,12925
8/2/2013,52.76666667,12004,11.53703704,349.7130554,25.7125,34.62916667,,2.979583333,314.4166667,12350
8/3/2013,52.61666667,11901,11.4537037,355.3764247,26.40416667,27.3725,,1.73625,269.2083333,12550
8/4/2013,52.35416667,11797,11.30787037,353.6066218,26.29583333,32.29041667,,1.672083333,317.7083333,12487.5
8/5/2013,52.825,12309,11.56944444,351.9548058,25.95833333,30.19875,,1.671666667,317.7083333,12429.16667
8/6/2013,52.575,11447,11.43055556,355.0224641,25.93333333,31.40708333,,1.65,309.9166667,12537.5
8/7/2013,52.70833333,12118,11.50462963,339.8021591,23.74583333,44.13958333,,2.979166667,279.75,12000
8/8/2013,52.83333333,11476,11.57407407,332.7229475,22.90416667,49.88833333,,1.735833333,287.125,11750
8/9/2013,52.66666667,11372,11.48148148,328.4754205,23.92272727,37.84272727,,2.291363636,295.8636364,11600
8/10/2013,52.62083333,11154,11.45601852,333.1948949,23.19166667,40.65458333,,1.629166667,265.8333333,11766.66667
8/11/2013,52.60833333,11538,11.44907407,335.7906058,25.1625,39.91583333,,1.649583333,291.2083333,11858.33333
8/12/2013,52.81666667,11396,11.56481481,342.5158569,26.3375,35.38791667,,1.885833333,288.0833333,12095.83333
8/13/2013,53.10833333,11366,11.72685185,344.6396204,26.72173913,31.19304348,,1.587391304,302.2916667,12170.83333
8/14/2013,53.35416667,11479,11.86342593,345.3475416,28.0125,25.58875,,2.121666667,298.4583333,12195.83333
8/15/2013,53.42916667,11805,11.90509259,346.0554627,27.38333333,28.21,,1.864583333,297.2916667,12220.83333
8/16/2013,53.51666667,11026,11.9537037,324.9358146,27.84782609,32.78434783,,1.655217391,292.25,11475
8/17/2013,53.29166667,10788,11.8287037,300.866495,29.11666667,35.04958333,,1.2,290.7916667,10625
8/18/2013,53.13333333,10432,11.74074074,302.5183111,32.09166667,28.95375,,2.615,283.4166667,10683.33333
8/19/2013,52.99166667,10158,11.66203704,306.1759038,31.2,37.11458333,,2.829166667,275.1666667,10812.5
8/20/2013,53.07083333,10996,11.70601852,307.5917461,29.51818182,36.78863636,,1.589545455,117.8333333,10862.5
8/21/2013,52.97916667,9790,11.65509259,308.0636935,28.6,42.48391304,,1.587391304,263.9166667,10879.16667
8/22/2013,53.15,10250,11.75,294.967152,26.63913043,45.74608696,,1.856086957,228.9583333,10416.66667
8/23/2013,52.9,9726,11.61111111,280.4665668,25.26521739,36.35217391,,1.58826087,281.7083333,9904.583333
8/24/2013,52.8875,9574,11.60416667,281.4222604,25.05,41.21125,,2.335833333,273.0416667,9938.333333
8/25/2013,52.70416667,8961,11.50231481,267.2874345,24.70833333,48.34541667,,2.828333333,242.6666667,9439.166667
8/26/2013,52.79583333,8374,11.55324074,257.2349539,24.17083333,40.81041667,,1.950416667,263.7083333,9084.166667
8/27/2013,53.39166667,7874,11.88425926,257.459129,24.15,32.20166667,,1.842916667,283.4583333,9092.083333
8/28/2013,52.60833333,7290,11.44907407,244.905327,25.0875,34.71916667,,2.18625,240.1818182,8648.75
8/29/2013,52.17916667,8363,11.21064815,241.6370909,25.15833333,35.7675,,2.272083333,267.4583333,8533.333333
8/30/2013,52.525,7281,11.40277778,223.8446723,27.14583333,34.46416667,,1.715416667,267.625,7905
8/31/2013,52.97916667,6934,11.65509259,222.4170313,27.55416667,32.7375,,1.54375,270.5833333,7854.583333
9/1/2013,52.88333333,7512,11.60185185,222.5232195,25.93333333,32.525,,2.142916667,218.5416667,7858.333333
9/2/2013,52.73333333,7218,11.51851852,222.3580379,24.19166667,39.09666667,,2.8075,261.9166667,7852.5
9/3/2013,53.10833333,7090,11.72685185,222.8299853,23.32916667,45.1825,,2.271666667,258.4583333,7869.166667
9/4/2013,52.85,7203,11.58333333,223.2665367,23.00833333,45.24708333,,1.842916667,261.875,7884.583333
9/5/2013,52.62083333,7198,11.45601852,223.7148868,22.92083333,38.40916667,,2.1425,252.7916667,7900.416667
9/6/2013,52.76666667,7010,11.53703704,225.3313068,25.19583333,32.3975,,3.75125,255.8333333,7957.5
9/7/2013,52.5,7099,11.38888889,226.3459938,27.69583333,26.74791667,,1.694166667,259,7993.333333
9/8/2013,52.52916667,6934,11.40509259,226.7589478,27.09583333,26.05958333,,1.822916667,253.875,8007.916667
9/9/2013,52.87916667,7413,11.59953704,222.0276747,31.37083333,20.99083333,,4.095,253.4583333,7840.833333
9/10/2013,52.90416667,7343,11.61342593,221.2961561,30.85833333,20.62291667,,2.121666667,252.625,7815
9/11/2013,53.04166667,7207,11.68981481,223.8918671,26.78333333,43.65416667,,2.27125,239.4583333,7906.666667
9/12/2013,52.88333333,7150,11.60185185,227.4550703,23.54583333,53.00291667,,1.050416667,190.1666667,8032.5
9/13/2013,51.92083333,7329,11.06712963,223.6204973,25.90416667,48.73458333,,1.885416667,227.6666667,7897.083333
9/14/2013,52.24166667,7496,11.24537037,223.2783354,26.25833333,49.95,,1.285833333,228.625,7885
9/15/2013,52.88333333,6485,11.60185185,218.6768478,24.36666667,50.41416667,,2.421666667,235.5,7722.5
9/16/2013,52.9625,6816,11.64583333,216.3289093,22.99583333,42.07166667,,1.307083333,233.6666667,7639.583333
9/17/2013,53.175,6789,11.76388889,216.4232988,23.48333333,39.34333333,,2.614583333,218.6666667,7642.916667
9/18/2013,52.7,7075,11.5,217.0840252,22.308,31.9712,,5.2684,240.9166667,7666.25
9/19/2013,52.07916667,7413,11.15509259,222.5350182,23.96666667,26.41041667,,1.993333333,236.625,7858.75
9/20/2013,52.48333333,7143,11.37962963,218.4408741,20.80416667,33.67125,,2.508333333,206.375,7714.166667
9/21/2013,52.75,7124,11.52777778,218.0515174,16.74473684,77.77473684,,5.157631579,65.20833333,7700.416667
9/22/2013,52.6125,6814,11.45138889,206.5006038,13.05882353,83.52970588,,0.786470588,186.5416667,7292.5
9/23/2013,53.12916667,6468,11.73842593,205.3797286,20.325,58.34166667,,1.435833333,210.625,7252.916667
9/24/2013,53.30833333,6434,11.83796296,209.5210674,20.875,51.03083333,,1.37125,181.7083333,7399.166667
9/25/2013,53.1125,6446,11.72916667,212.8600956,15.884,48.2164,,3.0244,177.9583333,7517.083333
9/26/2013,53.3375,6838,11.85416667,213.1904588,15.1625,44.43875,,3.945,219.875,7528.75
9/27/2013,53.20833333,6246,11.78240741,199.1854184,17.72916667,34.51958333,,3.344166667,218.4583333,7034.166667
9/28/2013,53.05416667,6179,11.69675926,194.4895413,17.27083333,48.2175,,1.135833333,181.125,6868.333333
9/29/2013,53.11666667,6479,11.73148148,189.1211392,20.31666667,45.51875,,6.088333333,58.16666667,6678.75
9/30/2013,53.22083333,6450,11.78935185,192.5073621,20.04,67.0368,,7.3868,113.9583333,6798.333333
10/1/2013,53.89166667,6332,12.16203704,196.8020838,19.5625,44.27583333,,2.615416667,200.3333333,6950
10/2/2013,53.85416667,6478,12.1412037,195.6340139,19.35416667,33.06708333,,3.108333333,206.9583333,6908.75
10/3/2013,53.60416667,6062,12.00231481,196.6604996,16.4125,33.05041667,,4.18,200.2083333,6945
10/4/2013,53.49166667,6327,11.93981481,197.0262588,18.86666667,23.96208333,,7.01,206.2916667,6957.916667
10/5/2013,53.575,5945,11.98611111,198.0999393,21.09166667,17.85208333,,2.765,205.375,6995.833333
10/6/2013,54.025,5930,12.23611111,198.713471,16.75833333,41.28083333,,0.865,201.875,7017.5
10/7/2013,54.04583333,6140,12.24768519,199.3388013,16.89166667,39.695,,0.87875,151,7039.583333
10/8/2013,54.1,6322,12.27777778,199.0202368,18.90833333,29.73958333,,5.40125,151.5833333,7028.333333
10/9/2013,54.25416667,6326,12.36342593,197.3920181,17.77916667,29.9775,,7.30875,183,6970.833333
10/10/2013,54.07083333,6329,12.26157407,198.2415235,17.51666667,33.30416667,,3.495,193.2173913,7000.833333
10/11/2013,53.60416667,6076,12.00231481,198.0055498,14.95833333,54.0775,,1.05,170.2083333,6992.5
10/12/2013,53.6875,6518,12.04861111,196.4481232,14.75416667,56.70541667,,1.049583333,170.7083333,6937.5
10/13/2013,53.80416667,6027,12.11342593,200.0821185,16.508,43.3056,,5.5552,176.125,7065.833333
10/14/2013,53.82083333,6088,12.12268519,200.4714752,18.37916667,31.86125,,4.437083333,181.1666667,7079.583333
10/15/2013,54.0875,6189,12.27083333,199.2090158,20.35,21.68291667,,5.445,183.4166667,7035
10/16/2013,54.30416667,6342,12.3912037,200.9080266,15.64166667,34.86666667,,0.835416667,160.5416667,7095
10/17/2013,54.54166667,5961,12.52314815,200.7074489,15.84166667,41.89708333,,1.372083333,175.7083333,7087.916667
10/18/2013,54.73333333,6194,12.62962963,200.589462,18.892,37.6688,,1.7284,177.4583333,7083.75
10/19/2013,54.49583333,5980,12.49768519,200.8608318,17.02083333,43.58375,,0.707083333,171.9166667,7093.333333
10/20/2013,54.77916667,5673,12.65509259,201.7811293,17.9125,43.6425,,0.900416667,169.6666667,7125.833333
10/21/2013,54.93333333,6256,12.74074074,198.8196591,18.59583333,38.89333333,,0.685416667,169.2916667,7021.25
10/22/2013,54.9375,5846,12.74305556,196.3655324,17.75416667,44.36416667,,0.45,164.5416667,6934.583333
10/23/2013,54.8625,6168,12.70138889,190.4543907,16.97916667,42.36375,,0.599583333,164.625,6725.833333
10/24/2013,54.975,5834,12.76388889,192.4011739,15.8125,43.48875,,0.620833333,159.5833333,6794.583333
10/25/2013,54.84583333,5894,12.69212963,193.486653,14.98333333,47.14166667,,0.55625,154.375,6832.916667
10/26/2013,54.85,5727,12.69444444,193.0029069,14.075,47.48208333,,0.727916667,156.5833333,6815.833333
10/27/2013,55.0125,5831,12.78472222,191.5988633,13.6125,51.58,,1.222083333,149.5833333,6766.25
10/28/2013,54.71666667,6055,12.62037037,191.8584343,13.28,46.5332,,3.3132,77.33333333,6775.416667
10/29/2013,54.6625,5907,12.59027778,191.7876422,12.16923077,65.46115385,,1.405,82.83333333,6772.916667
10/30/2013,54.6875,5709,12.60416667,192.8023292,11.62916667,64.16958333,,0.470833333,133.875,6808.75
10/31/2013,53.775,5930,12.09722222,192.247791,12.575,56.22375,,0.793333333,143.0833333,6789.166667
11/1/2013,53.3,5953,11.83333333,184.6494372,13.39583333,57.52708333,,0.685416667,143.125,6520.833333
11/2/2013,53.3,5615,11.83333333,179.5524048,13.41785714,55.77535714,,0.716071429,117.75,6340.833333
11/3/2013,53.3,4753,11.83333333,174.4553724,13.075,32.05375,,4.565416667,87.91666667,6160.833333
11/4/2013,53.3,5208,11.83333333,166.5738501,13.36956522,31.14565217,,5.636956522,134.1666667,5882.5
11/5/2013,53.27916667,4671,11.82175926,153.6188928,14.29166667,36.39666667,,2.185416667,129.5833333,5425
11/6/2013,53.53333333,4924,11.96296296,145.230027,13.64,54.712,,0.5764,101.9583333,5128.75
11/7/2013,53.84166667,4986,12.13425926,140.9353052,15.78461538,45.33576923,,1.858846154,123.8333333,4977.083333
11/8/2013,53.9875,4964,12.21527778,132.3812578,13.60833333,48.76666667,,0.62125,128.625,4675
11/9/2013,53.94583333,4683,12.19212963,130.5642602,13.292,52.8352,,0.4932,127.5,4610.833333
11/10/2013,54.0125,4521,12.22916667,128.8534507,13.13076923,56.98538462,,0.415384615,123.25,4550.416667
11/11/2013,54.16666667,4264,12.31481481,128.2163216,11.05833333,56.78833333,,0.36375,96.5,4527.916667
11/12/2013,54.10416667,4283,12.28009259,123.8626065,15.04583333,43.55541667,,0.96375,94.91666667,4374.166667
11/13/2013,54.2375,4526,12.35416667,122.6945365,14.808,48.2052,,1.8924,117.625,4332.916667
11/14/2013,54.34166667,4350,12.41203704,119.6740729,15.55833333,48.77458333,,1.542916667,112.0833333,4226.25
11/15/2013,54.3125,4183,12.39583333,117.4559199,14.868,33.9436,,5.2672,117.0416667,4147.916667
11/16/2013,54.00416667,4325,12.22453704,112.5358678,11.64583333,42.40083333,,1.649583333,109.5416667,3974.166667
11/17/2013,53.87916667,3717,12.15509259,110.1053385,8.779166667,61.05541667,,0.727916667,94.7826087,3888.333333
11/18/2013,53.825,3855,12.125,108.9844633,7.083333333,67.51625,,0.128333333,39.29166667,3848.75
11/19/2013,53.80833333,3803,12.11574074,108.5361132,9.83015873,89.25031746,,0.497258065,16.41666667,3832.916667
11/20/2013,54.02083333,3907,12.2337963,107.5214262,11.37866667,91.33586667,,0.431466667,28.25,3797.083333
11/21/2013,53.90833333,3741,12.1712963,108.3001395,10.94583333,38.66913043,,10.09583333,114.875,3824.583333
11/22/2013,53.68333333,3749,12.0462963,108.0405684,14.125,12.66041667,,10.09625,120.0416667,3815.416667
11/23/2013,53.68333333,3841,12.0462963,105.6218378,16.50833333,14.1425,,8.381666667,117.8333333,3730
11/24/2013,53.54583333,3998,11.96990741,104.5363587,8.15,52.47666667,,1.285833333,115.2916667,3691.666667
11/25/2013,53.46666667,4080,11.92592593,104.7723324,5.591666667,68.84666667,,0.064166667,111.2916667,3700
11/26/2013,53.43333333,4102,11.90740741,104.8903193,6.395833333,69.76666667,,0.128333333,88.125,3704.166667
11/27/2013,53.375,3952,11.875,106.0111944,8.2125,74.64625,,0.128333333,79.45833333,3743.75
11/28/2013,53.275,3997,11.81944444,106.2353695,10.608,67.544,,1.0284,101.0833333,3751.666667
11/29/2013,53.25833333,4055,11.81018519,106.6129274,9.445833333,67.26916667,,0.15,105.4583333,3765
11/30/2013,53.225,4055,11.79166667,105.5864417,11.15,66.18708333,,0.47125,102.5833333,3728.75
12/1/2013,53.23333333,3980,11.7962963,103.6042625,11.7125,66.65625,,0.877916667,91.08333333,3658.75
12/2/2013,53.07916667,4148,11.71064815,105.8460128,7.6,82.5325,,0.535416667,60.79166667,3737.916667
12/3/2013,52.88333333,4174,11.60185185,107.9225816,9.945833333,54.72625,,4.115833333,100.9166667,3811.25
12/4/2013,52.40416667,4125,11.33564815,108.2883408,4.8375,30.855,,6.3875,106.5,3824.166667
12/5/2013,51.92083333,3919,11.06712963,108.3237369,4.208333333,28.29083333,,3.280416667,105.5416667,3825.416667
12/6/2013,51.42916667,4473,10.79398148,108.5951067,-0.795833333,59.25625,,0.985,49,3835
12/7/2013,51.35833333,4003,10.75462963,108.4417238,-0.267123288,98.02794521,,0.457671233,89.41666667,3829.583333
12/8/2013,51.24166667,3824,10.68981481,106.1291813,0.054166667,54.6225,,4.18,103.4166667,3747.916667
12/9/2013,51.025,4110,10.56944444,106.5775314,4.175,32.05083333,,4.7575,102,3763.75
12/10/2013,50.94166667,3775,10.52314815,106.9432906,1.258333333,64.2725,,0.6,90.45833333,3776.666667
12/11/2013,50.99583333,3818,10.55324074,106.9904854,6.716666667,56.10208333,,1.135833333,96.04166667,3778.333333
12/12/2013,51.1375,3774,10.63194444,106.9786867,4.1875,68.22541667,,0.128333333,95.75,3777.916667
12/13/2013,51.36666667,3933,10.75925926,106.8606998,5.6875,66.29958333,,1.028333333,94.375,3773.75
12/14/2013,52.17916667,3840,11.21064815,106.966888,8.4,60.23166667,,1.414166667,92.58333333,3777.5
12/15/2013,52.5125,3664,11.39583333,107.0140827,5.1375,72.245,,0.321666667,97.875,3779.166667
12/16/2013,52.60833333,3878,11.44907407,107.2382578,6.366666667,67.65583333,,1.13625,96.91666667,3787.083333
12/17/2013,52.48333333,3761,11.37962963,107.8281921,7.220833333,65.35208333,,0.47125,81.54166667,3807.916667
12/18/2013,52.37916667,3675,11.32175926,108.4299251,6.420833333,70.12583333,,0.064166667,82.45833333,3829.166667
12/19/2013,52.1,3806,11.16666667,108.2411461,11.04166667,38.44083333,,6.065833333,95.75,3822.5
12/20/2013,51.74166667,4060,10.96759259,105.6808312,9.720833333,21.96791667,,4.565833333,92.95833333,3732.083333
12/21/2013,51.64583333,3831,10.91435185,106.7309143,7.745833333,58.37541667,,0.6425,94.75,3769.166667
12/22/2013,51.7625,3717,10.97916667,105.8224155,12.0125,55.645,,1.993333333,93.45833333,3737.083333
12/23/2013,51.62083333,4294,10.90046296,105.6100391,9.575,66.25583333,,0.8575,91.375,3729.583333
12/24/2013,51.46666667,3974,10.81481481,105.8342141,9.65,64.74708333,,2.335833333,98.83333333,3737.5
12/25/2013,51.32916667,3845,10.73842593,107.0966735,12.17916667,41.55916667,,1.715416667,99.45833333,3782.083333
12/26/2013,51.2,3874,10.66666667,106.2235708,7.091666667,60.72791667,,0.128333333,98.83333333,3751.25
12/27/2013,51.15833333,3916,10.64351852,106.8606998,4.758333333,69.18666667,,0.128333333,52.83333333,3773.75
12/28/2013,51.00416667,3816,10.55787037,107.6158157,7.75,59.89833333,,3.965416667,98.08333333,3800.416667
12/29/2013,50.75,3363,10.41666667,108.0995619,16.25,14.65791667,,5.25125,98.25,3817.5
12/30/2013,50.59166667,3659,10.3287037,104.3475797,7.079166667,52.15916667,,0.514166667,78.45833333,3685
12/31/2013,50.725,3691,10.40277778,101.3153174,7.417391304,62.09695652,,0.223478261,88.29166667,3577.916667
1/1/2014,50.7625,3849,10.42361111,101.1265384,7.870833333,57.91958333,,0.707083333,90.58333333,3571.25
1/2/2014,50.59166667,3855,10.3287037,98.22406162,8.154166667,61.96916667,,0.599583333,95.875,3468.75
1/3/2014,50.4375,3590,10.24305556,99.69889738,9.475,62.56666667,,0.128333333,96.16666667,3520.833333
1/4/2014,50.25,3311,10.13888889,97.61052994,9.745833333,49.80958333,,3.858333333,104.6666667,3447.083333
1/5/2014,50.025,2868,10.01388889,93.13882792,15.82083333,10.18708333,,5.809583333,104.875,3289.166667
1/6/2014,49.69166667,3005,9.828703704,93.52818456,7.366666667,43.49833333,,0.4075,58.75,3302.916667
1/7/2014,49.76666667,2826,9.87037037,94.37768995,6.233333333,60.24125,,0.357391304,72.58333333,3332.916667
1/8/2014,49.80416667,2882,9.891203704,94.30689784,6.103846154,64.17653846,,0.237307692,70.91666667,3330.416667
1/9/2014,49.72083333,2940,9.844907407,91.99435537,7.960714286,74.7775,,0.954642857,79.91666667,3248.75
1/10/2014,49.57083333,3271,9.761574074,93.82315171,6.420833333,79.56666667,,0.064166667,85.66666667,3313.333333
1/11/2014,49.44166667,3331,9.689814815,93.51638587,7.403846154,82.02,,1.918076923,44.375,3302.5
1/12/2014,49.30833333,3189,9.615740741,93.04443843,5.324137931,82.44206897,,1.383448276,100.9583333,3285.833333
1/13/2014,49.1875,2903,9.548611111,93.12702923,12.02692308,51.22076923,,4.036153846,110.9166667,3288.75
1/14/2014,48.99166667,2755,9.439814815,94.53107287,15.56,28.00884615,,4.1564,112.125,3338.333333
1/15/2014,49.00833333,2799,9.449074074,92.11234223,17.848,18.4544,,4.0952,115.0833333,3252.916667
1/16/2014,49.24583333,2997,9.581018519,91.94716062,15.49166667,24.505,,3.08625,116.875,3247.083333
1/17/2014,49.375,3037,9.652777778,91.99435537,11.55416667,36.9325,,0.750416667,114.5416667,3248.75
1/18/2014,49.4125,2915,9.673611111,92.37191332,12.09411765,41.67352941,,1.028235294,132.1764706,3262.083333
1/19/2014,49.40416667,2931,9.668981481,92.57249098,8.770833333,52.26625,,0.214166667,121.4583333,3269.166667
1/20/2014,49.20416667,2769,9.55787037,92.6432831,8.65,53.83208333,,0.385416667,120.7916667,3271.666667
1/21/2014,48.88333333,2796,9.37962963,92.59608836,8.329166667,47.73791667,,0.278333333,120.0833333,3270
1/22/2014,48.6625,2939,9.256944444,92.48990018,12.3875,33.72833333,,2.550833333,119.625,3266.25
1/23/2014,48.6125,2869,9.229166667,92.79666602,17.775,18.32708333,,7.309166667,122.2083333,3277.083333
1/24/2014,48.68333333,3151,9.268518519,92.85565945,17.80833333,20.62666667,,4.11625,118.4166667,3279.166667
1/25/2014,48.86666667,2797,9.37037037,91.68758953,11.42083333,43.295,,1.007083333,122.2916667,3237.916667
1/26/2014,49.15416667,2617,9.530092593,91.78197902,10.25833333,44.64666667,,0.6425,124.5416667,3241.25
1/27/2014,49.14166667,3023,9.523148148,98.84939198,8.120833333,54.85958333,,0.32125,71.83333333,3490.833333
1/28/2014,49.06666667,3339,9.481481481,107.8399908,12.69583333,53.24916667,,0.470833333,65.91666667,3808.333333
1/29/2014,48.98333333,3291,9.435185185,107.3562446,12.05714286,75.02914286,,0.514285714,27.25,3791.25
1/30/2014,48.97916667,3147,9.43287037,107.1792644,9.69047619,91.30166667,,0.979285714,110.6470588,3785
1/31/2014,48.67916667,3496,9.266203704,107.6630105,9.3,50.44166667,,2.808333333,126.3333333,3802.083333
2/1/2014,48.3625,3470,9.090277778,108.0169711,7.8125,46.20708333,,1.994166667,135.0833333,3814.583333
2/2/2014,48.125,3354,8.958333333,108.3355356,5.904166667,56.20208333,,0.835,89.45833333,3825.833333
2/3/2014,48.05833333,3396,8.921296296,108.3119382,5.483333333,66.51625,,1.2,138.625,3825
2/4/2014,47.99166667,3390,8.884259259,107.3090499,4.233333333,60.57958333,,0.75,127.5833333,3789.583333
2/5/2014,47.8625,3146,8.8125,107.2618552,4.2125,60.97791667,,0.749583333,126.1666667,3787.916667
2/6/2014,47.85416667,3335,8.80787037,106.966888,5.853488372,89.62930233,,1.386744186,25.83333333,3777.5
2/7/2014,47.8875,3297,8.826388889,112.3942836,7.012903226,96.45483871,,3.932903226,12.33333333,3969.166667
2/8/2014,47.89166667,3682,8.828703704,124.3817487,9.878125,97.323125,,7.62125,15.375,4392.5
2/9/2014,47.82916667,3807,8.793981481,112.453277,11.50972222,99.91111111,,1.785833333,19.91666667,3971.25
2/10/2014,47.77916667,4257,8.766203704,106.5775314,10.15625,94.06270833,,1.039583333,135.2083333,3763.75
2/11/2014,47.95833333,3543,8.865740741,103.2267045,8.861290323,85.87612903,,0.480645161,118.9583333,3645.416667
2/12/2014,48.15833333,3597,8.976851852,99.52191708,10.64054054,85.09891892,,1.928611111,59.79166667,3514.583333
2/13/2014,48.25416667,3108,9.030092593,97.20937461,11.9375,96.12625,,1.304634146,41.25,3432.916667
2/14/2014,48.1875,2878,8.993055556,95.0974098,13.00677966,97.74915254,,1.360169492,52.95833333,3358.333333
2/15/2014,48.15416667,2720,8.974537037,92.0533488,14.4,83.29586207,,4.895517241,30.54166667,3250.833333
2/16/2014,48.275,2555,9.041666667,92.18313434,11.3516129,76.68129032,,4.89516129,150.7083333,3255.416667
2/17/2014,48.0875,2809,8.9375,91.98255668,8.245833333,71.47708333,,1.285,138.7916667,3248.333333
2/18/2014,47.95833333,2526,8.865740741,92.39551069,10.19166667,69.43208333,,1.672083333,127.5416667,3262.916667
2/19/2014,47.97916667,3846,8.877314815,95.14460455,13.03333333,49.74541667,,4.003478261,158.8333333,3360
2/20/2014,48.22083333,2245,9.011574074,97.48074439,11.67826087,42.57347826,,3.333913043,155.9583333,3442.5
2/21/2014,48.71666667,2376,9.287037037,93.56358061,13.54347826,48.86521739,,2.952608696,165.5833333,3304.166667
2/22/2014,48.99166667,2445,9.439814815,94.54287156,15.17916667,37.97458333,,3.430833333,177.375,3338.75
2/23/2014,49.225,2707,9.569444444,93.51638587,11.20416667,54.085,,0.81375,177.625,3302.5
2/24/2014,49.525,2579,9.736111111,93.04443843,12.43333333,59.29541667,,0.835,176.4166667,3285.833333
2/25/2014,49.70833333,2951,9.837962963,93.02084105,12.7625,60.41458333,,0.707083333,172.625,3285
2/26/2014,49.83333333,3163,9.907407407,93.56358061,11.68965517,80.82068966,,1.365172414,39.375,3304.166667
2/27/2014,49.89583333,2729,9.94212963,99.62810526,11.55185185,94.42481481,,5.487407407,78.91666667,3518.333333
2/28/2014,49.82083333,2577,9.900462963,94.70805316,11.24814815,85.50444444,,3.716296296,54.33333333,3344.583333
3/1/2014,49.8125,2906,9.895833333,94.97942294,10.38363636,94.28890909,,1.524,105.8333333,3354.166667
3/2/2014,49.75,2488,9.861111111,94.15351492,12.35,89.14357143,,3.380357143,32.16666667,3325
3/3/2014,49.75833333,3150,9.865740741,95.13280586,12.21290323,90.40935484,,7.452258065,20.54166667,3359.583333
3/4/2014,49.875,2447,9.930555556,94.000132,11.19615385,93.25096154,,1.384038462,102.6666667,3319.583333
3/5/2014,49.82083333,2817,9.900462963,94.44848207,12.18648649,94.93486486,,1.181891892,42.54166667,3335.416667
3/6/2014,49.71666667,2125,9.842592593,94.12991755,13.3972973,83.42081081,,5.645675676,101.75,3324.166667
3/7/2014,49.98333333,2475,9.990740741,93.81135302,12.04583333,69.00625,,2.700833333,202.875,3312.916667
3/8/2014,50.06666667,2702,10.03703704,92.85565945,13.10416667,60.79083333,,2.14375,184.7083333,3279.166667
3/9/2014,50.21304348,2191,10.11835749,93.05162024,13.54615385,87.85384615,,1.562307692,48.33333333,3286.086957
3/10/2014,50.35416667,2039,10.19675926,93.17422397,12.85263158,86.75763158,,1.421315789,168.5416667,3290.416667
3/11/2014,50.50416667,3296,10.28009259,92.67867916,13.25416667,37.61833333,,6.773333333,219.1666667,3272.916667
3/12/2014,49.95,2649,9.972222222,92.74947127,15.60416667,27.15,,4.03,224.0416667,3275.416667
3/13/2014,49.975,2615,9.986111111,92.70227653,13.15833333,52.21916667,,1.157083333,223,3273.75
3/14/2014,50.18333333,1867,10.10185185,92.19493303,14.51666667,56.1325,,0.960869565,203.125,3255.833333
3/15/2014,50.8375,2012,10.46527778,92.74947127,17.275,39.38833333,,2.079583333,224.125,3275.416667
3/16/2014,51.04166667,2795,10.5787037,93.35120426,15.1125,55.54625,,1.585416667,214.5,3296.666667
3/17/2014,51.475,2505,10.81944444,93.05623711,15.95416667,37.99916667,,3.944583333,231.4166667,3286.25
3/18/2014,51.28333333,3072,10.71296296,91.77018033,14.2375,28.75083333,,7.631666667,233.5416667,3240.833333
3/19/2014,51.16666667,3701,10.64814815,91.84097245,13.9375,36.05083333,,2.185833333,231.5416667,3243.333333
3/20/2014,51.52083333,2533,10.84490741,109.3620213,13.775,51.05458333,,1.028333333,236.2083333,3862.083333
3/21/2014,51.7,2997,10.94444444,107.6630105,15.725,35.1025,,2.63625,238.0833333,3802.083333
3/22/2014,51.625,2782,10.90277778,106.553934,17.21923077,25.73538462,,3.164615385,242.5416667,3762.916667
3/23/2014,51.47083333,3150,10.81712963,107.3090499,13.9375,46.98125,,0.878333333,239.0416667,3789.583333
3/24/2014,51.54166667,3511,10.85648148,107.1792644,14.44583333,51.97791667,,1.179166667,236.1666667,3785
3/25/2014,51.375,3459,10.76388889,107.0966735,11.844,71.6116,,1.522,85.45833333,3782.083333
3/26/2014,50.84166667,3628,10.46759259,107.604017,10.0925,92.01025,,3.70375,66.25,3800
3/27/2014,50.56666667,2707,10.31481481,102.6485689,10.55806452,83.54290323,,4.08,166.6666667,3625
3/28/2014,50.55416667,3771,10.30787037,101.3271161,12.325,86.17214286,,5.236071429,53.95833333,3578.333333
3/29/2014,50.5625,3015,10.3125,99.23874862,12.67906977,91.95534884,,4.546511628,79.3,3504.583333
3/30/2014,50.1125,2152,10.0625,97.17397855,6.54375,92.63479167,,1.060833333,123.9166667,3431.666667
3/31/2014,50.15416667,2696,10.08564815,93.62257404,7.8875,91.3285,,2.26325,49.875,3306.25
4/1/2014,49.97916667,2907,9.988425926,92.6432831,7.358695652,90.24,,5.289565217,93.16666667,3271.666667
4/2/2014,49.775,2694,9.875,93.52818456,9.536666667,81.12766667,,1.436551724,241.9583333,3302.916667
4/3/2014,49.92083333,2747,9.956018519,95.42777302,10.80833333,76.545,,1.649583333,159.8333333,3370
4/4/2014,50.2625,2793,10.14583333,91.60499873,10.925,80.22041667,,1.67125,125.9583333,3235
4/5/2014,50.15416667,2249,10.08564815,91.93536194,12.368,68.208,,1.521666667,256.6666667,3246.666667
4/6/2014,50.6625,2298,10.36805556,93.29221083,15.7875,62.24916667,,1.715,256.0416667,3294.583333
4/7/2014,50.8875,3501,10.49305556,92.79666602,19.325,47.31458333,,2.683913043,266.0416667,3277.083333
4/8/2014,50.90833333,2221,10.50462963,94.1653136,17.73333333,63.12208333,,1.071666667,249.9583333,3325.416667
4/9/2014,50.98333333,2532,10.5462963,95.20359798,19.075,60.8225,,1.800833333,258.2083333,3362.083333
4/10/2014,51.41666667,2294,10.78703704,96.18288892,19.00416667,60.48083333,,1.285416667,272.8333333,3396.666667
4/11/2014,51.89583333,2382,11.05324074,98.22406162,19.15,55.95041667,,1.84375,275.8333333,3468.75
4/12/2014,51.94583333,2173,11.08101852,94.96762426,18.67916667,64.07958333,,1.735833333,275.625,3353.75
4/13/2014,52.525,2628,11.40277778,92.60788704,19.2375,47.38333333,,3.94375,288.2916667,3270.416667
4/14/2014,52.55833333,2315,11.4212963,92.17133566,16.195,49.6105,,1.3385,286,3255
4/15/2014,52.27916667,2790,11.2662037,92.95004894,18.08333333,53.72375,,1.542727273,258.2083333,3282.5
4/16/2014,52.15416667,2725,11.19675926,105.8224155,21.0875,30.93958333,,3.429583333,266.875,3737.083333
4/17/2014,52.34166667,2787,11.30092593,104.2531902,20.37083333,45.88416667,,2.01,250,3681.666667
4/18/2014,52.52916667,3632,11.40509259,119.9926374,18.02307692,44.40961538,,4.608846154,251.5416667,4237.5
4/19/2014,51.93333333,3480,11.07407407,120.6651625,16.45833333,55.58666667,,1.650833333,277.5833333,4261.25
4/20/2014,52.00416667,3818,11.11342593,120.9601297,18.74583333,43.01625,,2.594583333,283,4271.666667
4/21/2014,51.45,3684,10.80555556,121.2904929,16.01904762,59.66904762,,0.952,141.625,4283.333333
4/22/2014,51.425,3903,10.79166667,119.5088913,14.74166667,51.39,,2.678333333,258.375,4220.416667
4/23/2014,50.9375,3337,10.52083333,115.0371893,13.35833333,44.9925,,2.657916667,301.625,4062.5
4/24/2014,51.06666667,3265,10.59259259,111.7099598,16.41666667,58.13833333,,2.678333333,182.5833333,3945
4/25/2014,51.175,3801,10.65277778,112.3824849,13.1,72.01428571,,2.305185185,197.2916667,3968.75
4/26/2014,50.95,3257,10.52777778,113.1847956,7.96969697,80.00575758,,1.885151515,202.1666667,3997.083333
4/27/2014,51.02083333,3804,10.56712963,117.2907383,12.9,64.585,,4.669615385,142.7916667,4142.083333
4/28/2014,51.46666667,3474,10.81481481,123.9098012,13.725,65.15291667,,1.609565217,287.4583333,4375.833333
4/29/2014,51.74583333,3739,10.96990741,123.4024577,18.46666667,43.09380952,,3.331428571,311.2916667,4357.916667
4/30/2014,52.00416667,3881,11.11342593,124.8772935,23.56666667,23.59761905,,3.2935,315,4410
5/1/2014,51.9625,4508,11.09027778,139.2362944,21.5375,42.87875,,1.34173913,271.4583333,4917.083333
5/2/2014,51.85416667,5139,11.03009259,155.9550326,21.9625,44.62,,2.144583333,290.6666667,5507.5
5/3/2014,51.8625,4980,11.03472222,156.3561879,21.54583333,38.31083333,,3.965833333,294.125,5521.666667
5/4/2014,51.93333333,5143,11.07407407,156.2499998,18.73333333,49.61833333,,4.888333333,273.1666667,5517.916667
5/5/2014,51.60833333,5059,10.89351852,156.4859735,16.624,46.8504,,2.89375,236.0833333,5526.25
5/6/2014,51.55416667,5915,10.86342593,179.1984442,16.23333333,45.30166667,,3.23625,306.2916667,6328.333333
5/7/2014,52.07083333,6688,11.15046296,199.1736197,18.9375,32.4125,,3.354782609,308.9166667,7033.75
5/8/2014,52.10833333,6800,11.1712963,195.5868191,18.47391304,48.37217391,,3.982608696,158.8333333,6907.083333
5/9/2014,51.65,7386,10.91666667,211.3262664,16.816,66.6076,,3.265217391,284.1666667,7462.916667
5/10/2014,51.825,7029,11.01388889,212.4943363,15.82916667,41.58833333,,3.31,306.9583333,7504.166667
5/11/2014,51.97916667,7014,11.09953704,212.5297324,17.79166667,30.66208333,,4.5875,335.1666667,7505.416667
5/12/2014,53.14166667,6735,11.74537037,212.7421087,22.22916667,27.94,,2.958333333,326.8333333,7512.916667
5/13/2014,53.24583333,6460,11.80324074,212.9072903,23.2,34.54875,,1.66,328.0416667,7518.75
5/14/2014,53.09583333,7340,11.71990741,213.2376535,24.74166667,34.58958333,,1.714166667,328.9583333,7530.416667
5/15/2014,52.97083333,7162,11.65046296,212.1167783,25.04166667,35.76541667,,2.07875,288.625,7490.833333
5/16/2014,52.95416667,7387,11.6412037,210.2997807,24.225,39.56208333,,2.011363636,305.25,7426.666667
5/17/2014,53.20833333,7995,11.78240741,212.1049797,22.59583333,37.455,,2.465,328.4583333,7490.416667
5/18/2014,53.33333333,7204,11.85185185,212.2111678,21.68333333,36.01125,,2.43826087,292.375,7494.166667
5/19/2014,53.0625,6879,11.70138889,212.5769271,18.27916667,43.11,,2.315416667,292.9166667,7507.083333
5/20/2014,53.075,6897,11.70833333,211.8808046,17.59583333,64.74,,2.743333333,262.7083333,7482.5
5/21/2014,53.51666667,6934,11.9537037,212.506135,21.17916667,50.75041667,,3.257083333,328.7083333,7504.583333
5/22/2014,53.625,7654,12.01388889,227.3370834,23.916,39.4824,,2.222,334.6666667,8028.333333
5/23/2014,53.8125,7247,12.11805556,228.3635691,24.76666667,37.19708333,,1.522083333,294.2083333,8064.583333
5/24/2014,53.89166667,7585,12.16203704,227.7028427,27.63333333,30.57833333,,3.902083333,312.8333333,8041.25
5/25/2014,54.06666667,7723,12.25925926,227.3016873,28.8125,25.30416667,,2.618636364,330.3333333,8027.083333
5/26/2014,54.13333333,7740,12.2962963,227.5848558,26.575,23.97291667,,2.422083333,344.1666667,8037.083333
5/27/2014,54.33333333,7438,12.40740741,227.5730571,24.20416667,26.38375,,1.649583333,342.625,8036.666667
5/28/2014,54.17916667,7625,12.32175926,229.8620022,19.69583333,24.47375,,4.200416667,346.875,8117.5
5/29/2014,54.3,7123,12.38888889,226.263403,22.39166667,21.6325,,5.080833333,347.75,7990.416667
5/30/2014,54.69166667,8778,12.60648148,255.3235668,22.22916667,28.34041667,,1.833478261,344.7083333,9016.666667
5/31/2014,54.72916667,8886,12.62731481,255.240976,21.44166667,29.8925,,2.100416667,344.2083333,9013.75
6/1/2014,54.92083333,8390,12.7337963,254.828022,24.50833333,30.31625,,3.13,337.2916667,8999.166667
6/2/2014,55.375,8530,12.98611111,255.7955142,24.20833333,33.42708333,,2.143333333,341.0416667,9033.333333
6/3/2014,54.775,8256,12.65277778,255.8191116,24.08333333,34.21708333,,2.315,317.125,9034.166667
6/4/2014,54.5875,7813,12.54861111,256.9989802,25.74166667,29.45166667,,2.347826087,346.0416667,9075.833333
6/5/2014,54.6375,8517,12.57638889,257.1523631,28.72916667,23.87958333,,2.465416667,347.8333333,9081.25
6/6/2014,54.95833333,8413,12.75462963,257.6243106,29.60833333,30.33166667,,2.873333333,336,9097.916667
6/7/2014,54.47083333,8452,12.4837963,255.7837155,30.7875,23.12166667,,3.472083333,346.875,9032.916667
6/8/2014,54.12083333,7904,12.28935185,255.5713392,32.0875,19.02625,,5.22875,341.3333333,9025.416667
6/9/2014,53.90833333,8073,12.1712963,256.6214222,32.2875,21.3125,,3.81625,338.5833333,9062.5
6/10/2014,54.10416667,7260,12.28009259,255.9724945,32.15416667,16.15083333,,5.509166667,347.3333333,9039.583333
6/11/2014,53.86666667,8476,12.14814815,255.6067352,29.86666667,21.08625,,4.394583333,347.8333333,9026.666667
6/12/2014,54.12916667,8539,12.29398148,267.7711806,24.27083333,44.01083333,,4.20125,340.375,9456.25
6/13/2014,53.875,9315,12.15277778,267.228441,23.13333333,28.1725,,3.772916667,348.7916667,9437.083333
6/14/2014,54.47916667,8803,12.48842593,267.9127648,23.97916667,25.42416667,,4.52375,287.5,9461.25
6/15/2014,54.55,8414,12.52777778,269.411198,24.71666667,26.72041667,,2.3575,336.4166667,9514.166667
6/16/2014,54.44166667,8827,12.46759259,269.446594,22.908,26.5376,,3.623043478,328.4583333,9515.416667
6/17/2014,54.32083333,8603,12.40046296,269.1162308,21.50833333,27.73208333,,6.367083333,351.1666667,9503.75
6/18/2014,53.92916667,8837,12.18287037,286.0119493,24.12083333,24.2325,,3.579130435,357.2083333,10100.41667
6/19/2014,54.05416667,8768,12.25231481,284.3601332,25.23333333,25.21875,,2.22875,348,10042.08333
6/20/2014,53.77083333,9504,12.09490741,321.5141957,25.87916667,28.515,,2.336666667,330.2083333,11354.16667
6/21/2014,54.5,9932,12.5,311.0133651,26.65416667,27.26083333,,2.460434783,337.9166667,10983.33333
6/22/2014,54.58333333,10052,12.5462963,307.1197987,27.10416667,26.53791667,,2.443333333,340.5,10845.83333
6/23/2014,55.36666667,9755,12.98148148,308.2996673,27.24583333,26.19583333,,2.357916667,334.0416667,10887.5
6/24/2014,54.875,10589,12.70833333,309.8334965,27.9875,27.36541667,,3.044166667,326.5416667,10941.66667
6/25/2014,55.24583333,10177,12.91435185,309.4795359,26.0125,37.46958333,,2.1425,195.5416667,10929.16667
6/26/2014,54.44166667,9924,12.46759259,315.8508264,22.57083333,53.21583333,,2.573043478,232.0833333,11154.16667
6/27/2014,54.55416667,9690,12.53009259,301.5744162,25.5375,42.1375,,4.362173913,313.3333333,10650
6/28/2014,54.59583333,9517,12.55324074,300.6305213,25.62083333,38.66041667,,2.421666667,331.25,10616.66667
6/29/2014,54.94583333,9789,12.74768519,299.3326658,28.075,28.74291667,,2.765833333,344.75,10570.83333
6/30/2014,55.175,9801,12.875,292.0174805,32.675,18.15125,,3.461363636,348.2083333,10312.5
7/1/2014,54.28333333,9591,12.37962963,286.5900849,30.42,28.3448,,1.628333333,314.9166667,10120.83333
7/2/2014,54.33333333,8771,12.40740741,286.8260586,29.46666667,36.57583333,,2.443333333,327.2916667,10129.16667
7/3/2014,54.70416667,9259,12.61342593,286.1063388,29.74166667,34.39833333,,2.102608696,327,10103.75
7/4/2014,54.37083333,9628,12.42824074,287.0620323,30.11666667,36.70291667,,3.043333333,337.0833333,10137.5
7/5/2014,54.45833333,9377,12.47685185,286.1181374,28.47083333,23.65708333,,2.37875,344.9583333,10104.16667
7/6/2014,54.35416667,9256,12.41898148,285.9765532,29.425,17.39916667,,1.885416667,348.375,10099.16667
7/7/2014,54.12083333,9267,12.28935185,286.5900849,30.60434783,23.52608696,,2.85,320.3333333,10120.83333
7/8/2014,54.21666667,9022,12.34259259,286.8260586,29.54166667,28.59625,,1.800416667,171.25,10129.16667
7/9/2014,53.9375,8955,12.1875,286.2007282,30.91666667,31.30125,,2.057083333,273.375,10107.08333
7/10/2014,54.05416667,9341,12.25231481,281.0329037,28.95416667,35.91833333,,2.280869565,330.4583333,9924.583333
7/11/2014,53.9875,9271,12.21527778,284.8792754,27.84166667,39.4725,,2.74375,256,10060.41667
7/12/2014,53.76666667,9096,12.09259259,287.0148376,28.72916667,37.05166667,,2.400416667,319.625,10135.83333
7/13/2014,53.94583333,9307,12.19212963,285.9293585,30.27916667,40.08291667,,2.186666667,309.5,10097.5
7/14/2014,54.29166667,9437,12.38425926,289.067809,33.05,30.40833333,,2.143333333,320.4583333,10208.33333
7/15/2014,53.925,8952,12.18055556,285.7877742,31.075,31.93875,,2.615833333,225.9583333,10092.5
7/16/2014,53.8,9358,12.11111111,284.5135161,29.21538462,37.88730769,,2.275384615,223.0416667,10047.5
7/17/2014,54.00833333,9434,12.22685185,286.0945401,26.65833333,53.17083333,,2.315416667,211.8333333,10103.33333
7/18/2014,54.0625,9160,12.25694444,285.3748202,27.47916667,47.50333333,,2.997391304,297.5416667,10077.91667
7/19/2014,54.39583333,9117,12.44212963,287.5339798,28.43333333,49.28666667,,2.711363636,314.6666667,10154.16667
7/20/2014,54.825,9072,12.68055556,287.0502336,29.375,44.12666667,,3.322083333,297.9166667,10137.08333
7/21/2014,54.77916667,9557,12.65509259,288.1121154,25.69583333,47.81291667,,3.443913043,216.4583333,10174.58333
7/22/2014,54.24583333,8978,12.3587963,284.8910741,23.74583333,64.7225,,1.607083333,220.5833333,10060.83333
7/23/2014,53.75,9387,12.08333333,285.7287808,24.56666667,48.12916667,,3.815833333,289.875,10090.41667
7/24/2014,54.125,9257,12.29166667,286.6018836,26.34583333,30.07916667,,3.235416667,331.25,10121.25
7/25/2014,53.96666667,9308,12.2037037,288.8318352,30.75,16.54166667,,2.8725,327.875,10200
7/26/2014,54.0625,9441,12.25694444,287.6519666,30.27083333,20.35333333,,2.014583333,328.9583333,10158.33333
7/27/2014,54.30833333,9051,12.39351852,286.8260586,30.27083333,21.1125,,1.9925,241.3333333,10129.16667
7/28/2014,54.11666667,9665,12.28703704,286.3423125,30.94166667,26.46833333,,2.549130435,309.2083333,10112.08333
7/29/2014,54.6125,8899,12.5625,271.475968,30.50416667,25.63458333,,2.683478261,313.25,9587.083333
7/30/2014,54.825,8562,12.68055556,272.3490708,31.2875,25.75708333,,2.618181818,306.375,9617.916667
7/31/2014,54.6125,8339,12.5625,268.5026991,32.34583333,30.52666667,,2.349130435,298.5,9482.083333
8/1/2014,54.34583333,8946,12.41435185,268.9628479,32.20416667,28.56875,,2.772608696,314.3333333,9498.333333
8/2/2014,54.55,8597,12.52777778,273.2929657,31.475,25.07416667,,2.782727273,320.5,9651.25
8/3/2014,54.6375,8432,12.57638889,274.8739896,28.43333333,27.61541667,,2.379166667,298.625,9707.083333
8/4/2014,54.5875,9018,12.54861111,271.1692022,24.9,50.03647059,,2.148235294,194.4166667,9576.25
8/5/2014,54.54583333,8112,12.52546296,272.9979985,21.82142857,79.43857143,,1.505714286,70.25,9640.833333
8/6/2014,54.39583333,8839,12.44212963,264.3849577,20.82727273,86.20727273,,1.029090909,219.875,9336.666667
8/7/2014,54.92083333,8331,12.7337963,262.8983232,23.78,64.591,,1.286,276.5833333,9284.166667
8/8/2014,55.25833333,8228,12.9212963,254.6864377,27.8875,47.93875,,2.123125,266.875,8994.166667
8/9/2014,55.07916667,8323,12.82175926,247.3594537,23.75,49.535,,0.9,279.75,8735.416667
8/10/2014,54.35416667,7876,12.41898148,247.3594537,21.87272727,48.22454545,,0.700909091,296.4166667,8735.416667
8/11/2014,54.49166667,7878,12.49537037,250.2737291,23.44,51.649,,0.925,229.375,8838.333333
8/12/2014,54.8,7660,12.66666667,241.2241369,21.61,47.182,,1.337,242.5,8518.75
8/13/2014,54.67083333,7607,12.59490741,234.8764438,23.91764706,40.13705882,,2.934705882,267.1666667,8294.583333
8/14/2014,54.80833333,7071,12.6712963,234.9944307,26.15652174,43.06304348,,2.335833333,282.8333333,8298.75
8/15/2014,54.8125,7864,12.67361111,228.5641467,27.26666667,30.49708333,,2.121666667,278.9583333,8071.666667
8/16/2014,54.90833333,7476,12.72685185,229.1304837,28.525,29.93208333,,2.37875,291.5833333,8091.666667
8/17/2014,55.2875,7248,12.9375,229.2130745,27.925,25.16208333,,2.012608696,296.7083333,8094.583333
8/18/2014,55.2625,7416,12.92361111,229.2012758,27.35833333,22.72625,,1.654782609,290.5833333,8094.166667
8/19/2014,55.07916667,7191,12.82175926,221.1191758,26.93043478,32.56956522,,2.19173913,280.2083333,7808.75
8/20/2014,54.77083333,7186,12.65046296,220.2460731,26.48333333,44.9525,,2.759090909,271.4166667,7777.916667
8/21/2014,55.03333333,7464,12.7962963,219.1369966,25.97916667,46.155,,2.97,265.9583333,7738.75
8/22/2014,54.9375,7055,12.74305556,220.6472284,24.28125,49.98125,,1.446875,272.5,7792.083333
8/23/2014,55.25,7094,12.91666667,220.1870796,24.28125,49.98125,,,275.5833333,7775.833333
8/24/2014,54.84166667,7495,12.68981481,221.2135653,26.5,29.41333333,,2.228333333,271.9166667,7812.083333
8/25/2014,55,6909,12.77777778,220.9067995,20.5,52.81,,3.085,262.375,7801.25
8/26/2014,55.1625,7472,12.86805556,219.5263532,30.425,26.9375,,2.226666667,266.625,7752.5
8/27/2014,54.79583333,7083,12.66435185,222.3108431,28.11666667,42.62083333,,2.142916667,266.125,7850.833333
8/28/2014,54.15,7139,12.30555556,214.8894696,28.37916667,40.2625,,1.842916667,252.2916667,7588.75
8/29/2014,54.14583333,6923,12.30324074,214.724288,28.15,35.6475,,2.314583333,220.0416667,7582.916667
8/30/2014,54.52916667,6800,12.5162037,206.7719736,26.45,37.59083333,,2.303478261,257,7302.083333
8/31/2014,54.45833333,6984,12.47685185,205.1555536,28.8375,26.73208333,,2.701666667,254.0416667,7245
9/1/2014,54.60416667,6685,12.55787037,205.0021706,30.32692308,20.72769231,,3.522307692,254.5416667,7239.583333
9/2/2014,54.64583333,7442,12.58101852,205.6157023,27.98333333,26.75375,,1.735416667,257.2916667,7261.25
9/3/2014,55.05833333,6585,12.81018519,198.6544775,27.89166667,32.49375,,4.158333333,261.2916667,7015.416667
9/4/2014,55.06666667,6412,12.81481481,198.7606657,30.6,8.650833333,,5.144166667,268.3333333,7019.166667
9/5/2014,55.27916667,6417,12.93287037,191.7168501,25.88333333,18.02833333,,1.242916667,264.5416667,6770.416667
9/6/2014,55.43333333,6402,13.01851852,183.9297173,26.6125,28.81541667,,2.079166667,254.25,6495.416667
9/7/2014,55.8125,6084,13.22916667,183.9651134,25.40869565,25.90347826,,1.676521739,254,6496.666667
9/8/2014,56.05833333,6014,13.36574074,184.4606582,24.81666667,32.81291667,,1.800416667,250.0833333,6514.166667
9/9/2014,56.25,5752,13.47222222,177.2280636,23.49583333,38.16541667,,1.606666667,245.2916667,6258.75
9/10/2014,56.73333333,6331,13.74074074,177.6292189,26.80833333,27.05958333,,2.337083333,227.5833333,6272.916667
9/11/2014,56.21666667,5735,13.4537037,170.0780598,26.39166667,29.52833333,,1.521666667,236.5416667,6006.25
9/12/2014,56.6875,5927,13.71527778,170.4320204,26.77916667,28.49791667,,1.285833333,240.9166667,6018.75
9/13/2014,56.68333333,5905,13.71296296,171.8124667,27.57083333,28.33416667,,2.07875,207.4166667,6067.5
9/14/2014,56.87916667,5029,13.82175926,169.2639505,28.2625,29.48583333,,2.186666667,237.6666667,5977.5
9/15/2014,57.38333333,5560,14.10185185,169.8656835,27.36666667,35.07583333,,2.807083333,228.625,5998.75
9/16/2014,57.76666667,5275,14.31481481,170.3022349,25.725,33.11708333,,2.807916667,225.75,6014.166667
9/17/2014,57.6375,5614,14.24305556,169.8892809,23.90833333,29.32833333,,2.357916667,190.3913043,5999.583333
9/18/2014,58.04166667,5812,14.46759259,169.6533071,24.79259259,52.17518519,,4.669615385,174.1666667,5991.25
9/19/2014,58.3125,5353,14.61805556,163.5415878,25.42083333,48.18166667,,3.043333333,217.5,5775.416667
9/20/2014,58.53333333,5423,14.74074074,161.7953822,25.952,45.784,,2.100416667,214.3333333,5713.75
9/21/2014,58.77083333,5102,14.87268519,162.0785507,25.02916667,53.26083333,,2.550833333,159.7083333,5723.75
9/22/2014,58.8125,5375,14.89583333,156.2264024,23.40833333,55.93291667,,1.392916667,196.25,5517.083333
9/23/2014,59.0875,5034,15.04861111,156.6511551,23.30416667,50.55041667,,1.542916667,187.9583333,5532.083333
9/24/2014,59.20833333,4738,15.11574074,148.722438,22.06428571,53.48142857,,1.8516,128.7916667,5252.083333
9/25/2014,58.99166667,4701,14.99537037,148.9466131,17.36136364,85.95431818,,3.390681818,135,5260
9/26/2014,58.98333333,4187,14.99074074,141.6904211,16.93428571,79.82828571,,2.72,188.875,5003.75
9/27/2014,59.21666667,3806,15.12037037,141.0886881,19.92,56.3852,,2.3452,209.875,4982.5
9/28/2014,59.49166667,4617,15.27314815,141.1830776,20.808,54.28,,2.9432,96.08333333,4985.833333
9/29/2014,59.9125,4455,15.50694444,141.4662461,18.02916667,74.55208333,,1.029166667,204.7083333,4995.833333
9/30/2014,60.53333333,4482,15.85185185,143.4012306,21.49166667,63.57333333,,2.701666667,202.9166667,5064.166667
10/1/2014,60.3,4758,15.72222222,143.4130293,22.328,29.254,,5.9676,213.75,5064.583333
10/2/2014,60.14166667,5038,15.63425926,145.1120401,23.9875,25.59166667,,2.765416667,211.125,5124.583333
10/3/2014,60.44166667,4444,15.80092593,141.9145962,21.52916667,46.02625,,1.135416667,203.8333333,5011.666667
10/4/2014,60.69166667,4336,15.93981481,141.5960316,21.75217391,50.37130435,,0.865454545,203.0416667,5000.416667
10/5/2014,61.17083333,4680,16.20601852,141.5252395,23.21666667,51.075,,0.642083333,205.625,4997.916667
10/6/2014,61.23333333,5087,16.24074074,141.7612133,22.78333333,47.92291667,,0.900833333,202.3333333,5006.25
10/7/2014,61.27916667,4332,16.2662037,141.5252395,22.42083333,52.1225,,0.792083333,196.7916667,4997.916667
10/8/2014,61.5875,4719,16.4375,143.200653,22.25833333,41.88208333,,0.6,194.4166667,5057.083333
10/9/2014,61.17083333,4378,16.20601852,141.4780448,21.60416667,42.85666667,,0.814583333,184.75,4996.25
10/10/2014,60.83333333,4576,16.01851852,141.2656684,21.39166667,49.18958333,,0.81375,185.75,4988.75
10/11/2014,60.50833333,4601,15.83796296,142.0915765,21.64583333,50.60791667,,1.029166667,186.2083333,5017.916667
10/12/2014,60.47916667,4157,15.82175926,141.8320054,24.72083333,24.05833333,,5.507916667,188.5416667,5008.75
10/13/2014,60.60416667,4676,15.8912037,142.221362,20.34583333,35.0925,,1.370416667,171.5,5022.5
10/14/2014,60.56666667,4368,15.87037037,142.5399265,17.18333333,56.56875,,1.371666667,62.875,5033.75
10/15/2014,60.36666667,4648,15.75925926,142.3275502,17.67692308,69.96153846,,6.232307692,142.2083333,5026.25
10/16/2014,60.73333333,4148,15.96296296,142.7169068,17.02,65.7684,,1.3372,160.25,5040
10/17/2014,60.46666667,4508,15.81481481,142.3275502,16.77916667,66.27666667,,1.4192,135.875,5026.25
10/18/2014,60.65,4315,15.91666667,142.3039528,19.6625,57.19125,,1.607083333,162.6666667,5025.416667
10/19/2014,60.75416667,4173,15.97453704,142.4809331,18.33333333,64.56333333,,0.942916667,164.625,5031.666667
10/20/2014,60.56666667,4121,15.87037037,142.8938871,16.34193548,81.9016129,,1.808064516,69.16666667,5046.25
10/21/2014,60.21666667,4129,15.67592593,142.8348937,13.25769231,78.53538462,,2.056538462,129.625,5044.166667
10/22/2014,59.62083333,5061,15.34490741,143.0826661,13.5375,75.95833333,,0.871304348,75.16666667,5052.916667
10/23/2014,59.50833333,5971,15.28240741,144.6990861,14.47692308,88.86884615,,1.643076923,30.54166667,5110
10/24/2014,60.07083333,4090,15.59490741,143.0708674,15.924,85.254,,1.3164,148.0416667,5052.5
10/25/2014,59.9875,4331,15.54861111,144.1563465,16.66333333,78.26833333,,8.487666667,116.4166667,5090.833333
10/26/2014,60.10833333,4883,15.61574074,142.2331607,13.62413793,80.79827586,,2.288275862,148.7916667,5022.916667
10/27/2014,59.94583333,4405,15.52546296,143.3422372,15.22083333,52.03,,2.895,128.1666667,5062.083333
10/28/2014,60.18333333,4320,15.65740741,143.1062635,14,65.6925,,1.349583333,136.75,5053.75
10/29/2014,60.25,3816,15.69444444,142.7051081,17.26666667,67.55291667,,1.520833333,139.7916667,5039.583333
10/30/2014,60.05,4167,15.58333333,143.011874,16.46666667,76.74541667,,0.4925,99.125,5050.416667
10/31/2014,59.89583333,5036,15.49768519,142.3275502,14.37096774,86.99645161,,2.091333333,37.625,5026.25
11/1/2014,59.775,4454,15.43055556,141.9499922,10.988,93.1374,,1.322244898,97.20833333,5012.916667
11/2/2014,59.38333333,4179,15.21296296,143.6018083,11.75,70.1625,,2.459130435,138.4583333,5071.25
11/3/2014,59.4625,4997,15.25694444,139.0239181,13.19583333,60.87708333,,1.73625,136.5416667,4909.583333
11/4/2014,59.7,4187,15.38888889,139.8498261,13.5375,68.28791667,,0.55826087,123.9166667,4938.75
11/5/2014,60.575,4281,15.875,135.3781241,15.525,70.44125,,1.297391304,127.625,4780.833333
11/6/2014,60.575,4370,15.875,136.4989993,15.66666667,74.58958333,,1.178333333,123.625,4820.416667
11/7/2014,60.47916667,4520,15.82175926,133.5139317,15.64583333,72.05875,,0.856666667,129.875,4715
11/8/2014,60.35416667,4290,15.75231481,135.0949556,16.14166667,68.8475,,0.75,129.7083333,4770.833333
11/9/2014,60.3,4419,15.72222222,133.2307632,13.14324324,84.13567568,,0.236216216,109.5833333,4705
11/10/2014,60.05,4335,15.58333333,135.2955333,15.2125,68.335,,2.357083333,130.1666667,4777.916667
11/11/2014,59.8125,3612,15.45138889,134.5876121,11.66666667,65.30458333,,1.17875,105.0833333,4752.916667
11/12/2014,59.66666667,4467,15.37037037,126.8712714,13.40416667,80.85875,,0.535833333,73.625,4480.416667
11/13/2014,59.75,4058,15.41666667,127.2134333,12.64772727,90.86272727,,2.022727273,35.20833333,4492.5
11/14/2014,59.57083333,4672,15.31712963,124.2165671,13.09772727,92.40068182,,1.671363636,88.41666667,4386.666667
11/15/2014,59.44166667,4329,15.24537037,129.8327416,10.01774194,92.79596774,,0.762741935,90.70833333,4585
11/16/2014,59.1125,4044,15.0625,129.5259758,12.15833333,34.655,,5.036666667,100.0833333,4574.166667
11/17/2014,58.66666667,3804,14.81481481,121.5736614,6.591666667,60.8125,,0.818636364,123.4166667,4293.333333
11/18/2014,58.25416667,3823,14.58564815,122.7063352,6.733333333,67.13125,,0.620833333,76.58333333,4333.333333
11/19/2014,58.24583333,3486,14.58101852,116.3704408,9.2625,86.510625,,0.7715625,16.95833333,4109.583333
11/20/2014,58.25,3372,14.58333333,115.1079814,10.0245283,95.37150943,,0.756226415,12,4065
11/21/2014,58.16666667,5089,14.53703704,114.3056707,10.62857143,91.098,,0.528571429,47.25,4036.666667
11/22/2014,58.04583333,3825,14.46990741,116.1108697,12.0075,90.799,,4.52725,62.66666667,4100.416667
11/23/2014,57.85,4302,14.36111111,113.7157364,9.504166667,71.93458333,,2.349130435,64.5,4015.833333
11/24/2014,57.33333333,3951,14.07407407,108.4417238,9.666666667,64.55916667,1.842105263,1.456666667,110.7083333,3829.583333
11/25/2014,57.05833333,3792,13.9212963,106.778109,9.625,71.44541667,4.083333333,0.599583333,108.375,3770.833333
11/26/2014,57.0625,4067,13.92361111,107.3208486,7.838709677,84.85774194,5.193548387,0.149032258,87.875,3790
11/27/2014,56.975,3951,13.875,107.5568223,9.833333333,87.96541667,7.833333333,0.1925,54.79166667,3798.333333
11/28/2014,56.75,3997,13.75,107.6748092,7.452542373,94.59983051,6.628813559,0.401016949,20.45833333,3802.5
11/29/2014,56.45416667,4002,13.58564815,107.9107829,10.71153846,94.61288462,9.869230769,2.325576923,17.41666667,3810.833333
11/30/2014,56.26666667,4020,13.48148148,108.4535224,12.15581395,96.33488372,11.5744186,2.129767442,26.625,3830
12/1/2014,56.08333333,3949,13.37962963,106.8371025,11.15263158,95.18763158,,1.434210526,27.29166667,3772.916667
12/2/2014,55.99166667,3667,13.3287037,102.082232,11.04285714,95.32942857,,1.336285714,16.29166667,3605
12/3/2014,55.8875,3837,13.27083333,101.4333042,11.89508197,96.78032787,,1.930983607,11,3582.083333
12/4/2014,55.6875,3386,13.15972222,99.2505473,13.17916667,93.30583333,,0.62125,36.08333333,3505
12/5/2014,55.7875,3596,13.21527778,100.1590461,13.7625,95.14791667,13.63,1.896458333,17,3537.083333
12/6/2014,55.71666667,3524,13.17592593,101.2327266,14.80555556,89.21277778,12.99722222,4.358888889,40.83333333,3575
12/7/2014,55.42916667,3035,13.0162037,99.86407898,11.48484848,91.33333333,10.06060606,0.825757576,40.875,3526.666667
12/8/2014,55.33333333,3307,12.96296296,97.44534833,13.3725,93.0785,12.27,1.38875,23.29166667,3441.25
12/9/2014,55.3,3784,12.94444444,97.71671811,13.08301887,94.41264151,12.2,1.125660377,21.95833333,3450.833333
12/10/2014,55.1875,2729,12.88194444,95.03841637,12.97419355,95.81483871,12.29677419,2.391833333,11.125,3356.25
12/11/2014,54.84583333,4105,12.69212963,152.0732649,12.41714286,96.04865672,11.77462687,9.764915254,6.291666667,5370.416667
12/12/2014,54.52083333,3701,12.51157407,123.2726722,9.41372549,93.90117647,8.450980392,3.168125,26.04166667,4353.333333
12/13/2014,54.35416667,3875,12.41898148,114.1522878,8.9125,93.30875,7.804166667,0.943333333,88,4031.25
12/14/2014,54.22916667,3299,12.34953704,112.9016271,6.793103448,90.98482759,5.379310345,0.4,43.70833333,3987.083333
12/15/2014,54.07916667,4313,12.2662037,113.656743,8.066666667,91.77933333,6.8,1.920333333,11.5,4013.75
12/16/2014,53.76666667,4385,12.09259259,93.04443843,7.166666667,96.57888889,6.651111111,1.565777778,14.25,3285.833333
12/17/2014,53.47083333,3103,11.92824074,94.90863083,9.64,92.35892857,8.696428571,3.714,15.58333333,3351.666667
12/18/2014,53.30833333,3256,11.83796296,100.1354488,9.75,93.76171429,8.771428571,2.064857143,25.54166667,3536.25
12/19/2014,53.2375,3159,11.79861111,116.3350447,10.70833333,92.324375,9.495833333,4.522291667,30.875,4108.333333
12/20/2014,53.24583333,3533,11.80324074,106.742713,11.14285714,96.93571429,10.66666667,4.911666667,10.75,3769.583333
12/21/2014,53.375,2878,11.875,101.1973305,12.30769231,95.90384615,11.66666667,3.191794872,12.29166667,3573.75
12/22/2014,53.7125,3491,12.0625,92.89105551,13.33,93.372,12.18,1.207833333,94.125,3280.416667
12/23/2014,53.7125,2982,12.0625,95.30978615,15.375,69.475,9.291666667,2.8725,95.95833333,3365.833333
12/24/2014,53.47083333,2875,11.92824074,92.86745814,11.61219512,91.41780488,10.04878049,2.596829268,49.125,3279.583333
12/25/2014,53.04583333,3294,11.69212963,91.40442106,6.875,65.84666667,0.125,1.6075,98.375,3227.916667
12/26/2014,52.71666667,2588,11.50925926,91.95895931,7.666666667,54.53625,-1.666666667,3.858333333,99,3247.5
12/27/2014,52.36666667,2788,11.31481481,92.57249098,6.583333333,58.69666667,-1.375,1.9075,93.54166667,3269.166667
12/28/2014,51.99166667,3489,11.10648148,92.80846471,5.166666667,77.67875,1.25,0.663333333,98.33333333,3277.5
12/29/2014,51.60833333,2838,10.89351852,92.87925682,2.785714286,84.65178571,0.214285714,0.661071429,95.91666667,3280
12/30/2014,51.13333333,2532,10.62962963,92.96184762,5.958333333,49.0475,-4.916666667,7.652916667,100.2916667,3282.916667
12/31/2014,50.675,2707,10.375,92.24212777,6.695652174,25.26608696,-12.30434783,8.588695652,100.2083333,3257.5
1/1/2015,50.56666667,2910,10.31481481,92.32471858,10.92,19.402,-11.84,5.2468,102.4166667,3260.416667
1/2/2015,50.74583333,2438,10.41435185,91.56960267,3,73.60130435,-1.913043478,0.692608696,97.875,3233.75
1/3/2015,50.83333333,3535,10.46296296,91.39262238,3.25,73.72333333,-1.5,0.364166667,96.5,3227.5
1/4/2015,50.92916667,2694,10.5162037,92.36011463,5.416666667,73.60416667,0.541666667,0.647826087,77,3261.666667
1/5/2015,50.92083333,3006,10.51157407,92.1359396,6.333333333,74.51833333,1.583333333,0.128333333,84.95833333,3253.75
1/6/2015,50.89166667,2475,10.49537037,93.26861346,8.416666667,78.75416667,4.375,0.727916667,98.83333333,3293.75
1/7/2015,50.80833333,2718,10.44907407,92.36011463,8.875,75.5725,4,0.256666667,103.7083333,3261.666667
1/8/2015,50.975,2965,10.54166667,92.53709493,8.44,78.3436,4.4,0.407083333,83.375,3267.916667
1/9/2015,51.1375,3141,10.63194444,92.04155011,9.458333333,80.19208333,5.958333333,0.835416667,69.79166667,3250.416667
1/10/2015,51.14583333,3201,10.63657407,91.95895931,8.3125,85.06166667,7.333333333,0.3425,49,3247.5
1/11/2015,51.1625,3233,10.64583333,91.42801843,7.2,87.56857143,7.2,0.454857143,79.41666667,3228.75
1/12/2015,51.10833333,3339,10.61574074,91.94716062,10.5,77.81291667,6.291666667,0.664583333,80.83333333,3247.083333
1/13/2015,50.95,4430,10.52777778,92.3011212,14.125,50.51,3.666666667,5.059166667,108.7083333,3259.583333
1/14/2015,50.8,4060,10.44444444,93.29221083,7.709677419,70.19451613,1.516129032,1.144193548,93.20833333,3294.583333
1/15/2015,50.63333333,2538,10.35185185,93.75235959,6.541666667,79.75541667,3.083333333,0.584090909,44.125,3310.833333
1/16/2015,50.6,2617,10.33333333,92.26572515,8.764705882,91.73,7.441176471,1.073529412,16.875,3258.333333
1/17/2015,50.65,2332,10.36111111,92.27752383,10.37333333,93.92033333,9.42,0.805,26.83333333,3258.75
1/18/2015,50.7375,2666,10.40972222,92.43090675,10.89393939,95.88424242,10.24242424,2.003030303,32.08333333,3264.166667
1/19/2015,50.74166667,4235,10.41203704,92.6432831,9.264150943,89.65698113,7.177358491,1.164150943,108.125,3271.666667
1/20/2015,50.64583333,2978,10.3587963,93.59897667,10.75,58.51625,2,2.550833333,114.5,3305.416667
1/21/2015,50.5125,2757,10.28472222,92.6432831,15.13043478,32.49478261,-1.434782609,4.65173913,114.375,3271.666667
1/22/2015,50.39166667,1531,10.21759259,92.78486733,9.633333333,71.12518519,3.740740741,0.818888889,107.5416667,3276.666667
1/23/2015,50.44166667,3498,10.24537037,93.04443843,11.75,60.70791667,2.958333333,1.8,117.75,3285.833333
1/24/2015,50.525,3565,10.29166667,92.10054354,17.41666667,42.36583333,3.75,3.221304348,118.8333333,3252.5
1/25/2015,50.50416667,1746,10.28009259,92.3011212,13.125,68.12416667,6.625,1.264583333,112,3259.583333
1/26/2015,50.6875,2004,10.38194444,91.88816719,7.2,87.469,4.98,0.946,113.0416667,3245
1/27/2015,50.8,4049,10.44444444,92.04155011,10.91666667,82.09166667,7.833333333,0.920833333,59.16666667,3250.416667
1/28/2015,50.77916667,1964,10.43287037,91.88816719,9.105263158,83.58315789,5.815789474,0.838684211,112.9583333,3245
1/29/2015,50.64583333,3497,10.3587963,92.80846471,11.83333333,66.60166667,4.541666667,0.87875,125.125,3277.5
1/30/2015,50.57916667,3517,10.32175926,91.7111869,15.79166667,47.8275,3.791666667,4.908333333,129.2083333,3238.75
1/31/2015,50.575,3716,10.31944444,92.12414091,17.08333333,26.59916667,-2.791666667,5.402083333,135.6666667,3253.333333
2/1/2015,50.50416667,1965,10.28009259,92.6432831,10.54166667,60.0175,2.166666667,1.22125,102.5416667,3271.666667
2/2/2015,50.65833333,2286,10.36574074,92.28932252,11.52,83.1084,8.6,1.2752,61.58333333,3259.166667
2/3/2015,50.65833333,4482,10.36574074,92.40730938,9.402985075,95.26567164,8.611940299,0.529104478,86.58333333,3263.333333
2/4/2015,50.69583333,2111,10.38657407,92.70227653,8.6,95.03096774,7.785483871,0.1203125,67.33333333,3273.75
2/5/2015,50.67083333,3647,10.37268519,92.58428967,10.82926829,89.64268293,9.097560976,1.041219512,37.16666667,3269.583333
2/6/2015,50.73333333,4319,10.40740741,107.7102052,12.28,85.2604,9.84,5.4112,9.041666667,3803.75
2/7/2015,50.75833333,3087,10.4212963,152.6396018,15,84.00424242,12.21212121,11.25484848,79.54166667,5390.416667
2/8/2015,50.87916667,3028,10.48842593,138.8233404,15.36111111,85.85555556,12.94444444,5.273055556,30.33333333,4902.5
2/9/2015,51.43333333,4320,10.7962963,112.9842179,14.77391304,78.75891304,11.09130435,9.170652174,56.125,3990
2/10/2015,51.64166667,3133,10.91203704,94.56646893,10.875,73.92125,5.583333333,2.293333333,138.4583333,3339.583333
2/11/2015,51.17916667,4311,10.65509259,91.7111869,12.75,61.31708333,4.583333333,1.372083333,124.0416667,3238.75
2/12/2015,51.2,3537,10.66666667,92.00615405,13.04166667,71.49375,7.25,0.514166667,120.75,3249.166667
2/13/2015,51.0375,3589,10.57638889,92.19493303,13.33333333,74.59458333,8.5,0.556666667,108.9583333,3255.833333
2/14/2015,51.04166667,1873,10.5787037,91.8763685,14.25,71.25916667,8.291666667,1.11826087,153.4166667,3244.583333
2/15/2015,51.20833333,2054,10.6712963,91.75838164,18.47826087,38.4926087,3.130434783,3.489130435,148.7083333,3240.416667
2/16/2015,50.925,3904,10.51388889,91.92356325,15.32,49.2232,2.56,1.757083333,161,3246.25
2/17/2015,50.65416667,3488,10.36342593,92.25392646,12.79166667,66.69291667,5.916666667,0.357391304,148.5,3257.916667
2/18/2015,50.73333333,1798,10.40740741,92.23032909,12.11538462,74.275,7.153846154,0.4932,167.25,3257.083333
2/19/2015,50.75833333,3484,10.4212963,91.92356325,12.27777778,85.78944444,9.666666667,0.485555556,124.6666667,3246.25
2/20/2015,50.88333333,3373,10.49074074,92.31291989,11.95652174,76.03478261,6.173913043,2.25826087,168.3333333,3260
2/21/2015,50.84583333,3240,10.46990741,92.74947127,18.16666667,27.58916667,-1.083333333,5.487916667,174.625,3275.416667
2/22/2015,50.70416667,2771,10.3912037,92.39551069,14.45833333,26.35625,-5.208333333,10.48041667,179.2916667,3262.916667
2/23/2015,50.34166667,2856,10.18981481,91.51060924,13.37916667,15.03041667,-12.8875,8.145,185.2083333,3231.666667
2/24/2015,50.29166667,2743,10.16203704,91.97075799,13.25,22.22916667,-9.125,2.444166667,187.7083333,3247.916667
2/25/2015,50.64166667,3265,10.35648148,91.46341449,11.88461538,50.89923077,0.230769231,0.9672,167.25,3230
2/26/2015,50.89583333,3264,10.49768519,92.08874485,16.41666667,37.97791667,1.708333333,3.4725,179.8333333,3252.083333
2/27/2015,50.95,3120,10.52777778,90.97966836,13.84,55.8772,4.28,1.9336,152.8333333,3212.916667
2/28/2015,50.925,3049,10.51388889,91.1212526,11.91666667,53.51333333,1.958333333,3.25875,181.2916667,3217.916667
3/1/2015,50.80833333,2116,10.44907407,91.31003157,13.66666667,33.12458333,-2.458333333,6.40875,186.7083333,3224.583333
3/2/2015,50.45833333,2791,10.25462963,91.49881055,10.54166667,55.5192,1.92,1.178333333,107.9583333,3231.25
3/3/2015,50.575,3452,10.31944444,92.20673172,10.41666667,60.78416667,1.375,1.821666667,190.625,3256.25
3/4/2015,50.67916667,3280,10.37731481,91.51060924,11.764,45.1848,-2.04,1.7284,202.625,3231.666667
3/5/2015,50.54166667,3533,10.30092593,91.74658296,11.20833333,49.69208333,-0.583333333,1.07,202.2083333,3240
3/6/2015,50.7375,2850,10.40972222,92.02975142,12.7,53.67291667,1.25,0.857083333,204.0833333,3250
3/7/2015,50.75,2977,10.41666667,91.8763685,14.5,49.53166667,1.416666667,0.9,207.5,3244.583333
3/8/2015,50.86521739,2418,10.48067633,91.89432303,14.34782609,57.8,4.565217391,1.006086957,203.5833333,3245.217391
3/9/2015,51.1,3347,10.61111111,91.77018033,16.29166667,54.92208333,4.5,0.559130435,210.6666667,3240.833333
3/10/2015,51.02916667,2830,10.57175926,91.54600529,15.425,58.435,6.258333333,0.642083333,116.625,3232.916667
3/11/2015,50.7625,3616,10.42361111,92.77306865,15.33333333,78.55148148,11.51851852,2.304814815,63.25,3276.25
3/12/2015,50.76666667,3406,10.42592593,93.70516485,14.62826087,84.30217391,11.35434783,2.460217391,181.7916667,3309.166667
3/13/2015,50.49166667,3196,10.27314815,93.94113857,15.95,67.52038462,9.080769231,1.463461538,189.4583333,3317.5
3/14/2015,50.83333333,3271,10.46296296,93.95293726,18.79166667,65.92541667,12.125,0.922083333,75.25,3317.916667
3/15/2015,50.7,3337,10.38888889,94.01193069,16.75,76.24458333,12.41666667,0.920833333,52.625,3320
3/16/2015,50.47083333,2086,10.26157407,93.43379507,14.33333333,80.54,10.79166667,2.486666667,79.20833333,3299.583333
3/17/2015,50.35833333,3330,10.19907407,93.13882792,15.42307692,78.80538462,10.92307692,0.770769231,209.9583333,3289.166667
3/18/2015,50.89166667,3362,10.49537037,93.69336616,18.1,41.85681818,3.777272727,4.045454545,230.4166667,3308.75
3/19/2015,50.81666667,2916,10.4537037,94.49567681,19.75,33.51,2.083333333,2.639565217,232.7083333,3337.083333
3/20/2015,50.8125,3320,10.45138889,91.8763685,15.5,59.14541667,6.5,1.37125,156.5833333,3244.583333
3/21/2015,50.75833333,3050,10.4212963,91.97075799,16.91666667,62.88625,8.916666667,1.156666667,210.0416667,3247.916667
3/22/2015,50.84583333,2606,10.46990741,92.23032909,17.30769231,60.19192308,9,3.956923077,132.2083333,3257.083333
3/23/2015,50.83333333,3099,10.46296296,92.76126996,12.67741935,78.7816129,8.483870968,2.838387097,183.5,3275.833333
3/24/2015,50.525,3306,10.29166667,94.64905973,14.70833333,57.51125,6.25,2.46,131.4583333,3342.5
3/25/2015,50.83333333,2961,10.46296296,93.09163317,15.54166667,64.54458333,7.625,2.185833333,223,3287.5
3/26/2015,50.69583333,3279,10.38657407,92.61968573,19.70833333,53.97541667,9.125,1.864583333,241.5,3270.833333
3/27/2015,50.95833333,2906,10.53240741,92.58428967,18.875,60.20625,9.958333333,1.328333333,242.7083333,3269.583333
3/28/2015,51.88333333,3166,11.0462963,92.63148441,20.66666667,35.66166667,4,3.965833333,246.375,3271.25
3/29/2015,51.62083333,1973,10.90046296,92.65508179,21.66666667,26.26291667,0.541666667,3.259166667,256.2083333,3272.083333
3/30/2015,51.3875,3256,10.77083333,92.54889361,19.25,51.41583333,7.666666667,1.1575,211.0416667,3268.333333
3/31/2015,51.74583333,2701,10.96990741,92.23032909,17.95833333,41.2225,3.541666667,2.700416667,244.9166667,3257.083333
4/1/2015,51.72083333,3166,10.95601852,101.8816543,14.56,34.5776,-2.28,4.1156,257.625,3597.916667
4/2/2015,51.35833333,3069,10.75462963,108.1585553,14.91304348,30.80565217,-3.086956522,4.8225,259.1666667,3819.583333
4/3/2015,50.8625,2749,10.47916667,104.8667219,14.825,34.08125,-2.575,2.2075,256.8333333,3703.333333
4/4/2015,50.94583333,2831,10.52546296,101.5040963,16.75,30.90708333,-1.25,2.507916667,239.4166667,3584.583333
4/5/2015,50.83333333,2854,10.46296296,98.76680118,11.49666667,62.38633333,3.956666667,3.772,89.70833333,3487.916667
4/6/2015,50.7,2829,10.38888889,96.50145345,9.48125,69.7859375,3.6875,3.2634375,203.25,3407.916667
4/7/2015,50.2875,3122,10.15972222,93.17422397,9.476315789,77.61447368,5.236842105,6.044166667,56.75,3290.416667
4/8/2015,49.9125,3436,9.951388889,90.96786968,9.291176471,81.74382353,5.932352941,0.763636364,180,3212.5
4/9/2015,50.11666667,2171,10.06481481,91.91176456,10.9625,65.15458333,3.720833333,0.92125,267.0416667,3245.833333
4/10/2015,50.525,2799,10.29166667,91.68758953,13.70833333,58.73791667,4.629166667,1.735416667,270.3333333,3237.916667
4/11/2015,51.17083333,2627,10.65046296,91.6285961,15.91666667,58.70916667,6.958333333,1.2425,222.4583333,3235.833333
4/12/2015,51.62916667,2276,10.90509259,91.6285961,17.625,38.815,1.875,3.0225,274.8333333,3235.833333
4/13/2015,51.50833333,3179,10.83796296,91.49881055,16.875,53.40583333,5.708333333,1.928333333,277.2083333,3231.25
4/14/2015,51.77916667,2831,10.98842593,91.59320004,14.75,31.00708333,-3,4.116363636,285.6666667,3234.583333
4/15/2015,51.81666667,3068,11.00925926,91.33362895,15.20833333,29.07958333,-3.708333333,6.495833333,289.875,3225.416667
4/16/2015,51.525,3429,10.84722222,103.2385032,20.41666667,20.89583333,-3.5,4.780416667,292.375,3645.833333
4/17/2015,51.54166667,3925,10.85648148,114.8484103,18.91666667,41.75125,2.458333333,1.350833333,296,4055.833333
4/18/2015,52.3625,3918,11.3125,113.1847956,21.125,44.13916667,5.375,1.564583333,290.6666667,3997.083333
4/19/2015,52.45416667,3593,11.36342593,112.9488218,25.75,21.31958333,0.958333333,3.344166667,285.5416667,3988.75
4/20/2015,52.39166667,3882,11.3287037,112.6892508,22.08333333,42.19916667,6.75,1.051304348,282.6666667,3979.583333
4/21/2015,52.49583333,4240,11.38657407,126.5173108,21.20833333,58.045,11.79166667,1.632173913,276.7083333,4467.916667
4/22/2015,52.98333333,4612,11.65740741,139.4132747,21.33333333,51.85458333,9.791666667,3.215,284.375,4923.333333
4/23/2015,52.8,4845,11.55555556,156.1910063,22.16666667,39.80125,6.291666667,2.894166667,276.5833333,5515.833333
4/24/2015,52.49583333,5875,11.38657407,171.3641166,18.125,37.17041667,2.75,3.772083333,190.1666667,6051.666667
4/25/2015,52.14166667,5991,11.18981481,184.5196516,15.96153846,60.22576923,6.807692308,2.711153846,259,6516.25
4/26/2015,51.97916667,7478,11.09953704,197.6869853,18.125,36.79666667,2.208333333,2.507916667,294.0833333,6981.25
4/27/2015,52.55,6518,11.41666667,198.0881406,24.125,32.64958333,5.708333333,4.288333333,303.2083333,6995.416667
4/28/2015,52.75,6566,11.52777778,200.0231251,22.41666667,47.84083333,9.208333333,1.585833333,297.2083333,7063.75
4/29/2015,52.8875,6997,11.60416667,198.2887183,23.79166667,39.44916667,7.958333333,2.100833333,299.2916667,7002.5
4/30/2015,53.04166667,6624,11.68981481,197.4864076,24.45833333,19.36125,-1.25,6.109583333,307.75,6974.166667
5/1/2015,53.32083333,6915,11.84490741,198.4538999,25.70833333,19.49708333,-0.333333333,2.915833333,307.7083333,7008.333333
5/2/2015,53.175,6540,11.76388889,212.3763494,23.95652174,35.22666667,6.541666667,2.348695652,305.75,7500
5/3/2015,52.90833333,7225,11.61574074,213.107868,23.20833333,42.95833333,8.541666667,1.834347826,301.625,7525.833333
5/4/2015,53.1625,6877,11.75694444,212.5769271,22.04166667,44.28708333,8.125,2.099583333,305.0833333,7507.083333
5/5/2015,53.12083333,7599,11.7337963,213.3792378,20.83333333,47.48333333,7.75,2.549583333,299.75,7535.416667
5/6/2015,53.23333333,7151,11.7962963,210.4295662,21.41666667,26.03291667,-1,4.995,322.875,7431.25
5/7/2015,53.3125,6184,11.84027778,212.1757718,19.5,20.81625,-4.583333333,8.015416667,322.25,7492.916667
5/8/2015,53.8125,7430,12.11805556,213.5326207,20.5,34.12666667,2.125,3.511304348,313.375,7540.833333
5/9/2015,53.72083333,7139,12.06712963,212.6595179,20.625,46.02625,7.166666667,1.779166667,313.5416667,7510
5/10/2015,53.375,7055,11.875,212.3055573,21.82608696,48.13782609,9.304347826,2.105454545,274.7083333,7497.5
5/11/2015,53.3125,7551,11.84027778,211.526844,21.45833333,40.46541667,7.208333333,3.019565217,288.7083333,7470
5/12/2015,53.54583333,6950,11.96990741,211.1374874,16.625,40.85791667,2.791666667,3.623478261,245.2083333,7456.25
5/13/2015,53.52916667,7292,11.96064815,211.4324546,17.15833333,46.53208333,4.9875,2.885217391,257.6666667,7466.666667
5/14/2015,53.69583333,8607,12.05324074,212.3409534,17.04166667,48.13416667,4.958333333,2.416086957,297.5416667,7498.75
5/15/2015,54.15833333,5440,12.31018519,214.6180998,16.77777778,54.11185185,6.555555556,2.195384615,234.75,7579.166667
5/16/2015,53.41666667,6823,11.89814815,214.3939248,17.875,57.85625,8.625,1.500416667,306.625,7571.25
5/17/2015,53.96666667,6981,12.2037037,213.143264,19.26153846,61.50807692,10.62307692,2.255,252.5,7527.083333
5/18/2015,54.025,7245,12.23611111,212.919089,19.61666667,55.18125,9.554166667,2.014166667,276.4137931,7519.166667
5/19/2015,54.10416667,7599,12.28009259,213.2258548,20.23333333,54.45083333,10.0375,2.863043478,281.0434783,7530
5/20/2015,54.3625,6429,12.42361111,213.3084456,21.36,52.948,10.64,2.52875,301.3333333,7532.916667
5/21/2015,53.85833333,7620,12.14351852,213.3202443,19.46428571,67.63428571,12.39285714,1.915862069,272.875,7533.333333
5/22/2015,53.9375,7802,12.1875,214.1933471,21.12,49.43,9.72,3.06625,294.4583333,7564.166667
5/23/2015,53.77083333,7303,12.09490741,212.8718943,21.29166667,53.59458333,10.79166667,2.465833333,286.7916667,7517.5
5/24/2015,54.47916667,6910,12.48842593,210.8189229,23.58333333,44.34166667,9,2.147391304,323.4583333,7445
5/25/2015,54.22916667,7008,12.34953704,211.1610848,24.58333333,43.63625,10.5,3.3,315.6666667,7457.083333
5/26/2015,54.31666667,7142,12.39814815,211.4088572,23.81481481,45.74333333,10.44444444,3.144074074,308.0833333,7465.833333
5/27/2015,54.74583333,6794,12.63657407,204.6364114,24.47826087,39.72086957,8.652173913,2.19173913,326.6666667,7226.666667
5/28/2015,54.34166667,7571,12.41203704,204.5302232,25.0375,41.01458333,9.795833333,2.08,315.8333333,7222.916667
5/29/2015,54.38333333,7015,12.43518519,204.5892166,26.40833333,42.69916667,11.17222222,1.992916667,296.0416667,7225
5/30/2015,54.41666667,6923,12.4537037,204.2942495,26.75,36.57208333,9.125,1.971666667,274.5416667,7214.583333
5/31/2015,54.36666667,6903,12.42592593,204.3414442,24.41666667,34.1375,5.458333333,1.73625,246.2083333,7216.25
6/1/2015,54.3375,6910,12.40972222,204.3768403,22.39130435,39.30086957,7.086956522,4.965652174,313.5,7217.5
6/2/2015,54.43333333,7065,12.46296296,203.7397112,21.48275862,64.55586207,13.5862069,1.933103448,286.1666667,7195
6/3/2015,54.95833333,6828,12.75462963,203.4683414,25.20833333,29.89916667,5.541666667,2.829166667,325.5416667,7185.416667
6/4/2015,55.09166667,7384,12.8287037,203.8930941,24.9,37.641,8.766666667,4.494,236.8333333,7200.416667
6/5/2015,55.02916667,7636,12.79398148,205.6392997,27.81428571,34.07285714,9.082142857,4.814285714,299.7083333,7262.083333
6/6/2015,55.1625,7028,12.86805556,206.5477985,29.8,32.9716,9.6,3.2512,334.375,7294.166667
6/7/2015,55.38333333,6935,12.99074074,206.7955709,30.8,34.0964,10.44,3.108333333,340.6666667,7302.916667
6/8/2015,55.49583333,7574,13.05324074,205.6864944,31.92,31.4468,10.6,1.140869565,334.9583333,7263.75
6/9/2015,55.75416667,6943,13.19675926,205.9460655,33.29166667,32.01833333,12.625,2.035217391,325.7083333,7272.916667
6/10/2015,55.52083333,6547,13.06712963,206.3118248,26.21428571,63.37,17.75,3.307142857,259.7916667,7285.833333
6/11/2015,55.95416667,6820,13.30787037,205.0847614,27.66666667,44.59625,11.41666667,3.510869565,341.125,7242.5
6/12/2015,55.95416667,6534,13.30787037,204.9549759,34.75,18.655,6.166666667,3.66625,351,7237.916667
6/13/2015,56.24583333,7236,13.46990741,205.438722,33.75,20.28791667,6.625,3.065833333,348.25,7255
6/14/2015,56.03333333,6766,13.35185185,204.2942495,30.20833333,34.79916667,11.20833333,2.346956522,340.375,7214.583333
6/15/2015,56.07083333,7418,13.37268519,202.8902058,28.55,38.05375,11.26666667,3.1075,339.625,7165
6/16/2015,56.48333333,7161,13.60185185,202.5598426,28.83333333,35.39125,10.04166667,1.97125,341.1666667,7153.333333
6/17/2015,56.7,6849,13.72222222,202.6778295,31.66666667,27.79055556,8.944444444,3.172222222,340.0833333,7157.5
6/18/2015,56.20833333,6822,13.44907407,204.4358337,29.70833333,30.83875,8.75,2.9216,342.3333333,7219.583333
6/19/2015,55.475,7338,13.04166667,204.4476324,28.41666667,25.63041667,5.208333333,2.4,349.125,7220
6/20/2015,55.65416667,6796,13.1412037,204.388639,28.83333333,25.855,5.75,2.436521739,314.2083333,7217.916667
6/21/2015,55.85,6650,13.25,204.5774179,27.22727273,29.35136364,6.136363636,3.553636364,313.8333333,7224.583333
6/22/2015,55.75,7562,13.19444444,204.612814,26.5,26.43625,3.625,2.593333333,349.5833333,7225.833333
6/23/2015,56.02083333,6779,13.34490741,204.2824508,28.33333333,21.64166667,2.5,2.146521739,363.3913043,7214.166667
6/24/2015,56.42083333,6958,13.56712963,202.4890505,31.56666667,24.05375,6.358333333,2.4225,330.2083333,7150.833333
6/25/2015,55.9625,6921,13.3125,202.9491993,33.16666667,30.25,11,2.957916667,336.5,7167.083333
6/26/2015,55.42083333,7135,13.01157407,202.6306347,33.68333333,32.90958333,13.28333333,1.81173913,343.5217391,7155.833333
6/27/2015,55.25416667,7056,12.91898148,203.0671861,32.45833333,31.87541667,12.54166667,2.871666667,282.6666667,7171.25
6/28/2015,55.1875,7148,12.88194444,202.7486216,30.04166667,39.60291667,13.625,1.714166667,215.3333333,7160
6/29/2015,55.1375,7296,12.85416667,203.4565428,30.30434783,35.36347826,11.13043478,1.676956522,340.9583333,7185
6/30/2015,55.5625,6777,13.09027778,203.7279125,32.91666667,25.43791667,7.791666667,2.325217391,327.875,7194.583333
7/1/2015,55.7375,6471,13.1875,204.424035,35.69230769,23.42192308,9.423076923,3.172916667,300.0833333,7219.166667
7/2/2015,55.8875,7095,13.27083333,204.388639,33.29166667,28.80666667,11.58333333,2.486666667,284.7916667,7217.916667
7/3/2015,56.04166667,7483,13.35648148,204.9195798,32.5,25.60625,9.875,3.825217391,285.25,7236.666667
7/4/2015,55.87083333,7387,13.26157407,205.5331115,32.58333333,38.19,15.25,2.25,317.1666667,7258.333333
7/5/2015,55.85,6947,13.25,206.0994484,32.54166667,37.06833333,15.29166667,2.957916667,294.1666667,7278.333333
7/6/2015,55.87916667,7313,13.2662037,205.8988708,30.16666667,40.315,14.375,3.265217391,324.4166667,7271.25
7/7/2015,56.2125,7004,13.45138889,205.9696629,28.625,40.97291667,13.16666667,2.915416667,320.2083333,7273.75
7/8/2015,56.3125,6531,13.50694444,205.7808839,28.04166667,38.45916667,12.125,3.32125,254.8333333,7267.083333
7/9/2015,55.44166667,6585,13.02314815,205.1673522,23.375,63.42375,15.66666667,3.065,180.7083333,7245.416667
7/10/2015,54.225,6905,12.34722222,204.5302232,23.375,59.25833333,14.66666667,3.257916667,250.0833333,7222.916667
7/11/2015,54.3625,7224,12.42361111,204.4594311,24.79166667,51.23791667,13.41666667,2.25826087,286.125,7220.416667
7/12/2015,55.125,7204,12.84722222,206.0994484,26.79166667,39.37458333,11.33333333,3.472916667,268.375,7278.333333
7/13/2015,55.15,7188,12.86111111,206.040455,26.79166667,40.23375,10.95833333,1.449545455,286.875,7276.25
7/14/2015,55.4875,7461,13.04861111,205.8044813,28.75,31.67625,9.333333333,2.393478261,318.6666667,7267.916667
7/15/2015,55.84583333,7187,13.24768519,203.5745296,29.78333333,30.01833333,8.975,2.18625,327.6666667,7189.166667
7/16/2015,55.8125,6989,13.22916667,203.220569,31.91666667,30.7,10.54166667,3.019565217,326.5833333,7176.666667
7/17/2015,55.06666667,6927,12.81481481,205.2027483,32.41666667,29.72208333,11,3.152608696,320.75,7246.666667
7/18/2015,55.05833333,7180,12.81018519,205.0729628,31.625,28.18666667,10.125,3.96625,319.875,7242.083333
7/19/2015,55.2,6283,12.88888889,205.1673522,28.875,33.5825,10.125,1.735833333,320.9583333,7245.416667
7/20/2015,55.425,7471,13.01388889,203.6453217,32.08333333,35.955,13.5,2.482608696,320.25,7191.666667
7/21/2015,55.00416667,5921,12.78009259,204.3296455,32.375,36.74083333,14.79166667,2.527391304,297.25,7215.833333
7/22/2015,55.42083333,7100,13.01157407,204.1526652,29.83333333,35.86541667,12.45833333,4.673333333,307.1666667,7209.583333
7/23/2015,55.05,7269,12.80555556,204.2470547,25.45833333,38.02166667,8.625,4.072916667,319.7083333,7212.916667
7/24/2015,55.00416667,6825,12.78009259,204.4358337,25.54166667,31.67625,6.166666667,1.855652174,324,7219.583333
7/25/2015,55.00416667,6840,12.78009259,204.1880613,26.5,25.84458333,3.416666667,2.347391304,323.4166667,7210.833333
7/26/2015,54.9125,6986,12.72916667,200.4596765,26.36,27.268,4.52,2.142916667,320.5833333,7079.166667
7/27/2015,55.2,6923,12.88888889,203.6217244,28.83333333,24.4125,5.083333333,5.65875,305.0833333,7190.833333
7/28/2015,55.25416667,6685,12.91898148,204.2116587,32.375,15.49833333,1.666666667,5.379583333,331.4166667,7211.666667
7/29/2015,55.075,7256,12.81944444,204.9077812,34.375,13.66541667,0.958333333,3.343333333,328.4166667,7236.25
7/30/2015,55.325,6887,12.95833333,203.5037375,33.20833333,19.21083333,4.083333333,1.843333333,290.2916667,7186.666667
7/31/2015,55.125,6864,12.84722222,202.9256019,32.92,28.8172,10.84,1.9752,231,7166.25
8/1/2015,54.80416667,6886,12.66898148,202.2294794,30.33333333,38.70208333,13.79166667,2.422083333,265.9583333,7141.666667
8/2/2015,54.80833333,7097,12.6712963,202.9256019,28.48148148,45.35074074,14.81481481,2.591538462,185.75,7166.25
8/3/2015,54.475,7153,12.48611111,203.373952,28.25,42.81375,13.20833333,1.878695652,291.4583333,7182.083333
8/4/2015,54.775,6913,12.65277778,203.6925165,26.75,40.71541667,11.45833333,2.93625,236.6666667,7193.333333
8/5/2015,54.475,7052,12.48611111,203.4447441,23.8875,49.92708333,12.27916667,1.071666667,220,7184.583333
8/6/2015,55.30416667,7130,12.94675926,203.7633086,27.92307692,38.77730769,10.23076923,1.503076923,225.625,7195.833333
8/7/2015,55.9875,7047,13.32638889,203.7397112,30,30.11185185,9.074074074,3.086538462,280.8333333,7195
8/8/2015,55.82083333,7154,13.2337963,204.7897943,27.75,37.75958333,10.95833333,2.443333333,274.75,7232.083333
8/9/2015,55.64583333,6816,13.13657407,204.7072035,26.83333333,38.12958333,10.16666667,1.47875,277.0416667,7229.166667
8/10/2015,55.32083333,6402,12.95601852,207.0787394,28.64705882,30.12911765,8.441176471,1.966764706,245.4583333,7312.916667
8/11/2015,54.35833333,6452,12.4212963,209.1553081,27.56521739,39.66521739,11.43478261,3.507272727,278.0833333,7386.25
8/12/2015,54.02083333,6309,12.2337963,206.453409,25.54166667,34.01916667,7.291666667,2.258695652,288.875,7290.833333
8/13/2015,54.54583333,6390,12.52546296,204.3414442,25.875,33.91041667,7.333333333,2.572083333,300.7916667,7216.25
8/14/2015,54.6125,7760,12.5625,201.2029937,26.04166667,33.26208333,7.5,2.572083333,283.625,7105.416667
8/15/2015,54.975,7508,12.76388889,202.9020045,28.79166667,26.52375,5.958333333,3.515833333,285.4583333,7165.416667
8/16/2015,55.40416667,6674,13.00231481,203.2677638,29.66666667,19.49166667,1.041666667,2.143333333,302.9166667,7178.333333
8/17/2015,55.575,7034,13.09722222,204.011081,29.91666667,17.35291667,-0.083333333,1.9075,292.5833333,7204.583333
8/18/2015,55.48333333,6280,13.0462963,204.0818731,30.41666667,25.05166667,5.833333333,1.65,274.3333333,7207.083333
8/19/2015,55.6625,6802,13.14583333,204.011081,28.20833333,34.82291667,9.708333333,1.8,240.2083333,7204.583333
8/20/2015,55.56666667,6558,13.09259259,204.3178468,27,39.14833333,10.91666667,1.5,225.75,7215.416667
8/21/2015,55.78333333,7114,13.21296296,203.6099257,26.125,43.83,11.45833333,1.564583333,256.5,7190.416667
8/22/2015,55.84166667,7156,13.24537037,203.3267572,27.33333333,40.01791667,10.875,1.843333333,271.4583333,7180.416667
8/23/2015,56.29583333,6816,13.49768519,203.4565428,26.76666667,41.34083333,10.96666667,1.945217391,266.2083333,7185
8/24/2015,57.09166667,7593,13.93981481,202.5008492,26.50454545,40.04045455,10.39545455,1.402727273,276.4166667,7151.25
8/25/2015,56.575,6918,13.65277778,204.235256,27.70833333,31.90166667,7.5,1.683636364,263.7916667,7212.5
8/26/2015,55.99583333,6974,13.33101852,204.0818731,27.375,30.28,6.75,2.080909091,275.7083333,7207.083333
8/27/2015,55.66666667,6235,13.14814815,204.3768403,28.54166667,31.0025,8.333333333,2.08,250.1666667,7217.5
8/28/2015,55.60416667,7100,13.11342593,204.5538206,29.45833333,29.57833333,8.541666667,2.228333333,216.75,7223.75
8/29/2015,55.40833333,7157,13.00462963,204.612814,29.125,35.40416667,11.33333333,8.57375,242.5,7225.833333
8/30/2015,55.675,6522,13.15277778,204.2942495,23.70833333,38.99833333,7.916666667,2.592916667,254.125,7214.583333
8/31/2015,55.4875,6814,13.04861111,204.2470547,26.73333333,31.88041667,7.229166667,2.379166667,265.5416667,7212.916667
9/1/2015,55.16666667,6469,12.87037037,204.5656193,26.54166667,31.845,7.125,2.249583333,264.5833333,7224.166667
9/2/2015,54.75,6855,12.63888889,203.5037375,26.04583333,38.28666667,9.670833333,3.4725,253.9583333,7186.666667
9/3/2015,54.85416667,7062,12.69675926,204.0818731,24.45833333,39.06125,9,3.503333333,245.625,7207.083333
9/4/2015,54.69166667,7185,12.60648148,204.2706521,22,37.64416667,5.495833333,2.057826087,262.4166667,7213.75
9/5/2015,54.61666667,7069,12.56481481,204.3060482,22.13043478,25.66217391,0.086956522,5.187083333,267.625,7215
9/6/2015,54.45,7342,12.47222222,204.6010153,25.45833333,15.79375,-3.75,3.484545455,267.5416667,7225.416667
9/7/2015,54.83333333,7111,12.68518519,204.9313785,25.95833333,20.76541667,-0.5,2.186666667,263.9166667,7237.083333
9/8/2015,55.14166667,7080,12.85648148,205.2381444,27.41666667,20.16791667,-0.375,1.699565217,262,7247.916667
9/9/2015,55.45833333,6608,13.03240741,205.2027483,28.16666667,21.4975,1.333333333,2.014166667,257.875,7246.666667
9/10/2015,55.30833333,7063,12.94907407,205.4623194,24.4,25.845,1.933333333,1.518571429,248.7083333,7255.833333
9/11/2015,55.0625,6558,12.8125,206.1938379,29.125,36.48,2.714285714,1.67125,217.0833333,7281.666667
9/12/2015,54.85416667,5981,12.69675926,205.025768,28.79166667,26.92708333,6.291666667,1.587826087,168.0416667,7240.416667
9/13/2015,55.4625,7275,13.03472222,205.214547,27.29166667,37.49708333,9.833333333,1.543333333,180.875,7247.083333
9/14/2015,55.29166667,7537,12.93981481,205.3089365,24.70833333,47.2875,12.20833333,1.779166667,46.54166667,7250.416667
9/15/2015,54.89166667,6823,12.71759259,198.9966394,19.64285714,68.20571429,13.46428571,3.601481481,96,7027.5
9/16/2015,54.7375,6386,12.63194444,197.9111603,15.09375,69.6925,9.15625,2.788064516,47.875,6989.166667
9/17/2015,55.0125,6481,12.78472222,197.4274142,16.05454545,80.57931818,12.26363636,1.075,188.4166667,6972.083333
9/18/2015,55.7875,6552,13.21527778,199.5865737,22.16666667,44.5475,7.333333333,2.550416667,238.1666667,7048.333333
9/19/2015,55.86666667,6775,13.25925926,197.9701537,23.58333333,42.9325,6.583333333,0.983913043,235.5,6991.25
9/20/2015,55.93333333,7053,13.2962963,198.0527445,24.95833333,38.78541667,7.041666667,0.578333333,231.75,6994.166667
9/21/2015,55.9625,7133,13.3125,196.908272,26.41666667,38.85958333,8.625,1.183913043,229.0833333,6953.75
9/22/2015,56.06666667,6330,13.37037037,198.5836854,25.325,40.4975,9.075,1.900434783,227.5833333,7012.916667
9/23/2015,55.89583333,6247,13.27546296,197.7695761,23.13043478,38.15956522,5.869565217,1.453913043,226,6984.166667
9/24/2015,55.77083333,7052,13.20601852,195.6340139,24.0375,33.15166667,4.816666667,0.939130435,211.5,6908.75
9/25/2015,55.92083333,6634,13.28935185,194.2889637,24.125,36.42875,5.875,1.11826087,220.9583333,6861.25
9/26/2015,56.05833333,6917,13.36574074,194.0647886,24.83333333,36.06833333,6.958333333,1.157083333,217.5833333,6853.333333
9/27/2015,55.5875,6132,13.10416667,193.5810425,25.33333333,34.61875,6.875,2.014583333,215.4166667,6836.25
9/28/2015,55.625,6043,13.125,192.6961411,24.375,36.375,6.5,1.735833333,214.5833333,6805
9/29/2015,55.54583333,6577,13.08101852,192.8141279,22.08333333,37.30458333,5.208333333,1.864166667,212.9583333,6809.166667
9/30/2015,55.65833333,6283,13.14351852,192.4483687,18.8,42.69375,4.583333333,1.22125,134.4166667,6796.25
10/1/2015,55.64166667,6763,13.13425926,193.0619003,18.75,45.59791667,6.166666667,2.204285714,156.0416667,6817.916667
10/2/2015,55.925,6631,13.29166667,193.2506793,21.66666667,51.87375,9,1.950416667,213.0833333,6824.583333
10/3/2015,56.12083333,6583,13.40046296,193.073699,25.11111111,22.33722222,1.555555556,5.658823529,228.5,6818.333333
10/4/2015,56.25416667,6078,13.47453704,193.262478,25.58333333,23.52916667,2.833333333,6.956521739,220.3333333,6825
10/5/2015,56.47916667,6577,13.59953704,193.864211,22.41666667,41.02,7.125,1.47875,215.125,6846.25
10/6/2015,56,6649,13.33333333,193.8052176,21.04166667,52.55458333,10.125,1.093333333,204.8333333,6844.166667
10/7/2015,56.15416667,7082,13.41898148,193.7816202,20.625,53.72913043,10.66666667,1.118695652,140.9166667,6843.333333
10/8/2015,56.19166667,7062,13.43981481,194.0175939,22.95,51.1135,11.3,1.215909091,152.2916667,6851.666667
10/9/2015,56.4875,6855,13.60416667,193.3568675,22.375,47.82583333,9.375,1.072608696,196.5416667,6828.333333
10/10/2015,56.525,6603,13.625,194.7963072,22.375,42.01833333,7.416666667,1.940909091,198.5416667,6879.166667
10/11/2015,56.1625,5861,13.42361111,193.8406136,24.125,39.6875,8.333333333,2.407727273,199.5,6845.416667
10/12/2015,55.80416667,6870,13.22453704,194.1001847,22.675,38.39875,5.1125,0.397272727,202.2916667,6854.583333
10/13/2015,55.85833333,6606,13.25462963,193.7698215,22.54782609,34.95130435,3.891304348,0.49173913,201.7083333,6842.916667
10/14/2015,55.9875,6491,13.32638889,193.297874,23.69583333,32.27416667,4.266666667,0.814583333,193.0416667,6826.25
10/15/2015,56.07916667,5987,13.37731481,193.8052176,23.25,38.9025,7.1,1.0285,187.25,6844.166667
10/16/2015,55.53333333,6661,13.07407407,193.6872307,23.35294118,41.04235294,8.058823529,1.300588235,156.875,6840
10/17/2015,55.2,6326,12.88888889,193.7462241,20.80769231,59.97423077,12.03846154,1.958461538,114,6842.083333
10/18/2015,55.2,6084,12.88888889,193.0501016,19.17083333,66.85166667,12.14166667,1.221666667,124.5833333,6817.5
10/19/2015,55.19583333,6634,12.88657407,191.9174278,15.75833333,69.38875,9.708333333,1.220833333,124.875,6777.5
10/20/2015,55.27083333,7180,12.92824074,172.3198102,19.75416667,53.7425,8.595833333,4.909166667,170.1666667,6085.416667
10/21/2015,55.37083333,5429,12.9837963,163.270218,24.12608696,28.68913043,4.117391304,4.295652174,178.3478261,5765.833333
10/22/2015,55.3375,5284,12.96527778,157.182096,20.54166667,40.48458333,4.875,1.409565217,172.0416667,5550.833333
10/23/2015,55.85416667,5480,13.25231481,150.0556896,20.16666667,38.23,3.916666667,1.521666667,124.9166667,5299.166667
10/24/2015,55.8,5517,13.22222222,149.4303592,17.99583333,49.39583333,6.425,1.135416667,125.0416667,5277.083333
10/25/2015,55.83333333,5590,13.24074074,147.4009852,18.8125,48.55375,6.520833333,2.1,163.0833333,5205.416667
10/26/2015,56.12916667,5273,13.40509259,141.5960316,18.20833333,48.43541667,6,1.5,166.5833333,5000.416667
10/27/2015,56.2375,5362,13.46527778,141.3836553,16.625,49.60666667,5.625,0.782173913,54.58333333,4992.916667
10/28/2015,56.35416667,4669,13.53009259,141.3718566,17.03703704,75.61444444,12.37037037,1.524074074,123.4166667,4992.5
10/29/2015,56.55,5019,13.63888889,142.6225173,17.35416667,58.84916667,7.883333333,3.644166667,163.3333333,5036.666667
10/30/2015,56.47083333,5240,13.59490741,145.3480138,18.75,41.62125,4.5,2.0575,157.2083333,5132.916667
10/31/2015,56.14583333,5086,13.41435185,143.649003,17.625,54.60583333,7.333333333,1.07125,147.8333333,5072.916667
11/1/2015,56.0375,5047,13.35416667,143.7315938,16.36,67.1712,10,1.5432,57.5,5075.833333
11/2/2015,56.16666667,4891,13.42592593,143.8849767,16.22857143,72.58142857,10.88571429,2.219714286,106.3333333,5081.25
11/3/2015,56.09166667,5053,13.38425926,142.7169068,13.53571429,47.09428571,1.392857143,3.124814815,153.8333333,5040
11/4/2015,55.97083333,4145,13.31712963,142.6461147,12.33333333,37.85041667,-2.875,3.365416667,156.875,5037.5
11/5/2015,56.06666667,4905,13.37037037,142.7523029,9.208333333,47.89541667,-2.291666667,1.004545455,128.7083333,5041.25
11/6/2015,56.2875,4497,13.49305556,142.9056858,10.86956522,48.78782609,-1.173913043,1.655652174,149.4166667,5046.666667
11/7/2015,56.31666667,4534,13.50925926,143.04727,11.54166667,52.17625,1.041666667,0.737391304,144.875,5051.666667
11/8/2015,56.575,4693,13.65277778,142.6697121,11.19705882,74.85029412,6.523529412,1.861470588,34.25,5038.333333
11/9/2015,56.49166667,4679,13.60648148,142.5163292,9.191176471,87.66514706,7.235294118,1.505294118,26.58333333,5032.916667
11/10/2015,56.4125,5060,13.5625,142.823095,5.863636364,82.99181818,2.718181818,0.953818182,134.125,5043.75
11/11/2015,56.34166667,4388,13.52314815,142.5871213,8.291666667,65.83583333,1.583333333,1.284166667,138.6666667,5035.416667
11/12/2015,56.5125,4479,13.61805556,136.5343953,9.25,63.80791667,1.583333333,1.286666667,135.125,4821.666667
11/13/2015,56.73333333,4446,13.74074074,130.5052667,12.268,55.752,2.612,0.72875,132.875,4608.75
11/14/2015,56.8375,4508,13.79861111,129.8917351,10.28,65.5148,3.56,0.3704,129.8333333,4587.083333
11/15/2015,56.80416667,4185,13.78009259,126.2459411,10.79473684,80.01921053,7.389473684,2.515277778,50.83333333,4458.333333
11/16/2015,56.56666667,3372,13.64814815,120.3347993,8.04,55.9764,-1.08,2.3256,124.625,4249.583333
11/17/2015,56.46666667,4436,13.59259259,119.8982479,8.40625,62.3359375,1.0625,0.979375,82.25,4234.166667
11/18/2015,56.60416667,3935,13.66898148,121.325889,10.24,70.6152,4.64,0.6576,122.5,4284.583333
11/19/2015,56.67916667,4102,13.71064815,121.2432982,10.625,73.77416667,5.791666667,0.749166667,116.625,4281.666667
11/20/2015,56.71666667,3911,13.73148148,119.8982479,14.33333333,65.58125,6.958333333,3.1075,118.9166667,4234.166667
11/21/2015,56.60833333,3711,13.6712963,120.7831494,18.20833333,31.93458333,0.916666667,3.237083333,114.0416667,4265.416667
11/22/2015,56.65416667,3842,13.69675926,121.0663179,11.70833333,61.21041667,3.625,0.707083333,97.25,4275.416667
11/23/2015,56.575,3857,13.65277778,121.3730837,10.70833333,66.77708333,4.125,0.493333333,104.4166667,4286.25
11/24/2015,56.34583333,4168,13.52546296,121.5972587,11.7,69.474,5.766666667,4.492666667,90.5,4294.166667
11/25/2015,56.00833333,4197,13.33796296,121.361285,5.47826087,67.13826087,-0.695652174,1.69375,87.79166667,4285.833333
11/26/2015,55.40833333,3785,13.00462963,120.7123573,6.571428571,44.22,-4.785714286,7.324117647,120.5,4262.916667
11/27/2015,54.95416667,3866,12.75231481,120.7005586,11.25,20.04,-11,10.61727273,124.6666667,4262.5
11/28/2015,54.88333333,4006,12.71296296,120.8539415,8.666666667,24.50875,-10.83333333,4.759166667,123.9583333,4267.916667
11/29/2015,54.775,3798,12.65277778,120.5117796,3.25,52.98541667,-6.791666667,0.599583333,122.2083333,4255.833333
11/30/2015,54.6,3955,12.55555556,120.4645849,3.083333333,59.765,-4.458333333,1.349583333,53.04166667,4254.166667
12/1/2015,54.47083333,4306,12.4837963,120.1932151,6.458333333,63.43625,-0.708333333,1.114166667,100.125,4244.583333
12/2/2015,54.53333333,3852,12.51851852,120.4055914,9.375,72.91458333,4.583333333,1.329166667,46.25,4252.083333
12/3/2015,54.525,4517,12.51388889,120.0988256,8.975,84.58925,6.475,1.916,7.458333333,4241.25
12/4/2015,54.46666667,4443,12.48148148,119.9100466,10.10810811,81.38243243,7,3.907027027,64.95833333,4234.583333
12/5/2015,53.74583333,4276,12.08101852,120.1814164,6.8,83.052,4.1,1.183,48.58333333,4244.166667
12/6/2015,53.55,3955,11.97222222,120.724156,8.27037037,86.36777778,6.114814815,2.372037037,15.20833333,4263.333333
12/7/2015,53.80833333,4175,12.11574074,120.9247336,9.377631579,88.49394737,7.568421053,0.933289474,15.20833333,4270.416667
12/8/2015,53.78333333,4640,12.10185185,120.8539415,11.75789474,87.16280702,9.680701754,0.595438596,54.5,4267.916667
12/9/2015,53.6625,4020,12.03472222,120.6533639,11.8969697,88.00257576,9.966666667,2.891666667,16,4260.833333
12/10/2015,53.6,4069,12,120.6297665,12.75333333,83.66088889,9.782222222,5.235777778,74.5,4260
12/11/2015,53.20416667,3770,11.78009259,120.3819941,8.809375,81.4471875,5.784375,1.7365625,37.45833333,4251.25
12/12/2015,52.87083333,3637,11.59490741,120.8303441,6.366666667,85.90533333,4.166666667,0.359666667,30.58333333,4267.083333
12/13/2015,52.5125,3792,11.39583333,120.7831494,8.957407407,82.79722222,6.005555556,4.067222222,52.70833333,4265.416667
12/14/2015,52.20416667,4082,11.22453704,119.3201123,5.958333333,62.65791667,-1.466666667,1.757083333,91.625,4213.75
12/15/2015,51.91666667,4192,11.06481481,119.9218453,7.208333333,56.21166667,-1.583333333,3.975,106.125,4235
12/16/2015,51.7875,4566,10.99305556,120.0516309,6.5,58.76083333,-1.333333333,1.191363636,94.66666667,4239.583333
12/17/2015,52.89166667,4477,11.60648148,120.0162348,7.541666667,71.05208333,2.583333333,0.334782609,27.625,4238.333333
12/18/2015,53.5125,4116,11.95138889,121.0073244,6.959677419,81.70935484,4.025806452,1.550967742,4.666666667,4273.333333
12/19/2015,53.37083333,4129,11.87268519,120.7477533,6.656363636,84.08636364,4.094545455,1.168181818,73.70833333,4264.166667
12/20/2015,53.05,4053,11.69444444,121.2786942,5.348717949,84.87435897,2.98974359,2.321538462,15.625,4282.916667
12/21/2015,52.95,3857,11.63888889,122.75353,7.606521739,87.12695652,,3.545217391,8.375,4335
12/22/2015,52.57916667,4230,11.43287037,120.8185455,9.854901961,88.84784314,8.165853659,1.361176471,31.70833333,4266.666667
12/23/2015,52.37916667,4359,11.32175926,113.6449443,8.4,68.368,2.52,2.222,102.75,4013.333333
12/24/2015,52.16666667,3671,11.2037037,106.1645773,7.482758621,69.98137931,2.137931034,3.210689655,60.54166667,3749.166667
12/25/2015,52.00833333,4158,11.11574074,99.02637227,4.375,73.97166667,-0.125,0.45,109.3333333,3497.083333
12/26/2015,51.72916667,2711,10.96064815,91.93536194,6.166666667,50.45125,-4.041666667,3.365,111.8333333,3246.666667
12/27/2015,51.32083333,2585,10.7337963,91.69938821,3.708333333,65.1075,-2.666666667,0.9425,53.5,3238.333333
12/28/2015,51.19166667,3524,10.66203704,91.91176456,4.647058824,73.46735294,-0.029411765,1.059117647,103.4166667,3245.833333
12/29/2015,51.12916667,3294,10.62731481,93.84674908,7.25,52.13541667,-2.375,2.55,107.7916667,3314.166667
12/30/2015,51.1,3399,10.61111111,92.02975142,5.774193548,76.14096774,1.709677419,1.243870968,56.91666667,3250
12/31/2015,50.75416667,3347,10.41898148,92.3011212,6.666666667,50.01916667,-4.083333333,4.137916667,113.9583333,3259.583333
1/1/2016,50.24583333,3150,10.13657407,92.78486733,6.25,26.72625,-11.625,6.844782609,113.4583333,3276.666667
1/2/2016,49.96666667,2858,9.981481481,92.87925682,6.083333333,33.71458333,-8.833333333,3.220869565,55.79166667,3280
1/3/2016,49.91666667,2939,9.953703704,92.51349755,7.166666667,56.56916667,-1.208333333,0.899166667,45.04166667,3267.083333
1/4/2016,49.86666667,3072,9.925925926,92.5606923,6.357142857,77.785,2.642857143,0.79,18.29166667,3268.75
1/5/2016,49.80416667,2984,9.891203704,94.40128733,8.180327869,90.09213115,6.642622951,1.568166667,11.41666667,3333.75
1/6/2016,49.59166667,3738,9.773148148,95.49856513,8.834920635,88.18015873,6.980952381,4.613492063,13.95833333,3372.5
1/7/2016,49.30833333,2854,9.615740741,93.92933988,6.772727273,85.39666667,4.46969697,1.527575758,54.41666667,3317.083333
1/8/2016,49.24583333,3096,9.581018519,92.78486733,4.613636364,82.37795455,1.75,0.502045455,96.20833333,3276.666667
1/9/2016,49.1875,2595,9.548611111,93.55178193,7.47037037,88.1562963,5.596296296,1.599814815,17.875,3303.75
1/10/2016,49.14166667,2767,9.523148148,92.02975142,8,79.6083871,4.387096774,1.576129032,106.75,3250
1/11/2016,49.18333333,3606,9.546296296,92.06514748,7.84,78.6172,4.28,1.285833333,39,3251.25
1/12/2016,48.95,3400,9.416666667,92.10054354,9.083333333,80.64083333,5.875,0.835833333,39.79166667,3252.5
1/13/2016,48.825,3295,9.347222222,96.12389549,10.41818182,81.90863636,7.345454545,7.8575,57.58333333,3394.583333
1/14/2016,48.58333333,2977,9.212962963,93.9175412,5.9375,81.915,3,1.4146875,17.75,3316.666667
1/15/2016,48.21666667,3002,9.009259259,95.014819,7.061111111,81.08361111,4,2.386388889,89.625,3355.416667
1/16/2016,48.23333333,2365,9.018518519,96.02950601,8.141860465,87.1627907,6.106976744,1.566976744,23.5,3391.25
1/17/2016,48.375,2673,9.097222222,99.94666978,10.33333333,88.41045455,8.493939394,2.477878788,9.25,3529.583333
1/18/2016,48.52083333,2684,9.178240741,96.48965476,12.37021277,87.03297872,10.24042553,3.466521739,44.66666667,3407.5
1/19/2016,48.80833333,3574,9.337962963,103.2738993,12.95263158,84.77289474,10.43684211,7.925405405,42.33333333,3647.083333
1/20/2016,49.08333333,3658,9.490740741,93.6579701,11.54054054,77.59108108,7.675675676,1.786388889,46.70833333,3307.5
1/21/2016,48.5875,2926,9.215277778,92.11234223,10.93333333,82.43233333,8,1.028666667,44.83333333,3252.916667
1/22/2016,48.34166667,2368,9.078703704,94.11811886,12.25428571,83.29171429,9.482857143,4.115142857,16.16666667,3323.75
1/23/2016,48.69166667,3037,9.273148148,94.70805316,11.88918919,80.34945946,8.581081081,8.787567568,49.29166667,3344.583333
1/24/2016,49.01666667,2010,9.453703704,92.23032909,7.275862069,85.35913793,4.948275862,1.125172414,65.08333333,3257.083333
1/25/2016,49.175,2900,9.541666667,93.78775565,10.41666667,77.92333333,6.333333333,1.972083333,122.7916667,3312.083333
1/26/2016,48.7625,3556,9.3125,93.78775565,9.816666667,68.73833333,4.129166667,2.336666667,128.5416667,3312.083333
1/27/2016,48.62916667,3895,9.238425926,94.21250835,10.625,70.795,4.833333333,1.00625,130.4583333,3327.083333
1/28/2016,48.18333333,3108,8.990740741,94.40128733,9.56,79.3168,5.92,1.1112,30.5,3333.75
1/29/2016,48.07916667,3011,8.93287037,97.76391286,10.21269841,88.60396825,8.407936508,1.461269841,20.29166667,3452.5
1/30/2016,48.075,2780,8.930555556,95.73453885,9.916666667,72.46166667,4.875,1.585833333,126.625,3380.833333
1/31/2016,47.76666667,2585,8.759259259,93.96473594,8.083333333,57.40833333,-0.625,4.2025,146.8333333,3318.333333
2/1/2016,47.5125,3063,8.618055556,93.19782135,7.958333333,41.56375,-4.958333333,3.407916667,151.4583333,3291.25
2/2/2016,47.65,2763,8.694444444,93.20962003,6.444444444,68.06666667,0.666666667,1.371111111,75.41666667,3291.666667
2/3/2016,47.62916667,3268,8.68287037,92.99724368,5.041666667,78.03625,1.416666667,0.556666667,53.08333333,3284.166667
2/4/2016,47.64166667,2560,8.689814815,92.73767259,7.931034483,76.68896552,3.689655172,1.933793103,122.2083333,3275
2/5/2016,47.45416667,2298,8.585648148,90.31894194,8.541666667,67.96375,2.458333333,0.879166667,132.4583333,3189.583333
2/6/2016,47.55833333,2333,8.643518519,89.41044311,10.54166667,65.5875,3.625,0.471666667,128.7083333,3157.5
2/7/2016,47.80833333,2885,8.782407407,89.51663129,15.83333333,52.27958333,4.875,3.579130435,152.7916667,3161.25
2/8/2016,48.02083333,3405,8.900462963,89.63461815,21.83333333,27.80625,2.166666667,5.102083333,161.2083333,3165.416667
2/9/2016,47.92916667,3780,8.849537037,90.30714326,15.54166667,49.61666667,3.291666667,1.072083333,143.8333333,3189.166667
2/10/2016,47.86666667,4050,8.814814815,92.44270544,13,64.18791667,5.625,0.385416667,143.3333333,3264.583333
2/11/2016,47.65416667,3660,8.696759259,92.82026339,14.53846154,62.99884615,7.076923077,0.830384615,138.5416667,3277.916667
2/12/2016,47.57916667,2794,8.655092593,92.57249098,13.54166667,66.2375,6.833333333,0.557083333,118.875,3269.166667
2/13/2016,47.64166667,3035,8.689814815,92.51349755,14.375,60.05916667,5.375,1.735416667,146.7083333,3267.083333
2/14/2016,47.65416667,3236,8.696759259,92.83206208,15.79166667,54.14583333,5.166666667,1.393333333,131.5,3278.333333
2/15/2016,47.86666667,3319,8.814814815,92.77306865,19.16666667,50.22958333,7.791666667,3.1525,156.7916667,3276.25
2/16/2016,47.71666667,2877,8.731481481,93.02084105,15.62916667,59.57416667,7.008333333,1.499583333,152.625,3285
2/17/2016,47.5875,2629,8.659722222,92.87925682,14.70833333,71.60666667,9.416666667,2.100416667,29.5,3280
2/18/2016,47.46666667,2152,8.592592593,93.17422397,10.75675676,77.87324324,6.945945946,7.855945946,113.625,3290.416667
2/19/2016,47.66666667,3540,8.703703704,93.18602266,11.6,74.69533333,7.233333333,8.042333333,63.125,3290.833333
2/20/2016,48.12916667,3400,8.960648148,93.30400952,9.458333333,70.38083333,3.666666667,2.795652174,23.28571429,3295
2/21/2016,48.01666667,3589,8.898148148,93.4927885,9.666666667,67.35833333,3.25,0.96375,,3301.666667
2/22/2016,48.12083333,2791,8.956018519,93.43379507,13.25,55.255,2.708333333,2.508333333,512,3299.583333
2/23/2016,48.32083333,3429,9.06712963,91.02686311,14.08333333,34.20875,-1.958333333,2.658333333,185.2083333,3214.583333
2/24/2016,48.62083333,2933,9.233796296,91.47521318,13.125,57.03916667,3.958333333,1.307083333,170.2083333,3230.416667
2/25/2016,48.82916667,3024,9.349537037,92.45450412,13.41666667,57.42916667,4.375,1.135,175,3265
2/26/2016,48.92083333,3335,9.400462963,92.44270544,13.5,65.20833333,6.666666667,0.985,124,3264.583333
2/27/2016,48.875,3239,9.375,92.32471858,13.76,71.916,8.4,1.4612,81.54166667,3260.416667
2/28/2016,48.70833333,3060,9.282407407,92.82026339,10.95833333,70.74583333,5.541666667,1.2425,117.4166667,3277.916667
2/29/2016,48.6625,3165,9.256944444,92.69047784,13.25,61.5725,5.125,1.199583333,173.6666667,3273.333333
3/1/2016,48.71666667,2939,9.287037037,92.71407522,14.19230769,60.97730769,5.807692308,1.3992,94.125,3274.166667
3/2/2016,48.76666667,2965,9.314814815,92.5606923,12.932,73.59,8,0.9668,121,3268.75
3/3/2016,48.78333333,2162,9.324074074,92.52529624,15.73448276,76.85827586,11.49310345,2.874137931,83.08333333,3267.5
3/4/2016,49.00833333,2397,9.449074074,93.35120426,14.35714286,87.16673469,12.1122449,1.196530612,49.04166667,3296.666667
3/5/2016,49.05416667,3239,9.474537037,97.87010103,15.58636364,83.57886364,12.91590909,9.108181818,36.375,3456.25
3/6/2016,49.47916667,2902,9.710648148,98.10607476,13.26857143,73.34809524,8.595238095,8.466285714,118.9166667,3464.583333
3/7/2016,49.575,4283,9.763888889,98.22406162,9.505,80.2703125,5.865625,5.183,137.125,3468.75
3/8/2016,49.21666667,3205,9.564814815,96.73742717,10.02916667,55.02375,1.183333333,2.617391304,95.20833333,3416.25
3/9/2016,49.14583333,3466,9.525462963,94.11811886,9.470833333,84.31333333,6.89375,1.768125,25.20833333,3323.75
3/10/2016,49.03333333,3483,9.462962963,100.5720001,12.75405405,85.22714286,10.26571429,7.035675676,20.875,3551.666667
3/11/2016,49.29583333,3920,9.608796296,135.6376952,11.83636364,87.29477273,9.811363636,3.823636364,30.29166667,4790
3/12/2016,49.49166667,3927,9.717592593,148.6516459,10.20566038,85.38358491,7.867924528,8.134150943,19.41666667,5249.583333
3/13/2016,49.78695652,4868,9.881642512,153.834347,11.32830189,86.26754717,9.286792453,8.920566038,52.45833333,5432.608696
3/14/2016,50.0375,3593,10.02083333,141.5370382,12.64634146,72.90682927,7.151219512,5.708780488,189.7083333,4998.333333
3/15/2016,50.28333333,4049,10.15740741,139.4368721,11.65,55.52583333,2.104166667,1.435833333,225.625,4924.166667
3/16/2016,50.65416667,4503,10.36342593,141.8792001,15.1875,48.39041667,3.525,3.1075,235.2916667,5010.416667
3/17/2016,50.77916667,5654,10.43287037,141.808408,20.13333333,36.35125,4.220833333,4.0725,246.25,5007.916667
3/18/2016,50.29583333,19012,10.16435185,538.5392274,16.15833333,59.8775,7.466666667,1.52125,248.6086957,19018.33333
3/19/2016,49.95,19029,9.972222222,577.191723,17.2125,68.6575,10.7125,1.392916667,207.8333333,20383.33333
3/20/2016,49.51666667,18463,9.731481481,572.0003012,15.7862069,76.60896552,11.45517241,3.832068966,61.125,20200
3/21/2016,49.03333333,18524,9.462962963,571.1743931,12.81956522,82.38891892,10.24594595,4.910217391,73.45833333,20170.83333
3/22/2016,48.90833333,18452,9.393518519,572.118288,10.49130435,66.19782609,4.147826087,1.632608696,230.375,20204.16667
3/23/2016,49.25,15915,9.583333333,503.0959745,12.6625,57.81125,3.508695652,2.100416667,235.5,17766.66667
3/24/2016,49.86666667,12889,9.925925926,430.6520419,14.1625,62.885,6.325,0.878333333,219.9565217,15208.33333
3/25/2016,50.05833333,9812,10.03240741,369.4168612,15.525,55.5375,4.7,1.67125,251.75,13045.83333
3/26/2016,50.39166667,9044,10.21759259,284.7140938,17.52083333,30.92541667,0.854545455,3.064166667,227.625,10054.58333
3/27/2016,50.925,6906,10.51388889,219.8213204,15.15833333,60.66916667,6.666666667,1.114583333,180.4583333,7762.916667
3/28/2016,50.79166667,5002,10.43981481,148.4864643,13.89583333,32.08791667,-3.179166667,5.63875,266.5,5243.75
3/29/2016,50.55,4633,10.30555556,142.0679791,13.95833333,32.24916667,-2.7125,3.257916667,197.7916667,5017.083333
3/30/2016,51.025,5157,10.56944444,143.4956201,14.65416667,48.52375,2.458333333,1.499583333,255.9166667,5067.5
3/31/2016,51.28333333,5729,10.71296296,143.8613794,15.375,57.32208333,6.029166667,1.820833333,272,5080.416667
4/1/2016,51.4,4696,10.77777778,146.1267271,16.75833333,64.70125,9.456521739,1.520833333,262.1818182,5160.416667
4/2/2016,51.65,3669,10.91666667,143.8495807,17.20416667,68.79041667,10.9173913,1.285833333,268.125,5080
4/3/2016,51.64166667,5611,10.91203704,142.0089857,18.88333333,64.26583333,11.05714286,1.476086957,263.3333333,5015
4/4/2016,51.8125,4881,11.00694444,143.236049,19.2375,48.70625,6.645833333,1.42,251.5416667,5058.333333
4/5/2016,51.575,4681,10.875,144.1091518,20.39166667,26.05041667,-0.120833333,5.787083333,276.2083333,5089.166667
4/6/2016,51.8625,5155,11.03472222,142.8466924,25.51666667,22.98416667,2.541666667,3.944583333,284.5833333,5044.583333
4/7/2016,52.8125,5256,11.5625,143.5428148,22.4125,48.88375,8.820833333,1.628333333,275.3333333,5069.166667
4/8/2016,52.97916667,4697,11.65509259,143.5664122,19.88333333,55.0525,9.625,2.18625,262.4583333,5070
4/9/2016,52.42916667,4532,11.34953704,143.424828,18.912,67.3732,12.304,3.1892,75.79166667,5065
4/10/2016,51.95,4797,11.08333333,143.460224,15.43529412,86.39686275,12.91960784,1.674117647,89,5066.25
4/11/2016,51.30416667,4464,10.72453704,143.6843991,17.33823529,76.83676471,13.18235294,1.271176471,180.6666667,5074.166667
4/12/2016,51.0875,4483,10.60416667,143.6843991,17.90416667,71.87291667,12.73333333,2.0575,117.25,5074.166667
4/13/2016,51.3625,4259,10.75694444,142.6107186,15.53571429,64.14928571,8.314285714,2.444285714,244.125,5036.25
4/14/2016,51.475,4808,10.81944444,141.584233,11.505,71.24375,5.755,2.958,196.25,5000
4/15/2016,51.62916667,4527,10.90509259,141.7966093,13.125,52.17833333,2.091666667,3.237083333,295.75,5007.5
4/16/2016,51.6625,4520,10.92361111,141.1948763,18.95416667,38.81833333,2.675,3.153913043,308.2083333,4986.25
4/17/2016,52.10416667,4766,11.16898148,141.6314277,20.575,44.10291667,4.629166667,1.833478261,301.6666667,5001.666667
4/18/2016,52.725,4943,11.51388889,142.1269725,21.3375,46.09833333,7.670833333,1.191818182,308.5833333,5019.166667
4/19/2016,53.15,4487,11.75,142.032583,22.075,50.16958333,9.9125,1.856521739,292.9166667,5015.833333
4/20/2016,53.15833333,4506,11.75462963,142.032583,20.85833333,50.35458333,7.904166667,1.90173913,286.3333333,5015.833333
4/21/2016,53.2375,4087,11.79861111,142.634316,18.2625,47.6525,5.55,2.975217391,265.0833333,5037.083333
4/22/2016,52.97083333,4602,11.65046296,142.4927318,13.50172414,78.83034483,9.6,4.692413793,93.5,5032.083333
4/23/2016,52.02083333,5049,11.12268519,142.2449594,10.56612903,85.15096774,7.982258065,0.522258065,231.2083333,5023.333333
4/24/2016,52.5375,4778,11.40972222,142.59892,16.6875,58.16666667,7.091666667,2.229583333,280.1666667,5035.833333
4/25/2016,52.66666667,4835,11.48148148,142.7759003,14.30416667,36.72541667,-1.591666667,5.165,324.6666667,5042.083333
4/26/2016,52.8125,4738,11.5625,141.43085,16.1625,28.89291667,-2.591666667,3.815833333,264.5416667,4994.583333
4/27/2016,53.61666667,4569,12.00925926,142.5399265,15.12916667,56.2025,5.654166667,1.230869565,210.0416667,5033.75
4/28/2016,53.64166667,4532,12.02314815,145.0176506,17.95833333,46.24375,5.2125,3.409166667,317.4166667,5121.25
4/29/2016,53.68333333,4420,12.0462963,143.2478477,20.50833333,32.14916667,2.704166667,3.2575,307.4166667,5058.75
4/30/2016,53.96666667,4797,12.2037037,144.3687229,19.34347826,31.46478261,1.53,6.754782609,310.125,5098.333333
5/1/2016,54.3625,5348,12.42361111,155.7662536,22.47916667,29.61833333,3.379166667,4.249565217,329.125,5500.833333
5/2/2016,54.55416667,5175,12.53009259,157.028713,20.556,48.9688,7.904,1.3776,323.7083333,5545.416667
5/3/2016,54.42916667,5520,12.46064815,157.028713,20.74583333,48.715,8.691666667,1.86375,216.9583333,5545.416667
5/4/2016,53.88333333,5524,12.15740741,168.9099899,19.652,61.5708,11.72,2.4288,146.25,5965
5/5/2016,54.00833333,5704,12.22685185,170.1134559,18.65833333,68.88666667,12.43333333,2.700416667,250.4583333,6007.5
5/6/2016,54.225,6162,12.34722222,170.373027,15.00666667,83.97111111,12.15777778,2.103777778,109.7083333,6016.666667
5/7/2016,53.39583333,6012,11.88657407,172.2608168,16.028,84.9226,13.66,2.3256,70.58333333,6083.333333
5/8/2016,53.04166667,5644,11.68981481,174.5615606,16.17142857,80.57095238,12.62857143,0.673571429,191.7083333,6164.583333
5/9/2016,53.30416667,5768,11.83564815,177.44044,20.69230769,66.27153846,13.94230769,1.682307692,242.75,6266.25
5/10/2016,54.10416667,6438,12.28009259,184.7792227,22.6,43.18541667,6.85,3.9225,345.0833333,6525.416667
5/11/2016,52.875,6078,11.59722222,185.5697347,23.59166667,29.63916667,2.816666667,2.48625,347.9583333,6553.333333
5/12/2016,52.87083333,6071,11.59490741,185.4635465,22.66666667,43.68625,8.025,1.350416667,336.875,6549.583333
5/13/2016,52.7125,5970,11.50694444,184.130295,24.2875,50.15291667,12.01666667,1.799583333,322.7083333,6502.5
5/14/2016,52.79166667,5998,11.55092593,183.8235291,20.925,47.35333333,8.466666667,4.562608696,311.0416667,6491.666667
5/15/2016,52.7,5973,11.5,183.7409383,20.49166667,52.54083333,8.9875,2.078333333,333.4166667,6488.75
5/16/2016,52.64583333,5994,11.46990741,183.752737,23.70416667,34.7275,6.533333333,4.995416667,337.4583333,6489.166667
5/17/2016,52.625,6443,11.45833333,183.6465488,25.87916667,30.48583333,6.55,5.882608696,346.5,6485.416667
5/18/2016,51.725,6307,10.95833333,184.2246845,26.94583333,36.34791667,9.145833333,2.143333333,337.375,6505.833333
5/19/2016,51.80833333,6742,11.00462963,184.0123081,25.18333333,23.94541667,2.6375,2.829583333,336.4583333,6498.333333
5/20/2016,51.32083333,6265,10.7337963,184.8028201,15.4,52.0332,4.684,4.1976,154.1666667,6526.25
5/21/2016,50.8,6085,10.44444444,185.0505925,13.53225806,71.53258065,8.490322581,3.799677419,181.7916667,6535
5/22/2016,50.61666667,5771,10.34259259,184.6612358,15.608,66.9436,9.392,2.058,186.2916667,6521.25
5/23/2016,50.975,6480,10.54166667,184.4370608,17.11666667,63.625,9.108333333,1.414583333,304.5833333,6513.333333
5/24/2016,51.62916667,6800,10.90509259,185.3101636,20.444,53.6768,10.092,2.357916667,305.3333333,6544.166667
5/25/2016,51.84166667,6111,11.02314815,185.2511701,19.24285714,65.36071429,11.29642857,2.297142857,304.5,6542.083333
5/26/2016,52.14166667,5997,11.18981481,186.1714677,21.05833333,52.69125,8.733333333,1.856086957,334.375,6574.583333
5/27/2016,52.12916667,6523,11.18287037,186.4900322,23.12916667,33.64791667,4.4875,3.1725,351.5,6585.833333
5/28/2016,52.04166667,5732,11.13425926,186.608019,24.69583333,23.78625,2.0875,4.987391304,348.625,6590
5/29/2016,52,6583,11.11111111,186.5136296,24.55833333,37.45333333,6.820833333,2.03625,346,6586.666667
5/30/2016,52.41666667,5799,11.34259259,186.6906098,27.35833333,29.49625,6.641666667,2.885652174,357.125,6592.916667
5/31/2016,52.54583333,6780,11.41435185,186.6552138,28.22916667,33.00291667,7.283333333,2.59375,365.25,6591.666667
6/1/2016,52.4875,7077,11.38194444,212.2465639,28.268,36.7092,10.136,2.374230769,350.7083333,7495.416667
6/2/2016,52.44166667,7625,11.35648148,228.6467375,28.31666667,29.7225,6.241666667,1.972083333,354.1666667,8074.583333
6/3/2016,52.5125,7503,11.39583333,227.8090308,29.55416667,29.6875,7.429166667,2.550416667,363.5833333,8045
6/4/2016,52.16666667,7309,11.2037037,227.6792453,29.0125,33.06041667,9.279166667,1.4575,285.125,8040.416667
6/5/2016,51.45,7720,10.80555556,228.292777,29.50416667,38.66625,12.75416667,1.586956522,264.875,8062.083333
6/6/2016,51.35416667,7427,10.75231481,228.6349389,32.3375,29.99458333,11.1625,2.807916667,349.2083333,8074.166667
6/7/2016,51.19583333,7640,10.66435185,228.2101862,29.675,42.28791667,14.5375,2.721666667,336.2916667,8059.166667
6/8/2016,51.21666667,7798,10.67592593,228.1983875,26.48333333,45.9225,13.20416667,3.62375,273.1666667,8058.75
6/9/2016,51.05833333,7639,10.58796296,227.9978098,24.42083333,43.1325,9.9875,3.129583333,341.125,8051.666667
6/10/2016,51.4625,7465,10.8125,227.6084532,23.728,39.6888,8.484,2.9228,322.5,8037.916667
6/11/2016,51.33333333,7794,10.74074074,227.6556479,24.05416667,22.83541667,0.354166667,6.130416667,346.25,8039.583333
6/12/2016,51.12916667,7562,10.62731481,227.8444269,28.064,16.9452,-0.2,5.4116,370.7916667,8046.25
6/13/2016,51.03333333,7238,10.57407407,228.6231402,25.55833333,39.59083333,8.479166667,2.63625,350.125,8073.75
6/14/2016,51.24583333,7735,10.69212963,229.6732232,21.20416667,27.1875,0.945833333,2.937083333,321.3333333,8110.833333
6/15/2016,50.9875,7584,10.54861111,228.9063086,17.932,45.9376,5.228,3.5188,188.5416667,8083.75
6/16/2016,51.26666667,7801,10.7037037,228.8591139,14.60714286,68.535,8.1,2.866071429,234.4166667,8082.083333
6/17/2016,51.3375,7705,10.74305556,228.8827113,17.65555556,68.69592593,11.35925926,2.801481481,146.875,8082.916667
6/18/2016,51.2,8552,10.66666667,247.2060707,16.10810811,78.99540541,11.55135135,1.611621622,294.4583333,8730
6/19/2016,51.79166667,9014,10.99537037,257.2821487,22.75833333,39.30208333,6.270833333,2.957916667,366.7083333,9085.833333
6/20/2016,51.9125,8733,11.0625,257.5299211,24.4375,37.42333333,6.3375,2.393478261,364.3333333,9094.583333
6/21/2016,52.05416667,8766,11.1412037,257.2231552,27.44166667,35.27166667,8.616666667,2.104090909,362.625,9083.75
6/22/2016,51.92083333,8650,11.06712963,258.0490633,31.29230769,28.58076923,9.138461538,2.400833333,356.5,9112.916667
6/23/2016,51.58333333,8530,10.87962963,258.320433,25.8625,34.47541667,7.520833333,2.12125,356.875,9122.5
6/24/2016,51.56666667,9124,10.87037037,257.683304,26.20416667,29.97166667,5.979166667,3.36625,364.125,9100
6/25/2016,51.70416667,9114,10.94675926,257.907479,28.59166667,23.84083333,4.204166667,3.515416667,370.375,9107.916667
6/26/2016,51.67916667,8728,10.93287037,258.1788488,28.875,33.29708333,7.566666667,1.3725,362,9117.5
6/27/2016,51.40416667,8646,10.78009259,255.5595405,30.62916667,32.1,8.95,1.543181818,360.9583333,9025
6/28/2016,51.0125,8694,10.5625,255.65393,34.89015038,23.64466165,9.384,2.041627907,361.0833333,9028.333333
6/29/2016,51.08333333,8352,10.60185185,255.3943589,32.43583333,30.3924359,10.5125,2.359672131,358.625,9019.166667
6/30/2016,51.0875,8674,10.60416667,255.4415536,32.54801282,26.47855769,9.120833333,3.650741935,354.625,9020.833333
7/1/2016,50.9375,9507,10.52083333,274.5790225,33.96435897,20.89282051,7.7625,3.541993569,354.6666667,9696.666667
7/2/2016,51.02083333,9471,10.56712963,275.2633462,30.27461538,38.34535256,12.84583333,2.106414474,340.7916667,9720.833333
7/3/2016,51.20416667,9248,10.66898148,275.6880989,29.80378205,42.11147436,13.972,2.500483871,326.7083333,9735.833333
7/4/2016,51.3125,9655,10.72916667,275.49932,28.715,42.84592949,12.97916667,2.316977492,312.7083333,9729.166667
7/5/2016,51.18333333,9542,10.65740741,275.4875213,27.28382637,42.14401929,11.84166667,2.047249191,320.6666667,9728.75
7/6/2016,51.31666667,9210,10.73148148,276.2898319,27.13871795,42.21253205,11.70833333,2.227694805,331.5416667,9757.083333
7/7/2016,51.26666667,9346,10.7037037,275.4049305,26.51948718,43.23541667,12.00416667,2.43778135,335.5833333,9725.833333
7/8/2016,51.725,9829,10.95833333,295.1677297,25.37974359,46.52150641,12.44583333,3.222574257,241.2083333,10423.75
7/9/2016,51.3375,9832,10.74305556,297.7988367,26.08903846,43.80272436,12.592,2.56038835,281.9583333,10516.66667
7/10/2016,51.55833333,10558,10.86574074,297.6808498,21.8970607,40.50977636,7.176923077,2.589087948,326.9583333,10512.5
7/11/2016,51.875,10303,11.04166667,296.8549418,25.17980831,29.10603834,4.7,3.479283388,354.8333333,10483.33333
7/12/2016,51.42083333,10106,10.78935185,297.3268892,25.69544872,31.81855769,5.991666667,1.720822368,353.75,10500
7/13/2016,51.37916667,10319,10.7662037,296.8549418,28.40344051,29.65615385,6.683333333,2.546053512,357,10483.33333
7/14/2016,51.64583333,9562,10.91435185,297.5628629,29.66948718,29.02698718,6.758333333,1.652516129,356.5833333,10508.33333
7/15/2016,51.73333333,10391,10.96296296,297.3268892,31.05153846,30.02323718,9.845833333,2.480612903,345.9166667,10500
7/16/2016,51.92916667,10171,11.07175926,298.7427315,31.09833333,22.23490385,6.070833333,4.008896104,348.125,10550
7/17/2016,51.8625,10099,11.03472222,297.4448761,27.13455128,41.25076923,11.60833333,3.238456592,340,10504.16667
7/18/2016,51.9875,10276,11.10416667,297.9168235,24.85057692,41.59721154,10.21666667,4.877435897,338.9166667,10520.83333
7/19/2016,52.05,9950,11.13888889,297.5628629,24.79,43.60205128,10.35416667,2.259150327,340.375,10508.33333
7/20/2016,51.91666667,10005,11.06481481,297.6808498,25.46564103,33.54891026,6.6375,1.908225806,348.0416667,10512.5
7/21/2016,51.4875,10239,10.82638889,297.7988367,26.26980769,30.76955128,5.4375,2.104332248,349.125,10516.66667
7/22/2016,51.6,10169,10.88888889,297.4448761,26.57429487,31.33673077,5.995833333,2.141270358,349.2916667,10504.16667
7/23/2016,51.60416667,10138,10.8912037,296.8549418,29.71019231,24.61282051,5.1375,2.909935275,349.7916667,10483.33333
7/24/2016,51.57916667,9909,10.87731481,297.6808498,32.67374194,20.17306452,5.75,2.762786885,348.5416667,10512.5
7/25/2016,51.575,10044,10.875,297.9168235,31.1525,31.16612179,10.18333333,2.087313916,341.625,10520.83333
7/26/2016,51.86666667,10055,11.03703704,298.9787053,31.686,29.13367742,9.15,1.806655844,338.125,10558.33333
7/27/2016,51.75416667,9735,10.97453704,298.0348104,32.56324324,30.11570946,10.19166667,2.213092784,335.375,10525
7/28/2016,51.60833333,10227,10.89351852,298.8607184,33.2787013,28.44737013,9.9875,1.911693811,330.8333333,10554.16667
7/29/2016,51.70833333,10442,10.94907407,300.1585739,33.49440789,29.72578947,11.275,1.874883721,320.25,10600
7/30/2016,51.7875,10130,10.99305556,298.5067578,32.98786408,30.7231068,11.2625,2.358834951,327.0416667,10541.66667
7/31/2016,52.04583333,10173,11.13657407,298.7427315,29.8943871,29.219,7.95,2.736221498,336.3333333,10550
8/1/2016,51.975,10331,11.09722222,299.5686396,28.8537415,31.67278912,8.175,1.930682594,334.3333333,10579.16667
8/2/2016,52.0625,10205,11.14583333,299.0966921,28.155,29.03367742,6.28,1.731720779,333.75,10562.5
8/3/2016,52.06666667,10146,11.14814815,299.6866264,29.67521452,26.21079208,5.525,2.492976589,335.375,10583.33333
8/4/2016,51.9625,10014,11.09027778,300.5125345,29.3133871,31.84129032,8.875,1.808594771,324.3333333,10612.5
8/5/2016,51.95416667,10236,11.08564815,300.2765607,26.39534884,40.91877076,10.14583333,2.767525424,325.75,10604.16667
8/6/2016,52.17916667,10038,11.21064815,299.9226002,25.63525641,36.28310897,8.4625,1.909509804,317.5,10591.66667
8/7/2016,52.1875,10175,11.21527778,299.214679,26.30160256,38.32663462,9.404166667,1.996369637,310.4583333,10566.66667
8/8/2016,52.24166667,10214,11.24537037,297.3268892,26.8775641,31.07259615,7.054166667,2.012032787,320.5,10500
8/9/2016,52.58333333,10325,11.43518519,296.7369549,28.24206642,28.98453875,7.2625,4.086264151,314.8333333,10479.16667
8/10/2016,52.2625,10004,11.25694444,302.5183111,32.64845361,22.40010309,6.970833333,2.665106383,317.1666667,10683.33333
8/11/2016,51.975,9648,11.09722222,300.1585739,29.07684887,33.43633441,9.25,2.050488599,317,10600
8/12/2016,52.25416667,10125,11.25231481,298.9787053,29.54736842,38.70592105,12.4375,2.215761589,310.0833333,10558.33333
8/13/2016,52.0875,10652,11.15972222,297.9168235,29.73376623,35.4362013,10.95,1.856498316,308.7083333,10520.83333
8/14/2016,51.99583333,10187,11.1087963,297.5628629,30.19805195,29.49168831,8.058333333,2.181006494,309.3333333,10508.33333
8/15/2016,52.07916667,9647,11.15509259,298.1881933,30.52459547,28.49174757,8.1,2.259803279,310.5,10530.41667
8/16/2016,52.09583333,10344,11.16435185,296.8549418,30.06955128,33.41801282,10.25833333,2.389903537,304.5833333,10483.33333
8/17/2016,52.25833333,10282,11.25462963,297.9168235,30.95673077,39.3924359,13.275,2.788971061,303.2916667,10520.83333
8/18/2016,52.17083333,10396,11.20601852,298.388771,30.59662162,37.71436242,12.975,2.560343511,302.5652174,10537.5
8/19/2016,52.0125,10146,11.11805556,298.9787053,30.41127273,38.36782609,13.5,2.228817204,283.0869565,10558.33333
8/20/2016,51.62916667,10064,10.90509259,297.7988367,29.27916667,45.30987179,14.525,1.669871795,279.3333333,10516.66667
8/21/2016,51.55833333,10281,10.86574074,297.5628629,28.67852564,44.56083333,14.07083333,1.576895425,273.1666667,10508.33333
8/22/2016,51.58333333,10083,10.87962963,299.0966921,27.73289037,43.49577558,12.46666667,1.760782918,279.9583333,10562.5
8/23/2016,51.85,10080,11.02777778,297.6808498,27.45695793,38.89048544,10.90833333,2.639180328,291.9583333,10512.5
8/24/2016,51.75,10151,10.97222222,297.0909155,26.57717042,41.435209,10.63333333,2.032556634,293.3333333,10491.66667
8/25/2016,51.63333333,9729,10.90740741,297.3268892,27.95234899,35.22468227,7.804166667,2.500808081,293.5833333,10500
8/26/2016,51.30833333,10227,10.72685185,298.0348104,26.96688103,34.35977492,7.691666667,2.128580645,292.7083333,10525
8/27/2016,51.45833333,9916,10.81018519,298.8607184,24.95209003,41.42794212,9.491666667,1.544575163,281.4583333,10554.16667
8/28/2016,51.42083333,10253,10.78935185,298.5067578,25.23,42.14435484,9.5875,1.686938111,287.5833333,10541.66667
8/29/2016,51.36666667,10343,10.75925926,302.7542848,25.08580645,32.8093871,6.158333333,1.581298701,239.2083333,10691.66667
8/30/2016,51.3625,10292,10.75694444,298.7427315,25.00876623,34.67542208,6.795833333,1.738300654,264.9166667,10550
8/31/2016,51.47916667,10171,10.82175926,297.9168235,25.21032258,31.849,5.766666667,1.418657718,281.0833333,10520.83333
9/1/2016,51.58333333,9644,10.87962963,284.2657437,24.77403846,33.0325641,6.3875,1.877828947,262.6666667,10038.75
9/2/2016,51.625,9463,10.90277778,282.9560896,24.89391026,38.77666667,7.983333333,1.78789644,255.625,9992.5
9/3/2016,51.62083333,9116,10.90046296,281.9296039,26.49935897,23.18673077,3.4375,3.224058442,270.7916667,9956.25
9/4/2016,51.6,9195,10.88888889,284.5371135,23.29423077,36.00342949,5.354166667,2.629090909,273.0833333,10048.33333
9/5/2016,51.66666667,9841,10.92592593,284.9264701,23.92948718,24.38839744,1.058333333,3.165602606,277.2083333,10062.08333
9/6/2016,51.125,9060,10.625,270.1545152,26.04102564,21.27365385,1.345833333,2.520681818,256.0833333,9540.416667
9/7/2016,50.74583333,9295,10.41435185,269.0218413,28.34792332,26.81233227,5.325,3.833106796,265.9583333,9500.416667
9/8/2016,51.0125,9028,10.5625,270.3196968,26.62467949,32.03205128,6.8375,1.296537217,259.6666667,9546.25
9/9/2016,51.70416667,8375,10.94675926,256.2320656,28.24230769,30.92541667,5.7375,2.84681672,260.4583333,9048.75
9/10/2016,51.55,8796,10.86111111,254.2380877,27.23322581,32.567,6.575,1.254123377,263,8978.333333
9/11/2016,51.47083333,8574,10.81712963,255.6421313,25.77083333,46.54490385,12.10833333,1.744726688,254.9583333,9027.916667
9/12/2016,51.8625,8274,11.03472222,255.7129234,22.74230769,49.65198718,9.8625,2.201967742,254.75,9030.416667
9/13/2016,51.72916667,8547,10.96064815,255.842709,19.05144695,55.83977492,9.266666667,2.739511401,251.7083333,9035
9/14/2016,51.74583333,8577,10.96990741,256.1730722,18.72893891,55.48813505,8.82,1.549480519,248.4166667,9046.666667
9/15/2016,51.92083333,8226,11.06712963,256.0078906,22.07211538,39.51878205,4.325,1.558289474,252.2083333,9040.833333
9/16/2016,51.8125,8640,11.00694444,256.3146564,24.39903846,32.2050641,2.391666667,1.736372549,257.25,9051.666667
9/17/2016,51.85,8596,11.02777778,256.6214222,25.26987179,29.02544872,3.55,1.16349359,229.9583333,9062.5
9/18/2016,50.89583333,8510,10.49768519,256.5624288,26.3900641,34.36323718,7.8625,1.645504886,239.6666667,9060.416667
9/19/2016,51.29166667,8818,10.71759259,256.8809933,27.54358974,39.66785256,11.25416667,2.047451613,225.625,9071.666667
9/20/2016,51.375,7670,10.76388889,241.9792528,26.29839744,38.15865385,8.642857143,2.140160772,242.9166667,8545.416667
9/21/2016,51.5,7854,10.83333333,241.1887408,23.43974359,28.87451923,2.984,2.50383871,224.9166667,8517.5
9/22/2016,51.02916667,7590,10.57175926,227.3606808,20.38577236,29.93300813,1.7125,4.477136929,233.25,8029.166667
9/23/2016,51.05416667,7384,10.58564815,227.0185189,18.7775641,34.50660256,1.608333333,2.527119741,178.375,8017.083333
9/24/2016,50.92916667,7546,10.5162037,227.1365057,24.15032051,39.02211538,7.733333333,3.462692308,221.7083333,8021.25
9/25/2016,51.45416667,7805,10.80787037,227.3370834,30.15352564,14.54304487,-0.6,4.394326923,235.6666667,8028.333333
9/26/2016,51.325,7255,10.73611111,227.5376611,27.32211538,24.38958333,3.079166667,1.756948052,232.9166667,8035.416667
9/27/2016,51.8,7687,11,225.8386503,25.83397436,32.69551282,6.604166667,1.5614791,228.3333333,7975.416667
9/28/2016,51.92083333,7341,11.06712963,220.3168652,25.22628205,39.22288462,8.7375,1.170675241,222.625,7780.416667
9/29/2016,51.92083333,7537,11.06712963,220.7770139,23.50841424,41.22012945,8.5125,1.949901961,217.25,7796.666667
9/30/2016,51.81666667,7523,11.00925926,220.3640599,20.64790997,44.07202572,7.365217391,2.417806452,182.5,7782.083333
10/1/2016,51.49166667,7340,10.8287037,221.0129877,17.10873786,38.82941748,1.6,1.501107492,210.9583333,7805
10/2/2016,51.42916667,7039,10.79398148,220.9303968,14.02100313,57.26184953,6.142424242,1.80193038,121.75,7802.083333
10/3/2016,50.94583333,7409,10.52546296,221.7091101,10.15942492,84.46345048,7.848148148,1.388594249,60.70833333,7829.583333
10/4/2016,50.9375,7165,10.52083333,213.0016798,14.30897436,69.77503205,8.104166667,1.679551282,170.9583333,7522.083333
10/5/2016,51.36666667,7020,10.75925926,213.3202443,14.96730769,55.90048077,4.995833333,1.206666667,201.5,7533.333333
10/6/2016,51.5625,6874,10.86805556,206.229234,18.80938511,38.00032362,2.834782609,3.393365696,204.2916667,7282.916667
10/7/2016,52.175,6108,11.20833333,205.5803063,18.81858974,42.91480769,3.729166667,1.523429487,198.4583333,7260
10/8/2016,52.19166667,6609,11.21759259,205.6982931,20.98269231,45.54317308,6.9875,0.89349359,190.75,7264.166667
10/9/2016,51.89583333,6515,11.05324074,205.7454879,20.20323625,46.20938511,6.433333333,0.747313916,193.1666667,7265.833333
10/10/2016,51.9375,6323,11.07638889,198.6662762,20.91623377,42.89376623,6.095833333,1.403147541,193.5416667,7015.833333
10/11/2016,52.04166667,6857,11.13425926,198.560088,18.23974359,45.29907051,4.694736842,1.025064516,189.7083333,7012.083333
10/12/2016,52.02916667,6817,11.12731481,199.6809632,17.3474359,51.69419872,6.366666667,0.758938907,167.125,7051.666667
10/13/2016,51.9875,6313,11.10416667,200.8962279,17.82259136,56.74265781,9.15,2.001461794,61.875,7094.583333
10/14/2016,51.92916667,6443,11.07175926,200.9080266,17.91510574,73.79238671,13.62553191,9.22570997,54.375,7095
10/15/2016,51.87083333,6038,11.03935185,200.4950726,15.92883436,81.93199387,12.97804878,7.846975309,19.54166667,7080.416667
10/16/2016,51.94583333,6795,11.08101852,199.9995277,15.6225,79.18846875,12.01818182,7.15109375,82.54166667,7062.916667
10/17/2016,52.06666667,6816,11.14814815,200.0231251,14.23684211,79.67427632,10.604,3.828125,96.75,7063.75
10/18/2016,52.62083333,6405,11.45601852,191.5398698,14.0724359,75.30144231,9.254166667,1.211521036,165.6666667,6764.166667
10/19/2016,53.0375,5735,11.6875,190.9971303,16.01794872,50.91733974,4.7875,2.920064103,174.5416667,6745
10/20/2016,52.67916667,6201,11.48842593,190.9853316,17.46762821,52.51548077,6.4375,1.145897436,173.125,6744.583333
10/21/2016,52.63333333,6210,11.46296296,178.455127,16.66955128,66.62576923,9.625,0.818456592,160.0416667,6302.083333
10/22/2016,52.62083333,5857,11.45601852,171.2107337,16.98237179,65.57705128,9.845833333,1.562662338,159.2916667,6046.25
10/23/2016,52.58333333,5642,11.43518519,171.4467074,15.01666667,70.33910256,9.083333333,1.310480769,132.5833333,6054.583333
10/24/2016,52.41666667,5561,11.34259259,169.7594953,14.54384858,73.41968454,10.31764706,4.179394904,19.20833333,5995
10/25/2016,51.66666667,5019,10.92592593,166.1372987,14.39294118,91.46997059,13.09622642,5.997382353,19.75,5867.083333
10/26/2016,51.375,4908,10.76388889,156.1910063,17.65859873,73.76894231,12.70384615,3.097877814,132.3333333,5515.833333
10/27/2016,52.13333333,5104,11.18518519,156.7219472,14.99637462,89.49861027,13.626,1.619664634,26.70833333,5534.583333
10/28/2016,51.98333333,4185,11.10185185,156.014026,14.02662539,94.28167183,13.36578947,1.314891641,34.66666667,5509.583333
10/29/2016,51.64583333,4027,10.91435185,155.2589101,15.80453172,93.13797583,14.59464286,3.329244713,48.70833333,5482.916667
10/30/2016,51.80833333,5842,11.00462963,155.6364681,15.2946875,85.5855,12.7125,4.845375,37.16666667,5496.25
10/31/2016,51.74166667,5228,10.96759259,154.775164,13.32229102,88.33944272,11.28809524,4.073625,42.95833333,5465.833333
11/1/2016,52.725,5103,11.51388889,154.3268139,12.67746032,81.47685714,9.361290323,2.497923323,139.5,5450
11/2/2016,52.10833333,4917,11.1712963,153.8194704,11.48705502,79.1176699,7.6125,1.083300971,144.5833333,5432.083333
11/3/2016,52.10416667,4897,11.16898148,148.911217,13.12990354,73.39581994,8.066666667,1.553054662,136.6666667,5258.75
11/4/2016,52.36666667,4714,11.31481481,142.4809331,13.50546624,76.55636656,8.7375,0.544271845,148.7916667,5031.666667
11/5/2016,52.44166667,4623,11.35648148,142.221362,12.42051282,78.45125,8.454166667,0.736483871,130.6666667,5022.5
11/6/2016,52.49583333,4811,11.38657407,141.7612133,14.91065831,90.32880878,13.62857143,1.654670846,52.70833333,5006.25
11/7/2016,52.50833333,4593,11.39351852,141.5134408,15.85352564,85.7888141,13.15833333,1.506688103,97.625,4997.5
11/8/2016,52.05,4651,11.13888889,141.619629,15.60223642,82.69389776,12.112,0.494185304,129.0416667,5001.25
11/9/2016,52.03333333,4762,11.12962963,141.5016422,16.11233766,78.49198052,11.625,0.609058442,129.0416667,4997.083333
11/10/2016,52.3875,4573,11.32638889,141.6904211,15.76419355,75.73290323,10.74583333,0.615290323,128.4583333,5003.75
11/11/2016,52.43333333,4500,11.35185185,141.3364606,14.53954984,80.38237942,10.975,0.36681672,79.125,4991.25
11/12/2016,52.35416667,4839,11.30787037,141.206675,16.76910828,80.9710828,13.40740741,1.528216561,85.04166667,4986.666667
11/13/2016,52.375,5201,11.31944444,141.0060973,15.05562701,80.6903537,11.4375,0.651318328,129.5416667,4979.583333
11/14/2016,52.20833333,5092,11.22685185,141.395454,14.67170418,81.86472669,10.85925926,0.305691318,128.375,4993.333333
11/15/2016,52.22083333,5167,11.2337963,141.6668238,14.93853821,84.50142857,12.28928571,1.30551495,38.04347826,5002.916667
11/16/2016,52.0875,5310,11.15972222,142.1977646,10.70493421,70.05924342,4.491666667,1.565181518,129.0833333,5021.666667
11/17/2016,51.89166667,4947,11.05092593,142.7051081,9.100684932,64.69417808,1.626086957,1.836782007,134.3478261,5039.583333
11/18/2016,51.99583333,4432,11.1087963,142.4691344,8.037209302,71.45428571,2.629166667,1.064566667,108.5,5031.25
11/19/2016,52.08333333,4789,11.15740741,143.9439702,9.75045045,83.68387387,7.334482759,1.958798799,10.20833333,5083.333333
11/20/2016,52.125,5072,11.18055556,145.230027,10.18616715,95.40057637,9.218055556,2.898559078,51.875,5128.75
11/21/2016,52.5625,4711,11.42361111,143.5192175,11.98143713,88.79260479,9.90625,0.932904192,113.1666667,5068.333333
11/22/2016,52.59583333,5287,11.44212963,142.8702897,8.384810127,89.81860759,6.716666667,0.535206349,41.66666667,5045.416667
11/23/2016,52.41666667,5363,11.34259259,143.6726004,9.565074627,88.1441194,7.601923077,2.294520958,81.25,5073.75
11/24/2016,52.5125,4500,11.39583333,143.8023859,6.15224359,87.77365385,4.070833333,0.655608974,100.625,5078.333333
11/25/2016,52.4125,4929,11.34027778,143.0826661,7.705466238,90.73938907,6.096,0.543794212,20.45833333,5052.916667
11/26/2016,52.475,4817,11.375,143.5782109,6.835736677,96.01087774,6.338095238,1.956265823,7.458333333,5070.416667
11/27/2016,52.23333333,5121,11.24074074,143.6726004,7.689361702,89.02136778,5.704444444,2.920334347,84.08333333,5073.75
11/28/2016,52.0875,4829,11.15972222,142.5635239,9.119811321,85.30572327,6.7125,2.627106918,98.57894737,5034.583333
11/29/2016,52.12083333,4632,11.17824074,142.5871213,8.383012821,74.58692308,3.379166667,2.763612903,113.9166667,5035.416667
11/30/2016,52.06666667,4950,11.14814815,142.5399265,7.538607595,83.87493671,5.086206897,1.38664557,81.54166667,5033.75
12/1/2016,52.00416667,4219,11.11342593,142.59892,9.464102564,56.87727564,0.488,4.771794872,112.0416667,5035.833333
12/2/2016,51.775,4647,10.98611111,141.9499922,10.28709677,43.40174194,-1.808333333,4.995548387,115.25,5012.916667
12/3/2016,51.82916667,4793,11.0162037,142.0679791,10.34045307,56.98864078,1.695454545,1.890422078,103.4166667,5017.083333
12/4/2016,51.9,4773,11.05555556,142.1033751,9.026923077,70.56134615,3.575,1.101350482,73.45833333,5018.333333
12/5/2016,51.72083333,4423,10.95601852,141.4662461,6.517096774,76.30245161,1.639130435,1.189025974,88.75,4995.833333
12/6/2016,51.47083333,4313,10.81712963,141.1476816,4.254340836,71.24717042,-1.091666667,1.247242525,124.75,4984.583333
12/7/2016,51.14166667,4572,10.63425926,140.4633578,5.410897436,58.24253205,-2.7625,3.075833333,46.45833333,4960.416667
12/8/2016,51.19166667,5491,10.66203704,141.1712789,3.39380531,96.5680826,3.028571429,0.935309735,13.08695652,4985.416667
12/9/2016,51.34583333,5407,10.74768519,142.1151738,6.630252101,99.27591036,6.283544304,0.545378151,22.875,5018.75
12/10/2016,51.4,5387,10.77777778,145.5957862,10.3873817,97.14208202,9.584615385,1.828454259,24.16666667,5141.666667
12/11/2016,52.10416667,4470,11.16898148,143.5310162,6.075555556,86.84161905,3.193103448,1.145480769,71.08333333,5068.75
12/12/2016,52.31666667,4210,11.28703704,142.2685568,5.906430868,82.92083601,2.495833333,0.60170418,106.8333333,5024.166667
12/13/2016,52.1875,4769,11.21527778,141.4544474,5.499356913,84.4785209,3.0125,0.61368932,36.5,4995.416667
12/14/2016,52.2125,5233,11.22916667,143.2124516,7.169026549,98.88362832,6.896721311,0.881238938,4.625,5057.5
12/15/2016,52.1,5329,11.16666667,157.9372119,12.66775148,94.65668639,11.78709677,8.435029586,6.416666667,5577.5
12/16/2016,51.7375,5261,10.96527778,147.707751,9.886750789,66.27722397,5.284848485,2.613121019,106.0416667,5216.25
12/17/2016,51.275,4972,10.70833333,145.0176506,5.642715232,46.96231788,-5.575,3.755165563,112.4583333,5121.25
12/18/2016,50.95416667,4959,10.53009259,144.6754887,7.38516129,31.86567742,-8.4875,5.959,110.875,5109.166667
12/19/2016,50.43333333,4833,10.24074074,144.8288716,4.23474026,60.68766234,-3.691666667,1.137980132,80.79166667,5114.583333
12/20/2016,50.34583333,4303,10.19212963,143.6372043,4.678205128,75.80987179,0.575,0.892894737,61.20833333,5072.5
12/21/2016,50.69583333,8996,10.38657407,273.1631801,13.65434084,43.72858521,-0.004166667,5.246173633,105.0416667,9646.666667
12/22/2016,50.8625,10089,10.47916667,282.9442909,10.32990354,45.03511254,-2.266666667,2.203215434,93.66666667,9992.083333
12/23/2016,50.62916667,10068,10.34953704,282.2835645,7.731626506,84.91695783,5.715909091,3.311114458,16.375,9968.75
12/24/2016,50.2125,10642,10.11805556,282.0593894,5.440490798,87.26874233,2.83902439,1.429570552,105.9583333,9960.833333
12/25/2016,49.93333333,9754,9.962962963,281.1272932,1.844516129,78.31941935,-1.658333333,1.111387097,63.75,9927.916667
12/26/2016,49.76666667,9930,9.87037037,281.3514683,1.101923077,74.14471154,-4.075,1.503397436,104.0833333,9935.833333
12/27/2016,49.8,9609,9.888888889,283.2864528,4.369508197,68.92721311,-1.466666667,0.896852459,97.625,10004.16667
12/28/2016,49.58333333,9408,9.768518519,283.0504791,5.797058824,67.81578431,-0.658333333,1.918085809,108.6666667,9995.833333
12/29/2016,49.5125,9669,9.729166667,283.8881858,8.106578947,61.99763158,0.316666667,1.458453947,107.7083333,10025.41667
12/30/2016,49.55416667,8873,9.752314815,247.9611867,5.53474026,77.11487013,1.060869565,0.772987013,107.9166667,8756.666667
12/31/2016,49.47083333,7672,9.706018519,212.6595179,9.894551282,54.67932692,0.554166667,2.461634615,109.5416667,7510
1/1/2017,49.24583333,6000,9.581018519,183.1864001,6.417834395,71.48942675,1.244444444,1.742834395,93.125,6469.166667
1/2/2017,48.80833333,5969,9.337962963,175.4818581,4.767084639,82.56721003,2.272727273,4.860940439,41.33333333,6197.083333
1/3/2017,48.44583333,5644,9.136574074,158.5389449,5.323101266,92.00287975,4.558333333,2.002341772,14.70833333,5598.75
1/4/2017,48.15833333,4550,8.976851852,144.250736,7.368923077,86.73489231,5.195,3.178734568,50.33333333,5094.166667
1/5/2017,48.04583333,4114,8.914351852,142.9764779,4.545276873,55.35557003,-4.291666667,4.589739414,116.5833333,5049.166667
1/6/2017,47.94166667,4493,8.856481481,142.8466924,3.157371795,41.79233974,-8.788,3.698782051,107.1666667,5044.583333
1/7/2017,48.15416667,9582,8.974537037,272.8446156,3.394797688,82.6583815,0.96984127,1.394364162,17.60869565,9635.416667
1/8/2017,48.34166667,14136,9.078703704,408.4705121,6.377653631,98.75952514,6.058695652,2.738100559,6.791666667,14425
1/9/2017,48.32916667,13305,9.071759259,416.3756318,11.72649007,77.95342105,8.137037037,6.741066667,31.20833333,14704.16667
1/10/2017,47.97083333,13336,8.872685185,450.8277951,10.01803797,90.57,8.7825,8.555175719,8.083333333,15920.83333
1/11/2017,48.00833333,15128,8.893518519,511.3550547,9.808895706,83.74046012,8.1775,4.344447853,76.83333333,18058.33333
1/12/2017,48.79166667,31972,9.328703704,984.3643797,7.063207547,80.74537736,3.834375,2.667830189,58.08333333,34762.5
1/13/2017,49.49583333,33505,9.719907407,1000.764553,9.454019293,44.55807074,-2.308695652,6.158419355,118.4166667,35341.66667
1/14/2017,49.39583333,31966,9.664351852,999.348711,10.76089744,40.72304487,-1.983333333,3.992307692,121.5416667,35291.66667
1/15/2017,49.18333333,32529,9.546296296,981.532695,5.64637224,74.24649842,0.323333333,1.100094937,114.3333333,34662.5
1/16/2017,49.075,31124,9.486111111,973.1556279,7.302786378,68.25965944,0.02,1.833470032,126.8333333,34366.66667
1/17/2017,48.89166667,32273,9.384259259,975.9873125,6.434810127,83.78047468,3.763333333,0.995981013,66.25,34466.66667
1/18/2017,48.55833333,29058,9.199074074,901.0656559,7.32652439,91.8002439,6.196078431,3.854603659,6.958333333,31820.83333
1/19/2017,48.11666667,26098,8.953703704,828.149776,8.292879257,91.48733746,6.866666667,5.310402477,55.45833333,29245.83333
1/20/2017,47.90416667,25597,8.835648148,864.1357685,8.098757764,90.42319876,6.394444444,7.940869565,16.125,30516.66667
1/21/2017,48.02916667,25985,8.905092593,872.2768619,7.86749226,88.70631579,5.953846154,5.3894081,20.41666667,30804.16667
1/22/2017,47.725,25131,8.736111111,863.6638211,8.720307692,86.41276923,6.590243902,8.900646154,52.54166667,30500
1/23/2017,47.875,26604,8.819444444,843.6060547,7.381875,83.731625,4.733333333,3.30190625,65.25,29791.66667
1/24/2017,47.9,24583,8.833333333,852.3370824,6.8659375,79.68909375,3.067647059,1.997711599,129.0833333,30100
1/25/2017,47.82083333,26470,8.789351852,838.7685934,5.272402597,80.59155844,1.861538462,0.856331169,65.70833333,29620.83333
1/26/2017,47.82916667,27559,8.793981481,872.9847831,6.724429967,76.29824104,2.133333333,1.745179153,128.9166667,30829.16667
1/27/2017,47.76666667,25807,8.759259259,855.5227277,9.491216216,54.68356902,-0.1375,3.54807947,138.4583333,30212.5
1/28/2017,47.70833333,22045,8.726851852,749.4525398,6.763398693,67.62996732,0.241666667,0.809869281,134.6666667,26466.66667
1/29/2017,47.38333333,21738,8.546296296,727.0350362,6.592786885,73.17314754,1.045833333,0.38252459,111.625,25675
1/30/2017,47.2625,21659,8.479166667,729.1587997,6.952159468,73.55857143,1.829166667,0.515614618,142.5833333,25750
1/31/2017,47.19583333,21963,8.44212963,727.3889968,6.509302326,79.07495017,2.783333333,0.37372093,58.625,25687.5
2/1/2017,47.12083333,22021,8.400462963,729.2767866,7.607189542,84.54326797,4.895833333,0.445065359,68.625,25754.16667
2/2/2017,46.9625,21183,8.3125,733.4063267,8.6121875,90.71528125,7.572340426,1.4915,21.20833333,25900
2/3/2017,47.04583333,23229,8.358796296,740.7215121,11.71736527,93.86772455,10.60175439,5.986736527,39.79166667,26158.33333
2/4/2017,46.8625,22473,8.256944444,746.1489077,12.49969136,90.14944444,10.66410256,9.393240741,21.625,26350
2/5/2017,46.81666667,22348,8.231481481,751.9302639,12.02712934,81.74845426,8.972727273,5.200063091,54.125,26554.16667
2/6/2017,46.89166667,27935,8.273148148,906.964999,12.48711656,87.60469325,10.47906977,11.42220859,66.70833333,32029.16667
2/7/2017,47.41666667,25596,8.564814815,884.075548,13.27370031,90.55776758,11.6,8.620828221,68.125,31220.83333
2/8/2017,46.95,20231,8.305555556,723.023483,13.27850467,90.32803738,11.7175,2.83305296,21.91666667,25533.33333
2/9/2017,47.47916667,18070,8.599537037,596.1876076,15.62,90.25815385,14.07368421,11.28947692,20.125,21054.16667
2/10/2017,47.55,37503,8.638888889,1246.649171,13.34728916,85.27174699,10.95625,4.502831325,98.04166667,44025
2/11/2017,47.37916667,50669,8.543981481,1576.658421,10.57188498,67.46514377,3.946153846,4.565750799,152.6666667,55679.16667
2/12/2017,47.35833333,59359,8.532407407,1879.176732,13.85673077,31.0874359,-3.35,4.626923077,167.625,66362.5
2/13/2017,47.09583333,67008,8.386574074,2091.907042,11.47073955,57.68376206,2.095652174,1.17755627,95.41666667,73875
2/14/2017,46.79166667,74886,8.217592593,2210.01189,7.807114625,79.66,3.529166667,0.698695652,162.625,78045.83333
2/15/2017,46.90833333,64405,8.282407407,1964.245259,11.56996805,69.45594249,6.253846154,1.340798722,41.16666667,69366.66667
2/16/2017,47.23333333,45659,8.462962963,1393.542813,13.34025157,78.02091195,9.56875,6.591146497,106.4583333,49212.5
2/17/2017,47.1125,53929,8.395833333,1605.565202,10.68429487,82.57570513,7.6,3.230032051,26.08333333,56700
2/18/2017,47.39166667,46148,8.550925926,1378.912442,10.06984615,90.15276923,8.373809524,2.570712074,128.25,48695.83333
2/19/2017,47.0875,44469,8.381944444,1366.759796,10.08434505,77.94939297,6.417241379,8.215974441,57.45833333,48266.66667
2/20/2017,47.32916667,26807,8.516203704,866.7314794,11.03925234,91.11850467,9.702631579,10.98433022,20.625,30608.33333
2/21/2017,47.09583333,30491,8.386574074,912.6283683,12.03460317,80.77212698,8.707142857,7.742698413,116.75,32229.16667
2/22/2017,47.07083333,57264,8.372685185,1670.811936,7.845079365,74.304,2.996428571,2.340764331,136.9166667,59004.16667
2/23/2017,47.1125,65474,8.395833333,1960.587666,5.652131148,70.11459016,-0.491666667,1.368519737,190,69237.5
2/24/2017,47.20833333,69015,8.449074074,1995.511777,4.780769231,62.40291667,-2.545833333,1.582944984,182.0416667,70470.83333
2/25/2017,47.30416667,68427,8.502314815,1988.550552,6.916455696,73.97072785,2.310344828,2.734617834,171.75,70225
2/26/2017,47.32083333,69139,8.511574074,1986.072828,5.453205128,70.5774359,-0.041666667,2.531057692,186.5,70137.5
2/27/2017,47.31666667,68032,8.509259259,1983.123156,5.723397436,65.83375,-0.704166667,1.707734628,172.25,70033.33333
2/28/2017,47.32083333,68208,8.511574074,1999.995277,5.866346154,75.25769231,1.008333333,1.307909968,190.8333333,70629.16667
3/1/2017,47.425,66056,8.569444444,1965.779088,8.743269231,59.96730769,-0.225,1.895081433,204.9166667,69420.83333
3/2/2017,47.525,57311,8.625,1687.330096,9.608038585,58.30437299,0.073913043,0.775372168,207.5833333,59587.5
3/3/2017,47.5875,46793,8.659722222,1416.432264,9.98974359,66.87429487,3.445833333,0.514166667,105.4166667,50020.83333
3/4/2017,47.57083333,40712,8.650462963,1212.314995,10.67676768,78.17811448,7.522580645,2.336430976,47.25,42812.5
3/5/2017,47.2875,32711,8.493055556,1039.346257,8.137209302,60.20169435,2.180645161,4.245946844,161.7916667,36704.16667
3/6/2017,47.09583333,29023,8.386574074,887.2611932,6.613564669,69.37157729,2.051612903,4.723974763,77.83333333,31333.33333
3/7/2017,47.00833333,22697,8.337962963,747.9187106,8.327659574,86.65896657,6.020454545,2.796981707,62.95833333,26412.5
3/8/2017,47.10833333,18604,8.393518519,634.4153505,11.2571885,81.0914377,7.6,1.511469649,184.4166667,22404.16667
3/9/2017,47.08333333,16269,8.37962963,543.0935203,14.30576923,74.18974359,9.15,1.2675,155.5,19179.16667
3/10/2017,47.22083333,13749,8.456018519,460.1487571,16.15273312,72.30234727,10.05416667,1.228778135,173.0833333,16250
3/11/2017,47.29166667,12128,8.49537037,393.0142333,15.12750809,62.50815534,7.433333333,1.193300971,211.0833333,13879.16667
3/12/2017,47.34347826,10815,8.524154589,333.5232062,16.23878205,60.28285256,6.858333333,2.112733119,229.25,11778.26087
3/13/2017,47.37916667,9392,8.543981481,289.067809,15.78269231,54.79304487,5.208333333,0.780897436,235.8333333,10208.33333
3/14/2017,47.35833333,9180,8.532407407,284.1241595,15.70576923,62.85326923,7.670833333,0.901410256,227.8333333,10033.75
3/15/2017,47.3125,9288,8.506944444,243.2771083,15.74774194,74.04754839,11.01153846,1.365290323,77.04166667,8591.25
3/16/2017,47.17083333,7688,8.428240741,242.7815635,13.17261905,90.41595238,10.99454545,0.605714286,141.0416667,8573.75
3/17/2017,47.34166667,7758,8.523148148,243.5012833,14.16580645,75.84474194,9.295833333,1.36016129,213.826087,8599.166667
3/18/2017,47.32916667,7635,8.516203704,241.8140712,16.2028754,79.95996805,12.44615385,1.468552632,67.91666667,8539.583333
3/19/2017,47.34166667,8016,8.523148148,236.634448,15.9349359,74.64894231,11.1625,1.363709677,88.95833333,8356.666667
3/20/2017,47.3375,8047,8.520833333,237.4957521,14.16098655,87.03179372,11.64230769,1.122959641,90.58333333,8387.083333
3/21/2017,47.475,7985,8.597222222,240.5280144,16.44117647,74.14698529,11.71621622,9.131985294,180.6666667,8494.166667
3/22/2017,47.72083333,8055,8.733796296,244.1266137,11.5765625,83.96325,8.951515152,6.0433125,36.54166667,8621.25
3/23/2017,47.69166667,8539,8.717592593,281.1036959,8.10060241,86.93506024,5.083333333,1.008212121,207.8333333,9927.083333
3/24/2017,47.80833333,9208,8.782407407,295.2031257,10.66455696,82.37949367,8.037931034,4.946012658,26.16666667,10425
3/25/2017,47.75833333,8755,8.75462963,295.8992482,11.39631902,81.93911043,8.515217391,2.780521472,211.5,10449.58333
3/26/2017,48.55833333,9407,9.199074074,285.9765532,11.83176101,78.1531761,8.213333333,2.48,76.95833333,10099.16667
3/27/2017,48.51666667,8864,9.175925926,285.2450347,10.27103659,82.3247561,6.94,1.690555556,225.625,10073.33333
3/28/2017,49.06666667,8595,9.481481481,286.2361243,14.30160256,54.47192308,4.375,3.259487179,257.2916667,10108.33333
3/29/2017,49.39583333,9091,9.664351852,287.1800192,16.17884615,54.40365385,6.716666667,2.253846154,155.2083333,10141.66667
3/30/2017,49.88333333,8497,9.935185185,292.8433885,16.39389068,44.94366559,3.608333333,4.360064516,252.6666667,10341.66667
3/31/2017,50.4875,8052,10.27083333,289.0796076,14.55760518,32.37624595,-2.216666667,5.297868852,268.1666667,10208.75
4/1/2017,50.9,8289,10.5,288.4778747,19.7829932,31.19329932,1.954166667,4.500544218,265.2916667,10187.5
4/2/2017,51.02916667,8982,10.57175926,284.3955293,21.87108844,36.40197279,4.679166667,4.369319728,276.5,10043.33333
4/3/2017,50.9625,8657,10.53472222,285.9293585,17.44440678,24.95379661,-3.191666667,4.082653061,283.9583333,10097.5
4/4/2017,50.96666667,8949,10.53703704,290.4600539,16.22107023,45.78996656,3.466666667,1.636086957,203.8333333,10257.5
4/5/2017,50.6875,9256,10.38194444,284.820282,15.66460481,63.06817869,8.325,1.576955017,155.2916667,10058.33333
4/6/2017,50.49166667,8835,10.27314815,285.1978399,13.20066007,77.06521452,9.079487179,2.377692308,49.41666667,10071.66667
4/7/2017,50.08333333,8677,10.0462963,304.8780483,11.87898089,83.83407643,9.252083333,9.109714286,210.6666667,10766.66667
4/8/2017,49.29166667,8795,9.606481481,298.1527972,9.27359736,83.62831683,6.118421053,2.006233333,235.75,10529.16667
4/9/2017,49.9375,8661,9.965277778,294.3772177,10.42852349,73.11342282,5.35,2.325925926,267.0416667,10395.83333
4/10/2017,50.1625,8469,10.09027778,298.0584078,12.60618557,58.47443299,4.295833333,3.292648084,269.0416667,10525.83333
4/11/2017,50.275,8979,10.15277778,281.8588118,12.17060703,78.41236422,8.990243902,2.285591054,82.95833333,9953.75
4/12/2017,50.23333333,11638,10.12962963,342.39787,13.377,85.41863333,10.68055556,6.401063123,65.54166667,12091.66667
4/13/2017,49.45416667,17429,9.696759259,570.8204326,10.263,86.00656667,7.845945946,3.26942953,97.29166667,20158.33333
4/14/2017,49.64166667,21094,9.800925926,662.4962234,8.156996587,76.8343686,3.129166667,1.067250859,290.7083333,23395.83333
4/15/2017,50.02916667,22757,10.0162037,718.1860217,12.41672474,53.1887108,1.995833333,1.948838028,286.3333333,25362.5
4/16/2017,49.99583333,22352,9.997685185,717.0061531,11.77133106,70.09474403,6.285185185,1.96013986,102.4166667,25320.83333
4/17/2017,49.65,22732,9.805555556,714.4104421,11.95227273,88.39756494,10.05853659,2.695357143,91.66666667,25229.16667
4/18/2017,49.81666667,24848,9.898148148,781.2205021,14.73833333,75.83433333,10.23333333,3.991428571,244.125,27588.54167
4/19/2017,49.69583333,26769,9.831018519,864.2065606,14.60745763,67.93633898,8.576923077,3.140381944,205.6666667,30519.16667
4/20/2017,49.825,26032,9.902777778,852.89752,12.7504918,77.81206557,8.42,1.485723906,269.625,30119.79167
4/21/2017,50.13333333,26829,10.07407407,867.0016693,16.21896552,51.22417241,4.683333333,2.463194444,310,30617.875
4/22/2017,50.23333333,27198,10.12962963,855.6867294,16.22226027,65.3130137,9,2.055496454,229.5833333,30218.29167
4/23/2017,50.1125,27930,10.0625,849.8345811,16.2269103,60.73584718,7.754166667,2.081397849,274.4166667,30011.625
4/24/2017,49.80833333,28665,9.893518519,852.6603664,15.04950166,65.85817276,8.62,4.524861111,110.75,30111.41667
4/25/2017,49.79583333,21946,9.886574074,731.5704512,13.0547619,67.66435374,6.5375,1.370882353,194.5,25835.16667
4/26/2017,50.37916667,18623,10.21064815,605.3846834,15.17191781,81.5109589,12.28235294,2.448611111,97.79166667,21378.95833
4/27/2017,50.71666667,15984,10.39814815,511.6016472,15.34965753,60.59554795,6.008333333,2.14278169,287.2083333,18067.04167
4/28/2017,51.57916667,12554,10.87731481,444.5308364,15.10112782,41.00120301,0.2375,3.892528302,328,15698.45833
4/29/2017,52.01666667,11046,11.12037037,375.6571862,23.10206186,24.99175258,0.9375,2.665638298,330.5,13266.20833
4/30/2017,52.71666667,10607,11.50925926,320.8133537,19.00033784,54.04861486,7.291666667,1.195966102,318.4166667,11329.41667
5/1/2017,52.825,9197,11.56944444,274.2203424,22.45038462,31.41480769,3.872,2.935568627,323.2083333,9684
5/2/2017,52.99583333,7663,11.66435185,233.2954199,25.09202658,38.29853821,9.258333333,3.393733333,316.2083333,8238.75
5/3/2017,52.76666667,6204,11.53703704,201.2584475,27.34087838,37.50554054,10.6375,3.94630137,324.0833333,7107.375
5/4/2017,51.7125,4805,10.95138889,168.8179602,25.26114865,54.27489865,14.15833333,1.754636678,312,5961.75
5/5/2017,51.9625,4909,11.09027778,148.3956144,24.01699346,49.31584967,11.77916667,4.17125,296.25,5240.541667
5/6/2017,52.14583333,4924,11.19212963,143.8578398,17.45685619,39.53625418,3.191666667,6.071638796,311.9166667,5080.291667
5/7/2017,51.32083333,11132,10.7337963,348.6169575,18.71353135,28.88914191,-0.304166667,7.347375415,328.125,12311.29167
5/8/2017,51.94583333,11949,11.08101852,369.5737837,23.47656766,20.97990099,-0.729166667,5.619966997,332.2916667,13051.375
5/9/2017,51.84583333,12711,11.02546296,366.0023214,23.70564784,34.77166113,4.366666667,2.453918919,334.9166667,12925.25
5/10/2017,51.82916667,12394,11.0162037,371.0674973,22.02597403,54.04243506,10.60833333,2.25745098,321.2083333,13104.125
5/11/2017,51.52083333,11807,10.84490741,368.8576034,17.85789474,58.18996711,9.062068966,3.961333333,207.625,13026.08333
5/12/2017,51.17083333,11936,10.65046296,368.1260849,14.62312925,48.0192517,3.437037037,1.978715278,278.625,13000.25
5/13/2017,51.17916667,12205,10.65509259,371.3105503,18.025,29.5471875,0.341666667,2.37,332.0833333,13112.70833
5/14/2017,51.46666667,12648,10.81481481,370.2002939,16.90980392,37.28722222,1.316666667,3.518628763,301,13073.5
5/15/2017,52.1875,12676,11.21527778,367.7190302,18.94205298,40.5655298,3.2125,3.126610738,339.4166667,12985.875
5/16/2017,51.8125,12219,11.00694444,363.6272459,16.881,51.36616667,5.356,4.194812287,134.7916667,12841.375
5/17/2017,50.95416667,13007,10.53009259,366.2441945,14.68250825,53.44986799,3.4,3.111202749,313.25,12933.79167
5/18/2017,51.7375,13117,10.96527778,366.6146732,19.75481728,36.33850498,2.641666667,3.585384615,351.9166667,12946.875
5/19/2017,51.43333333,12534,10.7962963,366.3763398,22.49220779,37.12522727,3.553846154,1.858931034,354.5833333,12938.45833
5/20/2017,50.8375,12445,10.46527778,367.0712824,24.94489796,35.88231293,4.858333333,2.275416667,356.0833333,12963
5/21/2017,50.57083333,12626,10.31712963,366.7432789,27.876,25.1791,4.954166667,3.225353535,348.0416667,12951.41667
5/22/2017,50.66666667,11715,10.37037037,368.6121908,27.28361204,39.7251505,8.6875,1.778729097,334.0833333,13017.41667
5/23/2017,50.76666667,11580,10.42592593,369.9489819,27.98571429,40.32644518,10.66666667,1.438027211,338.7916667,13064.625
5/24/2017,50.76666667,11167,10.42592593,344.0319881,27.091,46.0904,12.84583333,2.334615385,332.75,12149.375
5/25/2017,50.98333333,10054,10.5462963,315.1417253,23.04353741,42.42272109,9.066666667,4.252871972,334.5833333,11129.125
5/26/2017,51.00416667,9820,10.55787037,310.9048172,20.64713805,52.50276094,9.995652174,3.009335664,338,10979.5
5/27/2017,51.0125,11102,10.5625,307.9799229,21.51932203,55.92308475,11.02083333,1.759146758,343.6666667,10876.20833
5/28/2017,51.3875,10267,10.77083333,310.5119209,24.06092715,53.31218543,12.425,1.713175676,344.75,10965.625
5/29/2017,51.17916667,9849,10.65509259,316.4207029,25.85,49.89979866,13.225,1.515135135,331.25,11174.29167
5/30/2017,51.20416667,10484,10.66898148,316.2909174,24.93245033,57.08715232,14.89166667,2.114749164,260.0833333,11169.70833
5/31/2017,51.03333333,10046,10.57407407,310.7797511,21.00688525,64.52081967,13.4037037,2.794818482,254.3333333,10975.08333
6/1/2017,51.37916667,10200,10.7662037,310.9378535,22.79597315,58.48372483,13.48846154,1.541292517,312.1666667,10980.66667
6/2/2017,51.35416667,9982,10.75231481,313.5548021,24.81254237,46.6260678,10.53333333,2.142090592,339.4583333,11073.08333
6/3/2017,51.1875,10616,10.65972222,313.9854541,25.98350168,40.5973064,9.654166667,2.009795222,319.75,11088.29167
6/4/2017,51.32916667,10339,10.73842593,314.0928221,24.86754098,40.51957377,8.191666667,1.879339934,334.1666667,11092.08333
6/5/2017,51.3625,10858,10.75694444,311.022804,26.64605263,21.48315789,1.570833333,3.7712,353.5416667,10983.66667
6/6/2017,51.43333333,10388,10.7962963,313.3023102,26.00402685,31.87268456,5.548,1.430397351,344.5416667,11064.16667
6/7/2017,51.37916667,10117,10.7662037,314.6025254,24.74086379,39.18887043,8.133333333,1.822857143,282.7916667,11110.08333
6/8/2017,51.2,10158,10.66666667,291.1184206,18.00573248,66.81754777,10.79722222,5.462229299,95.66666667,10280.75
6/9/2017,51.17083333,9585,10.65046296,284.2799021,16.46163522,79.47852201,12.48461538,1.848434505,254.25,10039.25
6/10/2017,51.325,9210,10.73611111,284.7400509,16.91577181,55.2059396,7.4,2.626931034,286.375,10055.5
6/11/2017,51.37083333,10037,10.76157407,283.3537053,16.31907895,44.06473684,3.716666667,4.473122924,249.8333333,10006.54167
6/12/2017,51.38333333,9645,10.76851852,286.230225,16.12459016,57.58167213,7.191666667,2.99486755,281.5,10108.125
6/13/2017,51.59166667,9307,10.88425926,285.3913384,20.30825083,48.51188119,8.341666667,2.404651163,335.25,10078.5
6/14/2017,51.85416667,9540,11.03009259,284.0580869,23.53355482,42.31471761,7.358333333,1.603885135,336.25,10031.41667
6/15/2017,52.29166667,10108,11.27314815,284.2964203,25.44066667,37.01716667,8.125,1.360976431,317.9583333,10039.83333
6/16/2017,51.8,9256,11,285.4786487,27.71413793,45.54751724,13.38333333,2.228621908,330.625,10081.58333
6/17/2017,51.75833333,9223,10.97685185,286.4756376,29.67331081,36.04077703,11.7875,3.632195946,312.875,10116.79167
6/18/2017,51.4125,9490,10.78472222,285.807832,34.07080537,25.72912752,11.02083333,6.604765101,339.25,10093.20833
6/19/2017,51.3125,9424,10.72916667,291.7579094,32.39849246,39.44170854,14.3,1.938743719,306.3333333,10303.33333
6/20/2017,50.8875,9098,10.49305556,298.3427561,39.53727273,24.74663636,15.97083333,2.830288462,335.3333333,10535.875
6/21/2017,50.98333333,9685,10.5462963,299.4860488,35.72065574,24.80642623,11.87916667,4.851644737,337.875,10576.25
6/22/2017,50.95833333,9653,10.53240741,298.7403718,35.73908795,14.99602606,4.245833333,7.270390879,350.5833333,10549.91667
6/23/2017,50.83333333,9638,10.46296296,298.3993898,36.27313916,12.05122977,2.2875,4.793289902,349.125,10537.875
6/24/2017,50.87083333,9463,10.4837963,299.3373853,34.16784566,29.29932476,10.36666667,2.226266234,345.0833333,10571
6/25/2017,51.025,9050,10.56944444,298.4560235,33.36666667,40.16429487,16.59166667,2.965691318,335.0833333,10539.875
6/26/2017,50.90833333,9882,10.50462963,299.9827735,28.62179487,39.1936859,12.3375,2.923245902,339.6666667,10593.79167
6/27/2017,51.175,9520,10.65277778,299.9615358,26.01156463,42.24397959,10.75,2.166769759,344,10593.04167
6/28/2017,51.38333333,9196,10.76851852,299.5320636,31.47636364,28.96418182,10.692,3.572545455,370.952381,10577.875
6/29/2017,51.17916667,9601,10.65509259,299.1615849,29.17660256,37.10128205,10.85,2.434064516,345.625,10564.79167
6/30/2017,51.125,9675,10.625,295.2314426,30.06421725,34.87233227,11.404,2.192588997,343.125,10426
7/1/2017,51.23333333,9594,10.68518519,295.685692,29.53205128,42.63451923,13.89583333,2.007605178,332.0416667,10442.04167
7/2/2017,51.2375,9159,10.6875,298.0784655,30.65032051,39.81233974,13.40416667,2.20990228,339.0833333,10526.54167
7/3/2017,51.37916667,9566,10.7662037,298.7014361,29.79391026,43.52419872,14.38,2.199253247,337.7083333,10548.54167
7/4/2017,51.30416667,9324,10.72453704,298.9657267,29.05480769,38.35637821,11.03333333,2.277299035,343.6666667,10557.875
7/5/2017,51.32916667,9103,10.73842593,299.0259,28.15409836,32.0875082,7.454166667,2.449570957,348,10560
7/6/2017,51.30416667,9452,10.72453704,298.8406606,28.99074733,30.23875445,6.9875,1.645338078,348.8333333,10553.45833
7/7/2017,51.35,10182,10.75,297.49915,32.44495114,26.41322476,7.504166667,1.619635762,348.5416667,10506.08333
7/8/2017,51.20833333,9938,10.6712963,298.7415517,32.32697368,23.33490132,4.866666667,2.18192053,349.0416667,10549.95833
7/9/2017,51.3,10072,10.72222222,298.7226738,31.99903226,26.47693548,6.520833333,2.263954248,344.1666667,10549.29167
7/10/2017,51.27083333,9890,10.70601852,302.5973623,30.84407895,24.21286184,5.720833333,2.157583893,337.0434783,10686.125
7/11/2017,51.37083333,9895,10.76157407,297.8059159,30.48327869,33.52560656,9.933333333,2.069174917,338.5,10516.91667
7/12/2017,51.45833333,9420,10.81018519,294.3288431,29.34749164,30.97240803,8.275,1.927818792,339.0416667,10394.125
7/13/2017,51.62083333,9746,10.90046296,297.8554704,29.61480263,34.58381579,10.14166667,2.066046512,331.375,10518.66667
7/14/2017,51.64166667,10131,10.91203704,300.0287883,30.059,30.70116667,9.0125,2.281472603,325.875,10595.41667
7/15/2017,51.57916667,9957,10.87731481,299.3173276,30.62709677,30.9553871,9.45,1.714837662,324.5833333,10570.29167
7/16/2017,51.625,9564,10.90277778,296.6508245,32.84951456,20.65394822,5.433333333,3.006032787,339.9166667,10476.125
7/17/2017,51.6375,10233,10.90972222,296.9398923,31.28701299,22.16616883,3.991666667,1.81640264,338.75,10486.33333
7/18/2017,51.83333333,9647,11.01851852,297.4932507,29.21339869,29.07120915,6.360869565,3.365359477,338.6666667,10505.875
7/19/2017,51.9,9604,11.05555556,298.6330038,27.31423841,27.52152318,4.6375,2.304127517,337.25,10546.125
7/20/2017,51.73333333,9946,10.96296296,299.0872532,28.14836601,27.63147059,5.579166667,1.95833887,333.6666667,10562.16667
7/21/2017,51.51666667,9962,10.84259259,298.4088287,29.45096774,30.97509677,8.15,2.270629139,330.0833333,10538.20833
7/22/2017,51.55416667,9878,10.86342593,297.0012455,32.34703947,24.14911184,6.758333333,2.864318937,336.0833333,10488.5
7/23/2017,51.39166667,9244,10.77314815,296.8431431,31.50493421,35.84740132,12.47083333,2.053741722,302,10482.91667
7/24/2017,51.5125,9864,10.84027778,298.4725416,29.96579805,30.05188925,8.55,2.260198675,313.875,10540.45833
7/25/2017,51.53333333,9602,10.85185185,302.0310254,28.52472727,36.08210909,9.066666667,2.194981685,323.4583333,10666.125
7/26/2017,51.47916667,9770,10.82175926,298.7793075,29.24440789,33.97095395,9.783333333,1.857080537,323.875,10551.29167
7/27/2017,51.68333333,9523,10.93518519,302.5537071,30.20813559,30.79125424,9.45,2.229624573,318.5416667,10684.58333
7/28/2017,51.94583333,8879,11.08101852,300.6033843,31.76979866,30.93634228,10.76666667,2.274823944,322,10615.70833
7/29/2017,51.44166667,10085,10.80092593,297.6171369,30.95254237,31.35877966,9.316666667,1.630246479,325.2083333,10510.25
7/30/2017,51.22083333,9424,10.67824074,299.6193739,30.5277592,29.52040134,8.691666667,1.934557823,298.25,10580.95833
7/31/2017,51.03333333,9652,10.57407407,299.7526991,30.47957746,35.5628169,12.1,1.604699647,282.7916667,10585.66667
8/1/2017,51.0875,9221,10.60416667,304.3246899,32.7751634,36.57143791,13.904,1.654835526,287.0416667,10747.125
8/2/2017,51.14166667,9639,10.63425926,302.0192267,33.521,39.77873333,16.3375,1.957658863,289.5833333,10665.70833
8/3/2017,51.325,9731,10.73611111,304.3471074,33.72,39.3575082,15.48333333,2.49451505,300.0833333,10747.91667
8/4/2017,51.27916667,9417,10.71064815,299.1674842,32.31666667,30.54320513,11.38333333,2.658766234,269.9583333,10565
8/5/2017,51.5875,9381,10.88194444,291.1974718,30.9525641,35.35814103,12.775,2.112410423,266.3333333,10283.54167
8/6/2017,51.66666667,9700,10.92592593,291.4582228,28.89198718,41.55775641,13.46666667,2.151864952,264.7916667,10292.75
8/7/2017,51.69583333,9240,10.94212963,289.6660023,28.18594249,51.32699681,14.74230769,1.84642623,291.4166667,10229.45833
8/8/2017,51.77916667,9540,10.98842593,293.3660703,29.82700965,42.33655949,14.20833333,1.739935065,245.4583333,10360.125
8/9/2017,51.78333333,9365,10.99074074,292.030459,29.46881029,45.60765273,15.03333333,1.759348534,239.1666667,10312.95833
8/10/2017,51.76666667,10059,10.98148148,297.5864603,28.88594249,45.41463259,14.83461538,2.151764706,260.0416667,10509.16667
8/11/2017,52.0625,9295,11.14583333,302.2186245,28.35397351,46.45013245,14.36666667,1.629395973,266.4583333,10672.75
8/12/2017,52.07916667,9561,11.15509259,302.8569334,30.17128378,43.34513514,14.79583333,2.210847458,289.7916667,10695.29167
8/13/2017,52.1125,9548,11.17361111,295.5948421,29.15,35.3402518,10.25416667,2.399188192,296.9166667,10438.83333
8/14/2017,52.225,9753,11.23611111,300.3662308,27.74072848,39.57781457,11.8375,3.427833333,296,10607.33333
8/15/2017,52.075,9499,11.15277778,302.474656,25.37788462,51.32169872,13.4875,2.451753247,299.875,10681.79167
8/16/2017,51.95,9921,11.08333333,303.7713316,26.96602564,49.62990385,13.40416667,1.941114754,294.375,10727.58333
8/17/2017,51.975,9627,11.09722222,304.8532711,28.58717949,47.44746795,13.80416667,1.836548387,295.875,10765.79167
8/18/2017,52.1125,9222,11.17361111,299.582798,30.13397436,44.66679487,14.51666667,1.890454545,294.2916667,10579.66667
8/19/2017,52.15,9067,11.19444444,294.374858,30.45506329,38.24379747,11.21785714,2.254076433,251.6666667,10395.75
8/20/2017,52.02916667,9594,11.12731481,291.2033711,29.25320513,41.66048077,13.10416667,2.20618123,265.875,10283.75
8/21/2017,51.9875,9781,11.10416667,292.6203933,27.66314103,51.89817308,15.82083333,2.520480769,233.25,10333.79167
8/22/2017,51.85416667,10114,11.03009259,296.3511379,27.39283276,51.65546075,15.27916667,2.36447099,260.3333333,10465.54167
8/23/2017,52.00833333,9539,11.11574074,299.053037,29.005,43.293,13.268,1.610274914,273.25,10560.95833
8/24/2017,51.875,9702,11.04166667,301.4068749,29.06762821,40.76333333,12.42916667,1.869417476,270.7083333,10644.08333
8/25/2017,51.8625,9657,11.03472222,301.5319409,27.86153846,42.23535256,11.02916667,1.391052632,278.875,10648.5
8/26/2017,51.69583333,10297,10.94212963,300.3414535,28.5849359,28.49208333,4.695833333,1.428220065,295.5416667,10606.45833
8/27/2017,51.72916667,9895,10.96064815,297.5227474,31.19936102,21.89415335,3.708,1.970970874,268.2083333,10506.91667
8/28/2017,51.74166667,9757,10.96759259,297.6560726,31.59451613,24.70025806,5.066666667,1.269902913,283,10511.625
8/29/2017,51.8,9316,11,262.2800721,32.30298013,23.03897351,6.475,2.527417219,279.75,9262.333333
8/30/2017,51.86666667,8526,11.03703704,254.5826093,30.158,33.2444,10.09166667,2.204689655,275.0416667,8990.5
8/31/2017,51.98333333,8107,11.10185185,253.6552326,30.90866667,20.54076667,4.15862069,3.765133333,245.25,8957.75
9/1/2017,51.57083333,8659,10.87268519,255.7377007,33.49517241,17.68224138,3.28,3.097847222,252.375,9031.291667
9/2/2017,51.6875,8457,10.9375,256.1530144,32.21940789,24.53194079,6.32,1.267821782,249.7083333,9045.958333
9/3/2017,51.77083333,8240,10.9837963,257.5311009,33.02615894,26.55678808,8.642424242,1.55,234.375,9094.625
9/4/2017,51.62083333,8656,10.90046296,257.4284524,34.68737864,21.19915858,8.794444444,2.800485437,213.5416667,9091
9/5/2017,51.57083333,8768,10.87268519,258.0714808,29.60912052,43.39478827,14.97083333,2.260099338,232.875,9113.708333
9/6/2017,52.04166667,8240,11.13425926,258.4207219,28.70753425,55.1675,18.128,2.69,207.125,9126.041667
9/7/2017,52.2,7912,11.22222222,258.5575866,25.48290323,61.08593548,16.825,2.098741935,160.9583333,9130.875
9/8/2017,51.10416667,8415,10.61342593,258.1245748,23.91003236,66.76035599,16.025,1.284885246,215.1666667,9115.583333
9/9/2017,50.51666667,8617,10.28703704,254.2581454,26.58461538,52.72419872,14.35416667,1.430865385,232.75,8979.041667
9/10/2017,50.82916667,8798,10.46064815,254.4941191,29.09647436,38.53471154,10.74166667,2.283589744,247.25,8987.375
9/11/2017,50.83333333,8366,10.46296296,255.0403983,33.11987179,22.88503205,8.420833333,3.478305648,236.2916667,9006.666667
9/12/2017,51.12083333,8309,10.62268519,255.4557121,31.68977636,36.84242812,13.68,2.148305648,230.9166667,9021.333333
9/13/2017,51.25833333,7974,10.69907407,255.6798871,27.80032051,49.26923077,15.51666667,2.827645161,233.0833333,9029.25
9/14/2017,51.1875,8405,10.65972222,254.8374609,22.54713376,66.6822293,15.52222222,3.222115385,110.9583333,8999.5
9/15/2017,51.1875,8089,10.65972222,254.2050513,21.52624585,55.50524917,8.691666667,2.707009967,232,8977.166667
9/16/2017,50.85833333,8547,10.47685185,254.8740368,22.11756757,32.83989865,2.595833333,1.419347079,184.7083333,9000.791667
9/17/2017,50.8875,8356,10.49305556,254.8551589,21.12423208,39.72167235,4.6625,1.331506849,222.0833333,9000.125
9/18/2017,51.29583333,8698,10.71990741,255.1666442,22.90880282,42.76207746,8.741666667,3.244190141,171.6666667,9011.125
9/19/2017,50.97083333,8821,10.53935185,256.0468262,18.54895833,40.94100694,4.091666667,1.990598592,235.4583333,9042.208333
9/20/2017,50.95416667,8276,10.53009259,256.0621645,20.49315068,44.92832192,7.9625,3.365034247,195.5833333,9042.75
9/21/2017,50.89166667,8010,10.49537037,255.6645488,17.08175896,38.07335505,1.508333333,3.504422442,239.5416667,9028.708333
9/22/2017,50.775,8452,10.43055556,256.6650774,17.87322581,35.88319355,1.408333333,1.339444444,223.8333333,9064.041667
9/23/2017,50.86666667,8389,10.48148148,256.3016778,19.1974359,28.41791667,-0.670833333,4.477307692,234.2083333,9051.208333
9/24/2017,50.89166667,8996,10.49537037,254.9047134,21.12211538,26.98676282,-0.1125,4.343589744,230,9001.875
9/25/2017,51.13333333,8292,10.62962963,257.135845,22.64391026,29.05573718,2.383333333,3.653552632,216.75,9080.666667
9/26/2017,51.40416667,8225,10.78009259,257.8107298,25.66153846,27.35099359,4.15,4.109067524,223.0416667,9104.5
9/27/2017,51.20833333,8161,10.6712963,258.7274877,24.13301282,30.32871795,2.295833333,2.210841424,225.875,9136.875
9/28/2017,51.40833333,8623,10.78240741,259.1121249,22.36538462,33.58477564,3.216666667,1.080754098,223.5833333,9150.458333
9/29/2017,51.3,8427,10.72222222,259.7775708,21.93825503,38.5259396,5.841666667,1.404832215,167.2083333,9173.958333
9/30/2017,51.30833333,8500,10.72685185,258.1918274,23.6643617,33.35675532,5.379166667,2.896524064,213.2083333,9117.958333
10/1/2017,51.37916667,7808,10.7662037,232.5001884,21.95116279,26.74684385,1.254166667,5.374334471,222.9166667,8210.666667
10/2/2017,51.20416667,7495,10.66898148,228.6125214,18.44041096,27.80047945,-1.44,5.545259516,224.5,8073.375
10/3/2017,51.2,7718,10.66666667,231.2872835,20.79506173,19.28962963,-3.643478261,8.296092437,213.2916667,8167.833333
10/4/2017,51.34166667,6823,10.74537037,224.3897716,16.3334471,31.71334471,-2.408333333,1.660726644,215.9583333,7924.25
10/5/2017,51.775,7850,10.98611111,228.8626535,18.18361204,31.70494983,-1.754166667,2.158184932,215.0833333,8082.208333
10/6/2017,51.85833333,8487,11.03240741,230.0319033,20.27660256,28.37733974,-2.125,2.019678457,212.625,8123.5
10/7/2017,52.07916667,7941,11.15509259,232.1816239,20.4340836,32.99977492,1.225,0.94885906,204.5416667,8199.416667
10/8/2017,52.15833333,6994,11.19907407,227.3040471,20.93717949,26.7586859,0.029166667,7.20038961,209.75,8027.166667
10/9/2017,51.775,7697,10.98611111,226.4380235,21.30833333,13.77163462,-8.008333333,7.244622951,209.0416667,7996.583333
10/10/2017,51.63333333,6987,10.90740741,227.2179167,16.28745981,32.70614148,-1.7375,0.759741935,167.0416667,8024.125
10/11/2017,51.40416667,7568,10.78009259,226.5807876,17.90160256,30.49025641,-0.85,2.838543046,194.1666667,8001.625
10/12/2017,51.30416667,7748,10.72453704,227.3807385,16.7724359,24.17516026,-5.091666667,5.029277978,201.4583333,8029.875
10/13/2017,51.60416667,7378,10.8912037,227.4621495,18.20032051,30.63682692,-0.395833333,2.959896907,195.875,8032.75
10/14/2017,51.60416667,7430,10.8912037,226.5347727,18.9099359,24.8874359,-2.858333333,6.572152318,199.5416667,8000
10/15/2017,51.86666667,7494,11.03703704,227.1730817,21.66153846,13.12083333,-8.6,3.548019481,185.7083333,8022.541667
10/16/2017,51.78333333,7448,10.99074074,227.7181809,16.83108974,33.50637821,-2.079166667,0.593141026,180.0416667,8041.791667
10/17/2017,52.01666667,7343,11.12037037,227.2816296,16.74696486,36.11686901,-1.088,0.616806452,183.625,8026.375
10/18/2017,52.17083333,7165,11.20601852,227.4114151,16.43387097,39.03796774,0.166666667,0.820711974,179.7916667,8030.958333
10/19/2017,52.20416667,7583,11.22453704,227.0763324,14.44391026,50.15201923,3.608333333,2.192788462,114,8019.125
10/20/2017,52.27083333,7405,11.26157407,228.6903927,13.25809524,75.64638095,8.533333333,3.840308219,129.25,8076.125
10/21/2017,52.25,7115,11.25,228.8178185,10.72115385,71.28958333,5.183333333,0.728173077,98.70833333,8080.625
10/22/2017,52.29166667,7142,11.27314815,229.2071751,13.50705128,69.85525641,7.245833333,0.971948052,178.1666667,8094.375
10/23/2017,52.57083333,7683,11.42824074,228.6313993,22.71025641,46.07253205,9.170833333,4.705967213,171.625,8074.041667
10/24/2017,52.725,7410,11.51388889,228.8697327,28.42332268,23.44089457,5.133333333,4.945311475,174.0833333,8082.458333
10/25/2017,52.3,7869,11.27777778,228.3836268,21.73397436,45.51185897,6.483333333,1.063504823,172.6666667,8065.291667
10/26/2017,52.34166667,7436,11.30092593,230.2466394,21.63942308,35.08230769,3.379166667,1.207195946,173.25,8131.083333
10/27/2017,52.43333333,7411,11.35185185,229.1729589,19.47588424,45.86765273,4.526086957,0.737427653,169.9583333,8093.166667
10/28/2017,52.35833333,7545,11.31018519,229.4136521,18.71698718,49.65461538,5.591666667,0.839516129,166.75,8101.666667
10/29/2017,52.37083333,7442,11.31712963,229.2378517,17.68525641,50.58557692,5.395833333,0.542532468,163.875,8095.458333
10/30/2017,52.35,7520,11.30555556,230.9757982,17.01794872,55.94310897,7.470833333,1.113129032,152.7916667,8156.833333
10/31/2017,52.4625,7522,11.36805556,231.1044039,18.10160256,48.83487179,4.8,3.55375817,158.9583333,8161.375
11/1/2017,52.24583333,7071,11.24768519,229.5918123,14.28685897,63.5611859,6.6625,0.840512821,149.25,8107.958333
11/2/2017,52.275,7484,11.26388889,228.6597161,13.62307692,71.41147436,8.458333333,0.977435897,39.95833333,8075.041667
11/3/2017,52.3125,7594,11.28472222,228.9015892,15.48253968,62.54368254,8.537931034,6.732258065,35.125,8083.583333
11/4/2017,52.47083333,7333,11.37268519,228.9322657,12.24326019,78.46420063,8.529032258,3.186054422,104.8333333,8084.666667
11/5/2017,52.475,6081,11.375,198.7087515,8.908945687,76.99054313,4.956,2.110838926,79.625,7017.333333
11/6/2017,52.5,5592,11.38888889,170.5370287,9.69512987,74.37873377,4.465217391,0.860996169,145.9583333,6022.458333
11/7/2017,52.26666667,5167,11.25925926,169.6261702,9.179487179,62.38237179,1.008333333,1.092692308,140.25,5990.291667
11/8/2017,52.32916667,5479,11.29398148,162.9398548,9.238317757,77.02476636,6.391428571,0.574922118,28.58333333,5754.166667
11/9/2017,52.45833333,5317,11.36574074,162.937495,12.684273,89.48747774,10.61206897,4.212232704,56.375,5754.083333
11/10/2017,52.74583333,5081,11.52546296,163.5356884,12.45479876,91.93572755,11.5925,3.217120743,34.25,5775.208333
11/11/2017,52.9,5064,11.61111111,163.3480893,13.15917722,82.43294304,10.09117647,1.569512987,112.5833333,5768.583333
11/12/2017,53.05833333,5267,11.69907407,163.0023878,10.6490566,87.57751572,8.509090909,0.473421053,53.41666667,5756.375
11/13/2017,52.92083333,4878,11.62268519,157.729555,12.76570513,86.44012821,10.576,2.805741627,20.54166667,5570.166667
11/14/2017,52.81666667,4238,11.56481481,152.4331248,11.84253968,76.24393651,7.503571429,2.205658363,129.5,5383.125
11/15/2017,52.7,4298,11.5,146.5054649,9.949050633,87.04825949,8.083870968,0.426645367,13.58333333,5173.791667
11/16/2017,53.0125,4991,11.67361111,141.7753717,11.02072727,89.45392727,9.056410256,1.690193798,60.375,5006.75
11/17/2017,53.01666667,4462,11.67592593,143.85548,10.11517028,79.01900929,6.4275,1.880092308,131.6666667,5080.208333
11/18/2017,52.7,4242,11.5,143.4012306,8.862379421,59.23292605,0.356,1.4284,130.3333333,5064.166667
11/19/2017,52.7125,4430,11.50694444,141.8909988,6.863782051,76.42740385,2.641666667,0.411129032,75.5,5010.833333
11/20/2017,52.7875,4770,11.54861111,142.0679791,9.462776025,89.79652997,8.22972973,0.866732026,11.29166667,5017.083333
11/21/2017,52.70833333,4269,11.50462963,141.7258172,12.65754717,90.76657233,10.76176471,1.163139159,75.29166667,5005
11/22/2017,52.91666667,4563,11.62037037,141.808408,13.54836795,88.84020772,10.21034483,0.177721893,85.08333333,5007.916667
11/23/2017,53.17916667,4128,11.7662037,142.6579134,15.66923077,89.29336538,13.91666667,0.66400641,45.5,5037.916667
11/24/2017,53.16666667,4283,11.75925926,142.221362,14.02408537,89.96634146,12.27272727,0.912286585,64.83333333,5022.5
11/25/2017,53.03333333,4436,11.68518519,142.1623686,14.43814103,74.57362179,9.883333333,1.284198718,69.75,5020.416667
11/26/2017,53.025,4503,11.68055556,142.8112963,14.74164134,87.31638298,12.57209302,3.797720365,28.70833333,5043.333333
11/27/2017,53.06666667,4648,11.7037037,142.185966,12.45,80.24961783,9.12962963,2.308032258,114.375,5021.25
11/28/2017,52.70416667,4877,11.50231481,141.5724343,7.912820513,84.80650641,5.3,0.732090032,89.04166667,4999.583333
11/29/2017,52.39583333,4426,11.33101852,141.5134408,11.56891026,57.76759615,2.0125,4.09,113.875,4997.5
11/30/2017,52.55833333,4514,11.4212963,141.7258172,12.49358974,43.67157051,0.183333333,2.862315113,77.20833333,5005
12/1/2017,52.48333333,4635,11.37962963,142.1741673,9.066134185,67.45341853,2.848,0.760511182,98.54166667,5020.833333
12/2/2017,52.45833333,4145,11.36574074,142.2449594,6.238461538,83.98628205,3.629166667,0.33599359,45.16666667,5023.333333
12/3/2017,52.2,3944,11.22222222,142.185966,8.294769231,79.29483077,4.41,0.787283951,109.9583333,5021.25
12/4/2017,52.06666667,4433,11.14814815,141.0414934,8.546623794,49.22102894,-2.725,5.152532051,116.7083333,4980.833333
12/5/2017,51.96666667,4997,11.09259259,141.4544474,12.21826923,26.88105769,-6.441666667,5.839709677,114.7916667,4995.416667
12/6/2017,52.07083333,4634,11.15046296,141.619629,15.38108108,21.57344595,-6.513043478,5.57416129,112.9166667,5001.25
12/7/2017,52.25,4327,11.25,141.7966093,14.50801282,25.85541667,-6.808333333,3.309577922,116.5416667,5007.5
12/8/2017,52.275,4403,11.26388889,142.0915765,8.982692308,55.53833333,-0.4,0.718717949,102.4583333,5017.916667
12/9/2017,52.16666667,4153,11.2037037,141.9145962,7.413782051,69.91916667,1.229166667,0.251980519,110.5416667,5011.666667
12/10/2017,51.975,4369,11.09722222,142.1269725,8.052411576,63.52617363,-0.682608696,0.775819936,114.3333333,5019.166667
12/11/2017,51.88333333,4380,11.0462963,141.8674014,7.28585209,61.30707395,-1.234782609,0.711061093,105.0416667,5010
12/12/2017,51.82916667,4332,11.0162037,141.7848106,6.69775641,64.32804487,-0.720833333,0.700384615,113.3333333,5007.083333
12/13/2017,51.7,5227,10.94444444,142.221362,6.282847896,64.67702265,-0.782608696,0.517411003,95.66666667,5022.5
12/14/2017,51.8,4200,11,142.7287055,17.00990099,30.03544554,-2.4,4.408178808,104.1666667,5040.416667
12/15/2017,51.87916667,4483,11.04398148,142.4337384,8.496393443,70.24144262,2.85,0.613508197,66.60869565,5030
12/16/2017,51.7375,4741,10.96527778,142.1033751,12.27020548,40.54465753,-2.3,5.147979452,106.7391304,5018.333333
12/17/2017,51.47916667,4344,10.82175926,142.3157515,13.395053,22.96038869,-7.333333333,6.531201413,100.5,5025.833333
12/18/2017,51.4875,4096,10.82638889,143.7941269,10.61190476,53.60955782,0.591666667,1.37877551,98.20833333,5078.041667
12/19/2017,51.475,4615,10.81944444,143.8531203,5.327272727,78.87064394,1.904761905,0.269657795,39.1,5080.125
12/20/2017,51.28333333,4174,10.71296296,144.4347955,7.641233766,65.71785714,1.233333333,1.71627451,95.5,5100.666667
12/21/2017,50.925,4372,10.51388889,144.0513382,5.918954248,56.84712418,-3.429166667,3.674236111,105.4166667,5087.125
12/22/2017,50.74583333,4368,10.41435185,143.9239124,5.362179487,60.28320513,-2.2,0.936282051,48.95833333,5082.625
12/23/2017,50.90833333,4352,10.50462963,143.7917671,7.354807692,65.42214744,0.2625,0.801607717,77.625,5077.958333
12/24/2017,50.97916667,4674,10.54398148,143.4614039,7.332371795,68.13365385,1.725,0.935865385,25.79166667,5066.291667
12/25/2017,50.7875,4373,10.4375,143.3552157,6.746153846,72.90102564,1.233333333,0.721538462,88.95833333,5062.541667
12/26/2017,50.72083333,4296,10.40046296,143.6277654,6.039423077,75.40900641,1.666666667,0.540224359,98.5,5072.166667
12/27/2017,50.6625,4369,10.36805556,143.5203973,6.012779553,78.14099042,1.812,0.316709265,92.79166667,5068.375
12/28/2017,50.55416667,4366,10.30787037,143.424828,6.552564103,74.28596154,1.504166667,0.309519231,95.45833333,5065
12/29/2017,50.4625,4547,10.25694444,143.8861566,5.482051282,74.24522436,0.5875,0.307820513,91.66666667,5081.291667
12/30/2017,51.2375,4633,10.6875,143.1546381,7.351923077,70.84663462,1.5125,0.415224359,106.75,5055.458333
12/31/2017,51.90833333,4548,11.06018519,143.6029881,8.243910256,72.95695513,3.216666667,0.322916667,83.91666667,5071.291667
1/1/2018,52.13333333,4044,11.18518519,137.2706333,10.84437299,72.98546624,5.504166667,0.653129032,104.0416667,4847.666667
1/2/2018,52.0625,4319,11.14583333,131.4621402,8.889423077,76.33919872,4.6625,0.420162866,75.04166667,4642.541667
1/3/2018,52.03333333,3725,11.12962963,123.4756096,10.45288462,78.8650641,6.608333333,0.550480769,58.20833333,4360.5
1/4/2018,52.04166667,3894,11.13425926,119.0393036,11.80515759,87.80037249,10.43561644,1.747908309,16.125,4203.833333
1/5/2018,52.06666667,3625,11.14814815,113.9410913,13.08947368,96.1532964,12.26144578,2.034404432,14.125,4023.791667
1/6/2018,51.97916667,3385,11.09953704,113.4856621,12.34375,89.2733631,10.55769231,1.101994048,95.58333333,4007.708333
1/7/2018,51.54166667,3844,10.85648148,114.0744165,7.816025641,83.77807692,4.941666667,0.429871795,78.5,4028.5
1/8/2018,51.40833333,3317,10.78240741,115.5138562,10.69184953,87.14739812,8.755882353,1.082277228,14.20833333,4079.333333
1/9/2018,51.40416667,3379,10.78009259,116.0483367,11.73373494,95.94039157,10.70625,0.904492308,55.45833333,4098.208333
1/10/2018,51.32916667,3098,10.73842593,115.6318431,10.1171875,85.44671875,7.818918919,1.12521875,34.45833333,4083.5
1/11/2018,51.40833333,3651,10.78240741,115.7533695,10.71284404,90.82480122,9.613953488,1.43617737,20.45833333,4087.791667
1/12/2018,51.4875,3683,10.82638889,115.614145,12.43944099,84.32574534,9.594117647,2.200062112,85.45833333,4082.875
1/13/2018,51.42083333,3425,10.78935185,116.0483367,12.84423077,59.80865385,3.733333333,2.577435897,110.3333333,4098.208333
1/14/2018,51.2875,3449,10.71527778,116.2028995,8.692097264,85.7406079,5.115217391,0.900091463,95.91666667,4103.666667
1/15/2018,51.05416667,3083,10.58564815,116.1509852,8.773333333,91.67324242,6.491304348,1.068878788,47.5,4101.833333
1/16/2018,51.275,3395,10.70833333,115.5114965,11.46479751,87.32987539,9.442857143,1.518909657,60.58333333,4079.25
1/17/2018,51.3625,3304,10.75694444,115.892594,12.65573248,89.38219745,10.72692308,0.674522293,41.41666667,4092.708333
1/18/2018,51.35,3645,10.75,115.1787735,11.47112462,92.30942249,10.15833333,3.669230769,15.91666667,4067.5
1/19/2018,51.175,3924,10.65277778,114.9522387,7.810828025,81.7243949,5.31,1.217133758,94.25,4059.5
1/20/2018,50.86666667,3179,10.48148148,116.0495165,5.885987261,73.85824841,0.492307692,1.760923567,127.4583333,4098.25
1/21/2018,50.5625,3769,10.3125,114.6018178,5.358012821,76.93535256,1.425,1.191378205,49.04166667,4047.125
1/22/2018,50.47916667,3599,10.2662037,114.7481215,6.684866469,92.10160237,5.5,1.536904762,38.91666667,4052.291667
1/23/2018,50.52916667,3503,10.29398148,114.8295324,6.789783282,89.24662539,4.013513514,0.56215625,72.45833333,4055.166667
1/24/2018,50.6,3895,10.33333333,115.5822886,9.291428571,86.89292063,7.216129032,2.782204473,14.33333333,4081.75
1/25/2018,50.55416667,3792,10.30787037,113.4337478,5.306042296,92.44308157,2.84137931,2.095045317,35.375,4005.875
1/26/2018,50.3125,4230,10.17361111,113.5328568,7.259146341,85.23932927,4.932608696,1.503074534,71.58333333,4009.375
1/27/2018,50.23333333,3883,10.12962963,113.351157,7.849201278,87.82597444,5.642307692,0.864397394,66.58333333,4002.958333
1/28/2018,50.4875,3855,10.27083333,113.1682774,10.28681672,71.74009646,4.5125,1.569514563,136.2916667,3996.5
1/29/2018,50.51666667,3888,10.28703704,113.8349032,11.01121795,75.76894231,6.2,0.992064516,89.33333333,4020.041667
1/30/2018,50.56666667,4027,10.31481481,113.4726835,9.371794872,78.91179487,5.35,0.298603896,126,4007.25
1/31/2018,50.60833333,4133,10.33796296,113.2095728,9.778387097,73.07319355,4.32173913,1.296286645,100.7916667,3997.958333
2/1/2018,50.5625,3712,10.3125,114.5864795,15.13656958,51.74087379,4.729166667,1.753009709,119.7083333,4046.583333
2/2/2018,50.60833333,3559,10.33796296,114.3221889,17.43942308,50.49294872,6.075,3.614051447,138.1666667,4037.25
2/3/2018,50.85416667,3678,10.47453704,113.2768253,20.11282051,37.72714744,4.9375,4.527677419,142.2916667,4000.333333
2/4/2018,51.02083333,3363,10.56712963,113.1753566,21.08553055,40.24916399,6.595833333,4.489577922,146.6666667,3996.75
2/5/2018,50.99166667,4262,10.55092593,113.2603072,17.22980769,50.34509615,5.1625,2.840833333,143.25,3999.75
2/6/2018,50.78333333,3981,10.43518519,113.2461487,21.38421053,22.04157895,-2.728571429,5.243333333,151.4166667,3999.25
2/7/2018,50.6625,4064,10.36805556,113.539936,18.16869159,29.14953271,-1.552941176,2.805231481,154.625,4009.625
2/8/2018,50.60833333,3645,10.33796296,113.4903815,13.44519231,58.15086538,3.908333333,0.528910256,153.1666667,4007.875
2/9/2018,50.69166667,3630,10.38425926,113.1682774,13.21294498,63.29343042,5.675,1.000032362,95.83333333,3996.5
2/10/2018,50.53333333,3452,10.2962963,113.1670975,12.14839744,51.52903846,0.295833333,4.427909968,150.7916667,3996.458333
2/11/2018,50.3375,3197,10.1875,113.2213715,9.721086262,36.82670927,-5.476,3.159265176,113.625,3998.375
2/12/2018,50.35,4513,10.19444444,109.6451897,9.432475884,46.75337621,-2.283333333,4.525960912,162.7083333,3872.083333
2/13/2018,50.36666667,3995,10.2037037,106.7132163,11.13237179,28.60535256,-6.670833333,4.871585761,172.375,3768.541667
2/14/2018,50.25416667,3912,10.1412037,104.2307727,6.751923077,57.73945513,-2.358333333,0.873653846,141.7083333,3680.875
2/15/2018,50.35,3796,10.19444444,100.8551686,10.88974359,36.82929487,-4.38,4.831602564,177,3561.666667
2/16/2018,50.37083333,3572,10.20601852,98.25355833,11.65833333,32.90826923,-5.004166667,2.035980392,173.9583333,3469.791667
2/17/2018,50.34583333,2914,10.19212963,95.95753402,12.05961538,52.3825641,1.65,1.668938907,171.9583333,3388.708333
2/18/2018,50.3875,3062,10.21527778,93.22849793,12.37307692,43.94612179,-0.325,4.208012821,183.5416667,3292.333333
2/19/2018,50.2125,2789,10.11805556,92.1359396,4.401923077,49.2249359,-6.675,2.281548387,177.7083333,3253.75
2/20/2018,49.77916667,3147,9.877314815,91.9742976,4.708333333,34.61522436,-10.8875,2.560852459,138.9583333,3248.041667
2/21/2018,49.27916667,3294,9.599537037,91.90468535,4.259609121,44.37472313,-7.841666667,1.269174917,167.7083333,3245.583333
2/22/2018,49.06666667,3824,9.481481481,90.9029769,4.161538462,60.00974359,-3.666666667,1.652580645,139.3333333,3210.208333
2/23/2018,49.22083333,2573,9.56712963,90.89707756,5.769551282,38.46727564,-8.275,3.619551282,191.0833333,3210
2/24/2018,49.175,2536,9.541666667,91.60735846,3.515015974,51.95332268,-6.136,1.715654952,139.4166667,3235.083333
2/25/2018,49.1125,3383,9.506944444,91.76782059,5.494871795,61.83467949,-2.2875,1.702516129,182.5,3240.75
2/26/2018,49.34166667,3152,9.634259259,91.84097245,9.499684543,54.82507886,0.370967742,4.664240506,173.5,3243.333333
2/27/2018,49.2375,3098,9.576388889,91.87518864,8.64244373,22.34488746,-12.38333333,9.118446602,204.3333333,3244.541667
2/28/2018,49.10416667,3202,9.502314815,92.49108005,6.98525641,40.35314103,-6.904166667,2.641282051,96.75,3266.291667
3/1/2018,48.97916667,3657,9.43287037,93.60369615,8.78875,81.1201875,5.857142857,9.655047022,90.58333333,3305.583333
3/2/2018,48.94583333,3258,9.414351852,92.46866255,6.098412698,67.28971429,0.185185185,4.942332268,137.625,3265.5
3/3/2018,48.81666667,2883,9.342592593,92.30466081,5.020987654,85.23391975,2.614285714,2.297236025,79.25,3259.708333
3/4/2018,48.65833333,3168,9.25462963,92.27044462,6.2984375,78.19290625,2.590909091,1.413312303,114.8333333,3258.5
3/5/2018,48.82083333,3286,9.344907407,92.16189671,6.453846154,66.33685897,-1.0625,1.591585761,215.0416667,3254.666667
3/6/2018,49.03333333,3215,9.462962963,92.23976804,8.987337662,53.98350649,-1.345833333,1.247752443,209.5833333,3257.416667
3/7/2018,49.29166667,3082,9.606481481,92.2787037,11.09871795,55.30839744,1.358333333,1.336141479,156.25,3258.791667
3/8/2018,49.54166667,3115,9.74537037,92.15717723,13.61024845,69.17900621,8.051282051,3.884953271,125.5833333,3254.5
3/9/2018,49.74166667,3335,9.856481481,92.09936367,11.38121019,81.26092357,8.010714286,0.717229299,135.5416667,3252.458333
3/10/2018,49.8125,3268,9.895833333,92.28814265,12.83044872,68.96730769,6.508333333,1.876384365,194.8333333,3259.125
3/11/2018,49.76956522,3113,9.871980676,92.87186982,12.58846154,65.32817308,5.033333333,1.588974359,225.9583333,3279.73913
3/12/2018,49.87083333,3140,9.928240741,93.02438066,13.43044872,61.19663462,5.708333333,1.320487013,178.2083333,3285.125
3/13/2018,49.6,3480,9.777777778,93.86798672,15.16708075,81.54599379,12.1025,5.78211838,59.79166667,3314.916667
3/14/2018,49.6375,2187,9.798611111,100.8870251,8.411214953,83.59576324,5.560606061,2.768006231,115.5,3562.791667
3/15/2018,49.30416667,3458,9.613425926,94.90627109,7.198159509,85.12576687,4.8375,3.257261538,55.625,3351.583333
3/16/2018,48.93333333,3107,9.407407407,92.10998249,7.505588235,84.82585294,5.137288136,2.190382353,156.0416667,3252.833333
3/17/2018,48.75833333,2551,9.310185185,91.66281229,6.795015576,80.60551402,3.289473684,1.176990596,183.8333333,3237.041667
3/18/2018,48.73333333,3337,9.296296296,91.46341449,8.73974359,66.6199359,2.241666667,1.150662252,226.5,3230
3/19/2018,49.24583333,2969,9.581018519,92.53473519,10.13621795,60.66336538,1.545833333,1.322912621,231.375,3267.833333
3/20/2018,49.6,3387,9.777777778,94.60068512,11.33003195,55.21907348,2.776,2.433429487,91.08333333,3340.791667
3/21/2018,49.425,2880,9.680555556,90.06055072,10.24985994,96.05557423,9.710227273,1.373893557,34.70833333,3180.458333
3/22/2018,49.4875,3482,9.715277778,90.66346358,14.03975535,82.61923547,11.19130435,6.79059375,130.5,3201.75
3/23/2018,49.175,3005,9.541666667,92.07930591,8.566237942,57.24395498,0.0625,4.289220779,179.4166667,3251.75
3/24/2018,49.03333333,3094,9.462962963,93.1282091,8.290536278,68.90451104,2.368965517,4.805506329,153.125,3288.791667
3/25/2018,48.9375,2680,9.409722222,93.40429835,8.545367412,61.1286901,0.919230769,2.406818182,228.5,3298.541667
3/26/2018,49.11666667,3149,9.509259259,94.55113064,10.35530547,52.84353698,-0.308695652,3.768612903,248.9583333,3339.041667
3/27/2018,49.38333333,2759,9.657407407,92.9476892,16.26025641,36.13371795,0.495833333,4.515387097,260,3282.416667
3/28/2018,49.99583333,3419,9.997685185,92.64092336,20.56720257,31.88379421,2.770833333,4.810482315,259.9583333,3271.583333
3/29/2018,50.52916667,3558,10.29398148,92.5831098,21.18910256,30.70887821,2.491666667,4.0335,238.8333333,3269.541667
3/30/2018,50.7875,2602,10.4375,92.92645157,17.97275641,45.83503205,4.720833333,1.815416667,220.375,3281.666667
3/31/2018,50.90416667,2711,10.50231481,92.26808488,17.76185897,54.63227564,7.033333333,1.221650165,236.7083333,3258.416667
4/1/2018,51.3125,2934,10.72916667,92.03565077,17.3983871,52.84296774,5.936,1.664322581,266.75,3250.208333
4/2/2018,51.55833333,2775,10.86574074,91.90822496,18.13967742,42.91380645,2.7125,3.004642857,261.5,3245.708333
4/3/2018,51.36666667,3279,10.75925926,92.28106344,16.80352564,21.53836538,-6.2875,3.216109325,268.125,3258.875
4/4/2018,51.475,3322,10.81944444,92.25392646,17.76109325,46.26646302,4.9625,1.352258065,189.2916667,3257.916667
4/5/2018,51.5375,3354,10.85416667,92.7671693,16.20673077,57.57621795,7.520833333,1.486826923,79.29166667,3276.041667
4/6/2018,51.47083333,3129,10.81712963,94.94048728,11.76052632,96.23798246,11.0859375,1.734064327,43.91666667,3352.791667
4/7/2018,51.4125,3086,10.78472222,101.1406968,15.29188312,80.6863961,12,3.631067961,209.0833333,3571.75
4/8/2018,51.29166667,3202,10.71759259,94.88739319,13.91789137,57.99923323,5.396,2.822236422,252.0833333,3350.916667
4/9/2018,51.34583333,2786,10.74768519,93.41845678,16.6383871,52.77832258,5.795833333,2.367677419,279.9166667,3299.041667
4/10/2018,51.4875,2756,10.82638889,93.4927885,17.33814103,69.61817308,11.125,2.21983871,151.3333333,3301.666667
4/11/2018,51.675,2795,10.93055556,92.95594828,13.89666667,70.01966667,8.255,3.814933333,91.79166667,3282.708333
4/12/2018,51.525,3324,10.84722222,92.85919906,8.289808917,74.16171975,4.048387097,2.86723127,181.5833333,3279.291667
4/13/2018,51.12083333,3255,10.62268519,91.64511426,10.99292605,59.39688103,2.220833333,2.025779221,275.4166667,3236.416667
4/14/2018,51.1,3408,10.61111111,92.34477634,15.14405145,63.55977492,7.454166667,1.27495082,282.5833333,3261.125
4/15/2018,51.3,2852,10.72222222,92.35067569,15.65487013,52.71944805,5.475,3.325198675,91.04166667,3261.333333
4/16/2018,51.42083333,2963,10.78935185,92.4403457,9.824038462,65.29596154,3.476,2.401322581,216.5416667,3264.5
4/17/2018,51.225,3153,10.68055556,93.02438066,8.994230769,69.83314103,2.865384615,1.625466238,276,3285.125
4/18/2018,51.14166667,2939,10.63425926,92.10526301,11.3224359,56.38086538,2.279166667,1.203171521,194.3333333,3252.666667
4/19/2018,51.58333333,3384,10.87962963,91.68169018,12.77307692,52.63092949,1.591666667,2.447249191,279.0833333,3237.708333
4/20/2018,51.87083333,3571,11.03935185,107.5568223,17.59807692,40.98185897,2.6625,2.90375,305.1666667,3798.333333
4/21/2018,52.35416667,3833,11.30787037,119.1218944,19.16103896,47.93448052,5.495833333,1.377857143,306.6666667,4206.75
4/22/2018,52.9,3289,11.61111111,119.3555084,19.96955128,45.38125,5.520833333,2.188496732,301.875,4215
4/23/2018,53.17083333,3837,11.76157407,140.955363,22.85192308,24.48320513,0.308333333,4.367866667,308.9583333,4977.791667
4/24/2018,52.47083333,4454,11.37268519,147.5862246,20.60833333,43.08929487,4.6125,1.534951768,289.8333333,5211.958333
4/25/2018,51.70416667,5547,10.94675926,163.4424788,20.75993485,52.99465798,9.275,0.996644951,296.9583333,5771.916667
4/26/2018,51.51666667,5822,10.84259259,170.3270121,19.80801282,59.01432692,10.28333333,0.921254019,297.75,6015.041667
4/27/2018,51.37083333,5796,10.76157407,183.5722171,17.32954545,55.54714286,7.8,3.546275168,246.5833333,6482.791667
4/28/2018,50.9625,6223,10.53472222,183.9438757,12.60347003,79.48952681,9.003448276,2.947535211,143.7916667,6495.916667
4/29/2018,50.94583333,6716,10.52546296,199.1040075,12.55159236,80.30248408,8.662962963,1.35262987,187.5416667,7031.291667
4/30/2018,50.52083333,6991,10.28935185,199.8732818,14.84775641,62.79016026,6.595833333,1.658086643,214.3333333,7058.458333
5/1/2018,50.89166667,6496,10.49537037,198.9942797,18.02788462,38.73908795,3.234782609,3.557020548,226.9166667,7027.416667
5/2/2018,50.96666667,6879,10.53703704,204.9054214,20.25160256,32.47583333,2.0125,3.391262458,250.4166667,7236.166667
5/3/2018,50.97083333,6927,10.53935185,205.0824017,18.77346278,52.89317152,7.545833333,1.189218241,243.125,7242.416667
5/4/2018,50.90416667,8292,10.50231481,204.6446705,20.07179487,62.84525641,11.69166667,1.066872964,212.2083333,7226.958333
5/5/2018,50.90416667,7446,10.50231481,226.7471491,21.42660256,57.82089744,11.625,1.301093248,177.2083333,8007.5
5/6/2018,50.86666667,7606,10.48148148,227.3654002,20.41378205,54.60858974,9.258333333,1.804563107,253.3333333,8029.333333
5/7/2018,51.125,8023,10.625,233.4051476,20.95961538,44.11592949,6.916666667,1.672516129,255.5833333,8242.625
5/8/2018,51.42083333,9251,10.78935185,240.6342026,22.29455128,53.67788462,10.93333333,1.15237013,248.75,8497.916667
5/9/2018,51.975,8235,11.09722222,240.891414,22.65037313,51.7661194,11.18695652,1.884923664,240.75,8507
5/10/2018,52.11666667,8255,11.17592593,240.1846727,20.99192982,51.13417544,8.445454545,1.447473684,222.9583333,8482.041667
5/11/2018,52.04166667,8612,11.13425926,239.3257283,21.42596154,29.53589744,2.345833333,5.625309446,267.7083333,8451.708333
5/12/2018,51.80833333,8257,11.00462963,248.0060217,22.2125,31.36419872,3.816666667,3.83216129,257.7916667,8758.25
5/13/2018,51.275,8104,10.70833333,247.5659307,21.21891026,47.41269231,8.641666667,1.65987055,259.125,8742.708333
5/14/2018,51.15,8746,10.63888889,246.8155342,21.27115385,55.90785256,11.02916667,1.808856209,257.75,8716.208333
5/15/2018,51.35833333,8504,10.75462963,247.4031088,21.56858974,52.30769231,10.89166667,3.24120915,259.5,8736.958333
5/16/2018,51.2625,9620,10.70138889,261.2465072,18.8784127,65.21098413,12.21724138,3.642,184.9583333,9225.833333
5/17/2018,51.125,10282,10.625,268.4909004,20.49210526,56.43231579,11.39166667,2.141640212,226.4166667,9481.666667
5/18/2018,52.10416667,9273,11.16898148,268.0484497,23.55769231,52.41929487,11.4625,1.579480519,284.3333333,9466.041667
5/19/2018,52.85416667,8878,11.58564815,268.3375175,23.4900641,44.33391026,9.3375,1.687864078,277.4583333,9476.25
5/20/2018,52.69166667,9375,11.49537037,269.4784505,21.35480769,53.8138141,11.27307692,3.049166667,261.4166667,9516.541667
5/21/2018,52.075,10038,11.15277778,270.2890202,22.18910256,52.22477564,9.8875,2.488033333,269.4166667,9545.166667
5/22/2018,51.66666667,9210,10.92592593,271.9951102,24.59871795,49.84269231,12.16666667,2.320915254,287.125,9605.416667
5/23/2018,51.65416667,8930,10.91898148,271.8193098,23.01987179,54.55958333,12.98333333,3.629557823,255.375,9599.208333
5/24/2018,51.47083333,9195,10.81712963,271.3886577,21.75980707,53.19051447,10.75,2.247584906,267.7916667,9584
5/25/2018,51.42083333,9893,10.78935185,272.0316861,17.80251572,65.77025157,10.52903226,4.631509434,73.125,9606.708333
5/26/2018,51.14166667,9275,10.63425926,271.8204896,15.51882716,81.94549383,11.96046512,1.187950311,248.0416667,9599.25
5/27/2018,51.6375,9230,10.90972222,270.4235252,22.07852564,50.53080128,9.508333333,3.500294118,331.375,9549.916667
5/28/2018,51.94166667,9179,11.0787037,268.5864698,27.20128205,38.9086859,10.29166667,3.446057692,334.0833333,9485.041667
5/29/2018,51.8125,9365,11.00694444,268.7575507,28.48141026,30.78435897,8.120833333,2.725098039,337.375,9491.083333
5/30/2018,51.76666667,9326,10.98148148,269.4749109,25.3977492,35.52842444,7.579166667,3.200675241,324.7916667,9516.416667
5/31/2018,51.70416667,9390,10.94675926,255.2775519,19.12451613,47.052,6.870833333,5.188395904,281.4583333,9015.041667
6/1/2018,51.90833333,9047,11.06018519,253.3048116,20.56730769,45.49637821,6.7125,2.704480519,336.5416667,8945.375
6/2/2018,52.18333333,9565,11.21296296,253.5620229,27.62460064,29.33284345,6.124,3.020354839,342,8954.458333
6/3/2018,52.26666667,8580,11.25925926,254.0469489,28.64326923,39.50810897,11.05833333,2.031096774,335.4583333,8971.583333
6/4/2018,52.07916667,9172,11.15509259,255.8014136,27.88461538,27.8136859,5.516666667,2.323868852,346.0416667,9033.541667
6/5/2018,52.12083333,9186,11.17824074,257.8591044,24.61960784,30.04202614,4.229166667,2.312880795,299.9166667,9106.208333
6/6/2018,51.8875,9879,11.04861111,271.4452914,23.21891026,42.71637821,8.070833333,1.28410596,297.625,9586
6/7/2018,52.30416667,9945,11.28009259,269.3970395,23.45580645,48.15806452,10.56666667,2.961331169,324.4166667,9513.666667
6/8/2018,52.3625,9938,11.3125,269.7451008,23.90512821,45.30419872,9.216666667,2.205064516,330.5416667,9525.958333
6/9/2018,52.4875,9499,11.38194444,266.1040262,23.47564103,33.36487179,5.576,4.196538462,281.0416667,9397.375
6/10/2018,51.8375,9959,11.02083333,266.5629951,18.23525641,31.47480769,-0.1625,3.535102041,341.875,9413.583333
6/11/2018,51.27916667,10215,10.71064815,275.8874967,23.61153846,34.31628205,5.0375,3.081741935,336.75,9742.875
6/12/2018,51.33333333,9975,10.74074074,275.8957558,29.57830508,24.02020339,5.634782609,3.227167235,346.0833333,9743.166667
6/13/2018,51.25,10075,10.69444444,291.644642,29.03215434,32.32890675,8.466666667,1.715328947,341.4166667,10299.33333
6/14/2018,51.12916667,10672,10.62731481,291.698916,29.6625,26.22807692,7.475,3.059266667,340.875,10301.25
6/15/2018,51.06666667,10999,10.59259259,299.7137634,26.59968051,30.99361022,6.088,2.546818182,336.2083333,10584.29167
6/16/2018,51.06666667,10456,10.59259259,297.374084,26.00935484,34.83258065,7.725,3.034675325,346.75,10501.66667
6/17/2018,50.86666667,10522,10.48148148,296.1918556,20.50128617,52.21713826,10,3.595863192,287.6666667,10459.91667
6/18/2018,51.10833333,11471,10.61574074,312.0032748,23.10096154,49.70048077,10.37916667,1.834935065,340.125,11018.29167
6/19/2018,51.3875,11595,10.77083333,311.9997352,28.73333333,31.28676282,8.604166667,2.517483871,332.9166667,11018.16667
6/20/2018,51.4625,11339,10.8125,320.7720583,28.02660256,36.80070513,10.11666667,2.187216828,334.2916667,11327.95833
6/21/2018,51.67083333,11446,10.92824074,313.6067163,27.66538462,36.77423077,9.508333333,2.058737864,335.0833333,11074.91667
6/22/2018,51.90833333,11073,11.06018519,313.0863942,29.74679487,30.78086538,8.029166667,2.326645161,345.25,11056.54167
6/23/2018,51.64166667,10590,10.91203704,313.9276405,31.78205128,18.70573718,4.433333333,5.554548387,353.8333333,11086.25
6/24/2018,51.40416667,10969,10.78009259,314.1777727,33.83076923,17.10974359,4.483333333,5.237322581,354.7083333,11095.08333
6/25/2018,51.40833333,12873,10.78240741,341.6486535,28.75128205,39.38150641,12.0125,3.91525974,334.5833333,12065.20833
6/26/2018,51.99166667,11886,11.10648148,341.2463183,28.27090301,35.03551839,8.845454545,2.901389831,323.5652174,12051
6/27/2018,51.84583333,11659,11.02546296,341.7631007,27.36237942,27.39745981,4.370833333,2.417580645,343.75,12069.25
6/28/2018,51.6875,12385,10.9375,341.6663515,27.25352564,29.69192308,6.491666667,2.922926045,339.5416667,12065.83333
6/29/2018,51.84166667,12607,11.02314815,354.1293036,28.80096154,27.63320513,6.9375,4.194039088,345.375,12505.95833
6/30/2018,51.43333333,12390,10.7962963,355.4896921,31.16794872,20.78955128,5.15,5.345673077,350,12554
7/1/2018,51.2625,13047,10.70138889,355.9852369,33.74807692,17.01884615,4.420833333,4.438942308,349.9166667,12571.5
7/2/2018,51.2875,12797,10.71527778,354.8478436,33.6,17.88996795,5.15,3.71974026,351.0833333,12531.33333
7/3/2018,51.60833333,12525,10.89351852,357.0659966,30.21057692,19.25990385,2.504166667,5.173878205,343.9583333,12609.66667
7/4/2018,51.45416667,12262,10.80787037,369.3496087,26.34967949,42.6,11.31666667,3.146428571,326.5,13043.45833
7/5/2018,51.23333333,12547,10.68518519,367.1951686,24.15686901,38.0386262,7.272,2.776410256,348.1666667,12967.375
7/6/2018,51.3375,14183,10.74305556,367.1939887,26.25480769,35.82288462,8.820833333,2.035705128,195,12967.33333
7/7/2018,51.2875,13234,10.71527778,368.3974547,26.72147436,30.31384615,4.75,2.306363636,323.1666667,13009.83333
7/8/2018,51.575,13288,10.875,368.8269269,27.40961538,26.23227564,3.566666667,1.915487013,299.4583333,13025
7/9/2018,51.65833333,13222,10.9212963,368.9885689,28.35224359,29.38673077,6.316666667,1.949158576,345.375,13030.70833
7/10/2018,52.02916667,12825,11.12731481,368.7289978,29.57467949,24.83512821,5.395833333,2.95414791,347.8333333,13021.54167
7/11/2018,51.98333333,12995,11.10185185,368.0682713,29.81086262,29.3213099,7.592307692,1.547980456,347.2916667,12998.20833
7/12/2018,51.7375,12455,10.96527778,368.9413741,31.03525641,26.84740385,7.504166667,2.080358306,341.7083333,13029.04167
7/13/2018,51.89166667,13681,11.05092593,365.9681052,30.25416667,35.32823718,12.15,2.307948718,229.0833333,12924.04167
7/14/2018,51.925,13250,11.06944444,367.3202346,30.59423077,36.99208333,12.69166667,1.375909091,298.3333333,12971.79167
7/15/2018,52.26666667,12619,11.25925926,370.0598896,32.3724359,36.65641026,14.60416667,2.422451613,321.4166667,13068.54167
7/16/2018,52.17916667,13513,11.21064815,369.651655,33.08333333,36.50179487,14.37916667,1.824495114,322.4583333,13054.125
7/17/2018,52.12916667,12882,11.18287037,369.7720016,32.49464883,34.40521739,12.89583333,2.027721088,333.2083333,13058.375
7/18/2018,52.27916667,13077,11.2662037,369.8180165,33.13311897,30.91263666,11.43333333,1.972117264,325.4166667,13060
7/19/2018,52.46666667,13502,11.37037037,370.3371587,36.10130719,24.45712418,11.70833333,3.05,308,13078.33333
7/20/2018,52.25833333,12973,11.25462963,369.3673067,32.15064103,35.23583333,12.116,2.38171521,321.375,13044.08333
7/21/2018,52.3375,13320,11.29861111,369.8144769,29.53592233,31.70139159,8.930434783,2.504935065,315.1666667,13059.875
7/22/2018,52.59166667,12454,11.43981481,369.8168366,31.18589744,40.06102564,15.125,1.9047557,318,13059.95833
7/23/2018,52.39583333,13577,11.33101852,369.9855578,32.79647436,41.85179487,16.9875,1.969967427,317.125,13065.91667
7/24/2018,52.41666667,13294,11.34259259,369.3661268,33.39326923,39.71137821,16.42916667,2.18961039,314.125,13044.04167
7/25/2018,52.33333333,12913,11.2962963,368.987389,33.86794872,34.55955128,13.92083333,2.515631068,313.2916667,13030.66667
7/26/2018,51.9875,12226,11.10416667,362.432039,34.89174603,25.52631746,9.860714286,1.936419355,275.25,12799.16667
7/27/2018,51.94166667,11726,11.0787037,350.4964882,32.36384365,37.0980456,14.23333333,2.187147541,235.9166667,12377.66667
7/28/2018,51.89583333,14635,11.05324074,376.1586304,30.02265372,38.2897411,12.61785714,1.438187702,129.9583333,13283.91667
7/29/2018,51.18333333,12203,10.65740741,365.2377666,29.8737013,38.35376623,11.91785714,1.482138158,253.7916667,12898.25
7/30/2018,49.775,12492,9.875,371.2090816,30.76710526,42.70167763,15.03703704,1.894092409,203.7916667,13109.125
7/31/2018,50.19583333,13191,10.1087963,371.2739744,29.58227848,47.88294304,15.721875,1.45192926,234.1666667,13111.41667
8/1/2018,51.8375,12063,11.02083333,365.7569087,30.00974843,45.39987421,15.64848485,1.780094637,250.25,12916.58333
8/2/2018,52.36666667,12734,11.31481481,357.2712937,29.49907407,40.54302469,12.21621622,1.96867284,271.5833333,12616.91667
8/3/2018,52.2625,12438,11.25694444,353.7824222,28.53460317,37.06104762,10.12413793,2.289297125,252.7083333,12493.70833
8/4/2018,52.40833333,12077,11.33796296,353.9417045,27.876875,33.23265625,7,1.968683386,247.0833333,12499.33333
8/5/2018,52.34166667,12028,11.30092593,341.7123664,26.53553459,32.71172956,7.273333333,1.510599369,250.0833333,12067.45833
8/6/2018,52.69166667,11702,11.49537037,334.2378987,26.76107595,38.51971519,8.628125,1.482973856,248.0416667,11803.5
8/7/2018,52.85416667,12125,11.58564815,326.5121191,27.63899371,39.08528302,10.71290323,1.424716981,223,11530.66667
8/8/2018,52.68333333,10697,11.49074074,325.767622,27.64548287,43.01401869,12.33157895,1.580189274,257.0833333,11504.375
8/9/2018,52.03333333,10928,11.12962963,317.5816936,27.98101266,42.08291139,11.9,1.346044304,222.1666667,11215.29167
8/10/2018,52.325,10470,11.29166667,312.1224416,29.85930599,37.2455205,11.64375,1.932151899,245.5,11022.5
8/11/2018,52.3375,11001,11.29861111,304.0533202,28.39891697,35.38277978,9.448148148,1.365257353,283.0833333,10737.54167
8/12/2018,52.71666667,10272,11.50925926,298.4041093,33.77790698,19.88151163,8.641666667,3.425411765,290.5,10538.04167
8/13/2018,52.63333333,10557,11.46296296,298.3663535,27.83782051,32.78185897,8.008333333,1.894158416,291.75,10536.70833
8/14/2018,52.32916667,10692,11.29398148,298.1185811,27.1400641,32.45227564,7.270833333,1.558039216,285,10527.95833
8/15/2018,52.19583333,10247,11.21990741,289.3674956,26.83814103,38.95608974,10.01666667,1.656278317,284.7083333,10218.91667
8/16/2018,52.39583333,9617,11.33101852,284.9087721,26.92515924,38.25136943,9.411538462,1.584070513,285.75,10061.45833
8/17/2018,52.3875,9906,11.32638889,283.7737385,27.95327103,28.37666667,6.166666667,1.5685,272.3333333,10021.375
8/18/2018,52.23333333,8772,11.24074074,285.2249769,28.84100946,34.23337539,10.02333333,1.580537975,243.9583333,10072.625
8/19/2018,52.0125,9545,11.11805556,284.4580623,28.12834395,36.67398089,9.876923077,1.623974359,254.8333333,10045.54167
8/20/2018,52.23333333,9554,11.24074074,290.8553099,27.82971246,33.56303514,8.256,1.750961538,246.625,10271.45833
8/21/2018,52.3625,8584,11.3125,285.1034504,25.53774194,39.48535484,9.282608696,1.838327869,251.7083333,10068.33333
8/22/2018,52.34166667,9629,11.30092593,274.6769515,23.90415335,48.5629393,11.044,1.41516129,254.125,9700.125
8/23/2018,52.56666667,9616,11.42592593,270.3869493,24.31414791,42.20180064,9.4375,1.70192926,274.4166667,9548.625
8/24/2018,52.70416667,8781,11.50231481,268.8908759,23.05833333,48.18330128,10.19583333,1.886720257,251,9495.791667
8/25/2018,52.60416667,8841,11.44675926,267.8797285,23.12821317,43.99065831,8.679411765,1.586886792,241.2916667,9460.083333
8/26/2018,52.2,8818,11.22222222,267.3299097,24.07675159,36.73585987,6.988888889,1.942929936,245.125,9440.666667
8/27/2018,52.3875,9202,11.32638889,269.5244653,23.92980769,37.32782051,7.079166667,1.887281553,266.6666667,9518.166667
8/28/2018,52.55833333,8967,11.4212963,269.6896469,23.63076923,44.26134615,9.3875,2.100064103,272.7083333,9524
8/29/2018,52.73333333,8977,11.51851852,264.9524745,24.0318328,53.39209003,12.84583333,2.002124183,272.875,9356.708333
8/30/2018,52.70833333,8734,11.50462963,254.7525104,23.18942308,50.21070513,11.25,2.018867314,270.625,8996.5
8/31/2018,52.08333333,8574,11.15740741,255.2220981,23.27234727,49.06797428,10.27916667,1.391114754,272.1666667,9013.083333
9/1/2018,51.19166667,8614,10.66203704,255.7447799,26.3224359,31.57025641,4.9375,1.787306397,266.0833333,9031.541667
9/2/2018,51.05833333,8858,10.58796296,256.4149452,26.94166667,30.45064103,5.2625,1.035217391,247.7916667,9055.208333
9/3/2018,51.27916667,8043,10.71064815,255.4250355,27.32948718,38.57048077,9.679166667,1.390290323,252.125,9020.25
9/4/2018,51.44166667,9246,10.80092593,254.9047134,27.43709677,40.57822581,10.775,1.797799353,253.6666667,9001.875
9/5/2018,51.77083333,8020,10.9837963,247.1836532,26.8781759,37.20807818,8.691666667,1.973478261,260.25,8729.208333
9/6/2018,51.71666667,8403,10.9537037,240.3463147,25.45350318,36.46869427,7.833333333,1.984630225,254.375,8487.75
9/7/2018,51.59583333,8356,10.88657407,240.4702009,26.09908537,31.80539634,6.463636364,1.703076923,239.0416667,8492.125
9/8/2018,51.50833333,8398,10.83796296,240.6707785,26.29310345,30.3699373,5.409090909,1.174213836,228.2083333,8499.208333
9/9/2018,51.5875,8145,10.88194444,241.0318183,25.55878594,29.35929712,4.866666667,1.719551282,230.5,8511.958333
9/10/2018,51.4375,8546,10.79861111,240.3463147,24.79655172,32.66134796,4.078125,1.133103448,216.5,8487.75
9/11/2018,51.59583333,7949,10.88657407,239.6088968,24.09433962,25.45,0.655882353,1.642698413,235.9166667,8461.708333
9/12/2018,51.4625,8330,10.8125,233.4511625,22.11019108,29.37207006,2.303846154,2.476120401,235.5833333,8244.25
9/13/2018,51.675,8323,10.93055556,227.1683622,20.61570513,39.98160256,5.7,2.687647059,245.6666667,8022.375
9/14/2018,52.04583333,8577,11.13657407,227.0102598,19.57724359,42.32285256,4.316666667,1.242272727,256.1666667,8016.791667
9/15/2018,51.9625,8157,11.09027778,227.1152681,20.00766773,29.58265176,0.912,2.080512821,237.25,8020.5
9/16/2018,51.9375,8317,11.07638889,227.6875044,18.88701299,40.07788961,3.195833333,1.733036304,254,8040.708333
9/17/2018,51.96666667,8365,11.09259259,227.2533127,18.97147436,32.07480769,0.141666667,1.238713826,253.75,8025.375
9/18/2018,52.19583333,8725,11.21990741,227.2202764,19.71543408,33.54234727,1.552,0.864052288,248.125,8024.208333
9/19/2018,52.51666667,8167,11.39814815,216.14249,21.58225806,32.26154839,1.479166667,1.562091503,242.7916667,7633
9/20/2018,52.43333333,7813,11.35185185,206.4604882,26.13525641,15.9500641,-3.029166667,4.293451613,247.375,7291.083333
9/21/2018,51.60833333,7616,10.89351852,206.0262966,22.90576923,26.71958333,0.391666667,1.404854369,239.125,7275.75
9/22/2018,51.6375,7850,10.90972222,203.6925165,22.78878205,35.07317308,4.675,1.556334405,222.0833333,7193.333333
9/23/2018,52.1,7436,11.16666667,204.1290679,24.04775641,32.75163462,4.670833333,1.919352751,238.6666667,7208.75
9/24/2018,52.17916667,7286,11.21064815,204.3025086,25.38814103,18.84291667,-1.920833333,3.87512987,222,7214.875
9/25/2018,52.08333333,7128,11.15740741,205.6251413,29.08974359,10.19788462,-6.1125,4.440161812,242.75,7261.583333
9/26/2018,51.5,7422,10.83333333,206.040455,24.33762058,20.62842444,-3.470833333,1.138065574,225.0416667,7276.25
9/27/2018,51.45833333,7834,10.81018519,206.1513627,23.34487179,27.30810897,0.629166667,0.916237942,212.1666667,7280.166667
9/28/2018,51.79583333,7644,10.99768519,206.2634502,22.72660256,32.04105769,3.65,1.015354839,213.3333333,7284.125
9/29/2018,51.90416667,7647,11.05787037,205.8445968,20.20857143,51.47038095,9.214814815,2.926858974,170.5,7269.333333
9/30/2018,51.94583333,7667,11.08101852,203.759769,18.81153846,68.57057692,12.22916667,1.696655844,194.5416667,7195.708333
10/1/2018,51.8625,7229,11.03472222,204.7756359,19.26282051,59.80115385,10.825,1.465416667,74.91666667,7231.583333
10/2/2018,52.025,8182,11.125,205.699473,19.41086262,74.92632588,14.576,1.307795527,138.5833333,7264.208333
10/3/2018,52.50833333,7793,11.39351852,205.7820638,19.92140575,70.2227476,14.052,1.116633663,149.6666667,7267.125
10/4/2018,52.7875,7599,11.54861111,204.8806442,19.1321875,82.1663125,15.85263158,4.371892744,112.3333333,7235.291667
10/5/2018,53.125,7491,11.73611111,205.0316674,18.6807571,68.12687697,12.05517241,1.911230284,145.7916667,7240.625
10/6/2018,53.225,7239,11.79166667,205.1638126,18.23559871,66.6607767,10.22916667,2.322178218,197.1666667,7245.291667
10/7/2018,53.02916667,7481,11.68287037,205.4410818,20.34615385,33.66980769,2.9625,5.602149837,212.1666667,7255.083333
10/8/2018,52.8375,7871,11.57638889,204.9054214,21.70352564,36.94804487,5.779166667,4.044903846,203.75,7236.166667
10/9/2018,53.04583333,8050,11.69212963,204.3862792,23.17083333,40.27157051,8.445833333,3.073870968,204.9583333,7217.833333
10/10/2018,53.21666667,7787,11.78703704,204.0806933,21.24487179,28.93980769,1.645833333,4.967032258,185.0833333,7207.041667
10/11/2018,53.475,7437,11.93055556,204.1951405,20.4650641,29.45586538,1.670833333,4.735897436,203.0416667,7211.083333
10/12/2018,53.55,8243,11.97222222,205.5531693,20.89198718,26.66682692,-0.754166667,3.234580645,205.2916667,7259.041667
10/13/2018,53.68333333,7624,12.0462963,205.5673277,19.82403846,32.71189103,-0.445833333,3.943525641,202.125,7259.541667
10/14/2018,53.6625,7881,12.03472222,204.7414197,22.56430868,12.2281672,-8.275,9.794180064,208.25,7230.375
10/15/2018,53.5625,7507,11.97916667,204.2258171,20.87884615,10.83310897,-11.29583333,5.784358974,206.625,7212.166667
10/16/2018,53.925,7638,12.18055556,204.5479212,18.59871795,26.11778846,-4.766666667,2.499358974,196.4583333,7223.541667
10/17/2018,53.74583333,8039,12.08101852,206.5761154,20.63992095,28.64849802,-0.670833333,1.628339921,192.125,7295.166667
10/18/2018,53.91666667,6906,12.17592593,207.6804724,16.98668831,39.69444805,1.15,0.715374593,185.7916667,7334.166667
10/19/2018,54.0875,7994,12.27083333,205.6982931,18.01314103,42.06926282,2.108333333,0.968906752,183.625,7264.166667
10/20/2018,54.37916667,7690,12.43287037,205.7148113,19.21474359,34.76698718,0.720833333,1.761350482,185.7083333,7264.75
10/21/2018,54.43333333,7510,12.46296296,168.2067882,17.84326923,41.67778846,2.966666667,0.871891026,177.9583333,5940.166667
10/22/2018,54.38333333,7620,12.43518519,160.6697876,16.73141026,45.7636859,3.166666667,0.906570513,175.8333333,5674
10/23/2018,54.47083333,7074,12.4837963,160.6697876,15.03205128,44.46371795,1.866666667,0.899871795,138.5416667,5674
10/24/2018,54.54583333,5514,12.52546296,160.6697876,15.4872549,47.32771242,3.1875,0.512196721,142.25,5674
10/25/2018,54.73333333,6138,12.62962963,164.3486179,17.20865385,45.65955128,3.654166667,0.984919094,157,5803.916667
10/26/2018,54.9,6365,12.72222222,170.7541246,17.94583333,44.04701923,4.283333333,0.507403846,154.125,6030.125
10/27/2018,54.97083333,6005,12.76157407,170.552367,18.3237785,51.66390879,7.075,0.698697068,147.3333333,6023
10/28/2018,54.31666667,5853,12.39814815,170.6668143,17.05320513,61.4075641,9.1125,1.399318182,120.375,6027.041667
10/29/2018,53.99583333,6870,12.21990741,169.8196686,15.98461538,43.47839744,2.55,2.060675241,151.2083333,5997.125
10/30/2018,53.9625,6392,12.20138889,170.0509229,17.4724359,34.70105769,0.704166667,4.277596154,165.875,6005.291667
10/31/2018,53.94166667,6631,12.18981481,170.2916161,18.75288462,27.93115385,-0.1875,3.71375,114.3333333,6013.791667
11/1/2018,54.04166667,7052,12.24537037,161.9440457,21.45096154,43.37323718,7.6875,3.088846154,143.7083333,5719
11/2/2018,54.35416667,6046,12.41898148,159.1725343,18.23741935,51.65758065,6.645833333,1.073022508,152.9166667,5621.125
11/3/2018,54.45833333,5623,12.47685185,153.7887938,22.07948718,27.00480769,0.629166667,5.08849359,153.5,5431
11/4/2018,54.54583333,5164,12.52546296,147.3325528,17.64455128,29.58391026,-1.091666667,1.518589744,103,5203
11/5/2018,54.7375,5092,12.63194444,142.4349182,17.95512821,35.05451923,1.520833333,3.888589744,155.125,5030.041667
11/6/2018,54.7125,4488,12.61805556,135.8913669,17.96987179,24.67182692,-3.475,5.460512821,157.7916667,4798.958333
11/7/2018,54.64166667,4514,12.5787037,130.7518593,18.04666667,16.87447059,-7.55,5.015019608,156.5833333,4617.458333
11/8/2018,54.34166667,4955,12.41203704,127.647625,16.87788462,15.08641026,-10.61666667,8.755641026,156.6666667,4507.833333
11/9/2018,54.21666667,4942,12.34259259,127.5284582,16.78488746,12.15604502,-14.0125,3.634294872,154.5416667,4503.625
11/10/2018,54.3875,4484,12.4375,127.7785904,9.944720497,31.99953416,-8.352777778,1.919750779,149.625,4512.458333
11/11/2018,54.3625,4558,12.42361111,127.4848031,17.34294872,13.49342949,-11.32083333,6.453942308,150.3333333,4502.083333
11/12/2018,54.30416667,4516,12.3912037,127.4718245,13.94423077,20.59237179,-11.39166667,2.333173077,150.375,4501.625
11/13/2018,54.30833333,4485,12.39351852,128.8581702,9.483333333,33.03566038,-7.33125,0.56418239,85.45833333,4550.583333
11/14/2018,54.2625,4623,12.36805556,128.4888713,8.160576923,46.94342949,-4.041666667,0.266923077,114.1666667,4537.541667
11/15/2018,54.275,4999,12.375,129.0469491,8.180063291,47.93996835,-3.774193548,0.331708861,120.25,4557.25
11/16/2018,54.44166667,3953,12.46759259,128.8782279,8.439423077,46.27612179,-3.884375,0.543762058,109.7916667,4551.291667
11/17/2018,54.39166667,4652,12.43981481,128.4003811,8.08370607,48.78047923,-3.734615385,0.523769968,113.5833333,4534.416667
11/18/2018,54.23333333,4700,12.35185185,128.5667426,8.561188811,49.86681818,-2.530434783,0.407902098,124.125,4540.291667
11/19/2018,54.325,4793,12.40277778,128.2446385,8.924509804,52.09058824,-1.925,0.349313725,119.2083333,4528.916667
11/20/2018,54.2125,4883,12.34027778,128.4275181,8.413355049,51.86771987,-2.433333333,0.875993485,105.1666667,4535.375
11/21/2018,54.18333333,4857,12.32407407,128.6009588,8.922839506,65.09419753,3.874358974,0.950709877,16.5,4541.5
11/22/2018,54.13333333,4241,12.2962963,128.6021387,10.44868035,93.05721408,9.172131148,3.454662757,27.95833333,4541.541667
11/23/2018,54.2,4730,12.33333333,129.0882445,11.59634146,91.64152439,10.41730769,7.570792683,9.666666667,4558.708333
11/24/2018,54.3125,4682,12.39583333,129.3867513,12.99161677,85.16272455,10.42884615,2.436497006,112.5833333,4569.25
11/25/2018,54.20833333,4833,12.33796296,129.5660913,13.20769231,58.48310897,4.354166667,2.188231511,117.7083333,4575.583333
11/26/2018,54.20833333,4462,12.33796296,122.4538433,11.26057692,73.15823718,6.0125,0.576634615,62.875,4324.416667
11/27/2018,54.01666667,4267,12.23148148,117.2895585,10.12363636,89.30039394,9.044444444,1.093848485,7.166666667,4142.041667
11/28/2018,53.87916667,4266,12.15509259,112.9676997,12.20392749,92.73712991,10.89545455,1.476314199,43.45833333,3989.416667
11/29/2018,53.7875,3360,12.10416667,117.9007304,11.16385542,91.32876506,9.748214286,2.908006042,14.16666667,4163.625
11/30/2018,53.76666667,3750,12.09259259,112.4756945,7.076716418,92.43847761,5.038461538,0.663044776,81.54166667,3972.041667
12/1/2018,53.5875,4023,11.99305556,112.8945479,9.486520376,78.44730408,5.840625,3.230219436,83.16666667,3986.833333
12/2/2018,53.3375,3966,11.85416667,112.5771632,6.029487179,75.03769231,1.133333333,0.782265372,112.75,3975.625
12/3/2018,53.07916667,3476,11.71064815,112.7694818,5.22,70.15233333,-0.886956522,1.002474916,108.4583333,3982.416667
12/4/2018,52.85833333,4386,11.58796296,113.2673864,9.467741935,52.39112903,-0.3125,2.701548387,66.16666667,4000
12/5/2018,52.85833333,3995,11.58796296,113.7298949,11.0125,61.50282051,3.454166667,2.342072368,56.58333333,4016.333333
12/6/2018,53.00833333,3988,11.6712963,113.7900682,10.66730769,53.83647436,1.1375,2.95025641,110.625,4018.458333
12/7/2018,52.79583333,4299,11.55324074,113.9906458,6.81,71.23793548,1.329166667,0.794580645,92.375,4025.541667
12/8/2018,52.77916667,3526,11.54398148,113.6284262,7.703525641,76.38711538,3.245833333,0.632820513,88.125,4012.75
12/9/2018,52.7125,4502,11.50694444,113.791248,6.718589744,83.12435897,3.791666667,0.223974359,43.91666667,4018.5
12/10/2018,52.825,4248,11.56944444,113.7806292,9.94169279,80.3537931,6.105882353,1.816865204,110.3333333,4018.125
12/11/2018,52.65,3760,11.47222222,114.0307614,11.41655844,49.71730519,0.795833333,2.815504886,86.16666667,4026.958333
12/12/2018,52.7,4198,11.5,114.276174,9.834700315,70.25984227,3.573333333,2.263943218,96.29166667,4035.625
12/13/2018,53.32916667,3978,11.84953704,114.1699859,9.976996805,45.47031949,-2.104,1.645480769,109,4031.875
12/14/2018,53.5,4434,11.94444444,114.6466528,5.339171975,79.93869427,2.5,0.897579618,34.04166667,4048.708333
12/15/2018,53.49166667,3700,11.93981481,114.5841197,7.565306122,94.803207,6.671666667,1.335801749,15.375,4046.5
12/16/2018,53.39166667,4444,11.88425926,117.3190552,9.502259887,96.08918079,8.845121951,1.443983051,8.166666667,4143.083333
12/17/2018,53.28333333,3756,11.82407407,116.3810596,10.02705882,92.99438235,8.952380952,1.668823529,34.875,4109.958333
12/18/2018,53.30833333,4073,11.83796296,114.4295569,10.29748428,90.23474843,8.666666667,1.363679245,38.66666667,4041.041667
12/19/2018,53.325,4064,11.84722222,114.0991937,11.90438871,87.14952978,9.591428571,1.395956113,92.58333333,4029.375
12/20/2018,53.25833333,3775,11.81018519,114.2018423,9.63963964,90.7133033,8.291836735,1.073303303,33.25,4033
12/21/2018,53.275,3812,11.81944444,114.2572961,10.85889213,87.0512828,8.888135593,1.031195335,95,4034.958333
12/22/2018,53.03333333,4091,11.68518519,114.2749942,8.798717949,58.01823718,0.7625,2.343044872,59.45833333,4035.583333
12/23/2018,52.72083333,4021,11.51157407,114.3339876,8.315974441,86.29773163,6.12,0.860926518,35.125,4037.666667
12/24/2018,52.5625,3886,11.42361111,114.2950519,7.664825581,95.30424419,6.909836066,0.96872093,9.083333333,4036.291667
12/25/2018,52.56666667,3951,11.42592593,113.7818091,8.134756098,82.63216463,4.154545455,2.327195122,109.2916667,4018.166667
12/26/2018,52.21666667,3985,11.23148148,113.5151588,9.358050847,49.79101695,-1.241666667,3.449576271,92.41666667,4008.75
12/27/2018,51.79166667,3957,10.99537037,113.0467509,11.524,40.6092,-0.25,2.510666667,111.7083333,3992.208333
12/28/2018,51.75416667,4208,10.97453704,112.4226004,9.280128205,37.36785256,-4.970833333,5.154166667,112.625,3970.166667
12/29/2018,51.725,3636,10.95833333,113.0443912,10.25224359,44.83458333,-1.691666667,2.350929487,106.125,3992.125
12/30/2018,51.60416667,4355,10.8912037,113.0243334,6.089423077,74.88605769,1.625,0.875096154,104.25,3991.416667
12/31/2018,51.65416667,4156,10.91898148,113.0255133,8.476602564,46.98144231,-3.379166667,4.175096154,115.0833333,3991.458333
1/1/2019,51.42916667,3452,10.79398148,113.0738879,8.700641026,25.41490385,-10.308,7.218621795,116.9583333,3993.166667
1/2/2019,51.15,4600,10.63888889,113.9918257,6.633653846,48.05695513,-4.7875,1.233237179,113,4025.583333
1/3/2019,51.11666667,4282,10.62037037,114.6773294,4.551282051,72.41134615,-0.252,0.585064103,75.625,4049.791667
1/4/2019,51.28333333,3341,10.71296296,113.7322546,5.16025641,73.64833333,0.066666667,0.372339744,104.2916667,4016.416667
1/5/2019,51.29166667,3563,10.71759259,114.3599447,4.173291925,78.33850932,1.992307692,1.287453416,16.625,4038.583333
1/6/2019,51.27083333,4058,10.70601852,115.2849617,7.827575758,91.41209091,6.536734694,5.563515152,8.083333333,4071.25
1/7/2019,51.24583333,4184,10.69212963,114.1640865,7.432727273,92.91718182,6.304255319,1.464787879,24.20833333,4031.666667
1/8/2019,51.05833333,4571,10.58796296,115.6837573,8.758558559,92.08339339,7.745833333,1.277087087,18,4085.333333
1/9/2019,50.67083333,4243,10.37268519,115.6259437,11.71393189,91.9603096,10.16666667,6.797708978,27.45833333,4083.291667
1/10/2019,50.45,3536,10.25,114.4177583,12.07634069,83.7970347,9.447058824,3.0670347,67.875,4040.625
1/11/2019,50.29166667,4722,10.16203704,113.9989049,7.07628866,90.58814433,5.175675676,0.505051546,76.375,4025.833333
1/12/2019,50.49166667,3296,10.27314815,113.8219246,10.6,75.46,8.6,1.028,110.5833333,4019.583333
1/13/2019,50.5875,4133,10.32638889,111.8999187,11.78571429,58.92142857,3.071428571,1.652857143,121,3951.708333
1/14/2019,50.52916667,4161,10.29398148,108.0228704,12.90909091,43.28272727,-0.545454545,3.16,102.625,3814.791667
1/15/2019,50.63333333,3673,10.35185185,104.9622912,9.846153846,79.22769231,5.769230769,1.54125,26.91666667,3706.708333
1/16/2019,50.2,4672,10.11111111,109.3549421,9.75,90.61666667,8.25,12.865,9.75,3861.833333
1/17/2019,50.10416667,3078,10.05787037,104.6059709,11.06666667,81.17266667,7.866666667,7.075,57.16666667,3694.125
1/18/2019,49.92083333,3098,9.956018519,96.70911032,8.588235294,91.73941176,7.294117647,1.15,32.45833333,3415.25
1/19/2019,49.5625,3056,9.756944444,94.13699676,9.0625,95.1,8.3125,0.834375,23.20833333,3324.416667
1/20/2019,49.5,3298,9.722222222,93.01140211,12.21052632,89.31052632,10.47368421,2.2825,39.58333333,3284.666667
1/21/2019,49.65,2705,9.805555556,92.01323326,8.866666667,79.03266667,4.866666667,0.171111111,124.0416667,3249.416667
1/22/2019,49.59583333,3866,9.775462963,91.6887694,11.5,39.94125,-2.5625,4.1575,128.4166667,3237.958333
1/23/2019,49.49166667,2845,9.717592593,92.45096452,9.071428571,58.875,0.428571429,0.686666667,118.3333333,3264.875
1/24/2019,49.45833333,3305,9.699074074,92.24212777,15.61538462,36.66769231,-1.076923077,3.6,138,3257.5
1/25/2019,49.55,2837,9.75,92.12768052,20.3640625,23.97125,-1.547058824,3.53703125,140.4583333,3253.458333
1/26/2019,49.7375,2888,9.854166667,92.07222669,16.96891026,27.66192308,-2.341666667,3.993782051,99.95833333,3251.5
1/27/2019,49.875,3124,9.930555556,92.05570853,12.80990415,60.81236422,3.708,1.307859425,129.75,3250.916667
1/28/2019,49.93333333,2904,9.962962963,91.95895931,12.22884615,63.38628205,5.091666667,1.430961538,48.54166667,3247.5
1/29/2019,49.99166667,3107,9.99537037,91.98491642,12.84115756,73.58170418,7.666666667,0.791897106,115.9583333,3248.416667
1/30/2019,50.03333333,3247,10.01851852,92.07458643,10.88167203,77.3666881,6.679166667,0.738971061,116.875,3251.583333
1/31/2019,50.17916667,2996,10.09953704,92.04508972,12.47564103,73.03814103,7.129166667,0.662628205,136.9583333,3250.541667
2/1/2019,49.99583333,3000,9.997685185,92.33179779,12.84720497,76.29282609,8.725714286,3.137142857,36.25,3260.666667
2/2/2019,50.17083333,3416,10.09490741,96.79760047,11.12024169,86.82649547,9.194545455,4.146827795,52.125,3418.375
2/3/2019,49.87916667,3264,9.93287037,96.42594186,9.19212828,89.76017493,7.817741935,1.734810496,36.58333333,3405.25
2/4/2019,49.75,3748,9.861111111,96.631239,8.197515528,76.00959627,4.7,5.238695652,78.29166667,3412.5
2/5/2019,49.41666667,3229,9.675925926,94.74462909,4.642857143,68.88688889,-1.266666667,2.046126984,149.625,3345.875
2/6/2019,48.95416667,2954,9.418981481,92.44742491,5.042628205,68.08141026,-0.583333333,0.940865385,129.4166667,3264.75
2/7/2019,48.83333333,3043,9.351851852,91.86456982,4.021153846,75.88576923,-0.125,1.055032051,111.7083333,3244.166667
2/8/2019,48.68333333,3147,9.268518519,93.48216968,6.381672026,72.15958199,1.320833333,1.126440129,91.91666667,3301.291667
2/9/2019,48.54166667,3086,9.189814815,92.39551069,7.195341615,77.11223602,3.428571429,5.120310559,47.29166667,3262.916667
2/10/2019,48.36666667,2709,9.092592593,92.56305203,3.513738019,70.77945687,-1.536,1.885241158,108.5,3268.833333
2/11/2019,48.39583333,3787,9.108796296,92.25274659,4.388461538,70.66589744,-0.608333333,2.288429487,86.875,3257.875
2/12/2019,48.1375,3448,8.965277778,92.08992472,6.785897436,70.79336538,1.7875,0.964166667,36.08333333,3252.125
2/13/2019,47.13333333,3989,8.407407407,94.3269556,2.04137931,94.05683908,1.285135135,1.711637931,41.18181818,3331.125
2/14/2019,46.9,3462,8.277777778,101.9819431,6.038383838,94.95767677,4.855555556,1.865353535,69.75,3601.458333
2/15/2019,47.025,3091,8.347222222,97.43826912,6.834810127,75.57313291,2.755172414,4.092531646,131.0416667,3441
2/16/2019,47.20833333,3207,8.449074074,96.00944824,8.003125,70.45178125,2.833333333,4.81596875,158.0416667,3390.541667
2/17/2019,47.67083333,2999,8.706018519,95.19297916,6.448242812,62.80670927,-0.455555556,1.919169329,163.4583333,3361.708333
2/18/2019,47.68333333,3760,8.712962963,94.53107287,7.005769231,44.66044872,-4.754166667,4.01681672,185.9583333,3338.333333
2/19/2019,47.5,3280,8.611111111,93.37008216,6.480769231,48.53923077,-4.708333333,2.291666667,178.5,3297.333333
2/20/2019,47.8125,2870,8.784722222,93.57891891,7.446794872,58.0825,-0.516666667,2.024565916,152.125,3304.708333
2/21/2019,47.7125,3656,8.729166667,93.15298634,7.216025641,53.07121795,-2.908333333,4.852724359,185.6666667,3289.666667
2/22/2019,47.54583333,3667,8.636574074,93.03145987,7.75224359,29.70298077,-9.520833333,4.924630225,198.375,3285.375
2/23/2019,47.45416667,3605,8.585648148,93.18130319,5.826282051,53.40144231,-3.979166667,0.954340836,118.3333333,3290.666667
2/24/2019,47.65416667,3306,8.696759259,93.28513162,8.069426752,66.21582803,2.203846154,1.547770701,34.75,3294.333333
2/25/2019,47.375,3842,8.541666667,103.0332061,9.5321875,77.44184375,5.975757576,9.668375,19.25,3638.583333
2/26/2019,47.77083333,4667,8.761574074,165.3408874,10.3408805,88.09726415,8.571428571,12.09757862,21.875,5838.958333
2/27/2019,48.02916667,7252,8.905092593,210.2183698,10.40244648,86.65275229,8.295121951,12.28697248,38.875,7423.791667
2/28/2019,48.26666667,26263,9.037037037,448.9270268,10.47442623,63.73806557,3.291666667,3.987887789,152,15853.70833
3/1/2019,47.4625,26263,8.590277778,719.5641082,9.120192308,68.15964744,3.4375,1.486987179,95.25,25411.16667
3/2/2019,47.51666667,28735,8.62037037,807.7522075,9.980128205,77.38099359,5.954166667,2.884423077,100.5,28525.5
3/3/2019,47.72083333,30837,8.733796296,861.9872278,11.45541401,84.12678344,8.838461538,0.982292994,101,30440.79167
3/4/2019,47.68333333,30881,8.712962963,857.0577367,11.4590625,85.70928125,8.9675,2.2684375,103.6666667,30266.70833
3/5/2019,47.6,31146,8.666666667,860.2669793,9.797124601,83.99226837,7.286206897,1.121980831,47.25,30380.04167
3/6/2019,47.8125,30400,8.784722222,858.2352456,11.73586626,89.97933131,10.10638298,6.145653495,54.08333333,30308.29167
3/7/2019,47.65833333,36760,8.699074074,1004.219209,10.58363636,87.60378788,8.604081633,3.427629179,39.95833333,35463.66667
3/8/2019,47.52083333,42052,8.622685185,1111.882219,8.408333333,79.83101852,5.331707317,1.859071207,184.3333333,39265.75
3/9/2019,47.42083333,40326,8.56712963,1076.018933,7.043217666,76.96381703,3.24,3.784542587,54.04166667,37999.25
3/10/2019,47.63043478,40313,8.683574879,1078.532053,7.753291536,79.10840125,4.15,2.369274448,178.625,38088
3/11/2019,47.82916667,39540,8.793981481,1074.398973,12.55096154,42.84128205,-0.345833333,3.947724359,234.875,37942.04167
3/12/2019,47.90416667,40125,8.835648148,1060.23583,11.59487179,54.2386859,0.7375,2.304583333,223.7083333,37441.875
3/13/2019,47.94583333,39441,8.858796296,1056.794154,9.396794872,43.81378205,-3.379166667,2.824480519,237.2916667,37320.33333
3/14/2019,47.97916667,39957,8.877314815,1043.813239,11.78942308,37.20826923,-3.8125,3.670803859,221.5,36861.91667
3/15/2019,48.2,32970,9,908.9790347,12.49711538,38.84592949,-3.591666667,1.916483871,239.125,32100.29167
3/16/2019,48.225,29852,9.013888889,795.0521018,12.63237179,49.90147436,0.120833333,0.845384615,244,28077
3/17/2019,48.17916667,24096,8.988425926,668.7400881,13.94519231,52.19576923,2.904166667,0.845320513,234.7916667,23616.33333
3/18/2019,48.2625,19969,9.034722222,569.7915871,14.44326923,56.55788462,4.541666667,0.908935484,244.8333333,20122
3/19/2019,48.33333333,18460,9.074074074,490.0902828,15.97051282,48.16685897,4.366666667,1.717884615,169.2916667,17307.375
3/20/2019,48.4,15252,9.111111111,413.0814386,14.13887147,71.77059561,8.932432432,4.539655172,68.04166667,14587.83333
3/21/2019,48.19583333,11847,8.997685185,346.4424596,11.63633441,77.04466238,7.076,2.050759076,228.9583333,12234.5
3/22/2019,48.40833333,10647,9.115740741,299.5462221,10.54095563,73.82641638,6.04,1.93996587,82.34782609,10578.375
3/23/2019,48.425,10177,9.125,267.8266344,10.39627329,87.40385093,8.301754386,2.049435737,160.2173913,9458.208333
3/24/2019,48.74583333,10003,9.303240741,271.4476512,10.66175439,74.08214035,5.167567568,1.674421053,210.4583333,9586.083333
3/25/2019,48.77083333,10537,9.31712963,270.6665781,10.57788162,78.68062305,7.113513514,2.450186916,39.33333333,9558.5
3/26/2019,48.54583333,10055,9.19212963,274.6745918,10.75462687,84.75722388,8.053061224,1.338358209,122.6666667,9700.041667
3/27/2019,48.82916667,12871,9.349537037,368.2830074,11.54224924,82.28337386,8.675510204,3.467933131,113.0833333,13005.79167
3/28/2019,48.775,15309,9.319444444,432.5646089,9.122289157,84.23165663,6.764583333,3.971144578,98.25,15275.875
3/29/2019,48.7,15443,9.277777778,428.370176,11.12954545,72.87220779,6.088888889,2.748469055,211.9583333,15127.75
3/30/2019,48.91666667,14563,9.398148148,427.3460501,13.35032051,53.24064103,2.495833333,2.524290323,60.66666667,15091.58333
3/31/2019,49.39166667,14974,9.662037037,417.9601953,15.09198718,44.53099359,1.125,1.725580645,624.4444444,14760.125
4/1/2019,49.30833333,14914,9.615740741,420.9228454,16.72211538,52.4924359,6.479166667,1.480064103,115.0416667,14864.75
4/2/2019,49.025,14672,9.458333333,427.5832037,12.9853211,89.33721713,11.11086957,1.859235474,61.66666667,15099.95833
4/3/2019,48.90833333,19014,9.393518519,511.9803851,13.42966361,86.54027523,11.12045455,2.750122324,103.0416667,18080.41667
4/4/2019,48.72916667,26012,9.293981481,720.3168644,14.36550633,78.46667722,10.5875,2.407796053,147.5,25437.75
4/5/2019,48.1,30307,8.944444444,822.3566211,13.83207547,76.67886792,9.896875,7.527610063,111.4166667,29041.25
4/6/2019,47.8875,30337,8.826388889,828.5886871,13.93343558,77.06180982,9.947368421,6.53190184,91.54166667,29261.33333
4/7/2019,48.09583333,29699,8.94212963,816.125735,16.31079365,74.55701587,11.81481481,4.855333333,69.5,28821.20833
4/8/2019,48.42916667,30871,9.127314815,843.3122674,17.62848101,76.76797468,13.8125,3.647174603,71.58333333,29781.29167
4/9/2019,48.62083333,36180,9.233796296,975.2215778,15.49713376,49.37869427,4.689285714,3.487891374,274.125,34439.625
4/10/2019,49.03333333,39869,9.462962963,1090.288264,14.19421222,41.83938907,0.475,3.101225806,283.3333333,38503.16667
4/11/2019,49.08333333,40024,9.490740741,1116.207617,15.33621795,47.01746795,3.358333333,3.199070513,196.2083333,39418.5
4/12/2019,49.20833333,39060,9.560185185,1101.00737,15.50224359,45.47185897,3.145833333,3.099967949,296.1666667,38881.70833
4/13/2019,49.48333333,40394,9.712962963,1104.518659,17.78974359,42.72653846,4.604166667,3.246806452,290.7916667,39005.70833
4/14/2019,49.25,34185,9.583333333,977.7641947,17.55801282,60.74509615,9.675,3.04349359,169.4166667,34529.41667
4/15/2019,49.10416667,29358,9.502314815,841.3796427,14.29935897,47.70439103,2.75,3.566570513,121.125,29713.04167
4/16/2019,49.62083333,24901,9.789351852,708.4875017,11.96194969,74.86622642,7.016129032,2.239716088,266.9583333,25020
4/17/2019,50.34583333,20221,10.19212963,592.3601139,16.4511254,56.97273312,6.5,1.606148867,302.375,20919
4/18/2019,51.1125,17963,10.61805556,506.7299698,20.00032051,58.89932692,10.54166667,1.435897436,305.4166667,17895
4/19/2019,51.325,14923,10.73611111,435.3172424,20.54487179,61.59416667,12,1.389679487,299.1666667,15373.08333
4/20/2019,51.175,14197,10.65277778,367.5585681,19.5021875,60.40553125,11.01875,3.38109375,160.5833333,12980.20833
4/21/2019,51.275,11674,10.70833333,313.1984817,16.71314103,54.95179487,6.670833333,3.345144695,304.8333333,11060.5
4/22/2019,52.11666667,9977,11.17592593,270.4848784,20.55580645,41.514,5.645833333,2.924225806,314.25,9552.083333
4/23/2019,52.44583333,8334,11.3587963,227.4208541,25.24134615,35.71532051,8.245833333,3.48802589,296.3333333,8031.291667
4/24/2019,52.42083333,7713,11.34490741,193.6246977,25.58612903,44.08541935,11.39583333,2.420809061,308.5833333,6837.791667
4/25/2019,52.625,6317,11.45833333,168.0852618,24.24501608,54.59819936,13.6125,2.09073955,307.4166667,5935.875
4/26/2019,52.54166667,5528,11.41203704,160.2532939,23.28064516,58.05283871,12.29583333,1.215519481,312.7083333,5659.291667
4/27/2019,52.40833333,5285,11.33796296,152.5168955,24.02179487,29.67650641,4.641666667,2.741038961,319.375,5386.083333
4/28/2019,52.70416667,5683,11.50231481,150.3671749,22.23557692,46.75310897,8.516666667,3.741121795,311.1666667,5310.166667
4/29/2019,52.50416667,5119,11.3912037,148.7365965,22.88782051,19.64102564,-2.25,3.938974359,329.875,5252.583333
4/30/2019,53.17916667,5724,11.7662037,149.5023312,19.39333333,45.53149206,5.374074074,4.787365079,319.1666667,5279.625
5/1/2019,52.55416667,5510,11.41898148,148.3873554,15.90769231,39.91169872,-0.4875,1.481483871,335.0416667,5240.25
5/2/2019,52.89583333,4988,11.6087963,149.863371,17.57596154,42.07791667,1.504166667,1.512880259,330.375,5292.375
5/3/2019,53.02083333,6297,11.67824074,169.0940494,19.07051282,41.52240385,3.55,1.50465798,330.1666667,5971.5
5/4/2019,52.69583333,7286,11.49768519,218.4314351,20.2724359,45.23778846,6.175,1.61009772,329.1666667,7713.833333
5/5/2019,52.39166667,8632,11.3287037,222.2105543,20.06442308,47.72794872,7.195833333,1.511428571,323.5,7847.291667
5/6/2019,52.675,8250,11.48611111,223.5143091,19.06057692,52.79333333,8.379166667,3.052993421,321.4583333,7893.333333
5/7/2019,52.55,7851,11.41666667,222.6919407,19.10064103,60.54259615,10.50416667,2.334935065,317.7083333,7864.291667
5/8/2019,52.79583333,7792,11.55324074,223.2700763,22.14839744,54.07512821,9.557692308,2.372179487,321.5,7884.708333
5/9/2019,52.4125,8154,11.34027778,224.3130801,24.62580645,35.96029032,5.829166667,3.695870968,335.25,7921.541667
5/10/2019,51.77916667,8215,10.98842593,240.7120739,24.775,21.14711538,-0.591666667,4.07433657,340.9166667,8500.666667
5/11/2019,51.35833333,8647,10.75462963,242.9691626,22.90865385,39.66237179,6.6,1.750716612,332.5833333,8580.375
5/12/2019,51.49166667,7785,10.8287037,242.1279163,22.62660256,53.42051282,11.33333333,1.56683871,329.0416667,8550.666667
5/13/2019,51.425,7944,10.79166667,242.4783372,22.05929487,51.12794872,10.6,2.155081967,266.9166667,8563.041667
5/14/2019,51.60416667,7910,10.8912037,240.6861168,20.12598684,50.83414474,9.030434783,2.460711864,207.3333333,8499.75
5/15/2019,51.04583333,7913,10.58101852,246.1276708,17.79211356,66.52164038,11.328125,4.171570513,99.33333333,8691.916667
5/16/2019,50.90833333,7925,10.50462963,252.9378724,14.49041096,75.78406393,10.83461538,10.27260274,151.5,8932.416667
5/17/2019,51.32916667,8622,10.73842593,244.3543283,13.47018634,72.8468323,8.426315789,5.080434783,167.0416667,8629.291667
5/18/2019,51.525,7832,10.84722222,244.7472246,13.7352381,77.54692063,9.585185185,2.964095238,88.95833333,8643.166667
5/19/2019,51.99166667,7833,11.10648148,247.3842309,11.06876877,84.35840841,8.295744681,3.036939394,233.8333333,8736.291667
5/20/2019,52.175,7403,11.20833333,245.8975965,14.07891374,66.12492013,7.456,3.451451613,282.875,8683.791667
5/21/2019,52.47083333,8116,11.37268519,245.5625138,14.23930818,69.1672956,8.80625,6.502037618,126.125,8671.958333
5/22/2019,52.1375,7429,11.1875,237.1665688,15.49617834,67.06375796,8.451851852,2.752875399,328.875,8375.458333
5/23/2019,52.0125,7937,11.11805556,244.4428185,21.26634615,40.66894231,6.691666667,4.182282958,256.1666667,8632.416667
5/24/2019,52.10416667,7465,11.16898148,244.9489821,20.04679487,60.05753205,11.06666667,1.404350649,302.75,8650.291667
5/25/2019,51.78333333,8536,10.99074074,245.4822827,19.85063291,51.96303797,9.45,10.45425287,345.4166667,8669.125
5/26/2019,50.875,7541,10.48611111,247.0137522,14.94465409,66.70889937,8.870967742,4.287142857,256.25,8723.208333
5/27/2019,50.5625,8396,10.3125,245.95541,16.31538462,61.31884615,8.695833333,2.595322581,293.1666667,8685.833333
5/28/2019,50.8,7313,10.44444444,245.7158967,19.5400641,67.30701923,11.82083333,2.494064516,312.1666667,8677.375
5/29/2019,51.22916667,8552,10.68287037,246.6574318,24.85064103,41.66285256,9.816666667,2.603890675,343.5,8710.625
5/30/2019,51.21666667,13050,10.67592593,372.8915742,22.70402477,56.06634675,12.51538462,2.623364486,287.5416667,13168.54167
5/31/2019,51.50416667,12692,10.83564815,378.6906284,22.77594937,56.2614557,11.87586207,3.209111111,320.5,13373.33333
6/1/2019,51.50416667,13089,10.83564815,378.1691265,27.27532051,42.61326923,12.06666667,3.952339744,343.4583333,13354.91667
6/2/2019,51.7125,12812,10.95138889,378.7165855,27.37852564,44.25102564,13.47083333,2.639903537,339.9583333,13374.25
6/3/2019,51.80416667,13327,11.00231481,377.0399922,27.04487179,55.88666667,16.17083333,2.182893891,336.125,13315.04167
6/4/2019,51.94166667,12859,11.0787037,375.4660475,29.03451613,41.20183871,11.73333333,2.757152104,353.0833333,13259.45833
6/5/2019,51.95833333,13876,11.08796296,374.4230437,29.69423077,29.84262821,8.8,2.525307443,354.7083333,13222.625
6/6/2019,51.95833333,12877,11.08796296,372.7145939,25.21955128,31.35782051,4.345833333,2.270416667,290.125,13162.29167
6/7/2019,51.7375,12879,10.96527778,373.2160381,20.05929487,25.04721154,-1.85,5.283376206,367.6666667,13180
6/8/2019,51.79583333,12545,10.99768519,372.4845195,21.54038462,21.96987179,-2.5,6.758910256,368.9166667,13154.16667
6/9/2019,51.75833333,12670,10.97685185,373.8354691,26.62724359,14.28019231,-3.029166667,5.337692308,356.4583333,13201.875
6/10/2019,51.9,12401,11.05555556,371.9205424,27.24487179,35.68762821,7.0625,1.396266234,361.125,13134.25
6/11/2019,51.91666667,11384,11.06481481,339.9024479,38.21634615,14.04144231,6.55,1.783009709,353.2916667,12003.54167
6/12/2019,52.025,11403,11.125,300.4547209,29.75576923,38.15330128,12.675,2.016570513,253.7083333,10610.45833
6/13/2019,52.00833333,9794,11.11574074,297.5723019,28.31378205,50.93894231,15.06666667,1.472083333,304.2916667,10508.66667
6/14/2019,52.02083333,9306,11.12268519,298.4654624,28.30865385,44.85326923,14.34583333,2.466990291,339.4166667,10540.20833
6/15/2019,51.81666667,10075,11.00925926,296.6932998,27.49871795,54.45676282,16.71666667,2.545242718,312.0833333,10477.625
6/16/2019,51.83333333,9816,11.01851852,296.5871116,26.88434505,58.88584665,16.95833333,1.49474026,313.25,10473.875
6/17/2019,51.3625,10601,10.75694444,297.2171614,30.26891026,43.73708333,14.0125,3.846570513,333.9583333,10496.125
6/18/2019,51.28333333,9646,10.71296296,296.7959483,33.43429487,21.21923077,7.470833333,5.121368078,360.4583333,10481.25
6/19/2019,51.24583333,9743,10.69212963,296.7416744,32.9318328,18.99189711,5.1625,4.449710611,360.1666667,10479.33333
6/20/2019,51.15,9825,10.63888889,296.6567238,29.14455128,16.30019231,0.333333333,5.281442308,363.7916667,10476.33333
6/21/2019,51.19583333,10320,10.66435185,297.3717242,24.76421725,19.88667732,-0.612,6.527459807,362.2916667,10501.58333
6/22/2019,51.4,10062,10.77777778,297.4956104,27.22596154,22.55535256,3.341666667,5.784134615,359.1666667,10505.95833
6/23/2019,51.5,10183,10.83333333,298.1445382,28.8875,26.13355769,5.7875,3.566559486,358.5,10528.875
6/24/2019,51.68333333,9749,10.93518519,298.1610563,29.28167203,25.05234727,5.670833333,2.683915858,358.0833333,10529.45833
6/25/2019,51.6,10047,10.88888889,297.7563614,27.06089744,24.83836538,4.004166667,2.563645161,312.5833333,10515.16667
6/26/2019,51.4625,9919,10.8125,298.4076489,23.7807571,33.66807571,5.75,3.550159744,270.9583333,10538.16667
6/27/2019,51.50416667,10540,10.83564815,299.3550834,20.60996785,39.56344051,5.445833333,2.520966667,301.7916667,10571.625
6/28/2019,52.02083333,10319,11.12268519,298.424167,22.527,38.29576667,6.4125,2.752356902,355.7916667,10538.75
6/29/2019,51.625,10786,10.90277778,324.0697911,23.55366667,34.86463333,5.183333333,2.354932432,352.5,11444.41667
6/30/2019,51.74583333,10833,10.96990741,325.3192719,25.30416667,27.98711538,2.895833333,2.654136808,351.875,11488.54167
7/1/2019,51.80416667,10424,11.00231481,325.3357901,24.53486842,31.13310231,5.104347826,2.055882353,303.4166667,11489.125
7/2/2019,51.75,10912,10.97222222,324.5488177,25.72019231,33.51201923,7.066666667,2.15347541,345.75,11461.33333
7/3/2019,51.96666667,10994,11.09259259,325.3357901,26.45705128,31.11227564,6.825,2.861909385,346.5,11489.125
7/4/2019,52.01666667,10981,11.12037037,323.2863583,27.5275641,31.85971154,7.291666667,2.458899676,330.5833333,11416.75
7/5/2019,52.07916667,11253,11.15509259,322.9961107,28.00641026,31.62192308,7.825,1.897278689,344.25,11406.5
7/6/2019,52.1,11408,11.16666667,323.2509623,28.79487179,39.41958333,12.34166667,2.082605863,332.625,11415.5
7/7/2019,52.24583333,10886,11.24768519,323.2686603,27.89070513,32.51259615,8.704166667,2.853311897,329.375,11416.125
7/8/2019,52.4125,10509,11.34027778,323.2698402,25.1349359,43.70891026,10.7875,3.103094463,330.4166667,11416.16667
7/9/2019,51.93333333,10868,11.07407407,323.5459294,24.59455128,50.29897436,12.84166667,2.451396104,289.4583333,11425.91667
7/10/2019,51.91666667,10808,11.06481481,323.7052117,25.30608974,43.40807692,10.99583333,2.174625407,298.25,11431.54167
7/11/2019,51.7875,10951,10.99305556,323.9683224,28.19839744,40.71320513,12.58333333,2.235276873,335.875,11440.83333
7/12/2019,52.0625,11340,11.14583333,318.9975359,29.61378205,37.12657051,12.325,2.010130719,335.2083333,11265.29167
7/13/2019,52.17916667,11110,11.21064815,319.9591289,30.57596154,39.34176282,14.125,2.307567568,334.7916667,11299.25
7/14/2019,52.1375,10865,11.1875,320.2576356,30.20032051,35.60086538,11.825,2.48926045,336.0833333,11309.79167
7/15/2019,52.13333333,10862,11.18518519,319.3491368,28.74647436,38.91711538,11.88333333,2.24368932,290.2083333,11277.70833
7/16/2019,52.16666667,11029,11.2037037,318.3108524,29.28429487,35.92384615,11.4625,1.982207792,320.6666667,11241.04167
7/17/2019,52.00833333,10997,11.11574074,318.6624533,29.27942122,41.82463023,13.34166667,2.37029703,329.75,11253.45833
7/18/2019,52.03333333,10707,11.12962963,325.0962768,29.52788462,42.66134615,14.2375,2.869389068,328.125,11480.66667
7/19/2019,51.725,10963,10.95833333,318.6447552,28.3650641,37.65967949,11.28333333,2.068986928,326.0416667,11252.83333
7/20/2019,51.7375,10912,10.96527778,317.650126,27.58012821,38.46490385,10.29583333,1.943289902,331.75,11217.70833
7/21/2019,51.52083333,11139,10.84490741,318.5173294,28.1400641,41.95541667,12.72083333,2.126168831,300.1666667,11248.33333
7/22/2019,51.6625,10993,10.92361111,318.7981381,29.58429487,37.46650641,12.17083333,2.627788462,330,11258.25
7/23/2019,51.9875,10352,11.10416667,321.9660854,29.88580645,36.34277419,11.5,2.405798046,332.5,11370.125
7/24/2019,51.67916667,10309,10.93287037,318.4429977,30.11025641,31.72532051,8.920833333,2.568431373,337.3333333,11245.70833
7/25/2019,51.12916667,11699,10.62731481,317.8884594,30.13461538,24.65403846,5.554166667,1.978032258,306.875,11226.125
7/26/2019,51.06666667,11074,10.59259259,317.5757943,30.4392283,28.19807074,6.508333333,1.883486842,325,11215.08333
7/27/2019,51.35833333,10710,10.75462963,317.7610336,30.1724359,26.31288462,6.15,2.134271845,326.4166667,11221.625
7/28/2019,51.05416667,10598,10.58564815,317.8341855,32.66410256,27.69483974,9.466666667,2.231396104,316.7916667,11224.20833
7/29/2019,51.24583333,11234,10.69212963,317.6477663,30.94038462,31.35560897,10.01666667,2.619517685,316.2916667,11217.625
7/30/2019,51.35833333,10512,10.75462963,318.1846065,28.50929487,38.97073718,11.35416667,2.726980519,324.4166667,11236.58333
7/31/2019,51.6375,9756,10.90972222,318.1114546,27.83942308,28.46269231,5.95,1.951791531,323.7916667,11234
8/1/2019,51.20833333,11187,10.6712963,318.1303325,27.8099359,30.03987179,6.75,1.926225806,321.7916667,11234.66667
8/2/2019,51.42916667,11371,10.79398148,317.9085172,28.45673077,34.2313141,9.7875,1.767475728,314.125,11226.83333
8/3/2019,51.44166667,11083,10.80092593,317.739796,30.56762821,33.93689103,10.85,2.30776699,320.8333333,11220.875
8/4/2019,51.54166667,10079,10.85648148,318.1869662,30.21762821,36.52166667,11.83333333,2.760812721,316.2916667,11236.66667
8/5/2019,51.68333333,10731,10.93518519,319.1308611,28.39423077,28.89980769,6.458333333,1.624096774,295.0833333,11270
8/6/2019,51.89166667,10968,11.05092593,322.6586682,29.06378205,29.05179487,6.641666667,2.021061093,282.8333333,11394.58333
8/7/2019,51.75,10496,10.97222222,326.8849576,29.10289389,30.47363344,7.933333333,2.087322581,308.625,11543.83333
8/8/2019,51.81666667,11079,11.00925926,326.8684394,26.60737179,36.36980769,8.458333333,2.379733333,311.9583333,11543.25
8/9/2019,51.85833333,11583,11.03240741,326.4543055,24.25225806,46.62554839,11.60833333,3.131645161,212.375,11528.625
8/10/2019,51.62083333,11136,10.90046296,320.39804,21.45446154,65.522,14.1047619,2.656863354,179.3333333,11314.75
8/11/2019,51.33333333,11165,10.74074074,320.5891787,22.3974359,55.08362179,11.575,1.994694534,291.6666667,11321.5
8/12/2019,51.55416667,11027,10.86342593,321.4233458,27.25833333,41.51346154,10.74166667,1.991382637,308.375,11350.95833
8/13/2019,51.8,10974,11,321.4611016,28.69704918,34.58596721,9.170833333,1.98089404,303.2083333,11352.29167
8/14/2019,51.59166667,10997,10.88425926,321.3478342,30.45,36.7688141,11.17083333,1.779352751,301.375,11348.29167
8/15/2019,51.62083333,10942,10.90046296,320.6080566,32.46185897,29.90689103,10.0875,2.812935484,300.125,11322.16667
8/16/2019,51.4625,11030,10.8125,320.9419594,33.94391026,20.11967949,7.320833333,3.381350482,297.3333333,11333.95833
8/17/2019,51.60416667,11094,10.8912037,321.4233458,31.96102236,24.64495208,8.556,2.641214058,295.25,11350.95833
8/18/2019,51.71666667,10782,10.9537037,321.8044434,27.61570513,43.65304487,12.45416667,2.221006494,293.5833333,11364.41667
8/19/2019,51.8875,11188,11.04861111,321.574369,25.24935897,43.76647436,10.125,1.78607717,287.375,11356.29167
8/20/2019,51.975,11050,11.09722222,322.7117623,25.43333333,42.79253205,10.49166667,1.62073955,289.5416667,11396.45833
8/21/2019,51.25833333,10389,10.69907407,318.4111412,24.48090452,50.51266332,11.664,1.652227979,248,11244.58333
8/22/2019,51.48333333,10706,10.82407407,304.3718847,31.46785714,31.11357143,11.725,4.115,264.9166667,10748.79167
8/23/2019,51.55833333,10235,10.86574074,306.4897488,31.73942308,23.33794872,7.6625,2.913915858,287.7083333,10823.58333
8/24/2019,51.69583333,10331,10.94212963,305.4845008,28.99358974,42.27891026,13.575,1.931129032,280.625,10788.08333
8/25/2019,51.83333333,10127,11.01851852,305.6142863,29.34807692,39.88621795,13.07916667,2.214110032,278.5,10792.66667
8/26/2019,51.78333333,10477,10.99074074,302.7070901,31.29678457,33.26916399,11.3375,2.342801303,282.2916667,10690
8/27/2019,51.65833333,9974,10.9212963,292.7607977,31.37852564,34.41346154,12.02916667,1.242451613,279.0833333,10338.75
8/28/2019,51.5,9997,10.83333333,292.5802778,30.08196721,41.9392459,14.46666667,1.773488372,226.5833333,10332.375
8/29/2019,51.33333333,9887,10.74074074,293.5182733,27.70961538,43.71682692,13.4375,2.417387097,266.6666667,10365.5
8/30/2019,51.49166667,9140,10.8287037,281.2205028,27.25980707,45.93395498,13.0375,1.953648208,273.75,9931.208333
8/31/2019,51.4375,9510,10.79861111,280.0984478,26.86153846,31.86740385,6.729166667,1.286970684,275.8333333,9891.583333
9/1/2019,51.25833333,8994,10.69907407,280.1491822,27.94711538,35.04153846,9.216666667,2.048910256,270.3333333,9893.375
9/2/2019,51.23333333,9200,10.68518519,280.0288356,28.10480769,32.77448718,8.04,1.969935691,267.5,9889.125
9/3/2019,51.02083333,9805,10.56712963,279.998159,27.10224359,31.65352564,6.966666667,1.603289902,272.625,9888.041667
9/4/2019,51.22916667,9019,10.68287037,267.2945137,26.81634615,31.07948718,5.625,1.285512821,249.0416667,9439.416667
9/5/2019,51.15833333,8922,10.64351852,267.8714694,28.38782051,34.54048077,9.775,2.029519231,240.3333333,9459.791667
9/6/2019,51.48333333,8794,10.82407407,254.2274688,25.54647436,33.92028846,6.6875,1.878058252,256.4166667,8977.958333
9/7/2019,51.63333333,8160,10.90740741,254.1602163,24.04115756,36.72125402,6.733333333,1.629612903,233,8975.583333
9/8/2019,51.45833333,8810,10.81018519,253.5655625,22.47620579,51.76016077,10.57916667,2.875179153,256.9583333,8954.583333
9/9/2019,51.41666667,8321,10.78703704,254.1106618,22.32788462,42.90862179,8.008333333,2.253054662,245.625,8973.833333
9/10/2019,51.41666667,8026,10.78703704,254.3914706,22.34230769,39.32336538,6.941666667,2.077540453,231.25,8983.75
9/11/2019,51.10416667,8667,10.61342593,254.0776255,23.44583333,41.88740385,8.108333333,2.503173077,243.625,8972.666667
9/12/2019,51.15833333,8212,10.64351852,254.5731703,26.42636986,27.66294521,4.177272727,2.023576389,254.9583333,8990.166667
9/13/2019,51.15,8848,10.63888889,254.5566522,26.17211538,29.78503205,5.054166667,1.646915584,251,8989.583333
9/14/2019,51.27916667,8504,10.71064815,254.2428071,25.79134615,33.17663462,6.375,1.603431373,242.2083333,8978.5
9/15/2019,51.275,8527,10.70833333,254.2097708,24.07115385,36.99301282,6.5625,2.804262821,229.625,8977.333333
9/16/2019,51.40416667,8344,10.78009259,253.9785166,22.30224359,51.50753205,10.56538462,3.53789644,184.5416667,8969.166667
9/17/2019,51.12916667,7644,10.62731481,241.861266,17.71634615,55.69666667,7.495833333,2.040294118,227.8333333,8541.25
9/18/2019,51.2625,7258,10.70138889,240.7156135,19.72912621,59.04055016,10.15217391,3.199509804,144.1666667,8500.791667
9/19/2019,51.19583333,7705,10.66435185,236.6427071,17.02628205,69.67929487,9.841666667,2.256451613,200.5416667,8356.958333
9/20/2019,51.325,7926,10.73611111,228.7458465,21.36141479,40.75630225,6.654166667,4.414774194,232.1666667,8078.083333
9/21/2019,51.59583333,7829,10.88657407,229.6106902,23.79455128,35.65980769,6.345833333,4.250801282,234.5416667,8108.625
9/22/2019,51.65,7531,10.91666667,229.4431489,21.20064103,46.83974359,7.9125,1.02683871,170.7083333,8102.708333
9/23/2019,51.67916667,8499,10.93287037,228.8060198,23.31570513,42.87310897,8.85,5.821189711,223.5,8080.208333
9/24/2019,51.67916667,8186,10.93287037,229.3310613,28.28397436,28.58791667,8.0125,6.138942308,223.625,8098.75
9/25/2019,51.825,6812,11.01388889,220.0348766,31.38108974,28.59016026,10.1125,6.730801282,223.5,7770.458333
9/26/2019,51.56666667,7710,10.87037037,219.564109,31.22179487,20.27846154,5.3875,4.172540193,222.2916667,7753.833333
9/27/2019,51.46666667,7503,10.81481481,220.2968074,23.30032051,57.22554487,13.62692308,3.630771704,160.125,7779.708333
9/28/2019,51.85416667,6978,11.03009259,219.3116171,19.29808307,50.80920128,7.664,2.902645161,190.5,7744.916667
9/29/2019,50.40833333,7449,10.22685185,220.713301,12.40351438,53.07102236,2.757692308,2.791193548,146.5416667,7794.416667
9/30/2019,50.41666667,7597,10.23148148,219.8342989,11.45308642,79.6095679,7.494594595,0.96617284,148.0833333,7763.375
10/1/2019,50.625,7465,10.34722222,219.1676731,14.17596154,50.51179487,2.304166667,3.113074434,219.875,7739.833333
10/2/2019,50.64166667,7181,10.35648148,195.7272235,15.04487179,44.35461538,1.129166667,1.231064516,213.5833333,6912.041667
10/3/2019,51.56666667,6671,10.87037037,190.7068826,17.16687898,41.86920382,2.823076923,1.652387097,200.0833333,6734.75
10/4/2019,51.71666667,6314,10.9537037,190.4956861,17.61474359,33.27788462,0.358333333,3.504180064,202.375,6727.291667
10/5/2019,51.61666667,6418,10.89814815,189.0314692,20.15160256,27.34192308,-0.25,3.771057692,204.1666667,6675.583333
10/6/2019,50.99583333,6671,10.55324074,191.2979968,23.99871795,18.94349359,-1.454166667,4.198076923,207.7916667,6755.625
10/7/2019,50.83333333,6680,10.46296296,191.1210165,19.66205788,37.03096463,2.3125,0.975210356,203.375,6749.375
10/8/2019,51.54583333,6370,10.8587963,190.7941929,19.87628205,39.82442308,3.8375,0.982467949,202.25,6737.833333
10/9/2019,51.87083333,6488,11.03935185,190.6443495,19.33903226,20.45367742,-5.2375,7.205483871,205.5,6732.541667
10/10/2019,51.42083333,6405,10.78935185,190.8390279,17.94711538,12.26429487,-12.01666667,8.796762821,203.9166667,6739.416667
10/11/2019,51.175,6541,10.65277778,191.6991521,18.08237179,15.52054487,-10.6,2.510868167,198.125,6769.791667
10/12/2019,51.36666667,6338,10.75925926,191.9846803,14.50769231,35.37512821,-2.866666667,0.492347267,186.0416667,6779.875
10/13/2019,51.325,6284,10.73611111,191.9799608,16.15480769,37.86278846,-0.529166667,0.853717949,184.9166667,6779.708333
10/14/2019,51.325,8421,10.73611111,243.9968281,15.97564103,34.46528846,-2.420833333,0.972339744,186.0833333,8616.666667
10/15/2019,51.33333333,7938,10.74074074,247.2650642,15.96955128,35.73855769,-1.204166667,0.871575563,166.4166667,8732.083333
10/16/2019,51.375,7648,10.76388889,216.1495692,14.31457627,46.36159722,1.048,0.784006515,137.5416667,7633.25
10/17/2019,51.5875,7244,10.88194444,196.0387088,16.71538462,60.50089744,7.641666667,1.893569132,173.75,6923.041667
10/18/2019,51.62083333,8468,10.90046296,247.4149075,14.54903846,55.56467949,4.983333333,1.493311897,169.9583333,8737.375
10/19/2019,51.49583333,8551,10.83101852,248.8307498,15.83601286,60.47311897,7.9375,1.892275641,115.75,8787.375
10/20/2019,51.52083333,7645,10.84490741,218.3712618,14.12628205,63.63714744,5.5875,1.586032258,170.4583333,7711.708333
10/21/2019,51.79583333,6701,10.99768519,197.4663498,18.10416667,49.46477564,5.608333333,2.756602564,167,6973.458333
10/22/2019,51.54166667,8047,10.85648148,245.5778521,21.35709677,40.18306452,6.054166667,3.336213592,164.5833333,8672.5
10/23/2019,51.38333333,8071,10.76851852,246.5654021,24.80416667,27.3363141,2.7875,7.754423077,170.2083333,8707.375
10/24/2019,51.50833333,7678,10.83796296,212.5993446,24.63814103,13.57836538,-5.141666667,6.435608974,150.7083333,7507.875
10/25/2019,51.30416667,6874,10.72453704,190.9640939,19.41891026,28.6000641,-1.75,0.786217949,164.375,6743.833333
10/26/2019,51.37083333,8053,10.76157407,243.4599879,18.38248408,37.03643312,2.958064516,3.074711538,163.9166667,8597.708333
10/27/2019,51.0625,8238,10.59027778,243.44111,16.13006536,20.23222222,-7.875,10.80503268,164.5,8597.041667
10/28/2019,51.075,7610,10.59722222,213.5432395,15.45608974,13.60121795,-12.75416667,4.363032258,163.2083333,7541.208333
10/29/2019,51.02916667,6273,10.57175926,193.4370985,11.40915033,25.48189542,-10.11304348,5.322352941,144.4347826,6831.166667
10/30/2019,50.60833333,7906,10.33796296,231.3498165,13.68878205,9.413621795,-18.58333333,4.892532051,160.7083333,8170.041667
10/31/2019,51.04166667,6523,10.5787037,202.5374251,9.855483871,30.32254839,-9.720833333,0.978098361,157.3333333,7152.541667
11/1/2019,50.80833333,6683,10.44907407,175.4488217,11.58617363,30.42234727,-6.95,0.538810289,150.875,6195.916667
11/2/2019,51.05833333,5935,10.58796296,165.8069355,13.28108974,37.80416667,-2.895833333,0.550352564,148.5833333,5855.416667
11/3/2019,51.05416667,5287,10.58564815,161.1322961,13.5525641,39.10833333,-1.808333333,1.016730769,146.2916667,5690.333333
11/4/2019,51.29583333,5157,10.71990741,152.3316561,14.75833333,42.9174359,0.375,0.905160256,144.375,5379.541667
11/5/2019,51.55416667,5084,10.86342593,145.0034922,15.53354839,45.59803226,2.1125,0.532387097,137.7916667,5120.75
11/6/2019,51.39583333,4980,10.77546296,141.592492,15.98677419,46.97848387,3.460869565,0.537225806,135.5,5000.291667
11/7/2019,51.32083333,4862,10.7337963,141.3730365,13.87363344,50.50311897,2.395833333,0.503993506,126.375,4992.541667
11/8/2019,51.4125,4969,10.78472222,141.5795135,13.91346154,50.73641026,2.045833333,0.172258065,138.25,4999.833333
11/9/2019,51.49583333,4435,10.83101852,141.4922032,14.25448718,46.69846154,1.1375,0.593141026,120.125,4996.75
11/10/2019,51.61666667,5810,10.89814815,141.3341008,16.01891026,43.86086538,2.329166667,1.251025641,129.4583333,4991.166667
11/11/2019,51.72083333,5095,10.95601852,141.0379538,24.27692308,30.13480769,5.220833333,4.044983923,123.1666667,4980.708333
11/12/2019,51.725,5083,10.95833333,141.206675,16.30095847,51.8571246,5.344,0.720032051,100.875,4986.666667
11/13/2019,51.82083333,4899,11.01157407,140.7524256,14.11446945,57.03411576,4.65,0.452829582,99.33333333,4970.625
11/14/2019,51.7125,5006,10.95138889,140.4727967,14.42948718,54.15711538,5.066666667,0.916,94.95833333,4960.75
11/15/2019,51.7875,5012,10.99305556,142.4608753,15.27403846,63.05092949,8.004166667,0.899453376,115.125,5030.958333
11/16/2019,51.86666667,4992,11.03703704,142.5883011,16.88461538,53.54503205,5.941666667,2.4414791,113.375,5035.458333
11/17/2019,52.05,4863,11.13888889,141.9145962,19.8807074,32.40980707,1.816666667,2.289646302,123,5011.666667
11/18/2019,51.9625,4851,11.09027778,137.9608565,18.47275641,47.02147436,6.058333333,1.475416667,118,4872.041667
11/19/2019,51.86666667,5307,11.03703704,136.1650964,15.76818182,52.93288961,5.033333333,1.801842105,116.875,4808.625
11/20/2019,51.675,4738,10.93055556,135.6990483,16.56025641,32.35817308,-0.683333333,7.556282051,120.6666667,4792.166667
11/21/2019,51.56666667,4951,10.87037037,135.9244032,15.24935897,30.61576923,-2.175,5.441089744,117.2083333,4800.125
11/22/2019,51.58333333,4893,10.87962963,136.0895849,9.93525641,54.08035256,0.429166667,0.822435897,113.5833333,4805.958333
11/23/2019,51.4625,4960,10.8125,137.4204766,10.37692308,56.62705128,0.554166667,1.211634615,117.2916667,4852.958333
11/24/2019,51.29583333,4909,10.71990741,139.222136,9.431089744,50.9788141,-1.270833333,0.6425,108.8333333,4916.583333
11/25/2019,51.50833333,4890,10.83796296,138.3089177,10.33846154,44.56272436,-2.591666667,2.598608414,116.5,4884.333333
11/26/2019,51.16666667,5077,10.64814815,138.5909063,5.029372937,57.68234323,-2.774074074,2.779075908,17.54166667,4894.291667
11/27/2019,50.69583333,4849,10.38657407,139.4628292,5.97972028,80.99048951,2.6,10.70622378,67.86363636,4925.083333
11/28/2019,50.6875,4813,10.38194444,137.354404,4.547164179,81.75791045,1.339622642,2.381522388,90.04166667,4850.625
11/29/2019,50.88333333,4881,10.49074074,137.3426053,5.251757188,63.30399361,-1.296153846,2.220734824,95.04166667,4850.208333
11/30/2019,51.31666667,4934,10.73148148,137.4959882,4.5578125,84.20128125,2.015625,1.0651875,21.5,4855.625
12/1/2019,51.2,4976,10.66666667,137.416937,4.603188406,91.30881159,3.490625,2.024782609,15.25,4852.833333
12/2/2019,51.1,5303,10.61111111,137.7213431,8.362356322,92.72597701,7.277777778,2.04433526,26.70833333,4863.583333
12/3/2019,51.53333333,4841,10.85185185,138.2463847,12.03237179,81.50003205,8.641666667,1.744230769,79.91666667,4882.125
12/4/2019,51.74583333,4697,10.96990741,139.0050402,10.98867925,80.03726415,7.64375,1.248396226,30.60869565,4908.916667
12/5/2019,51.775,4687,10.98611111,138.8634559,11.25876923,87.36221538,9.192857143,1.184830769,35.25,4903.916667
12/6/2019,51.68333333,5134,10.93518519,139.4274331,11.91492063,85.70968254,9.78,1.365015974,28,4923.833333
12/7/2019,51.7375,5192,10.96527778,146.9903909,12.79885057,88.56390805,11.05147059,7.867809798,4.291666667,5190.916667
12/8/2019,51.81666667,4420,11.00925926,141.0249752,13.12,85.31684375,10.63142857,4.0915625,60.54166667,4980.25
12/9/2019,51.54166667,5023,10.85648148,139.2339347,8.975320513,81.26439103,5.533333333,1.204775641,104.3333333,4917
12/10/2019,51.50833333,5470,10.83796296,139.2752301,7.090353698,81.48073955,3.975,0.686109325,67.875,4918.458333
12/11/2019,51.62083333,5074,10.90046296,138.7773255,9.598873239,90.98202817,8.467532468,0.518253521,10.45833333,4900.875
12/12/2019,51.51666667,4642,10.84259259,138.7655269,11.2110119,92.26238095,9.953225806,2.076190476,14.75,4900.458333
12/13/2019,51.40416667,4487,10.78009259,138.8894131,11.87078313,93.66927711,10.81132075,1.169759036,10.375,4904.833333
12/14/2019,51.32916667,4889,10.73842593,139.1076888,9.34548105,85.10976676,6.487096774,2.165526316,81.79166667,4912.541667
12/15/2019,51.05833333,5006,10.58796296,139.2988275,5.433974359,84.0938141,2.6875,0.786153846,92.79166667,4919.291667
12/16/2019,50.7875,5483,10.4375,138.2629028,5.553205128,75.26698718,0.425,1.440641026,101.2083333,4882.708333
12/17/2019,50.675,4963,10.375,138.8563767,5.185806452,70.42748387,-0.125,0.824267101,55.16666667,4903.666667
12/18/2019,50.58333333,5132,10.32407407,140.1400738,3.808490566,83.67735849,1.658064516,1.198427673,22.70833333,4949
12/19/2019,50.54583333,4536,10.30324074,140.2804781,7.223919308,93.82605187,6.36875,0.47074928,12.45833333,4953.958333
12/20/2019,50.65,5327,10.36111111,140.9341254,9.23620178,93.81261128,8.184210526,0.695548961,26.375,4977.041667
12/21/2019,51.8875,6724,11.04861111,195.5868191,7.823880597,91.47865672,6.073015873,0.722626866,37.41666667,6907.083333
12/22/2019,52.3625,7016,11.3125,197.4864076,7.450473186,88.54832808,5.712903226,3.419968354,11.75,6974.166667
12/23/2019,52.2125,6763,11.22916667,197.2704917,7.829909366,79.9834139,4.912765957,2.422839879,96.29166667,6966.541667
12/24/2019,51.94583333,7318,11.08101852,197.7129424,4.092698413,77.94136508,0.235714286,0.925587302,51.375,6982.166667
12/25/2019,52,6879,11.11111111,195.7177846,6.532647059,89.04102941,4.931034483,0.983029412,18.20833333,6911.708333
12/26/2019,51.8,6652,11,193.7190871,7.779166667,63.37419872,0.3375,3.977532051,97.66666667,6841.125
12/27/2019,51.3875,7167,10.77083333,193.8406136,9.045833333,47.83317308,-1.670833333,3.349166667,91.5,6845.416667
12/28/2019,51.15416667,6476,10.6412037,193.3415292,10.69262821,43.97448718,-1.5625,2.715961538,94.125,6827.791667
12/29/2019,51.22916667,6940,10.68287037,171.6944798,8.979233227,68.90824281,3.544,0.681405751,41.66666667,6063.333333
12/30/2019,51.075,5895,10.59722222,163.1687493,8.960371517,75.38083591,4.313157895,2.702105263,95.58333333,5762.25
12/31/2019,50.94166667,5722,10.52314815,156.9378632,14.53910256,42.49304487,1.779166667,3.865128205,92.875,5542.208333
1/1/2020,51.13333333,5528,10.62962963,151.7605997,11.11904762,72.46555556,6.096296296,1.291428571,70.45833333,5359.375
1/2/2020,51.3375,5558,10.74305556,146.1113888,8.029166667,76.22067308,2.8,1.188397436,95.70833333,5159.875
1/3/2020,51.15,5274,10.63888889,143.1334004,8.251282051,70.44887821,2.783333333,1.486891026,92.83333333,5054.708333
1/4/2020,51.30416667,5060,10.72453704,144.1327492,9.165217391,80.76428571,5.938888889,0.659192547,84.33333333,5090
1/5/2020,51.325,4807,10.73611111,144.5869986,7.704166667,78.32958333,3.779166667,1.076185897,92.375,5106.041667
1/6/2020,51.08333333,5087,10.60185185,144.0159422,7.492948718,68.78974359,1.454166667,1.795097403,103.5833333,5085.875
1/7/2020,50.70833333,4904,10.39351852,143.5616927,5.539102564,73.73480769,0.8875,0.753076923,97,5069.833333
1/8/2020,50.47916667,4956,10.2662037,142.4585156,6.987155963,89.06076453,5.156818182,1.997737003,19.70833333,5030.875
1/9/2020,50.4875,4910,10.27083333,142.6531939,8.3659375,80.701125,4.851428571,2.82303125,97.5,5037.75
1/10/2020,50.44166667,4764,10.24537037,142.5883011,6.375320513,64.94916667,0.025,2.295,78.95833333,5035.458333
1/11/2020,50.42916667,4826,10.23842593,142.6661725,8.8875,73.55307692,4.426923077,3.464267101,80.45833333,5038.208333
1/12/2020,50.40416667,4719,10.22453704,141.3848352,5.255076923,83.45215385,1.688372093,1.519261538,53.83333333,4992.958333
1/13/2020,50.175,4896,10.09722222,141.9263949,7.681132075,78.93562893,4.448484848,4.373050314,27,5012.083333
1/14/2020,50.0625,5087,10.03472222,141.5641752,8.671608833,73.97435331,4.165517241,6.147507886,97.08333333,4999.291667
1/15/2020,49.73333333,5604,9.851851852,141.4615266,5.922397476,76.48586751,2.017241379,2.000379747,35,4995.666667
1/16/2020,49.55,5146,9.75,143.0944648,7.251829268,78.32719512,3.854545455,5.775552147,12.375,5053.333333
1/17/2020,49.625,4999,9.791666667,141.8497034,6.144720497,83.25723602,3.589189189,3.397049689,22.25,5009.375
1/18/2020,49.49166667,4854,9.717592593,141.629068,5.603205128,79.04826923,1.783333333,1.467147436,93.75,5001.583333
1/19/2020,49.4625,5201,9.701388889,141.8107677,7.467307692,68.54782051,1.791666667,1.477115385,62.91666667,5008
1/20/2020,49.575,5236,9.763888889,141.629068,7.2125,80.84769231,4.091666667,1.232884615,39.66666667,5001.583333
1/21/2020,49.64166667,5254,9.800925926,143.6006284,8.359813084,84.91613707,6.266666667,3.077040498,9.666666667,5071.208333
1/22/2020,49.55833333,5223,9.75462963,142.4195799,9.547428571,90.71337143,8.133783784,0.713628571,48.66666667,5029.5
1/23/2020,49.4875,4647,9.715277778,142.7440438,7.445945946,89.03696697,4.435416667,0.582372372,50.08333333,5040.958333
1/24/2020,49.63333333,4995,9.796296296,142.7051081,9.850442478,91.39374631,8.498305085,0.773510324,33.875,5039.583333
1/25/2020,49.6875,4734,9.826388889,142.6531939,10.40436137,92.17320872,9.297297297,0.342461059,26.95833333,5037.75
1/26/2020,49.69583333,4999,9.831018519,143.2242503,12.37220544,89.32845921,10.27959184,1.248821752,87.25,5057.916667
1/27/2020,49.69166667,5146,9.828703704,142.7310652,12.30063694,70.36933121,6.974074074,1.722523962,83.70833333,5040.5
1/28/2020,49.5625,5000,9.756944444,143.4708429,12.06805112,78.18182109,8.365517241,3.632973856,88.08333333,5066.625
1/29/2020,49.51666667,4941,9.731481481,143.056709,10.78242812,75.29399361,6.003571429,2.128242812,101.2916667,5052
1/30/2020,49.375,5194,9.652777778,144.7226835,13.16148867,64.23718447,6.165384615,1.488122977,114.5,5110.833333
1/31/2020,49.55,5020,9.75,144.4182774,13.2474359,64.97266026,6.308333333,1.157115385,125.9583333,5100.083333
2/1/2020,49.60833333,4876,9.782407407,144.6129557,9.941346154,80.70961538,6.616666667,0.675705128,79.33333333,5106.958333
2/2/2020,49.55,4733,9.75,137.9809142,10.63269231,61.24035256,0.833333333,2.934647436,123,4872.75
2/3/2020,49.20416667,4451,9.55787037,130.0734348,7.037179487,42.24564103,-5.595833333,3.792948718,143.8333333,4593.5
2/4/2020,48.95416667,4341,9.418981481,124.2684813,8.174358974,33.34230769,-7.420833333,5.17400641,134.5,4388.5
2/5/2020,48.8625,4580,9.368055556,120.0846672,10.50128205,36.91346154,-3.8125,2.839487179,86.33333333,4240.75
2/6/2020,49.11666667,3822,9.509259259,112.3164123,10.86474359,65.33839744,3.579166667,1.285677419,139.2083333,3966.416667
2/7/2020,49.22083333,3871,9.56712963,108.9939023,10.18461538,64.94532051,2.908333333,0.670576923,150.0416667,3849.083333
2/8/2020,49.31666667,3866,9.62037037,108.9266498,9.38778135,65.32421222,1.645833333,1.426634304,151.4583333,3846.708333
2/9/2020,49.11666667,3796,9.509259259,110.7802233,11.51474359,31.2475,-5.091666667,7.226826923,154.3333333,3912.166667
2/10/2020,49.00416667,4604,9.446759259,113.1010249,14.73782051,23.38272436,-6.2125,6.700576923,155.875,3994.125
2/11/2020,49.10833333,4342,9.50462963,113.8478817,17.82419355,23.18903226,-3.741666667,5.600097087,156.75,4020.5
2/12/2020,49.35,3862,9.638888889,111.7028806,15.62692308,31.79205128,-1.920833333,4.01304918,153.625,3944.75
2/13/2020,49.3,3893,9.611111111,110.2327643,10.5141844,48.95780142,-1.060869565,1.645266904,141.3913043,3892.833333
2/14/2020,49.29166667,3776,9.606481481,110.2752396,10.13461538,63.71891026,2.75,0.840576923,151.8333333,3894.333333
2/15/2020,49.1875,3877,9.548611111,108.5526314,9.848717949,63.58227564,2.333333333,0.441378205,133.2916667,3833.5
2/16/2020,49.2625,4489,9.590277778,108.888894,14.31057692,59.88785256,6.258333333,1.531185897,142.5,3845.375
2/17/2020,49.24583333,3988,9.581018519,108.7579285,13.73878205,39.58464744,-1.133333333,3.889871795,162.8333333,3840.75
2/18/2020,49.06666667,3523,9.481481481,111.3147038,13.35416667,21.77320513,-8.191666667,4.827516129,168.125,3931.041667
2/19/2020,48.94583333,4007,9.414351852,116.2076189,9.551602564,44.2525,-3.916666667,1.411121795,170.5,4103.833333
2/20/2020,49.04583333,3781,9.469907407,115.9704653,10.42980769,50.02185897,-1.0875,0.689163987,136.4166667,4095.458333
2/21/2020,49.11666667,4457,9.509259259,124.6590178,10.8349359,55.57429487,0.641666667,0.434807692,129.4583333,4402.291667
2/22/2020,49.13333333,4719,9.518518519,125.6076321,14.39615385,38.86035256,-0.4375,2.131730769,178.5,4435.791667
2/23/2020,49.0625,4756,9.479166667,142.4561559,10.91388013,63.04993691,3.894117647,1.220094637,141.6666667,5030.791667
2/24/2020,49.12083333,4732,9.511574074,143.3151002,11.34935897,61.74673077,1.4625,2.292019231,180.8333333,5061.125
2/25/2020,49.04583333,5128,9.469907407,142.795958,17.27179487,24.54759615,-3.670833333,4.451298701,177.5833333,5042.791667
2/26/2020,49.2,5305,9.555555556,143.4448858,14.68012821,43.46916667,1.033333333,1.414102564,182.875,5065.708333
2/27/2020,49.3625,4915,9.645833333,142.679151,14.32371795,51.79394231,2.270833333,1.264789644,188.75,5038.666667
2/28/2020,49.39583333,5248,9.664351852,142.9387221,13.5474359,49.65105769,2.0125,1.134294872,158.2083333,5047.833333
2/29/2020,49.30416667,4959,9.613425926,142.6402154,11.6974359,57.19358974,2.008333333,1.842379421,148.7916667,5037.291667
3/1/2020,48.95833333,4925,9.421296296,156.5685643,11.49776358,32.16146965,-5.016,6.492332268,174.25,5529.166667
3/2/2020,48.94583333,5469,9.414351852,157.1525992,13.39198718,23.08653846,-7.275,4.777022654,188.2083333,5549.791667
3/3/2020,49.61666667,5423,9.787037037,156.9496618,19.26570513,32.88939103,2.054166667,4.604935897,197.0416667,5542.625
3/4/2020,49.80416667,5869,9.891203704,158.241618,19.10096154,33.56692308,1.554166667,2.481258065,202.8333333,5588.25
3/5/2020,49.70833333,5612,9.837962963,156.7656023,14.67064516,52.62122581,4.269565217,1.74170418,192.0833333,5536.125
3/6/2020,49.5,5403,9.722222222,151.6968868,13.25224359,65.88733974,6.4625,1.469838188,137.125,5357.125
3/7/2020,49.28333333,5316,9.601851852,147.2759191,11.5672956,72.6072956,6.565625,3.649811321,60.29166667,5201
3/8/2020,49.08695652,5157,9.492753623,143.7670925,9.456012658,82.6193038,6.438709677,1.172095238,109.1666667,5077.086957
3/9/2020,49.02083333,5022,9.456018519,142.7180867,10.62948718,72.60907051,5.325,1.084196721,182.4583333,5040.041667
3/10/2020,49.29166667,5014,9.606481481,142.6012797,13.8788961,51.55795455,2.966666667,2.892792208,214.0416667,5035.916667
3/11/2020,49.35833333,5216,9.643518519,142.2131029,15.82435897,50.51884615,4.6625,1.894803922,212.375,5022.208333
3/12/2020,49.825,4241,9.902777778,137.8405099,16.72483871,46.82512903,2.058333333,4.643032258,222.7916667,4867.791667
3/13/2020,49.51666667,4536,9.731481481,131.5824868,19.42724359,22.46176282,-2.945833333,5.58187291,222.4583333,4646.791667
3/14/2020,49.50833333,4946,9.726851852,128.9171636,11.7,60.17341772,3.55,5.792088608,127.9166667,4552.666667
3/15/2020,49.0875,4836,9.493055556,129.1755548,7.652,67.93395556,2.662857143,2.663511111,95.29166667,4561.791667
3/16/2020,48.65416667,5209,9.252314815,130.8214715,9.574257426,62.34128713,2.066666667,1.456237624,127.2916667,4619.916667
3/17/2020,48.5125,4057,9.173611111,133.9032883,6.148929664,86.05391437,3.869767442,2.286779141,35.79166667,4728.75
3/18/2020,48.49583333,4407,9.164351852,133.7062503,5.906306306,87.05441441,4.009259259,1.442522523,74.33333333,4721.791667
3/19/2020,48.75416667,4308,9.30787037,133.843115,6.432919255,75.58136646,1.271428571,0.767795031,225.875,4726.625
3/20/2020,48.95833333,4431,9.421296296,134.2194931,10.19198718,62.37887821,2.333333333,1.396057692,238.0416667,4739.916667
3/21/2020,49.25833333,4102,9.587962963,134.3575377,12.07083333,57.15435897,2.708333333,1.769903537,240.9166667,4744.791667
3/22/2020,49.42083333,4456,9.678240741,134.1781977,13.73141026,58.95605769,4.975,2.07247557,240.3333333,4738.458333
3/23/2020,49.39166667,4868,9.662037037,134.7704917,12.19905363,67.29615142,6.33,3.172586751,139.0416667,4759.375
3/24/2020,49.28333333,5528,9.601851852,135.1563088,9.944200627,70.70968652,5.208333333,4.718285714,94,4773
3/25/2020,49,4038,9.444444444,134.8070677,7.442628205,75.59237179,2.9,1.594675325,226.0833333,4760.666667
3/26/2020,48.87083333,4281,9.372685185,134.4684454,7.788498403,64.61913738,0.304,2.525434084,227.2083333,4748.708333
3/27/2020,48.82083333,4938,9.344907407,145.6736576,8.213141026,58.18717949,-0.433333333,1.526346154,216.3333333,5144.416667
3/28/2020,48.95,4910,9.416666667,145.7432698,11.4888535,65.59961783,5.003846154,2.182364217,123.0416667,5146.875
3/29/2020,49.02916667,4986,9.460648148,147.5154325,10.468125,84.53115625,7.81627907,2.3936875,143.7916667,5209.458333
3/30/2020,49.02916667,5228,9.460648148,147.8174788,12.41405751,75.09188498,7.962962963,3.724472843,75.83333333,5220.125
3/31/2020,49.00833333,4849,9.449074074,147.6228005,13.71538462,76.03016026,9.320833333,3.490737179,189.875,5213.25
4/1/2020,49.20833333,4967,9.560185185,147.1071979,11.99134615,43.38464744,-1.15,3.398006536,268.2916667,5195.041667
4/2/2020,49.43333333,4769,9.685185185,147.8717528,11.65774194,34.35058065,-4.286363636,3.571548387,253.9166667,5222.041667
4/3/2020,49.275,4798,9.597222222,147.5272311,11.83817568,40.95307432,-2.3,1.872671233,270.5833333,5209.875
4/4/2020,49.32916667,5288,9.627314815,147.8292775,9.141009464,67.60750789,3.290322581,2.291356467,60.54166667,5220.541667
4/5/2020,49.1375,4775,9.520833333,149.1377518,10.10930931,82.48606607,7.008333333,6.269249249,118.3333333,5266.75
4/6/2020,48.99583333,5284,9.44212963,144.1233102,9.344548287,75.69666667,4.967647059,1.942789969,189.2916667,5089.666667
4/7/2020,49.1875,4673,9.548611111,137.8180924,11.91474359,68.4661859,5.883333333,1.961666667,259.0833333,4867
4/8/2020,49.85416667,4609,9.918981481,133.8183378,17.27628205,57.74221154,7.420833333,3.584267101,259.4166667,4725.75
4/9/2020,49.7875,4675,9.881944444,134.0000375,14.49777778,74.5075873,9.306666667,2.222564103,165.0833333,4732.166667
4/10/2020,50.2375,3936,10.13194444,133.0290057,16.00253968,69.9372381,10.1962963,2.085142857,247.0416667,4697.875
4/11/2020,50.48333333,4354,10.26851852,133.1717698,17.3456869,68.18,10.9875,2.093685897,275.6666667,4702.916667
4/12/2020,51.1,3913,10.61111111,132.8838818,19.04198718,51.46057692,6.979166667,3.646987179,270.8333333,4692.75
4/13/2020,51.25,4674,10.69444444,132.3092858,17.55160256,31.53102564,-0.704166667,4.171666667,293.9583333,4672.458333
4/14/2020,50.92083333,4980,10.51157407,147.2004075,16.47339744,37.27692308,-0.441666667,2.245096774,286.5833333,5198.333333
4/15/2020,50.99583333,5368,10.55324074,162.4513892,18.89391026,44.47128205,5.120833333,1.991410256,275.0416667,5736.916667
4/16/2020,51.46666667,5523,10.81481481,165.5520839,19.61639871,42.36594855,5.508333333,4.375897436,268.375,5846.416667
4/17/2020,51.39583333,5786,10.77546296,177.3908855,20.88653846,21.83746795,-1.879166667,3.361768489,291.75,6264.5
4/18/2020,51.60416667,5927,10.8912037,189.1730534,15.73557692,63.89464744,8.529166667,3.157704918,155.4166667,6680.583333
4/19/2020,51.46666667,7321,10.81481481,201.3858734,15.64102564,61.15400641,8.059259259,2.613980583,243.625,7111.875
4/20/2020,51.37083333,7048,10.76157407,209.9871155,14.61730769,66.23086538,7.908333333,1.554583333,241.6666667,7415.625
4/21/2020,51.83333333,7291,11.01851852,221.0354052,15.39935897,67.36487179,8.375,1.099294872,263.5833333,7805.791667
4/22/2020,52.20833333,8100,11.22685185,241.3303251,18.1650641,57.09548077,8.7875,1.311414791,242.2083333,8522.5
4/23/2020,52.62916667,9018,11.46064815,262.8818051,20.15705128,56.0500641,9.7625,1.592815534,296.4166667,9283.583333
4/24/2020,53.38333333,9654,11.87962963,269.9716355,21.51666667,42.97157051,7.620833333,2.037916667,295.125,9533.958333
4/25/2020,53.95,9160,12.19444444,272.2653001,21.81538462,53.36769231,10.82083333,1.173397436,244.25,9614.958333
4/26/2020,53.425,10401,11.90277778,279.1970282,21.44262821,50.24086538,9.3625,1.352019544,292.4583333,9859.75
4/27/2020,52.725,10072,11.51388889,278.6495692,22.33205128,38.74653846,6.954166667,1.602709677,271.875,9840.416667
4/28/2020,52.50416667,9043,11.3912037,279.1297757,23.29615385,47.90990385,10.25833333,2.286109325,291.0833333,9857.375
4/29/2020,52.95833333,9606,11.64351852,284.7270724,23.34967949,56.665,13.55833333,1.578090615,228.1666667,10055.04167
4/30/2020,52.65833333,10195,11.47685185,281.0376232,22.25480769,41.78910256,7.2875,2.332427184,301.875,9924.75
5/1/2020,52.25833333,10182,11.25462963,282.4251487,19.21794872,40.36153846,3.691666667,1.656116505,296.5833333,9973.75
5/2/2020,52.48333333,9648,11.37962963,281.8965676,19.5650641,49.23115385,7.916666667,4.217942122,258,9955.083333
5/3/2020,52.19583333,9331,11.21990741,282.5041999,15.40700637,50.9283758,4.803846154,2.631210191,283.8333333,9976.541667
5/4/2020,52.66666667,9833,11.48148148,283.2062217,17.40288462,44.53032051,3.204166667,1.464774194,316.6666667,10001.33333
5/5/2020,52.7375,9697,11.52083333,281.5850822,19.73279743,46.76038585,6.352173913,1.814276527,301.7083333,9944.083333
5/6/2020,52.39166667,10142,11.3287037,283.6191757,20.98205128,33.37519231,2.7125,3.423868852,319.5833333,10015.91667
5/7/2020,52.6125,9440,11.45138889,284.1890523,24.28012821,16.78826923,-2.716666667,4.971645161,326.2083333,10036.04167
5/8/2020,53.54583333,9460,11.96990741,284.4474435,23.66858974,39.67352564,5.733333333,1.226752412,324.7916667,10045.16667
5/9/2020,53.54583333,9564,11.96990741,284.7258925,24.61762821,42.04115385,8.566666667,1.076378205,302.7916667,10055
5/10/2020,53.65416667,9630,12.03009259,284.3919897,23.32019231,42.95099359,8.2625,2.026173633,305.5416667,10043.20833
5/11/2020,53.61666667,9462,12.00925926,278.2141976,18.59361022,49.39453674,6.6,3.441565495,122.3333333,9825.041667
5/12/2020,52.84583333,9440,11.58101852,278.2861696,13.66726727,87.08717718,11.47719298,3.862132132,90.375,9827.583333
5/13/2020,52.42916667,9680,11.34953704,278.7581171,13.82044728,76.97054313,9.921428571,3.457467949,91.16666667,9844.25
5/14/2020,52.37083333,9631,11.31712963,279.71971,13.8565625,85.1648125,11.27575758,2.089528302,114.2083333,9878.208333
5/15/2020,52.40833333,9323,11.33796296,273.7955897,16.47371795,71.98044872,9.991666667,1.5214791,274.5,9669
5/16/2020,52.88333333,8786,11.60185185,266.1653794,18.70288462,61.56003205,10.37916667,1.445352564,170.3333333,9399.541667
5/17/2020,52.71666667,9103,11.50925926,261.2500468,17.45386997,75.3847678,12.98461538,6.594875776,167.4166667,9225.958333
5/18/2020,52.35416667,8226,11.30787037,254.2557857,13.42765957,80.18270517,9.902222222,3.193069909,70.58333333,8978.958333
5/19/2020,52.23333333,8362,11.24074074,254.1330793,14.02820513,71.02589744,7.895833333,1.765064935,291.2083333,8974.625
5/20/2020,52.775,8838,11.54166667,244.6799721,16.24095238,66.60171429,9.506896552,1.811337793,291.5,8640.791667
5/21/2020,53.24166667,8118,11.80092593,236.1105864,19.79070513,58.82461538,10.30833333,1.704563107,331.2083333,8338.166667
5/22/2020,53.20416667,7601,11.78009259,235.7117908,19.70353698,32.64617363,2.008333333,4.656774194,335.1666667,8324.083333
5/23/2020,52.175,8512,11.20833333,234.4481515,20.2349359,31.15740385,1.495833333,3.420645161,338.625,8279.458333
5/24/2020,52.10416667,7956,11.16898148,232.3751223,23.94262821,30.33211538,4.4875,2.980836013,295.5,8206.25
5/25/2020,51.7625,8160,10.97916667,233.1019214,27.28974359,37.44439103,10.42083333,2.675372168,313.7916667,8231.916667
5/26/2020,51.73333333,7873,10.96296296,234.3797191,27.98173077,47.68355769,14.58333333,2.193149351,293.5,8277.041667
5/27/2020,51.94166667,8964,11.0787037,259.9333134,28.29711538,52.70022436,16.06666667,1.299096774,305.5416667,9179.458333
5/28/2020,51.97083333,9309,11.09490741,275.8886766,29.28653846,46.79176282,15.276,1.603697749,324.25,9742.916667
5/29/2020,51.8,9490,11,286.8885916,29.05512821,46.91439103,15,1.413745928,294,10131.375
5/30/2020,51.35833333,9978,10.75462963,293.3259548,21.34130435,63.78919255,13.29189189,3.992300319,125.1666667,10358.70833
5/31/2020,50.975,10213,10.54166667,294.6462277,18.35205479,76.05219178,13.46818182,1.806357388,259.3913043,10405.33333
6/1/2020,51.75,9760,10.97222222,296.7121777,22.56928105,57.74620915,12.99583333,1.579194631,275.125,10478.29167
6/2/2020,51.8125,10847,11.00694444,307.0254092,26.04070513,43.85102564,11.425,2.109642857,331.375,10842.5
6/3/2020,52.05416667,10143,11.1412037,304.5712825,27.91826923,45.77128205,13.76666667,1.491548387,320.25,10755.83333
6/4/2020,52.2,10706,11.22222222,304.7494426,28.7775641,42.93003205,13.66666667,2.418932039,321.9583333,10762.125
6/5/2020,52.15833333,10780,11.19907407,301.7089212,26.26538462,51.53804487,14.31666667,2.580290323,306.2916667,10654.75
6/6/2020,52.075,10100,11.15277778,299.8459087,24.61111111,30.21375,5,5.772785714,320.125,10588.95833
6/7/2020,51.93333333,10118,11.07407407,299.1851823,15.9150641,40.99564103,2.184,3.306351792,336.2083333,10565.625
6/8/2020,51.7875,10666,10.99305556,300.0665441,17.15128205,45.75887821,3.070833333,3.349290323,326.2083333,10596.75
6/9/2020,52.3375,10628,11.29861111,300.085422,22.38795987,37.76555184,5.734782609,1.506565657,317.6666667,10597.41667
6/10/2020,52.38333333,10652,11.32407407,304.1075941,25.75384615,44.32205128,11.0125,1.58,334.8333333,10739.45833
6/11/2020,51.97916667,10474,11.09953704,320.9065633,26.18557692,43.7763141,10.7625,1.982524272,290.2916667,11332.70833
6/12/2020,51.4375,11358,10.79861111,335.717454,23.71054313,46.15696486,10.404,3.676517572,240.875,11855.75
6/13/2020,51.1,11666,10.61111111,346.8990688,17.84057508,60.7742492,9.716,4.125566343,215.875,12250.625
6/14/2020,51.4125,12335,10.78472222,345.9445551,21.3150641,50.75169872,9.775,2.042516129,314.5833333,12216.91667
6/15/2020,51.775,12474,10.98611111,351.2870001,22.68333333,45.87012821,9.825,1.714136808,161.2916667,12405.58333
6/16/2020,51.625,11834,10.90277778,355.1392711,20.35288462,39.82474359,5.383333333,3.001889251,323.4583333,12541.625
6/17/2020,51.92083333,11508,11.06712963,349.2717846,22.70387097,30.05619355,3.529166667,7.145612903,351.7083333,12334.41667
6/18/2020,52.25833333,11528,11.25462963,352.4114149,27.89391026,23.62144231,4.35,4.824965278,343.826087,12445.29167
6/19/2020,51.57916667,11856,10.87731481,354.7204178,28.33461538,31.54032051,7.495833333,2.083366337,344.3333333,12526.83333
6/20/2020,51.525,11944,10.84722222,352.0621738,28.37948718,39.15865385,11.45833333,1.639644013,332.0833333,12432.95833
6/21/2020,51.75,12505,10.97222222,348.7927579,29.83942308,35.82275641,11.72083333,2.755320513,341.4583333,12317.5
6/22/2020,51.81666667,12361,11.00925926,350.6345328,31.50192308,33.54753205,11.52083333,2.712275641,341.4583333,12382.54167
6/23/2020,51.95833333,12045,11.08796296,352.7063821,32.44775641,41.48201923,15.41666667,1.791623377,335.9583333,12455.70833
6/24/2020,52.01666667,11757,11.12037037,352.0267778,31.95384615,46.16980769,17.60416667,2.089607843,298.9583333,12431.70833
6/25/2020,52.1375,12125,11.1875,350.8905643,33.49773463,29.59847896,12.24583333,3.211344262,329.375,12391.58333
6/26/2020,52.2125,12400,11.22916667,357.8376306,33.65512821,32.57605769,11.95,2.098589744,340.7916667,12636.91667
6/27/2020,52.11666667,12643,11.17592593,357.5756998,32.43141026,39.08419872,14.89166667,2.147873754,330,12627.66667
6/28/2020,52.28333333,11738,11.26851852,359.0576148,27.06891026,40.53336538,10.72083333,4.52416129,336.5,12680
6/29/2020,52.3,12969,11.27777778,362.5594648,23.90320513,29.14413462,4.008333333,5.079470199,344.625,12803.66667
6/30/2020,52.13333333,12220,11.18518519,361.8904793,27.21185897,26.95166667,5.229166667,3.305686275,347.3333333,12780.04167
7/1/2020,52.33333333,12437,11.2962963,362.2774762,27.08461538,30.64041667,7.045833333,2.83197411,341.0416667,12793.70833
7/2/2020,52.5625,12126,11.42361111,362.4709747,28.69356913,22.60971061,5.1125,3.595,334.0833333,12800.54167
7/3/2020,52.57083333,12238,11.42824074,363.2614866,25.81987179,39.11416667,9.279166667,2.404129032,332.1666667,12828.45833
7/4/2020,52.69166667,12379,11.49537037,362.9358429,26.94839744,32.08663462,6.866666667,1.968538961,337.625,12816.95833
7/5/2020,52.91666667,12694,11.62037037,361.1778387,28.50512821,25.38596154,4.633333333,2.128489933,340.9166667,12754.875
7/6/2020,52.87916667,11972,11.59953704,360.8557345,27.89038462,28.18903846,5.941666667,1.978366013,341.3333333,12743.5
7/7/2020,52.55,13131,11.41666667,360.9005696,27.19923077,23.68519231,3.7,3.19940239,339.625,12745.08333
7/8/2020,52.68333333,12127,11.49074074,361.8834001,29.25307443,25.52831715,6.570833333,3.415361842,337.7083333,12779.79167
7/9/2020,52.85416667,12395,11.58564815,360.8285976,29.14807692,31.13653846,8.933333333,2.124869281,334.5833333,12742.54167
7/10/2020,52.94583333,12510,11.63657407,362.3411891,29.69358974,29.68509615,8.929166667,2.494607843,323.25,12795.95833
7/11/2020,53.12916667,12555,11.73842593,360.1572523,30.27628205,29.48435897,8.516666667,2.075779221,340.5,12718.83333
7/12/2020,53.09166667,11944,11.71759259,360.5725661,30.48301282,27.36785256,7.158333333,2.344225806,339.9583333,12733.5
7/13/2020,52.9375,12777,11.63194444,360.5938037,31.88365385,27.1238141,8.825,3.03127451,331.625,12734.25
7/14/2020,53.125,12207,11.73611111,362.7152075,30.27051282,31.52278846,9.220833333,1.970618893,329.2083333,12809.16667
7/15/2020,53.22916667,12361,11.79398148,360.4581188,31.7599359,36.08400641,10.99583333,2.670705128,329.7083333,12729.45833
7/16/2020,53.27916667,12436,11.82175926,363.3936319,31.21634615,42.86974359,15.092,2.36116129,327.2916667,12833.125
7/17/2020,53.02083333,12560,11.67824074,360.6799341,29.92612903,41.0296129,14.275,2.619213115,319.75,12737.29167
7/18/2020,52.85416667,12353,11.58564815,361.1377231,29.55448718,43.06157051,14.16666667,1.817249191,318.0833333,12753.45833
7/19/2020,53.03333333,12685,11.68518519,361.0952479,31.24871795,35.22858974,12.47083333,1.769517685,320.75,12751.95833
7/20/2020,53.0125,12177,11.67361111,363.0467506,30.77660256,39.95070513,14.52916667,2.648317152,313.0416667,12820.875
7/21/2020,52.94166667,12437,11.63425926,362.6503147,29.10734266,47.66562937,15.9375,2.759680851,290.7916667,12806.875
7/22/2020,53.07916667,12305,11.71064815,350.2097801,28.47371795,44.45240385,14.352,2.384012945,268.875,12367.54167
7/23/2020,52.95833333,11764,11.64351852,343.2143391,27.46762821,40.47269231,11.675,1.645081433,279.75,12120.5
7/24/2020,52.90833333,11237,11.61574074,334.9316615,29.39967949,36.68814103,11.78333333,2.571980519,304,11828
7/25/2020,52.9125,11682,11.61805556,334.0538392,29.07275641,42.73842949,13.56666667,1.857850163,314.0833333,11797
7/26/2020,52.925,11187,11.625,333.2515286,30.43525641,35.42221154,11.6375,2.047475728,310.2083333,11768.66667
7/27/2020,52.98333333,11614,11.65740741,332.915266,31.35096154,35.05737179,12.85,2.249935484,288.625,11756.79167
7/28/2020,53.05,11293,11.69444444,326.4979607,31.22179487,35.48996795,12.81666667,2.53216129,288.5416667,11530.16667
7/29/2020,53.125,10688,11.73611111,321.9188906,30.94070513,36.37628205,11.6125,2.900419355,316.0416667,11368.45833
7/30/2020,52.5625,11158,11.42361111,318.404062,28.95612903,30.21645161,7.604166667,2.243585526,319.875,11244.33333
7/31/2020,52.4625,11184,11.36805556,316.1800097,29.24358974,28.33839744,6.754166667,2.204726688,319.875,11165.79167
8/1/2020,52.475,11181,11.375,317.928575,28.77051282,23.8886859,4.241666667,1.595179153,314.5,11227.54167
8/2/2020,52.47083333,11070,11.37268519,319.2771648,29.14487179,26.9725641,6.708333333,2.128078176,308.625,11275.16667
8/3/2020,52.64583333,11207,11.46990741,318.6223377,29.65833333,35.28439103,10.87916667,1.787606557,304.75,11252.04167
8/4/2020,52.85833333,10895,11.58796296,318.368666,29.42524917,34.04973422,10.70416667,2.257044674,302.2083333,11243.08333
8/5/2020,52.69166667,11271,11.49537037,318.7497635,28.10705128,43.02820513,13.2125,2.978903226,298.6666667,11256.54167
8/6/2020,52.92916667,11072,11.62731481,318.3828244,25.29871795,49.90262821,13.2375,2.964983819,292.25,11243.58333
8/7/2020,52.74166667,10712,11.52314815,312.7572109,28.75416667,40.27990385,12.55,3.419487179,295.0833333,11044.91667
8/8/2020,52.20833333,10695,11.22685185,305.3429165,30.35337621,37.9992926,11.32608696,2.1914,300.375,10783.08333
8/9/2020,52.35833333,10500,11.31018519,307.1540149,31.44487179,37.58801282,12.73333333,2.396390728,295.875,10847.04167
8/10/2020,52.48333333,10818,11.37962963,309.1763096,33.34134615,32.85724359,11.4375,2.518175896,294.9583333,10918.45833
8/11/2020,52.49583333,9912,11.38657407,304.6408947,30.47435897,39.63233974,14.2625,3.032147436,268.875,10758.29167
8/12/2020,52.69583333,9741,11.49768519,302.4876345,28.03782051,41.00189103,12.37083333,2.621650485,286,10682.25
8/13/2020,52.025,10490,11.125,301.2912477,29.17692308,35.43089744,10.1375,2.253525641,255.5,10640
8/14/2020,52.14166667,10542,11.18981481,298.1433583,31.35129032,24.66609677,7.1125,2.184577922,263.9166667,10528.83333
8/15/2020,52.30416667,9787,11.28009259,294.1754602,33.18653846,30.08317308,11.49583333,1.737799353,284.9583333,10388.70833
8/16/2020,52.24166667,10366,11.24537037,292.3136275,32.09488818,34.3913099,13.65555556,2.305591054,180,10322.95833
8/17/2020,51.9,9929,11.05555556,288.8719508,30.09684543,40.30394322,14.55862069,2.570378549,99.375,10201.41667
8/18/2020,51.9,10336,11.05555556,293.405006,30.67203947,47.01680921,16.76,1.966732026,217.1666667,10361.5
8/19/2020,51.9,9087,11.05555556,293.1277368,36.55632184,14.14183908,6.85,2.965168539,192.0833333,10351.70833
8/20/2020,51.925,9630,11.06944444,280.4099331,27.2625,28.73355769,5.491666667,1.976698718,216.75,9902.583333
8/21/2020,51.93333333,9899,11.07407407,274.6356561,24.91835443,37.23632911,8.232142857,1.337859425,177.625,9698.666667
8/22/2020,52.09583333,8817,11.16435185,266.8390844,25.87430341,40.50188854,10.58461538,0.9706875,184.5833333,9423.333333
8/23/2020,52.32916667,8876,11.29398148,268.9805459,27.73006329,42.53867089,12.59354839,1.27352381,199.0833333,9498.958333
8/24/2020,52.42083333,8784,11.34490741,260.5456652,28.79198718,34.01987179,10.15833333,1.685434084,199.4583333,9201.083333
8/25/2020,52.25833333,8399,11.25462963,255.079334,27.04857143,42.38368254,12.56896552,0.992070064,167.1666667,9008.041667
8/26/2020,52.3125,8035,11.28472222,249.0018308,27.1,47.0672524,14.4037037,0.841182109,174.875,8793.416667
8/27/2020,52.35,8118,11.30555556,241.968634,27.76246057,50.34905363,15.26333333,0.947395498,216.4166667,8545.041667
8/28/2020,52.55,8034,11.41666667,234.2652719,29.65833333,32.95560897,9.054166667,1.946548387,250.6666667,8273
8/29/2020,52.6,7667,11.44444444,238.9918255,28.0724359,45.15391026,14.24166667,2.193451613,209.25,8439.916667
8/30/2020,52.7125,7938,11.50694444,237.9936567,29.67191011,34.94445693,10.2625,2.23391635,246.2083333,8404.666667
8/31/2020,52.56666667,7348,11.42592593,234.2180771,29.16173633,30.19302251,7.325,3.164533762,261.375,8271.333333
9/1/2020,52.78333333,7465,11.5462963,228.400145,32.74340836,19.89569132,4.983333333,5.117909968,265.8333333,8065.875
9/2/2020,52.27083333,7589,11.26157407,228.1924881,28.73741935,40.15058065,11.97916667,2.027717042,243.4583333,8058.541667
9/3/2020,52.60833333,7492,11.44907407,227.6698063,27.57307692,47.94083333,14.325,1.67987013,236.9583333,8040.083333
9/4/2020,53.05,7845,11.69444444,227.6178921,27.71602564,50.99189103,15.42916667,1.386474359,193.25,8038.25
9/5/2020,52.3125,7972,11.28472222,228.0509039,28.32564103,44.92724359,13.82083333,1.074551282,153.2916667,8053.541667
9/6/2020,51.9625,7361,11.09027778,231.2790244,30.04487179,36.23512821,10.64583333,1.518263666,192.375,8167.541667
9/7/2020,52.20833333,7403,11.22685185,227.6285109,31.65032051,28.48429487,9.354166667,1.342829582,197.2916667,8038.625
9/8/2020,52.69166667,6930,11.49537037,218.11877,31.3807571,15.48416404,0.572413793,8.856088328,241.875,7702.791667
9/9/2020,52.1,6847,11.16666667,216.4433565,28.50319149,9.030070922,-7.857142857,4.894893617,86.33333333,7643.625
9/10/2020,51.825,6709,11.01388889,214.6936114,27.26831683,23.50861386,4.025,1.461287129,144.1666667,7581.833333
9/11/2020,51.74166667,7248,10.96759259,215.4888428,21.53144654,39.77279874,5.693548387,0.630503145,163.0833333,7609.916667
9/12/2020,52.23333333,6860,11.24074074,215.9690494,22.70754717,40.05738994,6.459375,0.811918239,183.375,7626.875
9/13/2020,52.40833333,7281,11.33796296,216.3513268,23.45488959,36.26744479,5.853333333,1.02384858,200.0416667,7640.375
9/14/2020,52.42083333,7065,11.34490741,216.2109224,23.54834835,39.12702703,7.67,1.263902439,191.625,7635.416667
9/15/2020,52.40833333,7763,11.33796296,217.0108733,23.14427245,38.83904025,6.692307692,1.289006211,209.4583333,7663.666667
9/16/2020,52.64166667,7024,11.46759259,217.0273915,23.54761905,38.04853968,7.077777778,1.283396825,200.9166667,7664.25
9/17/2020,52.67916667,6911,11.48842593,212.8105411,22.94490446,38.56936306,6.553571429,1.385605096,202.6666667,7515.333333
9/18/2020,52.9375,6730,11.63194444,204.4039773,24.96442308,42.16461538,10.65833333,4.405961538,186.9166667,7218.458333
9/19/2020,52.87083333,7129,11.59490741,206.8439455,22.3483871,48.65864516,9.825,1.288986928,203.5,7304.625
9/20/2020,52.93333333,6342,11.62962963,205.1036393,26.76955128,28.32788462,6.045833333,2.87566343,222.5833333,7243.166667
9/21/2020,52.9375,6468,11.63194444,205.4222039,23.38089172,40.40585987,8.138461538,1.482236422,184.7083333,7254.416667
9/22/2020,52.975,6365,11.65277778,204.4912875,22.59775641,46.97708333,9.858333333,1.262677419,178.4166667,7221.541667
9/23/2020,53.23333333,7323,11.7962963,206.4026747,22.02884615,49.87397436,9.695833333,1.41073955,180.4166667,7289.041667
9/24/2020,53.15416667,7452,11.75231481,205.3502319,22.41019108,48.02442675,10.23461538,1.479902597,185.25,7251.875
9/25/2020,53.3375,6489,11.85416667,205.7690852,21.97652733,46.54672026,9.204166667,0.915677419,185.2916667,7266.666667
9/26/2020,53.52083333,6971,11.95601852,205.8127404,24.76762821,40.10346154,9.5375,1.86254902,196.2916667,7268.208333
9/27/2020,53.675,7039,12.04166667,205.2121873,27.56346154,25.34384615,4.425,7.897788462,213.25,7247
9/28/2020,53.775,7187,12.09722222,205.7561067,31.44230769,11.60939103,-2.104166667,7.452724359,216.9166667,7266.208333
9/29/2020,53.49583333,6520,11.94212963,206.9808103,25.50841424,23.41624595,0.946153846,1.486071429,140.7083333,7309.458333
9/30/2020,53.48333333,6368,11.93518519,206.8474851,24.03865815,33.66769968,4.838461538,0.849265176,169.0833333,7304.75
10/1/2020,53.59583333,6804,11.99768519,206.0557933,29.93216561,21.97640127,4.380769231,2.762515924,184.25,7276.791667
10/2/2020,53.72083333,7175,12.06712963,206.130125,25.90673077,33.78102564,6.766666667,0.869710611,159.375,7279.416667
10/3/2020,53.67916667,6352,12.04398148,206.3118248,25.48913738,33.64587859,5.872413793,1.055016077,166.75,7285.833333
10/4/2020,53.7625,7368,12.09027778,205.4222039,22.27459807,38.18993569,6.025,0.796977492,144.1666667,7254.416667
10/5/2020,53.64166667,6450,12.02314815,200.0844783,29.58738739,21.88927928,4.830769231,1.171981982,179.9583333,7065.916667
10/6/2020,53.55,6561,11.97222222,200.2461203,21.00801282,33.16560897,1.591666667,0.580580645,191.25,7071.625
10/7/2020,53.69166667,6671,12.05092593,199.8744617,20.56570513,31.6786859,0.941666667,0.768076923,175.0833333,7058.5
10/8/2020,54.15416667,6690,12.30787037,201.2490086,18.51346154,38.55487179,3.104166667,0.725032051,128.9166667,7107.041667
10/9/2020,54.27916667,5874,12.37731481,183.178141,17.08814103,48.23038462,5.370833333,0.84511254,175.1666667,6468.875
10/10/2020,54.55416667,6047,12.53009259,181.92984,17.54117647,57.63934641,9.266666667,1.759769737,85.70833333,6424.791667
10/11/2020,54.6,6256,12.55555556,181.9557971,18.33461538,50.52384615,6.204166667,2.695416667,177.7083333,6425.708333
10/12/2020,54.77083333,6051,12.65046296,182.2484045,18.09862543,44.91429553,4.925,0.819857651,181.4583333,6436.041667
10/13/2020,54.7,6315,12.61111111,182.4914575,20.25079365,46.11571429,6.875,0.585555556,178.2083333,6444.625
10/14/2020,54.9875,6028,12.77083333,181.8319109,25.47877358,34.28207547,6.85,2.923773585,178.125,6421.333333
10/15/2020,55.02916667,5762,12.79398148,181.4744107,24.87383178,15.80728972,-3.058333333,8.19953271,178.4583333,6408.708333
10/16/2020,54.77083333,5792,12.65046296,175.4134257,28.80984252,12.62732283,-2.795833333,7.542204724,179.0416667,6194.666667
10/17/2020,54.05833333,5504,12.25462963,168.6008643,28.65705128,20.76907051,3.516666667,4.211346154,171.4166667,5954.083333
10/18/2020,53.7875,5466,12.10416667,162.9634521,25.65,30.68980769,5.0375,2.630032051,170.1666667,5755
10/19/2020,53.8625,5169,12.14583333,156.7821205,22.34123377,34.55675325,4.181818182,1.593562092,170.6666667,5536.708333
10/20/2020,54.02916667,5327,12.23842593,148.2799873,25.61378205,24.88737179,3.420833333,3.971923077,167.0416667,5236.458333
10/21/2020,54.14166667,4912,12.30092593,149.3808047,26.38648649,27.40235521,5.1125,4.342509653,162.2083333,5275.333333
10/22/2020,54.03333333,4561,12.24074074,149.7217867,20.78851351,18.21594595,-5.345833333,8.821554054,166.4583333,5287.375
10/23/2020,53.67916667,4742,12.04398148,150.0922655,20.45897436,14.08160256,-8.254166667,5.396752412,163.3333333,5300.458333
10/24/2020,53.83333333,4856,12.12962963,150.0781071,15.20064309,34.10900322,-1.545833333,0.543501684,154.25,5299.958333
10/25/2020,53.61666667,5260,12.00925926,149.7854997,13.92980769,36.59471154,-3.591666667,6.226590909,163,5289.625
10/26/2020,53.37083333,4655,11.87268519,149.9860773,15.48717949,9.509967949,-17.41666667,9.051794872,157.9166667,5296.708333
10/27/2020,53.60833333,5711,12.00462963,150.5146585,20.03525641,16.07740385,-7.245833333,5.264244373,157.9166667,5315.375
10/28/2020,53.5125,5331,11.95138889,150.9512098,16.19166667,32.92182692,-1.466666667,0.998942308,155.9583333,5330.791667
10/29/2020,53.83333333,5053,12.12962963,151.6355336,17.7291866,33.69086124,-0.225,1.32962766,154.625,5354.958333
10/30/2020,53.95833333,5159,12.19907407,152.6148246,14.21189711,41.31954984,-0.454166667,0.62557377,147.1666667,5389.541667
10/31/2020,54.07083333,5077,12.26157407,152.5758889,12.09701493,45.18059701,-0.2,0.712395833,145.0416667,5388.166667
11/1/2020,54.21666667,4693,12.34259259,153.7050232,15.72083333,42.77791667,1.5125,0.27875,144.4583333,5428.041667
11/2/2020,54.43333333,5360,12.46296296,153.0254189,24.98571429,25.22545455,1.629166667,0.654285714,143.2916667,5404.041667
11/3/2020,54.33333333,4987,12.40740741,151.9942137,15.40737179,41.4424359,0.979166667,0.753762058,138.6666667,5367.625
11/4/2020,54.35416667,5170,12.41898148,151.345286,15.14313725,43.66330065,0.85,0.46347541,134.375,5344.708333
11/5/2020,54.46666667,4473,12.48148148,145.0742843,14.70362319,45.42376812,2.45,0.599746377,133.4583333,5123.25
11/6/2020,54.625,4236,12.56944444,144.2188796,16.46972973,43.59545946,2.216666667,2.919184783,123.5,5093.041667
11/7/2020,54.525,4442,12.51388889,144.618855,9.264,67.7312,2.908,2.2016,101.875,5107.166667
11/8/2020,54.32916667,5073,12.40509259,144.4760909,9.345833333,41.11666667,-4.266666667,3.858636364,120.1666667,5102.125
11/9/2020,54.16666667,5241,12.31481481,144.4501338,9.120833333,31.21833333,-7.3125,5.284545455,108.5416667,5101.208333
11/10/2020,53.875,5098,12.15277778,144.5669408,6.404166667,45.42416667,-5.591666667,0.793333333,124.125,5105.333333
11/11/2020,53.82916667,4769,12.12731481,144.385241,6.204166667,49.00416667,-4.916666667,1.006086957,128.2916667,5098.916667
11/12/2020,53.9875,4655,12.21527778,144.1256699,10.31428571,40.6555102,-4.170833333,0.471836735,110.9166667,5089.75
11/13/2020,54.10416667,4573,12.28009259,144.3463054,8.271019108,61.05270701,1.362962963,2.12172524,15.33333333,5097.541667
11/14/2020,54.1375,4687,12.29861111,143.9699273,8.243925234,85.20697819,5.666666667,1.719003115,70,5084.25
11/15/2020,54.36666667,4574,12.42592593,144.3592839,10.7875,72.19125,5.908333333,0.7925,36.83333333,5098
11/16/2020,54.59583333,4931,12.55324074,144.1646056,11.48076923,73.94307692,6.573076923,0.791538462,94.375,5091.125
11/17/2020,54.50833333,5424,12.50462963,138.4257247,10.62666667,84.99,8.143333333,1.251666667,11.95833333,4888.458333
11/18/2020,54.47083333,4240,12.4837963,132.0827511,13.59069767,80.40418605,10.04883721,5.909767442,71.70833333,4664.458333
11/19/2020,54.31666667,4624,12.39814815,130.8238313,14.19142857,50.80428571,4.475,2.910714286,115.4583333,4620
11/20/2020,54.15416667,4378,12.30787037,130.9076019,16.10684932,31.61575342,-1.0625,4.499577465,121.7083333,4622.958333
11/21/2020,54.225,4170,12.34722222,130.7872553,14.22358491,34.41764151,-2.429166667,3.791603774,118.9166667,4618.708333
11/22/2020,54.275,4040,12.375,125.2100164,11.29583333,46.24666667,-0.8625,1.9725,69.45833333,4421.75
11/23/2020,54.30833333,3818,12.39351852,118.6346087,14.82407407,42.87074074,2.020833333,2.239259259,105.8333333,4189.541667
11/24/2020,54.275,3999,12.375,118.7903513,16.83666667,35.26675,1.370833333,2.9405,113.0416667,4195.041667
11/25/2020,54.225,4025,12.34722222,118.3479006,12.85363636,49.82645455,2.629166667,1.262,112.5416667,4179.416667
11/26/2020,54.14583333,4229,12.30324074,115.8855148,9.860810811,47.86560811,-1.408333333,3.868310811,112.9166667,4092.458333
11/27/2020,53.85,4219,12.13888889,113.5245977,12.34673913,33.84586957,-3.975,3.679891304,111.9583333,4009.083333
11/28/2020,53.76666667,3511,12.09259259,113.198954,7.695833333,57.3725,-1.375,0.707083333,109.5416667,3997.583333
11/29/2020,53.68333333,3839,12.0462963,113.8915369,7.0375,61.18166667,-0.795833333,0.578333333,96.33333333,4022.041667
11/30/2020,53.58333333,4122,11.99074074,112.2432604,6.7625,64.08625,-0.441666667,0.133913043,105,3963.833333
12/1/2020,53.55416667,3806,11.97453704,112.8025181,10.69824561,52.87719298,-0.504166667,3.040892857,106.9583333,3983.583333
12/2/2020,53.40416667,3837,11.8912037,109.095371,8.537837838,52.45986486,-1.845833333,1.522567568,108.9166667,3852.666667
12/3/2020,53.375,3600,11.875,105.7822999,13.52592593,42.49037037,-0.604166667,0.273551402,95.45833333,3735.666667
12/4/2020,53.42916667,3884,11.90509259,102.5706976,7.991666667,59.48861111,-0.5625,0.971666667,92.95833333,3622.25
12/5/2020,53.2125,3356,11.78472222,102.1648228,8.22,55.482,-0.695833333,0.698717949,76.54166667,3607.916667
12/6/2020,53.04583333,3253,11.69212963,101.7860849,9.845833333,57.36208333,0.666666667,2.6575,100.875,3594.541667
12/7/2020,52.97083333,3462,11.65046296,101.8415388,16.10833333,31.39958333,-1.220833333,6.259166667,104.5,3596.5
12/8/2020,52.89583333,3542,11.6087963,102.0987501,20.26022727,22.17784091,-2.834782609,2.788409091,107.4166667,3605.583333
12/9/2020,52.84583333,3897,11.58101852,101.9784035,9.428115016,53.37348243,-0.392,1.918717949,78.58333333,3601.333333
12/10/2020,52.92083333,3514,11.62268519,101.9536263,15.07138047,27.16306397,-4.241666667,4.764814815,103.5833333,3600.458333
12/11/2020,53.65833333,3467,12.03240741,102.09993,7.083333333,55.39702381,-1.616666667,1.214369748,56.16666667,3605.625
12/12/2020,54.2375,3443,12.35416667,102.468049,7.236607143,84.44959821,4.4125,2.149419643,77.08333333,3618.625
12/13/2020,54.25416667,3293,12.36342593,102.9954503,7.552272727,84.52227273,4.936363636,1.694772727,9.666666667,3637.25
12/14/2020,54.12083333,3226,12.28935185,102.9954503,3.572307692,87.61707692,1.441538462,1.15671875,99.54166667,3637.25
12/15/2020,53.85,3541,12.13888889,101.8144018,7.866666667,71.09123457,1.975,0.717407407,41,3595.541667
12/16/2020,53.69166667,3636,12.05092593,100.2192194,4.448484848,85.75490909,1.862162162,0.444478528,31.625,3539.208333
12/17/2020,53.81666667,3901,12.12037037,97.39815359,9.285,79.92485714,5.628947368,1.701,87.125,3439.583333
12/18/2020,53.58333333,3391,11.99074074,94.19599019,6.6656,63.67952,-0.125,2.65472,93.20833333,3326.5
12/19/2020,53.30833333,3360,11.83796296,92.67985903,5.720833333,73.09625,0.9,0.6425,67.41666667,3272.958333
12/20/2020,53.1625,3195,11.75694444,92.87453735,7.3125,75.35875,2.870833333,0.449583333,74.375,3279.833333
12/21/2020,53.13333333,3290,11.74074074,92.79902576,5.834615385,79.32692308,2.307692308,0.355384615,76.95833333,3277.166667
12/22/2020,53.075,3051,11.70833333,92.71525509,5.7,80.96860465,1.946511628,1.996190476,88.66666667,3274.208333
12/23/2020,52.72916667,3125,11.5162037,92.38253214,11.60416667,27.70416667,-6.783333333,5.98,92.58333333,3262.458333
12/24/2020,52.35,3268,11.30555556,92.78840694,5.0875,59.77833333,-3.558333333,0.900833333,73.16666667,3276.791667
12/25/2020,52.14166667,3452,11.18981481,92.79076668,5.644444444,72.69518519,1,0.99037037,15.45833333,3276.875
12/26/2020,52.29583333,3281,11.27546296,92.63738376,8.017241379,87.64172414,5.95,1.755517241,70.54166667,3271.458333
12/27/2020,52.34166667,3305,11.30092593,92.55361309,7.970833333,71.72166667,2.729166667,1.632608696,64.29166667,3268.5
12/28/2020,52.12083333,3105,11.17824074,92.76598944,7.691111111,59.76066667,-0.904166667,1.782666667,87.58333333,3276
12/29/2020,51.8375,3176,11.02083333,92.97364631,11.18679245,30.12188679,-4.9125,3.665188679,92.58333333,3283.333333
12/30/2020,51.67083333,3520,10.92824074,92.8650984,5.0672,68.42624,-0.943478261,1.265483871,59,3279.5
12/31/2020,51.6625,3608,10.92361111,92.43562623,7.623076923,74.47794872,3.316666667,2.20625,73.41666667,3264.333333
1/1/2021,51.55,3189,10.86111111,92.62912468,8.721753247,66.15805195,2.54,2.318538961,62,3271.166667
1/2/2021,51.55,3177,10.86111111,93.56712022,8.656307692,87.41233846,6.702564103,1.377641509,27.20833333,3304.291667
1/3/2021,51.49583333,2880,10.83101852,93.88096527,9.115178571,90.82625,7.695081967,1.667074627,11.16666667,3315.375
1/4/2021,51.375,3201,10.76388889,94.62546236,9.683768116,88.61275362,7.679411765,4.939826087,24.54166667,3341.666667
1/5/2021,51.2375,3031,10.6875,93.55060206,6.594197952,78.63505119,3.061904762,1.53962069,99.95833333,3303.708333
1/6/2021,50.8375,3672,10.46527778,93.41137756,5.137549407,87.19853755,3.730769231,1.272248996,22.29166667,3298.791667
1/7/2021,50.825,3449,10.45833333,92.27398423,5.83761194,82.82791045,2.454901961,1.613850746,60.625,3258.625
1/8/2021,51.1,3346,10.61111111,91.67225124,8.392638037,81.8907362,5.5675,1.492246154,74.75,3237.375
1/9/2021,50.99166667,2946,10.55092593,92.6432831,8.474038462,64.30660256,0.945833333,2.827435897,102.7916667,3271.666667
1/10/2021,50.7625,3100,10.42361111,93.1093312,7.442948718,72.5549359,2.475,0.864340836,64.20833333,3288.125
1/11/2021,50.89166667,3814,10.49537037,92.31763936,6.567301587,78.83946032,2.662962963,0.66514377,92.29166667,3260.166667
1/12/2021,51.025,3392,10.56944444,92.00497418,8.662101911,83.66305732,5.965384615,0.797038217,24.75,3249.125
1/13/2021,51.1875,3170,10.65972222,92.60788704,10.49296188,87.82085044,8.488333333,1.038797654,53.08333333,3270.416667
1/14/2021,51.25416667,2864,10.69675926,92.30820042,11.81061093,75.30967846,6.964,1.71318328,105.2083333,3259.833333
1/15/2021,51.175,3327,10.65277778,92.4816411,10.51570513,73.89391026,5.675,0.871221865,60.54166667,3265.958333
1/16/2021,51.19166667,2960,10.66203704,91.53774621,12.47692308,65.87839744,5.066666667,2.57179402,100.5416667,3232.625
1/17/2021,51.19166667,3393,10.66203704,90.73425569,19.14903846,32.18064103,1.875,5.219871795,111,3204.25
1/18/2021,51.1125,3430,10.61805556,90.50182158,19.12948718,17.44820513,-6.929166667,7.459326923,119.0833333,3196.041667
1/19/2021,50.87083333,3281,10.4837963,90.80976728,13.86923077,22.34839744,-7.6,9.925404531,120.5833333,3206.916667
1/20/2021,50.72916667,3328,10.40509259,91.14602984,10.57250996,31.42498008,-7.029166667,2.947634855,120.3333333,3218.791667
1/21/2021,50.61666667,3278,10.34259259,91.17788629,7.354166667,57.27125,-1.208333333,0.320833333,84.29166667,3219.916667
1/22/2021,50.55833333,3235,10.31018519,91.78433875,10.34747475,55.24555556,1.533333333,1.101313131,71.33333333,3241.333333
1/23/2021,50.57916667,3170,10.32175926,91.90940483,8.164556962,67.36901899,1.955172414,2.164651899,116.1666667,3245.75
1/24/2021,50.35833333,3208,10.19907407,92.23032909,5.403809524,64.32387302,-0.792857143,1.415968254,45.45833333,3257.083333
1/25/2021,50.15416667,3323,10.08564815,92.31763936,6.123961661,68.09747604,-0.126923077,2.261341853,112.375,3260.166667
1/26/2021,49.65833333,2961,9.810185185,92.72115443,1.859105431,64.98268371,-3.992,2.16318328,42,3274.416667
1/27/2021,48.84583333,3299,9.358796296,97.00643721,3.959036145,84.93674699,1.178846154,6.18563253,22.52173913,3425.75
1/28/2021,48.74166667,3405,9.300925926,97.45950676,6.269577465,90.83811268,4.94691358,2.839915493,20.125,3441.75
1/29/2021,48.37083333,3227,9.094907407,93.01376184,5.974850299,88.21724551,4.320689655,1.561586826,48.08333333,3284.75
1/30/2021,48.73333333,3131,9.296296296,93.29103097,8.331692308,79.18818462,4.95,1.946923077,57.08333333,3294.541667
1/31/2021,49.05416667,3587,9.474537037,92.67042008,8.612738854,79.92792994,5.384615385,1.941242038,48.41666667,3272.625
2/1/2021,48.99166667,3456,9.439814815,92.30702055,9.239423077,79.14467949,5.504166667,1.725705128,44.95833333,3259.791667
2/2/2021,49.175,3742,9.541666667,91.58140135,11.85648148,79.81722222,8.5325,5.230030864,45.45833333,3234.166667
2/3/2021,49.125,3442,9.513888889,91.1023747,7.040894569,78.20763578,3.71875,2.793108974,76.75,3217.25
2/4/2021,49.1375,2708,9.520833333,91.15546879,9.449839228,48.81221865,-1.916666667,5.749058442,140.875,3219.125
2/5/2021,48.95416667,3262,9.418981481,91.98609629,12.75015974,42.62511182,-0.325,2.848498403,145.875,3248.458333
2/6/2021,48.98333333,3219,9.435185185,93.19664148,14.88621795,35.40708333,-1.216666667,2.660776699,149.125,3291.208333
2/7/2021,49.1125,3394,9.506944444,92.97246644,10.86570513,54.23544872,-0.0875,0.959166667,152.125,3283.291667
2/8/2021,49.19166667,3172,9.550925926,93.56947996,9.745016077,57.48942122,0.8625,0.988580645,113.3333333,3304.375
2/9/2021,49.30833333,3003,9.615740741,93.4739106,10.79546926,64.61537217,3.976923077,0.532168285,103.5,3301
2/10/2021,49.41666667,3206,9.675925926,93.13292857,10.90096154,63.84346154,3.65,0.944038462,139.75,3288.958333
2/11/2021,49.45833333,3555,9.699074074,92.48872031,10.03899371,75.28877358,6.203225806,1.297823344,35.625,3266.208333
2/12/2021,49.39583333,3452,9.664351852,92.6845785,9.468934911,86.74369822,7.15,1.839347181,103.3333333,3273.125
2/13/2021,49.5125,3382,9.729166667,91.00208587,10.97801724,80.13198276,7.670833333,2.873448276,139.8333333,3213.708333
2/14/2021,49.40833333,3465,9.671296296,91.11299352,10.97801724,80.13198276,,,80.125,3217.625
2/15/2021,49.3625,2909,9.645833333,90.4746846,10.97801724,80.13198276,,,37.45833333,3195.083333
2/16/2021,49.1,3336,9.5,89.49893326,10.97801724,80.13198276,,,149.625,3160.625
2/17/2021,49.06666667,3035,9.481481481,90.00981637,3.833333333,75.16833333,-0.166666667,2.228333333,163.5833333,3178.666667
2/18/2021,48.9,3263,9.388888889,90.92421454,6,61.065,-1.25,1.93,47.5,3210.958333
2/19/2021,48.63333333,3456,9.240740741,92.27516409,6.25,85.5425,4,0.856666667,47.5,3258.666667
2/20/2021,48.6125,3197,9.229166667,92.85801919,5,86.89,3,1.54,163.1666667,3279.25
2/21/2021,48.89166667,3529,9.384259259,92.72705377,7.5,61.2175,0.5,2.1875,172.2083333,3274.625
2/22/2021,49.00416667,3517,9.446759259,92.05216893,7.5,61.2175,,,180.4583333,3250.791667
2/23/2021,49.2,3235,9.555555556,92.74711154,7.5,61.2175,,,182.4583333,3275.333333
2/24/2021,49.3,2885,9.611111111,92.53237545,15.51395349,19.98372093,-7.35,9.248139535,187.125,3267.75
2/25/2021,49.34166667,3652,9.634259259,92.79194654,12.65833333,21.03439103,-9.233333333,4.757147436,176.125,3276.916667
2/26/2021,49.425,2919,9.680555556,93.3724419,10.90614887,46.22045307,-1.654166667,1.680423453,166.7083333,3297.416667
2/27/2021,49.33333333,3126,9.62962963,92.76244983,9.527564103,42.37028846,-3.604166667,2.372297735,181.3333333,3275.875
2/28/2021,49.45416667,3008,9.696759259,92.53945466,12.81826923,29.81592949,-5.116666667,4.77525641,190.2916667,3268
3/1/2021,49.36666667,3011,9.648148148,92.7825076,10.96923077,47.63570513,-0.875,1.817684887,189.375,3276.583333
3/2/2021,49.58333333,3151,9.768518519,92.98780473,11.49198718,45.15907051,-2.045833333,2.145032051,182.7916667,3283.833333
3/3/2021,49.5875,3909,9.770833333,97.80874787,11.18269231,44.27099359,-2.433333333,0.952596154,192.6666667,3454.083333
3/4/2021,49.52083333,3689,9.733796296,98.64763445,12.20707395,53.26,2.282608696,2.716173633,190.5416667,3483.708333
3/5/2021,49.57083333,3648,9.761574074,99.10896307,10.60608974,57.92564103,1.629166667,2.312297735,193.5,3500
3/6/2021,49.5375,3640,9.743055556,99.11250268,11.4910828,63.97436306,4.155555556,4.483865815,185.875,3500.125
3/7/2021,49.57083333,3367,9.761574074,98.88478804,9.283279743,63.72980707,1.552173913,1.118220065,184.0416667,3492.083333
3/8/2021,49.3,3660,9.611111111,99.25408691,9.695859873,61.65878981,2.473076923,3.076655949,77.79166667,3505.125
3/9/2021,49.12916667,3283,9.516203704,99.03109174,7.780250784,72.5707837,3.185714286,3.875015674,125.5416667,3497.25
3/10/2021,48.8,3792,9.333333333,98.85883093,6.019701493,81.61459701,2.909433962,3.151521036,81.04166667,3491.166667
3/11/2021,48.64166667,3769,9.24537037,97.17279869,6.949112426,77.47340237,2.440350877,1.793855422,192.3333333,3431.625
3/12/2021,48.84583333,3403,9.358796296,96.69141229,13.27864078,37.75763754,-1.704166667,3.549805195,221.1666667,3414.625
3/13/2021,49.05,3231,9.472222222,96.96632168,11.04967949,50.21503205,-0.329166667,1.592990354,220.0416667,3424.333333
3/14/2021,49.31304348,3433,9.618357488,96.79067515,9.188785047,69.26489097,3.651428571,2.599470405,82.20833333,3418.130435
3/15/2021,49.375,3849,9.652777778,96.90732825,6.292625369,82.430059,3.921818182,1.989201183,130.9583333,3422.25
3/16/2021,49.16666667,3611,9.537037037,96.54038911,9.254487179,43.50346154,-2.6,3.511650485,215.7083333,3409.291667
3/17/2021,49.1625,3448,9.534722222,96.1687305,9.771153846,62.70576923,2.825,1.600352564,173.625,3396.166667
3/18/2021,49.3,3331,9.611111111,96.60410202,9.641566265,78.81822289,6.657446809,2.206204819,35.25,3411.541667
3/19/2021,49.40416667,3406,9.668981481,97.07132999,11.44132492,78.12444795,7.531034483,3.993911672,131,3428.041667
3/20/2021,49.52916667,3372,9.738425926,96.20412656,9.053773585,74.52962264,3.447058824,1.63533123,204.7826087,3397.416667
3/21/2021,49.48333333,3571,9.712962963,97.69076101,11.01955128,52.75121795,0.679166667,2.590448718,218.5833333,3449.916667
3/22/2021,49.72916667,3631,9.849537037,97.04655275,13.25874587,50.21419142,2.047826087,1.309898649,207.8333333,3427.166667
3/23/2021,49.725,3801,9.847222222,97.33680042,12.96730769,36.14939103,-2.1625,5.678685897,225.875,3437.416667
3/24/2021,49.9,3451,9.944444444,97.53855795,14.33311897,30.78395498,-3.054166667,3.199292605,204.625,3444.541667
3/25/2021,50.29166667,3249,10.16203704,97.39107438,14.31225806,40.64348387,0.354166667,4.192265372,228.8333333,3439.333333
3/26/2021,50.44166667,3059,10.24537037,97.66598376,14.23782051,33.10878205,-2.3375,5.233621795,248.8333333,3449.041667
3/27/2021,50.39583333,3317,10.21990741,98.55324496,17.01314103,36.11637821,0.954166667,2.154807692,251.75,3480.375
3/28/2021,50.66666667,3191,10.37037037,97.18813698,15.35096154,53.66496795,4.854166667,1.711217949,249.4166667,3432.166667
3/29/2021,51.09583333,3361,10.6087963,95.73571872,16.70576923,31.23474359,-1.854166667,5.865352564,256.375,3380.875
3/30/2021,50.95833333,3494,10.53240741,93.80191407,15.81387097,20.68148387,-7.318181818,7.098774194,259.4583333,3312.583333
3/31/2021,50.7125,3878,10.39583333,93.38188085,19.68103448,18.80017241,-5.2875,3.217058824,262,3297.75
4/1/2021,51.1375,3923,10.63194444,93.67920774,16.45128205,45.68309446,2.804166667,1.319485531,256.2916667,3308.25
4/2/2021,51.3625,4040,10.75694444,110.5690269,16.59423077,45.34632653,3.234782609,1.56783871,231.2916667,3904.708333
4/3/2021,51.1125,4449,10.61805556,124.5988445,15.55769231,43.896,2.995454545,0.977427653,235.5,4400.166667
4/4/2021,50.72916667,5097,10.40509259,124.9999998,14.50207612,54.14927711,5.59,1.479031142,247.25,4414.333333
4/5/2021,50.6375,4618,10.35416667,125.4353713,15.46826923,58.94080128,6.808333333,1.703118971,245.2916667,4429.708333
4/6/2021,50.9375,4065,10.52083333,127.1332022,15.67184466,45.84341176,4.06,1.305016077,265.1666667,4489.666667
4/7/2021,50.78333333,3995,10.43518519,131.1034601,16.19856631,58.48250896,6.9,1.817777778,256.25,4629.875
4/8/2021,50.86666667,4829,10.48148148,144.1646056,14.59572368,55.28973684,4.479166667,1.456315789,263.875,5091.125
4/9/2021,50.8125,5230,10.45138889,144.3710826,14.75395189,51.20522337,3.129166667,1.499003436,270.9583333,5098.416667
4/10/2021,50.77083333,4511,10.42824074,143.7717094,16.40176056,50.41964789,4.125,1.225673759,273.5833333,5077.25
4/11/2021,51.05416667,6367,10.58564815,143.5935492,19.02660256,28.00576923,-1.1375,4.474647436,279.6666667,5070.958333
4/12/2021,51.89583333,4791,11.05324074,143.5546135,21.48653846,16.09294872,-5.6875,5.656826923,284.2083333,5069.583333
4/13/2021,51.75416667,5067,10.97453704,159.4144074,18.38782051,26.46903846,-3.25,4.19150641,285.875,5629.666667
4/14/2021,51.40833333,5419,10.78240741,192.571075,17.27777778,24.66267974,-3.841666667,6.399901316,250.4166667,6800.583333
4/15/2021,51.70416667,5820,10.94675926,193.1704482,14.99722222,44.42909722,1.266666667,1.543038869,278.5833333,6821.75
4/16/2021,51.77916667,6026,10.98842593,188.3447856,17.58846154,41.51666667,2.033333333,2.717677419,282,6651.333333
4/17/2021,51.3625,5946,10.75694444,175.6364209,19.65064103,31.95916667,-0.7625,3.017339744,290.7083333,6202.541667
4/18/2021,51.31666667,7075,10.73148148,190.9758926,19.59391026,36.28269231,0.420833333,1.407225806,294.4166667,6744.25
4/19/2021,52.21666667,6683,11.23148148,189.7972039,22.04913495,36.38034602,3.829166667,1.488838028,288.875,6702.625
4/20/2021,53.09583333,7106,11.71990741,188.5217659,20.17403846,38.24259615,3.8875,3.596089744,277.75,6657.583333
4/21/2021,54.15833333,6617,12.31018519,204.8086722,19.60894569,31.71201278,-0.068,5.884185304,273.2083333,7232.75
4/22/2021,55.0125,7386,12.78472222,208.0922465,18.63397436,38.11195513,2.104166667,1.994285714,289.9166667,7348.708333
4/23/2021,55.7,6906,13.16666667,223.6641524,17.65616883,52.76840909,7.130769231,1.902866894,273.4583333,7898.625
4/24/2021,56.1125,6488,13.39583333,222.9715695,17.08197279,52.61704082,6.829166667,4.601911263,185.4583333,7874.166667
4/25/2021,55.625,8157,13.125,222.8205464,12.70670732,58.77478659,5.22195122,5.355107692,80.125,7868.833333
4/26/2021,54.7125,6400,12.61805556,223.0518006,9.04953271,73.72915888,3.127272727,1.434696486,297.2916667,7877
4/27/2021,55.52916667,6905,13.07175926,222.0642506,14.84276527,49.62080386,2.779166667,3.213987138,304.7916667,7842.125
4/28/2021,56.66666667,8174,13.7037037,222.1609998,19.69929825,37.698,2.308333333,2.093021583,310.8333333,7845.541667
4/29/2021,57.3375,7530,14.07638889,222.8040282,20.63762058,45.00237942,6.395833333,1.287483871,298.7083333,7868.25
4/30/2021,57.7625,7454,14.3125,222.1763381,22.65865385,42.71073718,7.4,1.920929487,285.2083333,7846.083333
5/1/2021,57.9375,7384,14.40972222,222.1149849,21.1150641,46.88663462,8.208333333,1.718393443,283.75,7843.916667
5/2/2021,58.0625,8046,14.47916667,234.0080605,21.56054422,32.97204082,4.025,4.576716418,304.8333333,8263.916667
5/3/2021,58.7875,8013,14.88194444,232.3751223,22.29123377,25.96558442,0.95,5.655324675,311.0833333,8206.25
5/4/2021,59.66666667,8041,15.37037037,232.1379688,24.39070513,29.31496795,4.3625,4.260490196,314.375,8197.875
5/5/2021,59.77083333,7936,15.42824074,232.4423749,24.07100977,33.05364821,4.396,1.921423841,315.5416667,8208.625
5/6/2021,59.85833333,7911,15.47685185,248.8496277,23.45705128,34.72733974,4.970833333,2.765974026,312.25,8788.041667
5/7/2021,58.8,8998,14.88888889,250.7315181,21.47635783,29.55252396,1.32,4.746996805,310.5,8854.5
5/8/2021,59.10833333,9039,15.06018519,264.355461,20.81987179,20.2024359,-3.579166667,6.766881029,318.2916667,9335.625
5/9/2021,59.99166667,8904,15.55092593,265.9978381,23.1022293,25.75229299,1.626923077,6.277866242,314.5833333,9393.625
5/10/2021,60.4375,9163,15.79861111,265.5742652,24.02250804,20.91565916,-0.716666667,6.557941176,324.7916667,9378.666667
5/11/2021,60.72083333,9854,15.95601852,267.516329,25.31474359,21.71291667,0.433333333,3.512098361,326.0833333,9447.25
5/12/2021,58.6625,8656,14.8125,265.109397,24.47692308,31.3388141,3.779166667,1.789735099,324.125,9362.25
5/13/2021,57.32916667,9023,14.07175926,259.2572487,25.23846154,33.39227564,5.895833333,1.714271845,318.7916667,9155.583333
5/14/2021,57.51666667,8474,14.17592593,259.8613414,24.53205128,35.19230769,6.483333333,1.797064516,248.8333333,9176.916667
5/15/2021,55.61666667,9131,13.12037037,259.6654832,21.94716981,47.6440566,8.91,2.77340694,207.2916667,9170
5/16/2021,55.3875,8625,12.99305556,259.3634369,22.26063492,52.86111111,10.54074074,2.623668831,312.2916667,9159.333333
5/17/2021,55.49583333,8940,13.05324074,259.9628101,22.50833333,48.13121795,10.43333333,3.406612378,317.0416667,9180.5
5/18/2021,55.39166667,8834,12.99537037,259.4000128,22.61830986,44.67253521,8.268181818,2.787992832,348.0454545,9160.625
5/19/2021,55.55416667,8638,13.08564815,253.9997542,20.75192308,25.38608974,-0.466666667,3.137631579,329.75,8969.916667
5/20/2021,55.62083333,8869,13.12268519,253.7083266,15.47403509,27.92810526,-3.963157895,5.095578947,323.2916667,8959.625
5/21/2021,56.25,8656,13.47222222,258.8914894,16.34123377,28.58061688,-2.666666667,4.366136364,322.7083333,9142.666667
5/22/2021,55.66666667,8653,13.14814815,247.1812935,18.50352564,32.97355769,1.370833333,3.181409836,277.1666667,8729.125
5/23/2021,55.20416667,8217,12.8912037,250.1203462,20.36121795,36.66753205,3.958333333,2.129370861,292.75,8832.916667
5/24/2021,54.825,9013,12.68055556,249.879653,20.78012821,37.80471154,4.354166667,2.321168831,323.3333333,8824.416667
5/25/2021,55.3375,8710,12.96527778,248.1688435,22.71736334,33.13051447,4.3125,2.73737013,323.9166667,8764
5/26/2021,55.4125,7583,13.00694444,225.6380726,23.59967949,26.51371795,1.270833333,2.806558442,341.75,7968.333333
5/27/2021,55.52083333,7110,13.06712963,209.4384766,22.95673077,27.03096154,1.408333333,1.715863192,306.0416667,7396.25
5/28/2021,55.70833333,7333,13.1712963,207.8373949,25.64228188,32.21422819,6.670833333,3.24152027,322.8333333,7339.708333
5/29/2021,55.51666667,6197,13.06481481,208.141801,30.11692308,17.73769231,2.32,1.258307692,338.5833333,7350.458333
5/30/2021,55.14583333,7678,12.8587963,209.0679979,28.94772727,33.03366883,6.291666667,2.683717105,338.5833333,7383.166667
5/31/2021,55.1,7308,12.83333333,206.1820392,33.6,16.42826923,3.3375,3.57980456,336.1666667,7281.25
6/1/2021,55.1375,7274,12.85416667,206.1218659,31.59326923,25.1486859,6.658333333,1.753071895,332.5,7279.125
6/2/2021,54.99583333,7319,12.77546296,209.5139882,31.23892617,33.48295302,11.0875,1.908361775,330.9166667,7398.916667
6/3/2021,54.825,6344,12.68055556,214.7266477,30.17980769,28.42410256,8.183333333,1.779839228,335.125,7583
6/4/2021,54.87083333,7550,12.70601852,210.1617361,31.04391026,26.80916667,8.141666667,2.396623377,326.1666667,7421.791667
6/5/2021,55.17083333,7567,12.87268519,210.0307706,29.65801282,24.56067308,5.4375,2.545659164,335.2083333,7417.166667
6/6/2021,55.74583333,7230,13.19212963,210.8755566,28.19935897,18.36394231,0.4125,4.064387097,342.7916667,7447
6/7/2021,55.93333333,7075,13.2962963,209.3086911,23.50544872,23.03355769,0.379166667,3.951915584,316.3333333,7391.666667
6/8/2021,55.15416667,6986,12.86342593,209.479772,19.42339744,35.88740385,3.0375,4.641363636,314.6666667,7397.708333
6/9/2021,54.98333333,7407,12.76851852,209.3617851,18.13237179,40.61583333,3.5625,2.750754098,309,7393.541667
6/10/2021,55.37083333,6674,12.9837963,210.7268931,17.23974359,43.21227564,3.708333333,3.092026578,320.9166667,7441.75
6/11/2021,55.44583333,7189,13.02546296,211.1091706,20.90961538,26.43948718,-0.025,3.191720779,269.875,7455.25
6/12/2021,54.81666667,7534,12.67592593,210.8944345,22.37564103,41.80112179,8.0375,2.027662338,285.4166667,7447.666667
6/13/2021,54.50416667,7282,12.50231481,222.8217262,26.76987179,41.77625,11.55,3.446375405,333.25,7868.875
6/14/2021,54.87083333,7576,12.70601852,222.868921,26.0150641,44.05429487,11.91666667,6.448392283,313.9166667,7870.541667
6/15/2021,54.2125,7611,12.34027778,223.2700763,23.60416667,35.15310897,5.579166667,2.471111111,333.0416667,7884.708333
6/16/2021,52.6125,6664,11.45138889,236.5365189,27.98173077,19.00967949,0.504166667,3.463811075,351.5416667,8353.208333
6/17/2021,52.775,8271,11.54166667,237.0910572,32.19391026,18.08217949,2.3375,3.248993289,368.7826087,8372.791667
6/18/2021,52.5125,8272,11.39583333,237.1795473,33.58589744,20.58858974,5.275,2.144403974,350.5416667,8375.916667
6/19/2021,52.8,8008,11.55555556,237.6503149,34.32596154,21.60201923,6.35,2.472272727,338.6666667,8392.541667
6/20/2021,53.325,8169,11.84722222,237.7411648,32.00833333,21.69282051,4.866666667,1.949320388,338.3333333,8395.75
6/21/2021,52.84583333,8255,11.58101852,237.8603315,30.04391026,24.34634615,5.670833333,2.776699029,324.8333333,8399.958333
6/22/2021,52.51666667,8197,11.39814815,238.2343499,28.65480769,29.95467949,8.229166667,3.582941176,327.875,8413.166667
6/23/2021,52.59166667,8462,11.43981481,238.0396715,27.22051282,38.5186859,10.35,2.609805825,331.4583333,8406.291667
6/24/2021,53.2375,8097,11.79861111,238.215472,27.92147436,35.87778846,9.854166667,2.445580645,336.25,8412.5
6/25/2021,53.5,8273,11.94444444,238.2662063,29.0099359,35.18426282,10.81666667,2.416557377,303.0416667,8414.291667
6/26/2021,53.44166667,8308,11.91203704,240.4713807,32.36378205,36.56846154,12.625,2.250849673,334,8492.166667
6/27/2021,53.45416667,8357,11.91898148,251.7143487,34.38205128,31.53025641,12.9875,1.716111111,329.3333333,8889.208333
6/28/2021,54.14166667,8417,12.30092593,251.3710069,32.28910256,39.19394231,15.45416667,2.720097087,327.2916667,8877.083333
6/29/2021,54.57916667,8614,12.54398148,251.3179128,31.99551282,33.54288462,11.50833333,1.902847896,334.75,8875.208333
6/30/2021,53.87916667,8285,12.15509259,251.9656607,33.3375,28.90945513,11.17083333,3.252588997,330.375,8898.083333
7/1/2021,53.45,8582,11.91666667,257.7706143,30.61185897,37.62224359,13.43333333,3.226493506,328.25,9103.083333
7/2/2021,53.4375,8341,11.90972222,261.0117133,30.21555556,39.5024127,13.11428571,2.136655949,321.2916667,9217.541667
7/3/2021,53.6375,8829,12.02083333,261.714915,31.27916667,33.04580128,11.3,2.198045603,330.9583333,9242.375
7/4/2021,53.425,9329,11.90277778,283.6640107,31.13910256,31.63666667,11.05833333,2.727175325,325.1666667,10017.5
7/5/2021,53.84166667,8801,12.13425926,282.41335,30.87587302,34.81031746,11.8,2.19566343,324.375,9973.333333
7/6/2021,53.7125,9402,12.0625,287.3841365,30.2099359,32.87448718,10.18333333,2.468935484,326.125,10148.875
7/7/2021,53.6125,9645,12.00694444,285.5234837,30.92628205,34.0025,10.75833333,2.345868852,335.4583333,10083.16667
7/8/2021,53.84583333,9176,12.13657407,283.724184,31.01597444,28.73252396,8.532,2.000903226,334.6666667,10019.625
7/9/2021,53.5625,9637,11.97916667,276.4479343,33.37147436,22.14141026,5.733333333,2.162467105,333.4166667,9762.666667
7/10/2021,53.76666667,9076,12.09259259,278.2318957,35.38814103,16.10403846,4.104166667,2.141433225,316.25,9825.666667
7/11/2021,53.825,8818,12.125,274.6769515,44.34545455,11.69,8.05,4.333939394,326.3333333,9700.125
7/12/2021,53.7125,9456,12.0625,271.9844914,41,10.155,,4.115,335.875,9605.041667
7/13/2021,53.55833333,9694,11.97685185,273.7873306,31.05416667,24.22365385,5.929166667,2.540323625,331.5416667,9668.708333
7/14/2021,53.70833333,9125,12.06018519,275.0226531,29.11570513,31.95025641,8.608333333,2.502508039,331.5,9712.333333
7/15/2021,53.90416667,9477,12.16898148,276.056218,28.07263844,32.21605863,8.329166667,2.617491749,323.7083333,9748.833333
7/16/2021,53.96666667,9356,12.2037037,277.2703027,28.01185897,36.26516026,9.491666667,2.415490196,319.875,9791.708333
7/17/2021,54.51666667,8979,12.50925926,275.2798644,28.34391026,25.68179487,4.566666667,1.866019737,317.1666667,9721.416667
7/18/2021,53.825,9455,12.125,273.1714392,30.35448718,20.26054487,3.254166667,2.090684039,327.4583333,9646.958333
7/19/2021,53.85416667,9070,12.1412037,274.1884859,31.49871383,22.90469453,5.229166667,2.62237785,317.4583333,9682.875
7/20/2021,53.93333333,9038,12.18518519,274.7854995,30.76378205,24.57429487,6.725,2.623387097,324.6666667,9703.958333
7/21/2021,53.8375,9556,12.13194444,274.6604334,29.85833333,25.38589744,6.6875,2.707055016,325.625,9699.541667
7/22/2021,53.43333333,9276,11.90740741,274.9837174,29.73967742,19.82077419,1.775,2.420759076,231,9710.958333
7/23/2021,53.71666667,9290,12.06481481,274.1495503,29.38434505,19.06696486,1.457692308,2.060769231,555.5,9681.5
7/24/2021,53.68333333,8613,12.0462963,274.1707879,28.9164557,26.21113924,4.765517241,1.722025316,199.5416667,9682.25
7/25/2021,53.50416667,9521,11.94675926,274.6403756,28.55897436,31.96253205,8.883333333,1.334123377,262.2916667,9698.833333
7/26/2021,53.89166667,9403,12.16203704,275.5311764,30.69358974,31.19948718,10.275,2.588392283,273.75,9730.291667
7/27/2021,53.825,9647,12.125,271.799252,25.16923077,38.80365385,9.425,3.335416667,78.83333333,9598.5
7/28/2021,53.68333333,9125,12.0462963,274.5035109,26.975,47.79727564,11.77083333,2.025857605,280.7083333,9694
7/29/2021,54.4375,9172,12.46527778,266.1630197,32.22692308,24.16714744,7.616666667,1.606677524,264.25,9399.458333
7/30/2021,54.70833333,8713,12.61574074,265.5518477,33.86314103,31.02733974,13.41666667,2.565263158,251.4583333,9377.875
7/31/2021,54.89583333,9131,12.71990741,265.6969716,33.49358974,29.15269231,12.03333333,2.621575563,269.25,9383
8/1/2021,54.9375,8872,12.74305556,265.9813199,31.25096154,31.90240385,10.6875,2.050873786,287.5833333,9393.041667
8/2/2021,54.79583333,9346,12.66435185,265.9978381,29.97870968,27.86580645,8.275,2.646578947,289.5,9393.625
8/3/2021,54.92916667,9286,12.73842593,266.1571203,27.6172524,26.04297125,3.576,1.283365696,280,9399.25
8/4/2021,55.15,8609,12.86111111,266.2149339,28.81891026,21.2224359,1.970833333,1.518208469,307.5416667,9401.291667
8/5/2021,55.3625,8141,12.97916667,259.4035524,27.2780303,31.19662879,6.928571429,2.43539924,253.625,9160.75
8/6/2021,55.12916667,8951,12.84953704,258.3098142,27.5807571,28.15391167,4.974193548,2.167269841,243.375,9122.125
8/7/2021,54.675,8778,12.59722222,257.4957049,28.31049383,27.10185185,5.895,1.538006231,235.125,9093.375
8/8/2021,54.15833333,9010,12.31018519,257.305746,27.57151703,38.55068111,10.52222222,1.729318885,216.7083333,9086.666667
8/9/2021,54.9,8867,12.72222222,257.4968847,28.47571885,29.07383387,7.272,1.460482315,264.6666667,9093.416667
8/10/2021,55.15833333,8376,12.86574074,251.2388617,29.65064103,31.05028846,9.025,1.250578778,242.4166667,8872.416667
8/11/2021,55.05,8396,12.80555556,251.6730533,31.14294872,31.34839744,10.4375,1.669903846,222.4166667,8887.75
8/12/2021,55.02083333,8048,12.78935185,251.4087627,31.02507937,30.57111111,10.24814815,1.10215873,208,8878.416667
8/13/2021,55.19583333,8611,12.88657407,251.2365019,29.26920635,41.08688889,13.57142857,1.575587302,149.7083333,8872.333333
8/14/2021,54.7,8484,12.61111111,251.1657098,30.86123077,39.98907692,13.87380952,0.9994081,213.2916667,8869.833333
8/15/2021,54.09583333,8496,12.27546296,251.2884161,33.38056426,34.26163009,13.02222222,1.253144654,200.5416667,8874.166667
8/16/2021,53.92916667,9187,12.18287037,251.0996372,31.84984227,42.13820189,15.60645161,1.506012658,159.4583333,8867.5
8/17/2021,53.95416667,8598,12.19675926,250.3339024,29.26625767,34.91696319,11.48571429,1.550920245,174.5416667,8840.458333
8/18/2021,54.3625,8017,12.42361111,243.4304912,27.40511182,19.20795527,1.151851852,8.687859425,257.9166667,8596.666667
8/19/2021,54.64166667,8111,12.5787037,236.3288621,28.78548896,24.15050473,5.713333333,4.347151899,231.5,8345.875
8/20/2021,54.54583333,8056,12.52546296,235.2929374,27.12788462,34.3975,9.092,2.247032258,208.625,8309.291667
8/21/2021,54.80416667,7707,12.66898148,229.9965072,23.90605096,49.82159236,12.05769231,2.228242812,209.5,8122.25
8/22/2021,54.83333333,7862,12.68518519,222.0795889,22.85128205,51.23913462,10.72083333,1.478685897,219.0416667,7842.666667
8/23/2021,55.0375,7518,12.79861111,221.9474436,23.74377358,42.5974717,8.585714286,1.758641509,241.0833333,7838
8/24/2021,55.24583333,7315,12.91435185,214.7349068,23.82884615,34.78102564,5.766666667,1.675774194,245.5,7583.291667
8/25/2021,55.41666667,6981,13.00925926,207.477535,23.81221865,27.80829582,2.829166667,1.581525974,241.0416667,7327
8/26/2021,55.49583333,6874,13.05324074,201.2053535,25.90923567,32.63047771,6.211538462,1.639967638,244.7083333,7105.5
8/27/2021,55.68333333,6903,13.15740741,200.9858979,31.7373913,18.81991304,4.356666667,4.079521739,241.25,7097.75
8/28/2021,55.81666667,6702,13.23148148,201.3481176,32.5428115,15.5686262,2,3.218690096,210.5416667,7110.541667
8/29/2021,55.7375,7081,13.1875,201.8991162,28.13809524,27.08590476,5.621428571,1.283258786,207.6666667,7130
8/30/2021,55.6625,6670,13.14583333,201.4554856,28.18885449,29.9698452,6.92972973,1.314049844,219.5416667,7114.333333
8/31/2021,55.75416667,7064,13.19675926,201.2690664,28.17388535,24.8,4.084615385,2.006837061,228.5833333,7107.75
9/1/2021,55.98333333,6199,13.32407407,201.4578453,24.98006536,35.99415033,7.521428571,2.132193548,232.375,7114.416667
9/2/2021,56.17916667,6352,13.43287037,201.8861376,22.12179487,44.82115385,8.075,1.236121795,224.75,7129.541667
9/3/2021,56.22083333,6902,13.45601852,201.7858488,22.58178914,33.52881789,3.312,1.310096463,221.7916667,7126
9/4/2021,56.24583333,6779,13.46990741,200.8289754,24.18621795,28.30410256,1.75,1.379285714,244.4583333,7092.208333
9/5/2021,56.27916667,7061,13.48842593,200.8891487,25.34551282,23.5775641,0.466666667,1.119606557,240.2916667,7094.333333
9/6/2021,56.31666667,7182,13.50925926,201.2088931,26.10833333,24.02326923,1.166666667,1.486870968,228.5416667,7105.625
9/7/2021,56.42916667,7005,13.57175926,202.67311,28.93987138,20.56559486,1.713043478,1.494724919,238.375,7157.333333
9/8/2021,56.54583333,7169,13.63657407,203.0483082,31.298125,19.57275,3.761764706,1.5654375,189.2083333,7170.583333
9/9/2021,56.375,6459,13.54166667,202.0961543,29.38846154,30.31810897,9.4625,1.280961538,138.9166667,7136.958333
9/10/2021,56.5375,6649,13.63194444,202.7108658,27.25160256,56.65919872,16.35416667,2.115659164,208.0416667,7158.666667
9/11/2021,56.80833333,6784,13.78240741,202.0041245,26.51378205,51.13846154,13.54583333,1.720559211,232.4583333,7133.708333
9/12/2021,56.62916667,6847,13.68287037,202.6801892,25.15096154,40.22288462,8.85,1.332064516,225.2083333,7157.583333
9/13/2021,56.675,6746,13.70833333,201.829504,26.74758842,37.86459807,8.369565217,1.913483871,214.6666667,7127.541667
9/14/2021,56.91666667,6958,13.84259259,202.116212,28.12532051,27.09208333,4.008333333,2.166346154,233.75,7137.666667
9/15/2021,57.12916667,6974,13.96064815,202.1480685,26.57532051,38.11009615,9.379166667,1.433660131,210.6666667,7138.791667
9/16/2021,57.1,6690,13.94444444,202.349826,24.56602564,42.92211538,9.195833333,1.712880259,218.9166667,7145.916667
9/17/2021,57.10833333,6624,13.94907407,202.8583494,22.95422078,40.17993506,7.05,1.620065147,227.9166667,7163.875
9/18/2021,57.33333333,7212,14.07407407,202.6648509,20.67620579,54.2340836,10.325,3.8085209,82.91666667,7157.041667
9/19/2021,56.95833333,7181,13.86574074,203.3232176,18.32743902,75.23198171,13.63111111,2.06568323,186.75,7180.291667
9/20/2021,57.2125,6915,14.00694444,202.7651398,23.48942308,29.41282051,3.5375,5.971064516,230.625,7160.583333
9/21/2021,57.40833333,6967,14.11574074,204.3532429,26.14551282,21.9061859,0.608333333,2.748078176,226.375,7216.666667
9/22/2021,57.7375,6554,14.29861111,203.6111056,24.87269737,32.77381579,5.9125,1.592105263,202.5,7190.458333
9/23/2021,58.02083333,6543,14.45601852,204.6092744,27.80544872,24.43746795,4.6875,4.332411576,75.77777778,7225.708333
9/24/2021,57.85833333,7199,14.36574074,199.8272669,28.58044872,21.09560897,2.412,2.145986842,215.9166667,7056.833333
9/25/2021,58.04583333,6522,14.46990741,199.8260871,24.87220339,31.61772881,5.766666667,1.613027211,206.9166667,7056.791667
9/26/2021,58.11666667,6173,14.50925926,203.0388693,22.46918033,41.24390164,7.708333333,1.779868421,210.25,7170.25
9/27/2021,58.4375,6595,14.6875,203.9320298,19.47220447,51.94204473,8.857692308,2.203464052,151.9583333,7201.791667
9/28/2021,58.13333333,7124,14.51851852,206.0168576,17.39775641,50.43810897,5.320833333,3.769294872,202.5416667,7275.416667
9/29/2021,58.13333333,7202,14.51851852,205.349052,24.89347826,19.86021739,0.475,4.543722628,208.75,7251.833333
9/30/2021,58.27083333,6487,14.59490741,205.3655702,24.17788462,21.37054487,-1.0875,2.768290323,211.2083333,7252.416667
10/1/2021,58.24583333,7131,14.58101852,205.7785242,22.14423077,26.50317308,0.116666667,1.110651466,204.7916667,7267
10/2/2021,58.54166667,6987,14.74537037,205.7301496,22.36570513,30.88317308,2.029166667,1.144102564,204.5833333,7265.291667
10/3/2021,58.575,7035,14.76388889,205.9661233,22.72371795,29.23926282,2.241666667,1.1702589,195.0416667,7273.625
10/4/2021,58.54583333,7082,14.74768519,206.2032769,21.8775641,33.09727564,3.416666667,1.448645161,194.5833333,7282
10/5/2021,58.7,6627,14.83333333,205.8705539,20.50769231,35.45692308,3.183333333,1.562660256,147.4166667,7270.25
10/6/2021,58.67916667,6457,14.82175926,205.3997864,20.64387097,39.46267742,5.6,2.86474026,157.7916667,7253.625
10/7/2021,58.92916667,6665,14.96064815,205.5862056,16.88722045,52.45910543,6.034615385,1.845207668,141.5416667,7260.208333
10/8/2021,58.70416667,6730,14.83564815,205.7749846,14.16698718,44.59105769,1.720833333,1.9175,174.4583333,7266.875
10/9/2021,58.90416667,6866,14.94675926,196.9295096,17.65224359,47.25362179,5.395833333,1.842524272,184.2083333,6954.5
10/10/2021,59.11666667,7087,15.06481481,195.2564559,17.26955128,40.13858974,1.829166667,0.94266881,183.25,6895.416667
10/11/2021,59.12916667,6926,15.07175926,192.0306952,16.98717949,26.46592949,-3.466666667,5.166121795,186.9166667,6781.5
10/12/2021,58.60833333,7049,14.78240741,192.2914461,14.63205128,25.33516026,-6.233333333,4.830096463,186,6790.708333
10/13/2021,59.09583333,7030,15.05324074,193.0406627,15.47179487,25.79105769,-4.629166667,0.944262821,155.5833333,6817.166667
10/14/2021,59.1875,6544,15.10416667,192.3527993,17.30929487,28.8613141,-1.595833333,4.611826923,181.2083333,6792.875
10/15/2021,59.225,6538,15.125,193.2636579,16.08814103,32.18205128,-2.333333333,1.020257235,178.7916667,6825.041667
10/16/2021,59.4625,7091,15.25694444,193.3804649,15.73044872,33.50599359,-2.016666667,0.68400641,177.1666667,6829.166667
10/17/2021,59.775,6849,15.43055556,192.355159,15.32339744,36.67301282,-0.4875,2.936442308,94.45833333,6792.958333
10/18/2021,59.6,7000,15.33333333,195.7166047,11.38607595,78.50474684,7.34,2.058829114,86.79166667,6911.666667
10/19/2021,59.50416667,7027,15.28009259,193.909046,9.559615385,76.82650641,5.05,1.286688963,122.6666667,6847.833333
10/20/2021,59.65416667,6567,15.36342593,183.8813427,12.16012085,82.92250755,9.775862069,3.633009404,20.41666667,6493.708333
10/21/2021,59.72083333,6309,15.40046296,171.3534978,13.6877095,95.03430168,12.98795181,2.030448179,20.125,6051.291667
10/22/2021,59.87916667,5575,15.48842593,171.7570129,17.09400631,76.91908517,13.078125,6.829082278,107.875,6065.541667
10/23/2021,59.96666667,5584,15.53703704,171.1859565,12.95825545,88.25641745,10.80588235,2.326378205,34.5,6045.375
10/24/2021,59.68333333,5975,15.37962963,176.5307613,12.72089552,91.52755224,11.33846154,7.733313433,8.416666667,6234.125
10/25/2021,59.4125,5680,15.22916667,171.5505359,13.54938272,77.6587963,9.908108108,4.4974613,130.6666667,6058.25
10/26/2021,59.25,5854,15.13888889,172.8483913,12.88980892,75.7038535,8.940740741,3.773015873,30.41666667,6104.083333
10/27/2021,59.5125,5745,15.28472222,167.841029,13.65932722,88.4517737,11.54047619,1.775479876,97.875,5927.25
10/28/2021,59.43333333,5917,15.24074074,161.213707,17.80032051,67.8186859,11.14583333,2.331698718,150.6666667,5693.208333
10/29/2021,59.59583333,5400,15.33101852,155.3108243,16.17692308,77.32983974,11.80416667,0.505691318,126.4166667,5484.75
10/30/2021,59.24583333,5452,15.13657407,148.8604827,16.6959375,81.539375,13.50571429,1.21996875,93,5256.958333
10/31/2021,59.1125,5044,15.0625,144.1528069,14.545625,77.8936875,10.37352941,1.3836875,115.375,5090.708333
11/1/2021,58.9125,5643,14.95138889,136.9780259,14.2484375,84.691375,11.80882353,1.335015773,22.20833333,4837.333333
11/2/2021,58.73333333,4788,14.85185185,129.5578322,15.75,81.65918831,12.50882353,3.258664495,98.875,4575.291667
11/3/2021,58.3375,4156,14.63194444,121.3022916,13.89166667,79.30580128,10.1125,0.623366013,98,4283.75
11/4/2021,58.4125,4067,14.67361111,115.0596068,16.84420063,75.63529781,12.5969697,5.576739812,74.58333333,4063.291667
11/5/2021,58.52916667,3540,14.73842593,106.867779,11.71182109,87.33980831,9.68,0.56827476,38.16666667,3774
11/6/2021,58.19166667,3841,14.55092593,103.5936437,11.49256506,90.54007435,9.646875,0.906966292,53.58333333,3658.375
11/7/2021,57.75416667,3440,14.30787037,101.0687248,9.328846154,68.96628205,2.779166667,1.094469453,134.1666667,3569.208333
11/8/2021,57.6125,4101,14.22916667,98.45885547,7.779166667,70.01849359,2.133333333,0.846891026,87.33333333,3477.041667
11/9/2021,57.40416667,3986,14.11342593,98.27479597,10.62861357,88.79867257,9.355555556,2.896301775,23.95833333,3470.541667
11/10/2021,57.46666667,3236,14.14814815,93.8797854,12.86042296,89.96555891,11.106,0.624048338,55.58333333,3315.333333
11/11/2021,57.28333333,3518,14.0462963,96.98283984,15.08910256,70.66605769,9.445833333,1.410929487,121.6666667,3424.916667
11/12/2021,57.44583333,3755,14.13657407,93.55414167,13.3265625,83.5545,9.494736842,0.96403125,126.4166667,3303.833333
11/13/2021,57.67916667,3131,14.2662037,92.06396761,15.59807692,72.10759615,9.4625,1.155512821,119.25,3251.208333
11/14/2021,57.50416667,3260,14.16898148,91.98137681,13.83628049,85.3907622,10.91395349,0.381804281,76.79166667,3248.291667
11/15/2021,57.3125,3353,14.0625,92.0757663,11.44970414,94.93426036,10.50175439,0.507840237,23.33333333,3251.625
11/16/2021,57.25833333,3036,14.03240741,91.61207794,13.60030488,76.61871951,9.034782609,2.659420732,118.4166667,3235.25
11/17/2021,56.84583333,3091,13.80324074,91.69584861,15.70932476,25.20993569,-4.0625,4.590257235,117.4583333,3238.208333
11/18/2021,56.44166667,3069,13.5787037,91.20620314,9.631629393,77.02837061,5.534615385,0.952347267,33.25,3220.916667
11/19/2021,56.22916667,3531,13.46064815,88.14090449,11.44470588,89.09191176,9.743636364,0.6775,44.79166667,3112.666667
11/20/2021,56.1375,3521,13.40972222,87.7834043,13.42596154,55.4549359,2.920833333,5.069807692,119.375,3100.041667
11/21/2021,55.99166667,3100,13.3287037,87.02474879,16.41125402,26.04932476,-3.195833333,4.041800643,120.7916667,3073.25
11/22/2021,55.65833333,3160,13.14351852,87.85301655,9.64244373,65.10916399,2.454166667,0.72562701,117.5416667,3102.5
11/23/2021,55.49583333,2893,13.05324074,88.31080557,10.15352564,67.07310897,3.008333333,1.315192308,114.125,3118.666667
11/24/2021,55.3,3027,12.94444444,88.21759595,13.10737179,32.26041667,-3.420833333,4.31381877,111.5833333,3115.375
11/25/2021,55.08333333,3440,12.82407407,88.78983223,10.32435897,47.68233974,-1.329166667,1.378429487,104.75,3135.583333
11/26/2021,54.95,3791,12.75,88.8358471,10.37083333,64.09073718,2.766666667,0.635961538,101.4166667,3137.208333
11/27/2021,54.99166667,3197,12.77314815,89.29599586,11.18333333,69.83839744,5.45,0.561858974,94,3153.458333
11/28/2021,54.9875,3361,12.77083333,89.09187859,12.79551282,75.01294872,7.875,0.411350482,102.5833333,3146.25
11/29/2021,54.97083333,3690,12.76157407,88.54559942,12.07980769,75.64,7.358333333,0.400192308,107.4166667,3126.958333
11/30/2021,54.9,3091,12.72222222,88.30136662,12.27939189,70.09956081,5.548,1.244900662,103.5833333,3118.333333
12/1/2021,54.67916667,3936,12.59953704,88.18337976,19.85787781,31.24,0.716666667,2.812709677,107.125,3114.166667
12/2/2021,54.50416667,3174,12.50231481,87.76216667,12.32619808,65.9756869,5.2875,0.293141026,103.3333333,3099.291667
12/3/2021,54.39166667,3341,12.43981481,88.03235658,10.24807692,75.48150641,5.395833333,0.3575,103.3333333,3108.833333
12/4/2021,54.29166667,3282,12.38425926,88.07601172,9.398397436,78.55560897,5.276,0.176153846,101.7916667,3110.375
12/5/2021,54.10416667,3384,12.28009259,88.02055789,9.806501548,79.04198142,5.214634146,0.181801242,101.2916667,3108.416667
12/6/2021,53.8625,3435,12.14583333,87.15689407,8.952,90.59950769,7.186363636,0.752861538,10.43478261,3077.916667
12/7/2021,53.70416667,2912,12.05787037,86.67550768,10.40425532,86.19234043,7.149019608,1.19625,94.79166667,3060.916667
12/8/2021,53.625,3424,12.01388889,87.92380867,10.55828402,90.50656805,9.043333333,1.23091716,23.875,3105
12/9/2021,53.52916667,2647,11.96064815,87.46130017,10.51635802,77.4992284,7.002222222,2.30691358,96.16666667,3088.666667
12/10/2021,53.20416667,2791,11.78009259,87.78576404,6.822115385,53.00064103,-3.108333333,2.659519231,101.2916667,3100.125
12/11/2021,52.87916667,3557,11.59953704,87.67485639,4.394249201,72.47578275,-0.011111111,0.415399361,34.91666667,3096.208333
12/12/2021,52.45416667,3440,11.36342593,89.0387845,7.052121212,88.1980303,5.712244898,4.060545455,8.291666667,3144.375
12/13/2021,52.34166667,3259,11.30092593,91.81029586,8.457716049,89.63283951,6.644444444,10.67305556,8.041666667,3242.25
12/14/2021,52.1125,3660,11.17361111,88.75207643,6.364126984,81.49742857,3.336666667,1.184857143,76.91666667,3134.25
12/15/2021,51.5125,3967,10.84027778,94.6054046,4.088888889,86.52149206,2.332258065,4.32247619,12.41666667,3340.958333
12/16/2021,51.60416667,2623,10.8912037,92.34595621,9.781422925,75.51806324,5.284848485,5.248030769,42.04166667,3261.166667
12/17/2021,51.41666667,2815,10.78703704,89.33729126,12.91403509,45.66719298,0.444444444,1.643797468,99.125,3154.916667
12/18/2021,51.2125,3815,10.67361111,89.10249741,7.349834983,64.47089109,0.336,0.614249201,93.125,3146.625
12/19/2021,51.2125,3281,10.67361111,89.27357836,11.65666667,56.48215152,3.226086957,1.831393939,22.70833333,3152.666667
12/20/2021,51.20416667,3407,10.66898148,88.3886769,7.568078176,72.28472313,2.85,0.550526316,41.29166667,3121.416667
12/21/2021,51.00416667,3224,10.55787037,88.48306639,2.642813456,85.6033945,-0.452272727,0.558073394,31.25,3124.75
12/22/2021,50.76666667,3198,10.42592593,89.43404049,6.506686047,90.48142442,5.2875,0.845494186,13.58333333,3158.333333
12/23/2021,50.90416667,2784,10.50231481,92.38725161,7.428,92.58731429,6.240298507,0.937028571,20.375,3262.625
12/24/2021,51.4,2688,10.77777778,92.79784589,9.250750751,81.05675676,6.108,2.026306306,83.20833333,3277.125
12/25/2021,51.5,2957,10.83333333,92.96420736,8.017445483,78.17931464,4.621621622,3.093489097,49.04166667,3283
12/26/2021,51.21666667,3288,10.67592593,93.24501609,5.609294872,67.96320513,0.112,5.866442308,43.125,3292.916667
12/27/2021,50.79166667,3903,10.43981481,91.50353002,7.255031447,71.77342767,2.440625,6.935062893,79.79166667,3231.416667
12/28/2021,50.26666667,3008,10.14814815,91.24159919,3.578233438,72.77788644,-0.506060606,0.631139241,36.75,3222.166667
12/29/2021,49.85833333,4172,9.921296296,91.28407446,3.599090909,87.24669697,1.44893617,0.506048632,45.375,3223.666667
12/30/2021,49.77916667,3666,9.877314815,91.22154143,3.340384615,82.85605769,0.566666667,0.684212219,72.875,3221.458333
12/31/2021,49.775,3424,9.875,90.72481674,4.659615385,76.38044872,0.35,0.850544872,103.5416667,3203.916667
1/1/2022,49.65416667,3355,9.80787037,91.77371994,6.136858974,53.43496795,-3.3625,3.01244373,100.375,3240.958333
1/2/2022,49.4625,3054,9.701388889,92.10762275,3.156329114,69.55376582,-2.378571429,0.95455414,52.45833333,3252.75
1/3/2022,49.20416667,3672,9.55787037,94.45674115,5.558878505,80.75165109,2.065714286,4.398909657,19.95833333,3335.708333
1/4/2022,49.16666667,3139,9.537037037,94.25734336,10.55277778,83.72453704,7.92,6.232561728,21.83333333,3328.666667
1/5/2022,49.1625,3510,9.534722222,93.06213646,11.61529052,85.97654434,9.54,1.805810398,56.79166667,3286.458333
1/6/2022,49.20833333,3189,9.560185185,91.89996588,8.691489362,90.31659574,6.5,0.915426829,36.54166667,3245.416667
1/7/2022,49.30833333,2799,9.615740741,93.04207869,9.847093023,89.50148256,8.228358209,4.298546512,19.29166667,3285.75
1/8/2022,49.28333333,3203,9.601851852,92.57839033,8.873353293,80.17308383,5.607407407,1.538203593,101.5,3269.375
1/9/2022,49.1,2692,9.5,92.4816411,7.215974441,72.09172524,1.812,0.889775641,107.375,3265.958333
1/10/2022,48.8625,3080,9.368055556,92.06868709,9.207371795,68.20660256,2.9375,0.910836013,93.83333333,3251.375
1/11/2022,48.75833333,3348,9.310185185,91.65337334,10.21864952,64.4992283,3.3375,0.895048544,84.41666667,3236.708333
1/12/2022,48.72916667,3348,9.293981481,92.01441313,7.004807692,75.66208333,2.495833333,0.443301282,97.04166667,3249.458333
1/13/2022,48.75833333,,9.310185185,91.18968498,7.824038462,74.05932692,3.058333333,0.575305466,107.9583333,3220.333333
1/14/2022,48.67916667,,9.266203704,91.87164903,13.79294872,50.47227564,2.479166667,4.398137255,112.8333333,3244.416667
1/15/2022,48.57083333,,9.206018519,91.39380224,14.05641026,40.98310897,-0.329166667,2.771923077,111.2083333,3227.541667
1/16/2022,48.41666667,,9.12037037,91.72180572,7.735691318,67.79138264,1.4875,0.452893891,111.2916667,3239.125
1/17/2022,48.52916667,,9.18287037,91.82799389,6.886858974,69.83403846,1.225,0.378327974,112.75,3242.875
1/18/2022,48.50416667,,9.168981481,93.86444711,7.60192926,70.31118971,2.016666667,0.329576547,97.875,3314.791667
1/19/2022,48.27916667,,9.043981481,95.72392004,10.05659164,65.00041801,2.804166667,1.954883721,109.125,3380.458333
1/20/2022,48.0625,,8.923611111,93.77005762,13.69190939,54.08317152,4.070833333,2.365760518,113.9583333,3311.458333
1/21/2022,48.0125,,8.895833333,92.17605513,12.54839744,51.23073718,0.975,4.936794872,118.9583333,3255.166667
1/22/2022,47.93333333,,8.851851852,92.33769713,16.54519231,22.28698718,-5.375,8.28349359,120.7083333,3260.875
1/23/2022,47.84166667,,8.800925926,92.17369539,16.32307692,27.80253205,-3.454166667,4.176698718,122.1666667,3255.083333
1/24/2022,47.6875,,8.715277778,91.89052693,8.962179487,61.68673077,0.9,0.261826923,120.9583333,3245.083333
1/25/2022,47.8,,8.777777778,91.86928929,11.72467949,46.60464744,-1.995833333,4.509163987,127.875,3244.333333
1/26/2022,47.7125,,8.729166667,91.89642627,11.09710611,37.14237942,-5.45,2.027749196,128.25,3245.291667
1/27/2022,47.48333333,,8.601851852,90.95371125,9.091025641,52.60419872,-2.479166667,1.704391026,131.8333333,3212
1/28/2022,47.45833333,,8.587962963,89.28419717,10.70450161,42.64617363,-3.991666667,1.077175325,125.5833333,3153.041667
1/29/2022,47.4375,,8.576388889,89.41044311,8.34775641,59.12384615,-0.65,0.791282051,133.25,3157.5
1/30/2022,47.39583333,,8.553240741,89.81867765,7.187741935,62.24725806,-0.358333333,0.552540717,129.7083333,3171.916667
1/31/2022,47.44166667,,8.578703704,89.89418924,8.751602564,62.53192308,0.4375,1.929198718,129.2083333,3174.583333
2/1/2022,47.16666667,,8.425925926,89.17682913,10.83301282,25.94487179,-8.145833333,6.094455128,138.125,3149.25
2/2/2022,46.8,,8.222222222,89.40218403,9.76474359,30.29727564,-7.0125,4.956730769,121.4166667,3157.208333
2/3/2022,46.725,,8.180555556,89.41280285,11.4221865,39.77990354,-2.883333333,3.61778135,132.125,3157.583333
2/4/2022,47.09166667,,8.384259259,89.01754687,11.18685897,43.78858974,-1.895833333,1.942147436,137.0833333,3143.625
2/5/2022,47.9,,8.833333333,88.98569042,13.2816609,39.23882353,-2.429166667,3.622145329,143.8333333,3142.5
2/6/2022,47.9,,8.833333333,88.84764579,17.22025723,24.915209,-4.533333333,3.856270096,148.8333333,3137.625
2/7/2022,47.9,,8.833333333,88.86652369,12.55480769,44.48153846,-1.445833333,1.142371795,148.5833333,3138.291667
2/8/2022,48.14166667,,8.967592593,89.06828122,15.28685897,39.42785256,-1.4125,3.201768489,149.375,3145.416667
2/9/2022,48.34166667,,9.078703704,88.72847906,21.79335664,17.37444056,-4.070833333,6.740391459,143.7083333,3133.416667
2/10/2022,48.62916667,,9.238425926,88.96445278,22.79313725,27.84176471,2.945833333,5.514444444,150.2916667,3141.75
2/11/2022,49.0875,,9.493055556,89.06946109,17.74919614,46.24389068,3.304347826,2.074244373,155.5416667,3145.458333
2/12/2022,49.28333333,,9.601851852,89.17564926,16.45594855,40.36511254,0.42173913,1.066688103,157.0416667,3149.208333
2/13/2022,49.4,,9.666666667,89.2417219,13.53397436,52.68701923,2.779166667,0.387179487,150.75,3151.541667
2/14/2022,49.3375,,9.631944444,89.31487376,12.92580645,61.0813871,4.9125,2.002084691,123.5833333,3154.125
2/15/2022,49.29166667,,9.606481481,89.16739018,12.0349359,36.63939103,-3.079166667,4.691474359,161.75,3148.916667
2/16/2022,49.10416667,,9.502314815,89.68063303,13.52893891,36.2662701,-1.708695652,4.4514791,163.125,3167.041667
2/17/2022,48.87916667,,9.377314815,89.35970876,15.85519481,27.11006494,-3.623809524,4.868668831,166.0416667,3155.708333
2/18/2022,48.69166667,,9.273148148,89.29481599,11.20320513,47.93410256,-0.879166667,0.774102564,166.7083333,3153.416667
2/19/2022,49,,9.444444444,89.69007197,11.72596154,55.84788462,1.929166667,0.911318328,169,3167.375
2/20/2022,49.17916667,,9.543981481,89.19806676,11.99038462,55.85785256,2.4625,1.246314103,162.9583333,3150
2/21/2022,49.0375,,9.465277778,89.48595471,10.90160256,32.52817308,-5.166666667,3.589580645,126.6666667,3160.166667
2/22/2022,49.025,,9.458333333,89.42460154,6.166987179,52.65038462,-3.791666667,2.271935484,155.5833333,3158
2/23/2022,48.76666667,,9.314814815,88.98569042,6.751923077,29.36512821,-10.49166667,7.050776699,181.4583333,3142.5
2/24/2022,48.32916667,,9.071759259,89.14497268,5.092948718,35.97201923,-11.0875,1.975245902,180.8333333,3148.125
2/25/2022,48.37916667,,9.099537037,88.4299723,6.076923077,43.08285256,-7.666666667,1.667384106,185.375,3122.875
2/26/2022,48.33333333,,9.074074074,88.9750716,6.998717949,41.83560897,-6.8375,0.858525641,137.5416667,3142.125
2/27/2022,48.54583333,,9.19212963,88.47244757,12.47339744,49.95323718,1.6125,1.60755627,142.9166667,3124.375
2/28/2022,48.6125,,9.229166667,88.82522828,11.43301282,54.99804487,1.504166667,0.565451613,166.3333333,3136.833333
3/1/2022,48.9625,,9.423611111,88.95383396,14.09391026,57.42682692,4.983333333,1.061387097,145.8333333,3141.375
3/2/2022,49.12916667,,9.516203704,90.35669774,13.19166667,57.77657051,4.291666667,0.641935484,134.5833333,3190.916667
3/3/2022,49.30833333,,9.615740741,91.20856287,14.43076923,59.73817308,6.333333333,1.765608974,64.83333333,3221
3/4/2022,49.27083333,,9.594907407,90.99264692,13.96634615,46.01237179,1.320833333,4.230290323,175.625,3213.375
3/5/2022,49.15416667,,9.530092593,90.64694542,9.765248227,50.56375887,-1.257142857,2.496985816,130.5833333,3201.166667
3/6/2022,49.17916667,,9.543981481,90.99618652,10.11136364,44.09298701,-3,3.510618893,201.2916667,3213.5
3/7/2022,49.23333333,,9.574074074,91.3654854,12.87948718,29.55541667,-5.641666667,4.303954984,195.2916667,3226.541667
3/8/2022,49.37083333,,9.650462963,92.55597282,12.51965517,39.9947931,-3.004347826,1.313923611,199.375,3268.583333
3/9/2022,49.53333333,,9.740740741,92.62204547,16.01282051,27.41615385,-3.358333333,2.841136364,202,3270.916667
3/10/2022,49.6125,,9.784722222,92.90049446,13.825,22.77948052,-8.365217391,7.28038835,217.0416667,3280.75
3/11/2022,49.6625,,9.8125,92.93117104,11.71153846,29.42628205,-8.7375,2.166666667,214.5416667,3281.833333
3/12/2022,49.65416667,,9.80787037,93.11523054,11.21185897,39.66939103,-3.9625,2.267051282,194.6666667,3288.333333
3/13/2022,49.85652174,,9.920289855,92.87310099,14.25064103,42.12759615,0.370833333,4.232564935,196.75,3279.782609
3/14/2022,49.96666667,,9.981481481,92.64210323,13.23633441,45.55459807,0.670833333,1.519773463,185.9583333,3271.625
3/15/2022,49.575,,9.763888889,92.62794481,14.71196319,69.22763804,9.17804878,2.150987654,89.45833333,3271.125
3/16/2022,49.575,,9.763888889,92.62794481,14.23717949,62.47282051,5.341666667,2.50916129,214.5416667,3271.125
3/17/2022,49.7,,9.833333333,93.23675701,13.77724359,52.20929487,2.779166667,1.469967742,190.8333333,3292.625
3/18/2022,49.89166667,,9.939814815,92.65036231,13.76258065,52.36687097,3.283333333,1.489709677,199.375,3271.916667
3/19/2022,50.14166667,,10.0787037,92.55597282,14.77484076,60.96557325,7.053846154,1.679171975,124.9583333,3268.583333
3/20/2022,50.44583333,,10.24768519,93.92344054,11.32098361,54.15072131,1.240740741,3.537540984,191.2916667,3316.875
3/21/2022,50.45833333,,10.25462963,94.02018977,17.01025641,31.25288462,-0.379166667,3.243061889,226.5,3320.291667
3/22/2022,50.85,,10.47222222,94.02018977,22.31346154,39.80724359,7.333333333,5.334038462,223.625,3320.291667
3/23/2022,51.0625,,10.59027778,93.92933988,20.40480769,50.21509615,8.45,1.438516129,231.5833333,3317.083333
3/24/2022,51.57916667,,10.87731481,93.65325063,19.75436893,56.35708738,9.8,1.366472492,197.625,3307.333333
3/25/2022,51.72083333,,10.95601852,93.9175412,18.95865385,54.20644231,7.9625,1.460032258,234.125,3316.666667
3/26/2022,51.7125,,10.95138889,94.02490924,17.92045455,45.9011039,4.083333333,1.721493506,221.75,3320.458333
3/27/2022,51.34166667,,10.74537037,94.28801994,16.88782051,49.35842949,4.966666667,2.11170418,185.6666667,3329.75
3/28/2022,51.4,,10.77777778,93.86562698,14.77258567,64.52436137,8.162857143,3.2778125,131.2916667,3314.833333
3/29/2022,51.52083333,,10.84490741,93.80191407,15.13465347,67.49165017,7.832,1.134833333,245.5416667,3312.583333
3/30/2022,51.28333333,,10.71296296,94.24554467,16.68489933,62.72577181,8.92962963,2.389288136,198.4166667,3328.25
3/31/2022,51.59166667,,10.88425926,93.92580028,15.91730769,45.26804487,2.279166667,3.927967742,232.5833333,3316.958333
4/1/2022,51.625,,10.90277778,93.93641909,19.30402685,22.96808725,-2.952173913,3.46020339,252.4583333,3317.333333
4/2/2022,52.075,,11.15277778,93.91046199,18.39163987,34.84282958,0.283333333,3.695498392,244.5416667,3316.416667
4/3/2022,52.25,,11.25,93.50222745,15.96579805,34.2670684,-2.279166667,1.538149351,177.125,3302
4/4/2022,51.825,,11.01388889,94.000132,17.04469453,38.04524116,2.141666667,3.473910256,106.5833333,3319.583333
4/5/2022,51.87083333,,11.03935185,93.58835786,13.692607,43.56326848,0.588888889,3.606809339,253.125,3305.041667
4/6/2022,51.82916667,,11.0162037,93.64381168,20.32330097,17.90713592,-5.425,4.714951456,263.9166667,3307
4/7/2022,51.58333333,,10.87962963,93.71106419,20.72403846,33.17826923,0.9375,1.189003215,261.5416667,3309.375
4/8/2022,52.63333333,,11.46296296,93.67448826,21.20961538,41.25676282,4.233333333,1.102038835,257,3308.083333
4/9/2022,53.28333333,,11.82407407,93.4514931,18.74294872,20.44176282,-5.5,6.466826923,277.0833333,3300.208333
4/10/2022,52.9,,11.61111111,93.68274734,15.59230769,20.05733974,-8.025,5.614519231,266.25,3308.375
4/11/2022,52.825,,11.56944444,93.69808564,13.68859935,36.31807818,-1.858333333,4.981114754,269.875,3308.916667
4/12/2022,52.775,,11.54166667,93.91636133,8.31192053,45.49910596,-4.045833333,2.941821192,251.9166667,3316.625
4/13/2022,52.15,,11.19444444,93.81371276,10.38846154,40.40163462,-2.695833333,4.676334405,130.2083333,3313
4/14/2022,51.74166667,,10.96759259,94.10042083,10.14545455,78.26654545,6.814893617,4.338892308,37.20833333,3323.125
4/15/2022,51.39583333,,10.77546296,93.36300295,11.18043478,67.92906832,5.862857143,2.821974922,178.3333333,3297.083333
4/16/2022,51.45833333,,10.81018519,93.21433951,11.6587156,75.99672783,7.168181818,2.059046154,203.6666667,3291.833333
4/17/2022,51.72083333,,10.95601852,93.6579701,13.73525641,48.11451923,1.220833333,2.004405145,280.875,3307.5
4/18/2022,52.26666667,,11.25925926,93.3122686,11.49322709,54.78454183,2.008333333,2.207330677,174.5416667,3295.291667
4/19/2022,52.10833333,,11.1712963,94.56882867,13.18666667,68.695,6.96,4.868666667,113.2916667,3339.666667
4/20/2022,51.97083333,,11.09490741,94.86143608,12.80961538,70.8325,6.684210526,7.741153846,95.125,3350
4/21/2022,51.65833333,,10.9212963,94.44612233,12.74330218,69.08962617,6.8,6.12984375,229.4166667,3335.333333
4/22/2022,51.8,,11,95.24961286,12.40255591,66.26971246,5.748,1.96057508,217.5,3363.708333
4/23/2022,52.17916667,,11.21064815,93.92344054,15.9425,49.408125,5.1,1.210886076,291.5833333,3316.875
4/24/2022,52.6125,,11.45138889,94.16767334,17.65857143,41.26704762,2.194117647,1.968701923,287.9166667,3325.5
4/25/2022,52.98333333,,11.65740741,94.28684007,18.03942308,47.85455128,5.370833333,1.620707395,245.1666667,3329.708333
4/26/2022,53.1875,,11.77083333,94.02136963,19.17845659,40.19694534,4.254166667,2.315194805,273.3333333,3320.333333
4/27/2022,53.19166667,,11.77314815,94.21014861,17.52558923,35.01070707,0.4875,1.919932203,264.4347826,3327
4/28/2022,53.35833333,,11.86574074,93.76769788,17.37006803,40.27006803,2.8875,3.004479167,243.6363636,3311.375
4/29/2022,53.7375,,12.07638889,93.67212853,16.22403846,35.98983974,-0.483333333,2.816451613,288.2916667,3308
4/30/2022,53.70833333,,12.06018519,93.9022029,20.41285714,41.961,5.731818182,1.973862816,277.875,3316.125
5/1/2022,53.99583333,,12.21990741,94.08154293,22.62383721,24.54738372,0.784615385,4.896764706,309.0833333,3322.458333
5/2/2022,53.95833333,,12.19907407,93.91164185,17.52590909,43.23818182,3.270588235,2.667772727,304.375,3316.458333
5/3/2022,54.025,,12.23611111,93.88332501,17.52590909,43.23818182,,,310.0833333,3315.458333
5/4/2022,54.1125,,12.28472222,93.84320947,22.89291045,32.765,3.708695652,2.437303371,308.875,3314.041667
5/5/2022,54.06666667,,12.25925926,94.02018977,22.45376344,35.26107527,5.406666667,3.760894737,81.875,3320.291667
5/6/2022,53.77916667,,12.09953704,93.96591581,17.80095238,62.15898413,10.41785714,4.079714286,104.4166667,3318.375
5/7/2022,54.19166667,,12.3287037,93.89158409,15.58302583,44.92129151,2.223809524,2.908646617,263.5,3315.75
5/8/2022,54.05416667,,12.25231481,93.75825893,13.11923077,35.59625,-2.104166667,4.491558442,264.375,3311.041667
5/9/2022,53.23333333,,11.7962963,93.98597358,9.052050473,60.56375394,1.689655172,1.944185304,217.875,3319.083333
5/10/2022,53.01666667,,11.67592593,94.10632017,9.757792208,61.00366883,1.589655172,1.768333333,216.1666667,3323.333333
5/11/2022,52.9625,,11.64583333,100.7820168,9.366459627,65.38167702,1.664705882,2.098957055,310.375,3559.083333
5/12/2022,53.6125,,12.00694444,101.7353506,16.25961538,37.71817308,1.0125,3.005544872,231.1666667,3592.75
5/13/2022,53.94166667,,12.18981481,101.3200368,17.36398714,48.42045016,5.545833333,1.69789644,250.7916667,3578.083333
5/14/2022,54.03333333,,12.24074074,100.7135844,21.28012821,46.73871795,8.279166667,1.51987013,271.4166667,3556.666667
5/15/2022,54.52083333,,12.51157407,100.1637656,23.26858974,45.28939103,9.1875,1.720781759,282.3333333,3537.25
5/16/2022,55.2375,,12.90972222,100.4528334,23.14102564,33.97733974,4.7125,1.900385852,288.75,3547.458333
5/17/2022,55.6125,,13.11805556,102.1766215,23.44166667,33.33727564,3.945833333,2.906032258,329.75,3608.333333
5/18/2022,55.76666667,,13.2037037,101.2527843,27.46891026,19.82961538,1.85,3.293173077,315.4166667,3575.708333
5/19/2022,55.7125,,13.17361111,102.4597899,26.83461538,20.75855769,0.104,4.75221865,322,3618.333333
5/20/2022,56.22916667,,13.46064815,103.7588253,19.73974359,17.77400641,-6.2875,9.865320513,337.625,3664.208333
5/21/2022,54.29166667,,12.38425926,102.6827851,22.70398671,18.65830565,-3.779166667,3.922416107,338.25,3626.208333
5/22/2022,54.375,,12.43055556,101.7778259,24.32211538,20.21830128,-1.62,3.814758842,327.0416667,3594.25
5/23/2022,54.72916667,,12.62731481,102.1766215,26.35801282,19.95955128,0.683333333,4.254166667,323.9166667,3608.333333
5/24/2022,54.64583333,,12.58101852,108.6859566,27.99253247,17.54077922,0.095833333,4.870681818,343.25,3838.208333
5/25/2022,54.99166667,,12.77314815,108.9160309,30.26407767,22.24572816,3.7375,3.571359223,368.3333333,3846.333333
5/26/2022,55.04583333,,12.80324074,108.5974664,25.41350365,30.90934307,5.025,2.125441176,252.0833333,3835.083333
5/27/2022,55.4,,13,108.8924336,22.48141026,47.02900641,10.075,2.437843137,220.875,3845.5
5/28/2022,55.225,,12.90277778,109.6935644,19.83665595,56.67446945,10.50833333,3.483858521,177.2916667,3873.791667
5/29/2022,54.89583333,,12.71990741,109.7183416,18.00384615,38.55128205,2.475,3.001016393,343.4583333,3874.666667
5/30/2022,54.38333333,,12.43518519,109.3667407,20.26826923,25.33852564,-1.0625,4.978896104,372.375,3862.25
5/31/2022,54.72083333,,12.62268519,106.571632,22.38814103,22.5225,-1.0625,4.645419355,367.5,3763.541667
6/1/2022,53.95416667,,12.19675926,108.7980441,23.78589744,32.97926282,4.108333333,1.138129032,348.25,3842.166667
6/2/2022,53.44166667,,11.91203704,109.0694139,26.04262821,30.00791667,5.279166667,1.886677632,315.4166667,3851.75
6/3/2022,53.9375,,12.1875,112.3293908,24.45078864,37.45264984,8.222580645,2.742292994,269.875,3966.875
6/4/2022,54.14166667,,12.30092593,115.2401267,19.58814103,63.21615385,11.464,2.997275641,151.5416667,4069.666667
6/5/2022,52.72083333,,11.51157407,114.8944252,16.96111111,76.41476608,12.81746032,2.832280702,105.375,4057.458333
6/6/2022,52.57916667,,11.43287037,121.5335458,21.99775641,57.05288462,11.23333333,1.921580645,361.375,4291.916667
6/7/2022,52.21666667,,11.23148148,115.9527673,24.81064516,36.42745161,6.758333333,2.260915033,341,4094.833333
6/8/2022,52.28333333,,11.26851852,114.0885749,26.80448718,37.25967949,9.5125,1.642327869,313.375,4029
6/9/2022,52.34166667,,11.30092593,111.4999432,28.30769231,35.39458333,9.816666667,2.861921824,324.5,3937.583333
6/10/2022,52.45,,11.36111111,114.8578493,30.08365385,34.51705128,10.93333333,2.11996732,351.8333333,4056.166667
6/11/2022,52.3875,,11.32638889,111.7252981,30.11346154,32.00407051,10.32916667,2.643026316,322.5416667,3945.541667
6/12/2022,52.975,,11.65277778,117.3969265,25.49079365,55.2595873,14.31111111,2.989936102,227.4583333,4145.833333
6/13/2022,53.60833333,,12.00462963,116.5450614,20.22916667,35.35705128,3.275,4.904863946,365.625,4115.75
6/14/2022,53.47083333,,11.92824074,115.9291699,22.66878981,25.70035032,0.830769231,4.851682848,372.375,4094
6/15/2022,51.92916667,,11.07175926,113.1906949,26.42948718,17.44086538,-1.496,3.428469055,370.9583333,3997.291667
6/16/2022,52.0375,,11.13194444,114.805935,26.45384615,22.05660256,1.791666667,2.795681818,349.9583333,4054.333333
6/17/2022,51.80833333,,11.00462963,114.6183359,20.56185897,37.78951923,4.633333333,3.91748366,255.4583333,4047.708333
6/18/2022,51.85833333,,11.03240741,113.6827001,17.2625,58.09051282,7.5375,2.153993289,301.9583333,4014.666667
6/19/2022,51.72083333,,10.95601852,112.8379142,21.62852564,36.67644231,4.983333333,3.051023102,358.6666667,3984.833333
6/20/2022,51.69583333,,10.94212963,113.9422712,25.58525641,25.42240385,3.6125,3.953,350.2083333,4023.833333
6/21/2022,52.03333333,,11.12962963,114.3717434,30.30670927,18.36380192,2.56,5.325463259,373.4583333,4039
6/22/2022,52.2375,,11.24305556,119.2410611,31.72467949,21.31407051,4.679166667,3.930512821,372.5,4210.958333
6/23/2022,52.39166667,,11.3287037,118.3042455,29.91442308,30.61413462,9.054166667,2.619150327,362,4177.875
6/24/2022,51.8,,11,117.8830324,30.51762821,30.95375,8.920833333,2.361776316,364.25,4163
6/25/2022,52.2625,,11.25694444,120.7512929,30.78365385,21.04195513,2.329166667,2.120163399,374.0416667,4264.291667
6/26/2022,51.9875,,11.10416667,119.8085779,30.81987179,24.30509615,5.041666667,2.321864952,374.9583333,4231
6/27/2022,51.89166667,,11.05092593,127.1520801,30.42852564,22.88708333,3.679166667,2.797677419,375.9583333,4490.333333
6/28/2022,51.75833333,,10.97685185,126.7816014,29.21991342,24.11922078,3.545833333,2.73025974,388.6086957,4477.25
6/29/2022,51.60833333,,10.89351852,126.2931358,29.675,20.16291667,1.558333333,2.143333333,376.7083333,4460
6/30/2022,51.3875,,10.77083333,127.1214036,27.84038462,25.03211538,2.195833333,2.59525974,369.4583333,4489.25
7/1/2022,51.60833333,,10.89351852,127.2653475,26.72948718,30.43512821,5.9875,2.190485437,361.4583333,4494.333333
7/2/2022,51.80833333,,11.00462963,127.9732687,25.87467949,32.86336538,7.15,3.131262136,360.5,4519.333333
7/3/2022,52.175,,11.20833333,128.5301667,22.59102564,47.51628205,9.870833333,4.970900322,287.125,4539
7/4/2022,52.13333333,,11.18518519,127.6700425,23.21314103,41.96669872,9.208333333,3.010709677,248.3333333,4508.625
7/5/2022,51.76666667,,10.98148148,128.1903645,25.06346154,50.49897436,13.56666667,2.934726688,181.0416667,4527
7/6/2022,51.50833333,,10.83796296,128.0711978,25.54839744,44.71907051,11.94166667,3.826623377,339.125,4522.791667
7/7/2022,51.69583333,,10.94212963,128.4086402,25.51736334,41.38411576,9.845833333,2.883811075,358.75,4534.708333
7/8/2022,52.04166667,,11.13425926,127.8470228,27.20351438,27.04964856,5.12,2.269093851,358.2083333,4514.875
7/9/2022,52.14166667,,11.18981481,128.2186814,27.71570513,26.35166667,4.983333333,2.13089404,358.2083333,4528
7/10/2022,52.40416667,,11.33564815,128.4168993,30.05032051,25.21333333,6.608333333,3.041897106,358.125,4535
7/11/2022,52.50416667,,11.3912037,129.2144905,33.20576923,26.58932692,8.345833333,2.010915033,355.3333333,4563.166667
7/12/2022,52.5875,,11.4375,129.416248,32.71282051,28.44112179,9.675,2.270291262,328.1666667,4570.291667
7/13/2022,52.45416667,,11.36342593,129.4587233,30.17371795,28.6950641,8.716666667,2.563709677,342,4571.791667
7/14/2022,52.37916667,,11.32175926,129.1684756,28.98974359,28.80907051,6.945833333,1.948729642,349.4166667,4561.541667
7/15/2022,52.70416667,,11.50231481,127.8045475,30.88076923,24.78903846,6.708333333,2.035830619,338.3333333,4513.375
7/16/2022,52.8375,,11.57638889,128.8310332,31.33621795,19.36852564,2.8375,2.321535948,365.4166667,4549.625
7/17/2022,53.10416667,,11.72453704,129.3360169,32.30032051,16.74458333,1.345833333,2.848038585,361.5416667,4567.458333
7/18/2022,52.825,,11.56944444,127.8057274,32.06185897,20.55897436,4.45,2.973729904,352.7916667,4513.416667
7/19/2022,52.7625,,11.53472222,127.5449764,30.6650641,20.82496795,2.870833333,2.50012987,357.2916667,4504.208333
7/20/2022,52.21666667,,11.23148148,126.9692005,30.82379421,20.13565916,2.156521739,1.974572368,360.6666667,4483.875
7/21/2022,51.97083333,,11.09490741,126.9774596,31.51363636,19.29737013,2.839130435,2.229304636,355.375,4484.166667
7/22/2022,52.29166667,,11.27314815,127.3455786,31.2650641,20.42307692,3.9875,2.745372168,356.4166667,4497.166667
7/23/2022,52.54166667,,11.41203704,126.8889694,30.49038462,22.72849359,4.054166667,1.86748366,355.375,4481.041667
7/24/2022,52.88333333,,11.60185185,127.0683095,31.17083333,22.69583333,4.933333333,2.144090909,349.5833333,4487.375
7/25/2022,52.7,,11.5,127.5367173,31.07852564,26.13375,7.166666667,1.56585209,316.6666667,4503.916667
7/26/2022,52.35,,11.30555556,127.6240276,30.88621795,28.06371795,8.0625,2.406032258,283.8333333,4507
7/27/2022,52.00416667,,11.11342593,127.9012967,31.24064516,30.64203226,9.741666667,1.581639344,305.4166667,4516.791667
7/28/2022,51.75,,10.97222222,127.8033676,33.27133758,29.6406051,11.51153846,1.839131833,328.4583333,4513.333333
7/29/2022,51.6625,,10.92361111,128.7331041,32.51923077,34.56477564,13.59166667,2.10883871,325.7083333,4546.166667
7/30/2022,51.8625,,11.03472222,127.3585572,32.05884244,37.67006431,15.112,2.471948052,242.9130435,4497.625
7/31/2022,52.175,,11.20833333,127.1579795,31.62339744,38.44737179,15.05833333,2.065769231,268.0833333,4490.541667
8/1/2022,52.17083333,,11.20601852,130.089953,29.56314103,43.72333333,15.40416667,2.839134615,154.75,4594.083333
8/2/2022,51.97916667,,11.09953704,129.4941193,28.71258065,50.26406452,15.78636364,1.787508197,280.2083333,4573.041667
8/3/2022,51.9375,,11.07638889,128.5856205,33.52051282,30.75269231,12.9375,2.185501618,312.3333333,4540.958333
8/4/2022,52.125,,11.18055556,128.2717755,34.24903846,31.5525,13.82916667,2.502819672,307.2916667,4529.875
8/5/2022,52.25416667,,11.25231481,128.3484669,31.84358974,26.63660256,9.695833333,3.992168285,308.8333333,4532.583333
8/6/2022,52.70833333,,11.50462963,128.2293002,29.38461538,39.04150641,13.325,3.00987055,321.4166667,4528.375
8/7/2022,52.91666667,,11.62037037,127.8600013,29.04423077,35.43160256,10.52083333,1.874473684,326.625,4515.333333
8/8/2022,52.925,,11.625,128.8770481,29.34433657,33.2776699,8.9625,2.201363636,330.5,4551.25
8/9/2022,52.8875,,11.60416667,130.0875932,28.11711409,26.34875839,5.195652174,2.64533101,324.3333333,4594
8/10/2022,53.22083333,,11.78935185,130.2834514,26.99679487,30.29137821,6.454166667,4.068137255,325.0833333,4600.916667
8/11/2022,53.1375,,11.74305556,130.440374,26.44679487,25.76910256,3.333333333,1.97616129,328.875,4606.458333
8/12/2022,53.02916667,,11.68287037,130.485209,27.04775641,21.71916667,1.654166667,1.988798701,327,4608.041667
8/13/2022,52.12083333,,11.17824074,130.3707617,28.89166667,20.47221154,2.325,2.148133333,321.7083333,4604
8/14/2022,52.12083333,,11.17824074,128.428698,29.35910543,18.82773163,0.773076923,2.110420712,320.125,4535.416667
8/15/2022,52.30416667,,11.28009259,128.0487803,31.13151125,18.41594855,2.270833333,1.889546926,315.2083333,4522
8/16/2022,52.4375,,11.35416667,127.8033676,32.38419355,20.545,4.84,1.744883721,314.0416667,4513.333333
8/17/2022,52.42083333,,11.34490741,128.1726665,33.20482315,18.22212219,3.516666667,1.952272727,286.4166667,4526.375
8/18/2022,52.50833333,,11.39351852,128.2823943,33.90160256,23.37105769,8.983333333,2.869387097,236.4583333,4530.25
8/19/2022,52.675,,11.48611111,128.2269404,34.16025641,26.705,10.8875,2.528766234,297.625,4528.291667
8/20/2022,52.81666667,,11.56481481,127.9001168,33.24070513,25.93791667,9.2375,2.224565916,293.0833333,4516.75
8/21/2022,52.76666667,,11.53703704,125.3881766,31.68397436,29.72557692,9.670833333,2.390420712,293.8333333,4428.041667
8/22/2022,53.0625,,11.70138889,124.7616663,30.14677419,29.13232258,7.883333333,2.106557377,296.2916667,4405.916667
8/23/2022,53.18333333,,11.76851852,125.4235726,30.81698718,25.23964744,6.875,2.060746753,296,4429.291667
8/24/2022,52.6875,,11.49305556,125.8683831,31.14032258,25.572,7.7,2.049248366,293.4166667,4445
8/25/2022,52.52916667,,11.40509259,125.3492409,30.00032051,25.03195513,5.945833333,2.009131833,297.625,4426.666667
8/26/2022,52.73333333,,11.51851852,125.2926072,28.36805112,25.59942492,4.788,1.747339744,297.5833333,4424.666667
8/27/2022,52.73333333,,11.51851852,125.5274011,28.3414791,27.08845659,5.625,1.765798046,288.2083333,4432.958333
8/28/2022,52.90833333,,11.61574074,122.2473663,27.23685897,26.47083333,4.825,1.390741935,263.8333333,4317.125
8/29/2022,53.03333333,,11.68518519,122.0916237,27.88173077,27.58323718,5.558333333,1.498349515,277.8333333,4311.625
8/30/2022,52.92916667,,11.62731481,122.3087195,30.01987179,29.00689103,8.554166667,1.879223301,282.4166667,4319.291667
8/31/2022,52.84583333,,11.58101852,121.7636202,30.05746753,33.35457792,9.6125,1.846449511,287.1666667,4300.041667
9/1/2022,53.05,,11.69444444,121.5217471,29.35576923,21.10602564,1.479166667,1.38883871,293.2916667,4291.5
9/2/2022,53.11666667,,11.73148148,121.9406005,30.92660256,19.2124359,1.825,1.997813505,288.25,4306.291667
9/3/2022,52.8125,,11.5625,122.6379029,30.60897436,18.77355769,1.666666667,2.432124183,283.0416667,4330.916667
9/4/2022,52.69166667,,11.49537037,122.4762609,29.58333333,18.82775641,0.291666667,1.728957655,278.4166667,4325.208333
9/5/2022,52.85833333,,11.58796296,119.5501867,31.94935897,17.81163462,1.754166667,1.625544872,267.2916667,4221.875
9/6/2022,52.95833333,,11.64351852,118.3219435,34.24775641,20.79192308,6.666666667,1.458617363,404.1666667,4178.5
9/7/2022,53.04583333,,11.69212963,119.1667294,33.51923077,23.16326923,7.816666667,1.100194805,226.625,4208.333333
9/8/2022,53.25,,11.80555556,119.1159951,33.77692308,24.77951923,8.520833333,2.21223301,247.3333333,4206.541667
9/9/2022,53.6125,,12.00694444,119.2858961,36.26270096,10.68549839,-0.116666667,4.167,259,4212.541667
9/10/2022,53.42916667,,11.90509259,119.8569525,30.78141026,23.39586538,5.7375,1.392880259,217.0416667,4232.708333
9/11/2022,53.33333333,,11.85185185,119.6009211,26.92820513,31.60967949,7.733333333,1.844647436,141.4583333,4223.666667
9/12/2022,53.36666667,,11.87037037,117.3072565,27.70192308,37.03769231,10.325,1.76516129,189.8333333,4142.666667
9/13/2022,53.31666667,,11.84259259,117.2388241,24.43858521,40.72350482,9.5125,2.348051948,238.9166667,4140.25
9/14/2022,53.63333333,,12.01851852,116.6170333,22.19615385,49.29012821,10.20833333,3.242941176,243.7083333,4118.291667
9/15/2022,53.825,,12.125,117.1727515,20.99389068,47.47700965,8.875,1.534724919,237.9166667,4137.916667
9/16/2022,53.76666667,,12.09259259,117.1090386,21.61282051,44.86044872,8.025,1.352084691,239.625,4135.666667
9/17/2022,53.82083333,,12.12268519,117.140895,21.63108974,46.41192308,9.070833333,2.168360129,183.375,4136.791667
9/18/2022,53.89583333,,12.16435185,117.6777352,18.38429487,65.46445513,11.3625,3.09983871,119.5416667,4155.75
9/19/2022,53.67916667,,12.04398148,117.8936512,17.65157233,75.85694969,13.02580645,2.262176656,157.8333333,4163.375
9/20/2022,53.64166667,,12.02314815,117.894831,18.94827586,72.44291536,13.6,1.521955836,177.4166667,4163.416667
9/21/2022,53.92083333,,12.17824074,117.8039812,19.61469649,59.15089457,11.19615385,1.966891026,163.7916667,4160.208333
9/22/2022,54.28333333,,12.37962963,118.1838989,19.01442308,64.41573718,10.79583333,2.279288026,230.4166667,4173.625
9/23/2022,54.40416667,,12.44675926,117.8806726,24.1724359,41.05907051,8.595833333,2.064102564,239.2083333,4162.916667
9/24/2022,54.62916667,,12.57175926,117.1928092,24.96153846,39.96086538,7.3125,1.513376206,238.4166667,4138.625
9/25/2022,55.02083333,,12.78935185,116.9981309,25.43935484,36.59625806,7.045833333,1.065357143,232.5,4131.75
9/26/2022,55.20416667,,12.8912037,116.8081721,26.08653846,41.57294872,9.854166667,0.68778135,227.875,4125.041667
9/27/2022,55.175,,12.875,117.1928092,25.32508039,44.92327974,10.82916667,1.496548387,224.8333333,4138.625
9/28/2022,55.1875,,12.88194444,117.5385107,22.10638978,43.73753994,7.729166667,1.662907348,209.9583333,4150.833333
9/29/2022,55.39166667,,12.99537037,117.2506228,23.23215434,40.28630225,6.504166667,2.295631068,220.9166667,4140.666667
9/30/2022,55.7125,,13.17361111,117.6871742,26.96858974,23.8925641,3.7,4.437211538,225.25,4156.083333
10/1/2022,55.82916667,,13.23842593,117.4205239,27.07051282,24.39141026,3.975,2.546141479,220.0416667,4146.666667
