Date,CCR_degF,JLF_degF,BSF_degF,BND_degF,RDB_degF
1/1/2000,51.30833333,49.7375,50.3875,49.50416667,48.9
1/2/2000,50.99166667,49.45416667,50.1,49.23333333,48.90833333
1/3/2000,51.09166667,49.37916667,50.10833333,49.0625,48.6375
1/4/2000,51.2125,49.97916667,50.5,49.80416667,49.35833333
1/5/2000,51.14166667,49.35,50.0125,49.13333333,49.05
1/6/2000,50.92916667,49.03333333,49.775,48.8,48.425
1/7/2000,51.19166667,49.53333333,50.2,49.2875,48.77083333
1/8/2000,51.19166667,49.94166667,50.42916667,49.77083333,49.425
1/9/2000,50.93333333,49.72916667,50.22083333,49.62916667,49.39166667
1/10/2000,51.22083333,50.6125,50.8375,50.6125,50.05833333
1/11/2000,51.26666667,50.77916667,50.80833333,50.825,50.79583333
1/12/2000,50.475,48.99166667,49.4875,48.99166667,49.45833333
1/13/2000,50.45,49.625,50.075,49.44583333,49.13333333
1/14/2000,50.55416667,50.15833333,50.17916667,50.2375,50.325
1/15/2000,50.17916667,49.62916667,49.53333333,49.7375,50.10833333
1/16/2000,49.43333333,49.51666667,49.65833333,49.50416667,49.54583333
1/17/2000,48.5375,47.625,47.93333333,47.80416667,48.41666667
1/18/2000,49.425,48.65833333,49.24166667,48.47916667,48.17083333
1/19/2000,49.9,50.10416667,50.5125,50.1625,49.9875
1/20/2000,49.96666667,50.76666667,51.03333333,50.8125,50.94583333
1/21/2000,49.22083333,49.7,49.86666667,49.94166667,50.275
1/22/2000,49.325,49.47916667,49.75416667,49.47916667,49.7625
1/23/2000,49.025,49.26666667,49.38333333,49.37916667,49.55416667
1/24/2000,49.02916667,49.5875,49.82916667,49.56666667,49.5625
1/25/2000,49.4875,50.05,50.17083333,50.025,49.99583333
1/26/2000,49.50833333,49.975,49.95416667,50.05833333,50.20833333
1/27/2000,49.35416667,49.2625,49.3875,49.28333333,49.4375
1/28/2000,49.775,49.04583333,49.3625,48.95416667,48.84583333
1/29/2000,50.02916667,49.31666667,49.6375,49.25833333,49.16666667
1/30/2000,49.8125,49.29166667,49.35416667,49.13333333,49.47916667
1/31/2000,49.34583333,48.575,48.77083333,48.82083333,48.46666667
2/1/2000,49.32916667,48.85,49.0875,48.7625,48.81666667
2/2/2000,49.79166667,49.95416667,49.99166667,49.83333333,49.65416667
2/3/2000,49.31666667,49.70416667,49.59166667,49.73333333,49.9875
2/4/2000,48.92083333,49.3,49.24583333,49.325,49.53333333
2/5/2000,49.02916667,49.34583333,49.47916667,49.375,49.5125
2/6/2000,48.6625,49.5625,49.54583333,49.60833333,49.84166667
2/7/2000,48.56666667,49.1625,49.0875,49.20833333,49.5375
2/8/2000,48.74166667,49.16666667,49.13333333,49.17083333,49.38333333
2/9/2000,49.30833333,49.7125,49.6,49.7625,49.8625
2/10/2000,49.8625,50.6875,50.74583333,50.70833333,50.77916667
2/11/2000,49.57916667,50.24583333,50.07083333,50.34166667,50.65833333
2/12/2000,49.15833333,49.19166667,49.27083333,49.275,49.42916667
2/13/2000,49.1,49.07083333,49.01666667,49.15,49.0875
2/14/2000,49.6125,50.76666667,50.7625,50.77916667,50.85833333
2/15/2000,49.22916667,49.45833333,49.63333333,49.575,49.99583333
2/16/2000,49.16666667,49.46666667,49.5125,49.52083333,49.67916667
2/17/2000,49.2875,49.63333333,49.625,49.65416667,49.80833333
2/18/2000,49.27083333,49.47916667,49.475,49.51666667,49.7375
2/19/2000,49.37083333,49.5,49.54583333,49.52083333,49.72916667
2/20/2000,49.35416667,49.625,49.5875,49.66666667,49.8875
2/21/2000,49.48333333,50.15416667,50.02916667,50.22083333,50.46666667
2/22/2000,49.17083333,49.63333333,49.46666667,49.7625,50.00416667
2/23/2000,48.75,48.65833333,48.6,48.66666667,48.71666667
2/24/2000,48.87083333,48.64583333,48.82083333,48.7,48.8375
2/25/2000,48.80416667,48.70833333,48.89583333,48.75416667,48.9
2/26/2000,48.9375,49.00833333,49.075,49.02083333,49.1375
2/27/2000,48.99583333,49.53333333,49.5,49.63333333,49.84583333
2/28/2000,48.85416667,49.29166667,49.275,49.37083333,49.5875
2/29/2000,48.87916667,49.30416667,49.23333333,49.35,49.5
3/1/2000,48.77916667,49.025,48.98333333,49.07916667,49.36666667
3/2/2000,48.79583333,49.1875,49.11666667,49.225,49.3375
3/3/2000,49.175,49.5625,49.52083333,49.45833333,49.7625
3/4/2000,48.91666667,49.46666667,49.30833333,49.55833333,49.8625
3/5/2000,48.8875,49.31666667,49.3125,49.35416667,49.4
3/6/2000,48.9125,49.32916667,49.2375,49.34583333,49.37916667
3/7/2000,48.7875,49.125,49.03333333,49.21666667,49.32083333
3/8/2000,48.59583333,48.8,48.77083333,48.9,48.95
3/9/2000,48.58333333,48.60833333,48.6125,48.68333333,48.7375
3/10/2000,48.69166667,49.22083333,49.07916667,49.32916667,49.3625
3/11/2000,48.9625,49.8875,49.65416667,49.94166667,50.04166667
3/12/2000,49.025,50.07083333,49.73333333,50.20833333,50.7
3/13/2000,49.14166667,50.45416667,50.04166667,50.60416667,51.05416667
3/14/2000,49.4,51.175,50.56666667,51.3125,51.7625
3/15/2000,49.32083333,51.12083333,50.52083333,51.27916667,51.75416667
3/16/2000,49.55833333,51.93333333,51.11666667,52.09583333,52.44583333
3/17/2000,49.52083333,51.18333333,50.64583333,51.3625,51.99166667
3/18/2000,49.79166667,51.86666667,51.28333333,51.97083333,52.4625
3/19/2000,49.7125,52.8125,51.7125,53.125,53.57916667
3/20/2000,49.38333333,50.99166667,50.5,51.25416667,51.91666667
3/21/2000,49.51666667,50.97083333,50.6,51.09583333,51.5125
3/22/2000,49.89166667,52.05416667,51.34583333,52.33333333,52.675
3/23/2000,50.075,53.02916667,52.02916667,53.2375,53.74583333
3/24/2000,50.075,52.7875,51.89166667,53.025,54.02083333
3/25/2000,50,53.00833333,52.02916667,53.3375,54.15
3/26/2000,50.22916667,53.27916667,52.2625,53.54583333,54.45833333
3/27/2000,50.20833333,53.54166667,52.39166667,53.9,54.79583333
3/28/2000,50.26666667,52.875,51.9,53.2375,54.27916667
3/29/2000,50.52916667,52.91666667,52.1,53.1875,54.03333333
3/30/2000,50.91666667,53.125,52.3125,53.42083333,54.15833333
3/31/2000,51.50416667,53.75416667,52.975,53.99583333,54.70416667
4/1/2000,52.06666667,54.99583333,54.0625,55.25833333,56.07916667
4/2/2000,52.43043478,56.10869565,54.79130435,56.5,57.80434783
4/3/2000,52.51666667,56.8125,55.25,57.275,58.625
4/4/2000,52.08333333,57.02916667,55.30833333,57.5125,58.10833333
4/5/2000,52.37083333,56.67083333,55.1,57.15416667,58.70833333
4/6/2000,51.92916667,56.4375,54.8125,56.975,58.55416667
4/7/2000,52.32083333,56.13333333,54.6625,56.59583333,58.24166667
4/8/2000,51.5,56.28333333,54.53333333,56.8625,58.13333333
4/9/2000,51.78333333,55.09166667,53.7875,55.54166667,56.99583333
4/10/2000,53.06666667,56.42083333,54.55833333,55.93333333,56.92916667
4/11/2000,53.72083333,56.37916667,55.2875,56.61666667,57.72916667
4/12/2000,52.90416667,56.475,55.03333333,56.89166667,58.13333333
4/13/2000,52.4125,55.8125,54.475,55.4375,57.02916667
4/14/2000,52.0125,55.375,54.18333333,55.1875,56.6
4/15/2000,51.7125,54.5375,53.34166667,54.91666667,56.125
4/16/2000,51.62083333,53.55416667,52.77916667,53.8,54.71666667
4/17/2000,51.025,53.01666667,52.6,53.09166667,53.625
4/18/2000,50.72916667,52.39583333,52.0625,52.44166667,53.07083333
4/19/2000,50.975,53.37916667,52.69166667,53.3875,53.8
4/20/2000,51.4875,54.5375,53.55,54.5625,55.325
4/21/2000,53.15,56.16666667,54.9375,56.2875,57.14583333
4/22/2000,53.60833333,56.88333333,55.675,57.15416667,58.14583333
4/23/2000,52.20416667,55.92916667,54.5625,56.25416667,57.62916667
4/24/2000,50.92083333,54.55416667,53.14583333,54.925,56.3875
4/25/2000,50.99583333,54.61666667,53.19583333,54.82083333,55.9875
4/26/2000,51.24583333,55.30416667,53.6375,55.55416667,56.9
4/27/2000,50.43333333,54.56666667,52.62083333,55.1375,56.67916667
4/28/2000,50.575,53.34166667,52.29583333,53.41666667,54.37083333
4/29/2000,50.71666667,53.54583333,52.37083333,53.775,54.95
4/30/2000,51.04166667,54.45416667,52.94583333,54.49583333,55.525
5/1/2000,51.00416667,54.74166667,53.05833333,55.2875,56.3
5/2/2000,50.98333333,54.45,52.9375,54.80833333,56.0625
5/3/2000,51.34166667,54.89166667,53.30833333,55.19583333,56.35833333
5/4/2000,51.45416667,54.7875,53.25833333,55.23333333,56.575
5/5/2000,50.92916667,54.16666667,52.83333333,54.49583333,55.5625
5/6/2000,50.69166667,53.25833333,52.05416667,53.69583333,54.77083333
5/7/2000,50.375,52.025,51.3125,52.20833333,52.80416667
5/8/2000,50.92916667,53.26666667,52.48333333,53.30833333,53.6125
5/9/2000,51.25833333,54.84583333,53.49583333,55.25,56.15
5/10/2000,51.17083333,54.17916667,52.94583333,54.6,55.76666667
5/11/2000,51.1625,54.05,53,54.2625,55.30416667
5/12/2000,50.98333333,53.56666667,52.45416667,53.9875,55.27916667
5/13/2000,50.9875,53.47916667,52.5,53.86666667,54.85
5/14/2000,50.55,53.07916667,52.00416667,53.42916667,54.25833333
5/15/2000,50.55833333,52.54166667,51.75416667,52.68333333,53.3125
5/16/2000,51.075,52.7875,52.075,52.90416667,53.14583333
5/17/2000,52.775,55.09583333,54.35,55.10833333,54.925
5/18/2000,52.81666667,57.42083333,55.67916667,57.85416667,58.27083333
5/19/2000,51.875,56.97916667,54.85416667,57.7,59.27083333
5/20/2000,50.92916667,55.49166667,53.5125,56.12083333,58.15416667
5/21/2000,50.79166667,55.21666667,53.1625,55.7,57.32916667
5/22/2000,50.77083333,55.21666667,53.07916667,55.7,57.325
5/23/2000,51.02083333,55.65833333,53.53333333,56.125,57.35
5/24/2000,50.89166667,55.45416667,53.23333333,56.04583333,57.95
5/25/2000,51.20833333,55.05833333,52.93333333,55.73333333,57.15
5/26/2000,51.1875,55.69583333,53.64583333,56.22083333,57.81666667
5/27/2000,51.24583333,55.7875,53.7375,56.2,57.88333333
5/28/2000,50.64583333,54.49166667,52.52916667,55.09166667,57.44166667
5/29/2000,50.76666667,54.325,52.76666667,54.54166667,55.59166667
5/30/2000,50.95,54.50833333,52.89583333,54.93333333,56.27083333
5/31/2000,50.9625,54.10416667,52.7625,54.48333333,55.77916667
6/1/2000,51.17916667,54.6125,53.1625,54.9375,56.125
6/2/2000,51.35833333,55.16666667,53.53333333,55.57916667,57.04583333
6/3/2000,51.37083333,55.24583333,53.525,55.7,57.2625
6/4/2000,51.1625,55.11666667,53.36666667,55.62916667,57.375
6/5/2000,51.34583333,55.31666667,53.5875,55.75833333,57.30416667
6/6/2000,51.2,55.34583333,53.49166667,55.87083333,57.55
6/7/2000,51.18333333,55.14166667,53.32916667,55.64166667,57.50833333
6/8/2000,51.40833333,54.81666667,53.32916667,55.24166667,56.72916667
6/9/2000,51.09166667,54.77083333,53.22083333,55.2,56.34583333
6/10/2000,51.77916667,55.1125,53.75,55.45833333,56.60416667
6/11/2000,51.275,55.075,53.47916667,55.575,57.1375
6/12/2000,50.975,54.64166667,53,55.25,56.8375
6/13/2000,51.1,54.79583333,53.2875,55.175,56.64166667
6/14/2000,51.45416667,55.27083333,53.64166667,55.75,57.45416667
6/15/2000,51.37083333,55.55833333,53.76666667,56.18333333,58.02916667
6/16/2000,51.17083333,54.99583333,53.37916667,55.575,57.67083333
6/17/2000,51.3625,54.6625,53.25833333,55.08333333,56.77083333
6/18/2000,51.325,54.91666667,53.35833333,55.4125,57.25416667
6/19/2000,51.55,55.175,53.64583333,55.66666667,57.29583333
6/20/2000,51.3875,55.30416667,53.54166667,55.75416667,57.25
6/21/2000,51.24583333,54.7375,53.19166667,55.27916667,56.87916667
6/22/2000,51.46666667,55.00416667,53.46666667,55.48333333,57.04583333
6/23/2000,51.5375,55.57083333,53.79166667,55.5625,57.27916667
6/24/2000,51.32083333,54.70833333,53.24583333,55.275,57.0375
6/25/2000,51.38333333,54.78333333,53.35,55.675,56.87083333
6/26/2000,51.43333333,55.54166667,53.7125,55.55416667,57.24166667
6/27/2000,51.525,55.1125,53.55833333,55.7125,57.49583333
6/28/2000,51.5375,54.99166667,53.5,55.54583333,57.325
6/29/2000,51.95833333,55.2125,53.81666667,55.7375,57.45
6/30/2000,52.17083333,55.54583333,54.12083333,56.1125,57.8875
7/1/2000,52.15833333,55.11666667,53.81666667,55.66666667,57.6
7/2/2000,52.5375,55.33333333,54.19166667,55.8125,57.30833333
7/3/2000,52.59166667,55.19583333,54.15,55.61666667,57.07916667
7/4/2000,52.47916667,54.83333333,53.77916667,55.11666667,57.00833333
7/5/2000,52.50833333,54.97916667,53.89166667,55.55416667,56.56666667
7/6/2000,52.6875,55.00833333,54.0625,55.375,56.52083333
7/7/2000,52.8,54.92083333,54.025,55.35416667,56.7375
7/8/2000,52.90833333,55.2375,54.32083333,55.59166667,56.68333333
7/9/2000,53.3125,55.71666667,54.73333333,56.14166667,57.43333333
7/10/2000,53.19166667,55.94166667,54.85,56.7625,58.0375
7/11/2000,52.72916667,55.5375,54.3875,56.07916667,57.82083333
7/12/2000,52.6875,55.29583333,54.20416667,55.80416667,57.45833333
7/13/2000,52.67083333,55.41666667,54.32916667,55.94166667,57.6375
7/14/2000,52.60833333,55.2,54.16666667,55.7,57.33333333
7/15/2000,52.81666667,55.2625,54.275,55.7375,57.275
7/16/2000,52.9875,55.46666667,54.45833333,55.97083333,57.56666667
7/17/2000,53.15,55.60833333,54.6375,56.0625,57.62083333
7/18/2000,53.24583333,55.65,54.6875,56.13333333,57.63333333
7/19/2000,53.35416667,55.79583333,54.82916667,56.25833333,57.69166667
7/20/2000,53.38333333,55.99583333,54.93333333,56.49583333,57.99583333
7/21/2000,53.17916667,56.08333333,54.95,56.64166667,58.35833333
7/22/2000,52.06666667,55.00833333,53.83333333,55.69166667,57.775
7/23/2000,51.825,54.36666667,53.37083333,54.87083333,56.6
7/24/2000,51.82916667,54.69583333,53.51666667,54.84583333,56.425
7/25/2000,52.7,54.75,53.7875,55.14166667,56.55
7/26/2000,53.65833333,56.01666667,54.96666667,56.42916667,57.575
7/27/2000,53.1375,55.76666667,54.62083333,56.34583333,58.01666667
7/28/2000,52.4625,55.07916667,53.9625,55.62083333,57.32916667
7/29/2000,52.25833333,54.64166667,53.56666667,55.10833333,56.75833333
7/30/2000,52.19166667,54.72083333,53.5875,55.2625,56.84166667
7/31/2000,52.74166667,54.86666667,53.9125,55.25833333,56.65833333
8/1/2000,53.35833333,55.92083333,54.79166667,56.42083333,57.775
8/2/2000,52.90416667,55.69583333,54.48333333,56.25416667,58.0125
8/3/2000,52.65,55.29166667,54.09583333,55.85,57.75833333
8/4/2000,53.18333333,55.30833333,54.35,55.7125,57.19583333
8/5/2000,53.45,56.00416667,54.90416667,56.50833333,57.82083333
8/6/2000,52.94166667,55.8125,54.60833333,56.42083333,58.0625
8/7/2000,52.55416667,55.24583333,54.07916667,55.80833333,57.69166667
8/8/2000,53.22083333,55.6375,54.54166667,56.05,57.48333333
8/9/2000,53.82083333,56.525,55.38333333,56.875,58.09166667
8/10/2000,52.9625,55.9375,54.6125,56.5125,58.37916667
8/11/2000,52.75833333,55.4625,54.26666667,55.95416667,57.44583333
8/12/2000,52.40416667,55.19166667,53.94166667,55.69583333,57.35416667
8/13/2000,52.52916667,55.22083333,53.97916667,55.6625,57.15416667
8/14/2000,52.58333333,55.24583333,54.04583333,55.7,57.09583333
8/15/2000,52.65416667,55.29166667,54.0875,55.725,57.1625
8/16/2000,52.89583333,55.57083333,54.375,55.99166667,57.3125
8/17/2000,53.05416667,55.93333333,54.675,56.42083333,57.79166667
8/18/2000,52.94166667,55.73333333,54.4875,56.25416667,57.8125
8/19/2000,52.96666667,55.87916667,54.60416667,56.38333333,57.87916667
8/20/2000,52.675,55.72916667,54.40416667,56.2625,57.95416667
8/21/2000,52.56666667,55.50833333,54.2125,56.04583333,57.67083333
8/22/2000,52.70833333,55.48333333,54.21666667,56.02083333,57.56666667
8/23/2000,52.83333333,56.0625,54.84166667,56.19166667,57.7125
8/24/2000,53.05,55.9375,54.73333333,56.44583333,57.94583333
8/25/2000,53.1875,55.9375,54.76666667,56.42083333,57.98333333
8/26/2000,53.3125,56.24166667,55.0375,56.7125,58.15416667
8/27/2000,53.14166667,56.05,54.84583333,56.57916667,58.2375
8/28/2000,52.825,55.65,54.3875,56.17916667,57.87916667
8/29/2000,52.50833333,55.00416667,53.825,55.5625,57.20833333
8/30/2000,52.72916667,55.05833333,54.12083333,55.30833333,56.32916667
8/31/2000,52.7,54.54583333,53.67916667,54.925,56.4125
9/1/2000,52.80416667,54.98333333,54.09583333,55.32083333,55.8
9/2/2000,53.07916667,55.56666667,54.75833333,55.7125,56.31666667
9/3/2000,53.7875,56.17916667,55.22916667,56.6125,57.70416667
9/4/2000,53.88333333,56.89166667,55.64583333,57.325,58.3
9/5/2000,54.2,56.5125,55.55833333,56.89583333,58.04166667
9/6/2000,54.45416667,57.02083333,56.05833333,57.47083333,58.32083333
9/7/2000,53.93333333,57.17083333,56.03333333,57.80416667,59.0875
9/8/2000,53.7375,56.625,55.8,57.25833333,59.0875
9/9/2000,53.55833333,56.77083333,55.575,57.44583333,58.84166667
9/10/2000,53.55416667,56.66666667,55.5125,57.3125,58.87083333
9/11/2000,53.72083333,56.84166667,55.65,57.49166667,59.0125
9/12/2000,53.48333333,56.63333333,55.40416667,57.29583333,58.94166667
9/13/2000,53.32083333,56.35416667,55.15416667,57.0125,58.48333333
9/14/2000,53.0125,55.6625,54.62916667,56.3125,57.76666667
9/15/2000,53.275,56.25,55.1875,56.73333333,58.17083333
9/16/2000,53.65833333,56.63333333,55.45833333,57.25416667,59.00416667
9/17/2000,54.09166667,57.525,56.34583333,58.15833333,59.57083333
9/18/2000,53.92083333,57.61666667,56.21666667,58.47916667,60.65416667
9/19/2000,54.12083333,57.27083333,56.12916667,57.975,60.34583333
9/20/2000,53.89583333,57.25,56.02083333,57.975,60.10416667
9/21/2000,53.575,56.49583333,55.35416667,57.19166667,59.31666667
9/22/2000,53.24583333,55.7125,54.65,56.39166667,58.07083333
9/23/2000,53.15,54.88333333,54.2875,55.14583333,56.2875
9/24/2000,53.05416667,54.9,54.22083333,55.29166667,56.45
9/25/2000,53.21666667,55.175,54.46666667,55.57083333,56.70833333
9/26/2000,53.60833333,55.575,54.83333333,55.97916667,57.04583333
9/27/2000,54.08333333,56.27083333,55.4,56.74583333,57.84583333
9/28/2000,54.42083333,57.05416667,56.15416667,57.57083333,58.65833333
9/29/2000,54.6625,57.3125,56.47083333,57.81666667,59.125
9/30/2000,54.77083333,57.85416667,56.9,58.46666667,59.8375
10/1/2000,54.375,57.6625,56.57083333,58.34583333,59.99166667
10/2/2000,54.22083333,56.975,56.0125,57.54166667,59.28333333
10/3/2000,53.97916667,56.675,55.74166667,57.24166667,58.58333333
10/4/2000,53.86666667,56.27916667,55.44166667,56.775,58.10833333
10/5/2000,53.99166667,56.1625,55.39583333,56.54166667,57.775
10/6/2000,53.99583333,56.23333333,55.41666667,56.575,57.7625
10/7/2000,54.0625,56.44166667,55.55416667,56.7875,57.875
10/8/2000,54.1875,56.47083333,55.65,56.81666667,58.07083333
10/9/2000,53.58333333,55.5875,54.72083333,56.07916667,57.05416667
10/10/2000,53.77083333,55.24583333,54.85833333,55.49166667,55.75833333
10/11/2000,53.58333333,55.2875,54.77916667,55.44166667,56.07916667
10/12/2000,53.975,55.64166667,55.10833333,55.775,56.2875
10/13/2000,54.09583333,55.72083333,55.16666667,56.03333333,56.77916667
10/14/2000,54.5,55.95416667,55.41666667,56.11666667,56.90833333
10/15/2000,54.42916667,55.95,55.4,56.12083333,56.9625
10/16/2000,54.29166667,55.80416667,55.2625,55.99583333,56.92083333
10/17/2000,54.2625,55.71666667,55.15833333,55.90416667,56.76666667
10/18/2000,54.32083333,55.69583333,55.17083333,55.86666667,56.65833333
10/19/2000,54.48333333,55.79583333,55.3375,55.92916667,56.65416667
10/20/2000,54.0625,55.32083333,54.82083333,55.5875,56.2125
10/21/2000,54.2125,54.75,54.6125,54.65833333,55.05416667
10/22/2000,53.98333333,54.10416667,54.0125,54.09583333,54.54166667
10/23/2000,54.12916667,54.35416667,54.35833333,54.2,54.40416667
10/24/2000,54.25833333,54.875,54.69166667,54.85416667,55.15
10/25/2000,54.1625,55.0875,54.78333333,55.17916667,55.35833333
10/26/2000,54.34166667,54.75,54.6375,54.76666667,55.05
10/27/2000,54.17916667,54.57083333,54.4375,54.50833333,54.99166667
10/28/2000,54.2,54.69166667,54.5375,54.7625,54.69166667
10/29/2000,54.27916667,54.31666667,54.3625,54.24583333,54.32916667
10/30/2000,54.15,54.40833333,54.5,54.31666667,54.32916667
10/31/2000,54.25416667,54.10833333,54.225,54.02083333,54.34583333
11/1/2000,54.43333333,54.4,54.41666667,54.35833333,54.4125
11/2/2000,55.12083333,55.23333333,55.35,55.09166667,55.07083333
11/3/2000,55.1,55.79583333,55.67083333,55.79166667,56.125
11/4/2000,54.9625,55.3375,55.28333333,55.3375,55.81666667
11/5/2000,55.125,55.41666667,55.37916667,55.3875,55.6375
11/6/2000,54.6375,54.79166667,54.83333333,54.7375,55.0375
11/7/2000,54.3875,54.13333333,54.30833333,54.0625,54.27083333
11/8/2000,54.81666667,54.775,54.825,54.6,54.275
11/9/2000,54.2125,53.82916667,53.9,53.81666667,54
11/10/2000,53.85,53.44166667,53.62083333,53.325,53.225
11/11/2000,53.65416667,52.5125,52.84583333,52.275,52.10416667
11/12/2000,53.4375,51.9875,52.42083333,51.70833333,51.40833333
11/13/2000,52.72083333,51.22916667,51.63333333,51.01666667,50.5125
11/14/2000,52.875,51.37083333,51.925,50.99583333,50.17083333
11/15/2000,53.12083333,51.49583333,52.01666667,51.2,50.6375
11/16/2000,53.3625,51.89166667,52.32916667,51.56666667,51.00416667
11/17/2000,53.50833333,51.8875,52.40833333,51.55,51.0875
11/18/2000,53.28333333,51.78333333,52.25833333,51.49583333,51.10833333
11/19/2000,53.3625,51.9375,52.36666667,51.7,51.19583333
11/20/2000,53.22083333,51.91666667,52.325,51.625,51.14166667
11/21/2000,52.925,51.65833333,52.05416667,51.45833333,50.91666667
11/22/2000,53.37916667,52.07916667,52.55833333,51.74583333,51.25833333
11/23/2000,52.92083333,51.95416667,52.24166667,51.85416667,51.46666667
11/24/2000,53.36666667,52.32916667,52.70416667,52.01666667,51.57916667
11/25/2000,53.03333333,52.10416667,52.3625,52,51.72916667
11/26/2000,52.95,52.04166667,52.32083333,51.925,51.54583333
11/27/2000,53.06666667,52.67916667,52.82916667,52.53333333,52.07916667
11/28/2000,53.225,53.175,53.17916667,53.11666667,52.65833333
11/29/2000,53.14583333,52.90416667,52.85833333,52.92916667,52.82916667
11/30/2000,53.14166667,52.175,52.39583333,52.05833333,52.00416667
12/1/2000,52.82916667,51.80416667,52.06666667,51.66666667,51.62083333
12/2/2000,52.775,51.59166667,51.9,51.41666667,51.225
12/3/2000,52.93333333,51.55416667,51.8625,51.35,51.04583333
12/4/2000,53.93333333,52.12083333,52.65833333,51.74583333,50.96666667
12/5/2000,54.00833333,52.47916667,52.92916667,52.17916667,51.67916667
12/6/2000,53.80833333,52.26666667,52.7125,52.04583333,51.60416667
12/7/2000,53.92916667,52.58333333,52.9875,52.325,51.82916667
12/8/2000,54.0625,52.9625,53.26666667,52.77083333,52.54166667
12/9/2000,53.40416667,53.11666667,53.125,52.95,52.39166667
12/10/2000,53.79583333,53.33333333,53.39583333,53.24583333,52.90416667
12/11/2000,53.29166667,52.36666667,52.55,52.325,52.35833333
12/12/2000,53.525,52.45,52.66666667,52.32083333,52.00833333
12/13/2000,52.775,51.75416667,52.00416667,51.71666667,51.62083333
12/14/2000,52.72083333,50.36666667,50.525,50.325,50.625
12/15/2000,52.92083333,51.3375,51.575,51.13333333,50.9875
12/16/2000,52.54583333,51.3125,51.625,51.18333333,51.27083333
12/17/2000,52.10416667,50.9875,51.275,50.83333333,50.77083333
12/18/2000,51.90416667,49.89166667,50.475,49.55833333,49.62083333
12/19/2000,52.1,50.25833333,50.8625,49.925,49.4875
12/20/2000,52.5375,51.32083333,51.7625,51.0125,50.45833333
12/21/2000,51.96666667,50.6375,50.975,50.52916667,50.4625
12/22/2000,52.30416667,51.5,51.84166667,51.17916667,50.60833333
12/23/2000,51.30833333,50.52083333,50.70416667,50.52083333,50.81666667
12/24/2000,51.1625,49.97916667,50.325,49.78333333,49.66666667
12/25/2000,50.71666667,49.45416667,49.90416667,49.17083333,49.02083333
12/26/2000,50.51666667,49.075,49.54166667,48.7625,48.65833333
12/27/2000,50.30416667,48.92916667,49.35833333,48.67083333,48.41666667
12/28/2000,50.55833333,48.7625,49.32916667,48.375,48.225
12/29/2000,50.59583333,49.14166667,49.60416667,48.8125,48.39583333
12/30/2000,50.7375,49.075,49.59166667,48.67916667,48.45
12/31/2000,50.89166667,49.22916667,49.78333333,48.85,48.51666667
1/1/2001,51.03333333,49.5625,50.06666667,49.19583333,48.80416667
1/2/2001,51.15833333,49.85,50.3125,49.54166667,49.32916667
1/3/2001,50.94583333,49.7875,50.14166667,49.5375,49.45416667
1/4/2001,50.85416667,49.66666667,50.05833333,49.37916667,49.20416667
1/5/2001,50.625,49.26666667,49.67916667,48.99166667,48.97916667
1/6/2001,50.52083333,49.5,49.82083333,49.2625,49.04166667
1/7/2001,50.17083333,49.025,49.37916667,48.79583333,48.80833333
1/8/2001,50.3125,49.4875,49.49166667,49.22083333,48.92916667
1/9/2001,49.55833333,48.04583333,48.2625,47.97916667,48.1625
1/10/2001,49.69583333,47.81666667,47.5375,47.72916667,47.675
1/11/2001,49.5875,46.9875,47.375,46.83333333,46.875
1/12/2001,49.37083333,47.42083333,47.90833333,47.3,47.21666667
1/13/2001,49.24583333,47.94583333,48.35833333,47.825,47.61666667
1/14/2001,49.14166667,47.61666667,47.92916667,47.50416667,47.45833333
1/15/2001,48.95416667,46.9875,47.5,46.77083333,46.75
1/16/2001,48.76666667,46.66666667,47.27916667,46.35416667,46.06666667
1/17/2001,48.8,46.56666667,47.2625,46.1375,45.80833333
1/18/2001,48.625,46.86666667,47.38333333,46.5625,46
1/19/2001,49.1625,47.83333333,48.3125,47.4875,47.05416667
1/20/2001,48.70833333,47.49583333,47.82916667,47.35,47.27916667
1/21/2001,48.97083333,47.6625,48.15833333,47.30416667,46.95833333
1/22/2001,49.375,48.85833333,49.10416667,48.6125,48.275
1/23/2001,48.8375,48.49583333,48.55,48.51666667,48.62916667
1/24/2001,48.6125,47.12083333,46.92916667,47.04166667,47.575
1/25/2001,47.36666667,45.6375,45.55833333,45.6625,45.6875
1/26/2001,47.06666667,43.54583333,44.26666667,43.43333333,43.59166667
1/27/2001,47.09583333,44.78333333,45.52083333,44.57083333,44.34166667
1/28/2001,46.85,45.77083333,46.16666667,45.625,45.30416667
1/29/2001,47.29583333,47.01666667,47.20833333,46.88333333,46.65416667
1/30/2001,46.64583333,46.07083333,46.14166667,46.2125,46.48333333
1/31/2001,46.84166667,45.60833333,45.99166667,45.35416667,45.49583333
2/1/2001,46.825,46.08333333,46.27083333,46.00833333,45.85833333
2/2/2001,47.69166667,47.19583333,47.3875,47,46.71666667
2/3/2001,48.63333333,48.63333333,48.64166667,48.4625,48.38333333
2/4/2001,49.26666667,49.85833333,49.66666667,49.84583333,49.94166667
2/5/2001,49.2875,49.5625,49.47916667,49.67083333,50.30833333
2/6/2001,48.74583333,48.625,48.525,48.70416667,48.97083333
2/7/2001,48.4875,46.9625,47.47916667,46.66666667,47.05416667
2/8/2001,48.0375,46.89166667,47.27916667,46.625,46.39166667
2/9/2001,47.25,46.85,47.05,46.80833333,46.275
2/10/2001,46.32083333,43.975,44.17083333,44.3125,45.54166667
2/11/2001,45.75416667,44.74583333,44.82916667,44.65,44.17916667
2/12/2001,45.9375,44.675,44.99583333,44.62916667,44.8875
2/13/2001,45.64166667,45.08333333,45.20833333,45.08333333,45.17916667
2/14/2001,45.64583333,45.35,45.38333333,45.22916667,45.25833333
2/15/2001,45.18333333,45.25833333,45.09166667,45.4625,45.60833333
2/16/2001,46.45416667,46.40833333,46.37083333,46.2875,46.15416667
2/17/2001,46.70416667,46.83333333,46.67083333,46.83333333,46.75
2/18/2001,47.24166667,47.2375,47.02083333,47.26666667,47.24583333
2/19/2001,47.57916667,47.85,47.71666667,47.8625,47.74166667
2/20/2001,47.525,47.78333333,47.81666667,47.9125,48.17916667
2/21/2001,47.05416667,48.35833333,48.40833333,48.32916667,48.37083333
2/22/2001,46.35833333,47.75,47.26666667,48,48.29583333
2/23/2001,46.69166667,46.40833333,46.20833333,46.41666667,46.8625
2/24/2001,45.9625,47.225,46.94166667,47.4125,47.28333333
2/25/2001,46.57083333,46.5,46.94583333,46.4125,46.37916667
2/26/2001,46.81666667,47.91666667,47.97083333,47.94166667,48.13333333
2/27/2001,46.82083333,48.8,48.46666667,48.85833333,48.925
2/28/2001,46.52083333,48.2,47.8625,48.35833333,48.91666667
3/1/2001,46.1,47.23333333,46.9125,47.4625,48.00833333
3/2/2001,46.70416667,47.81666667,47.88333333,47.76666667,47.81666667
3/3/2001,46.09166667,47.12083333,46.65416667,47.40833333,47.90416667
3/4/2001,46.425,46.85833333,46.9625,46.9125,47
3/5/2001,47.30416667,48.33333333,48.4625,48.05416667,48.08333333
3/6/2001,47.87083333,50.1,49.96666667,49.98333333,50.1
3/7/2001,48.275,52.1375,51.24166667,52.29166667,52.65416667
3/8/2001,48.42083333,52.8125,51.92083333,53.04583333,53.53333333
3/9/2001,48.04583333,51.2125,50.57916667,51.73333333,52.6625
3/10/2001,47.74583333,49.90416667,49.45833333,50.15833333,50.97916667
3/11/2001,48.20416667,50.21666667,49.67083333,50.3875,50.94583333
3/12/2001,48.40416667,50.65416667,49.98333333,50.89166667,51.60416667
3/13/2001,48.725,51.24166667,50.40833333,51.5625,52.35
3/14/2001,48.65416667,51.35,50.41666667,51.70833333,52.525
3/15/2001,48.49583333,50.2,49.575,50.67916667,51.53333333
3/16/2001,49.65,50.7,50.475,50.68333333,51.02916667
3/17/2001,50.05,52.15833333,51.5375,52.37916667,52.775
3/18/2001,50.37916667,53.21666667,52.1875,53.5375,54.26666667
3/19/2001,50.875,54.22916667,52.94166667,54.64166667,55.61666667
3/20/2001,50.66666667,54.60833333,53.05,55.16666667,56.09583333
3/21/2001,51.35833333,54.80833333,53.56666667,55.175,56.20833333
3/22/2001,51.60833333,55.72083333,54.33333333,56.15416667,57.20833333
3/23/2001,51.59166667,56.15416667,54.74583333,56.7125,57.76666667
3/24/2001,51.275,55.62083333,54.13333333,56.275,57.42916667
3/25/2001,51.45833333,54.86666667,53.92916667,55.38333333,56.67083333
3/26/2001,50.82916667,53.89166667,53.1625,54.40833333,55.6875
3/27/2001,50.5125,53.57083333,52.75416667,54,55.05
3/28/2001,51.25416667,54.91666667,53.7625,55.26666667,56.20833333
3/29/2001,51.925,55.925,54.52083333,56.38333333,57.32083333
3/30/2001,52.525,56.15,54.97083333,56.67916667,57.7375
3/31/2001,52.69583333,56.80416667,55.58333333,57.27083333,58.4125
4/1/2001,52.03913043,56.75217391,55.17826087,57.48695652,58.94347826
4/2/2001,50.31666667,54.1375,52.925,54.92083333,56.32083333
4/3/2001,49.8375,52.30416667,51.57916667,52.7625,53.97083333
4/4/2001,49.41666667,51.5375,50.65,51.89166667,53.1
4/5/2001,49.85,51.92083333,51.08333333,52.14583333,52.98333333
4/6/2001,49.51666667,51.67083333,50.63333333,52.14166667,52.4625
4/7/2001,50.36666667,50.65416667,50.05416667,50.18333333,50.8875
4/8/2001,50.00416667,50.81666667,50.38333333,50.8875,51.2375
4/9/2001,50.8125,51.8625,51.10833333,51.97916667,52.31666667
4/10/2001,51.25,52.66666667,52.0375,52.80416667,53.17083333
4/11/2001,52.06666667,53.625,53.02083333,53.8,54.2
4/12/2001,52.16666667,53.77083333,53.09583333,53.94166667,54.5375
4/13/2001,52.0375,54.34583333,53.42083333,54.6625,55.36666667
4/14/2001,52.41666667,54.4125,53.58333333,54.675,55.49583333
4/15/2001,52.17916667,54.825,53.775,55.15833333,56.0375
4/16/2001,52.53333333,54.91666667,53.90833333,55.2625,56.05
4/17/2001,52.8625,55.69166667,54.55833333,56.05833333,56.975
4/18/2001,52.30833333,55.69583333,54.2875,56.24166667,57.4625
4/19/2001,51.65,53.86666667,53.03333333,54.15416667,55.32083333
4/20/2001,49.83333333,52.36666667,51.37916667,52.93333333,53.54583333
4/21/2001,49.30833333,51.325,50.57083333,51.4125,52.45
4/22/2001,49.32083333,53.19583333,51.6625,53.61666667,54.67083333
4/23/2001,50.14583333,54.30833333,52.56666667,54.75,56.0625
4/24/2001,50.30416667,55.32083333,53.37083333,55.87916667,57.4125
4/25/2001,50.28333333,55.3875,53.29583333,55.99583333,57.95416667
4/26/2001,50.32083333,55.80833333,53.54166667,56.37083333,58.40416667
4/27/2001,50.27083333,55.6125,53.4,56.17916667,58.09583333
4/28/2001,50.15,54.93333333,52.95,55.475,57.3625
4/29/2001,49.5875,53.84166667,52.07916667,54.35833333,56.15833333
4/30/2001,49.80416667,54.2,52.37083333,54.65416667,56.45833333
5/1/2001,49.92083333,54.225,52.35,54.80416667,56.59583333
5/2/2001,49.58333333,52.87916667,51.50416667,53.5,54.66666667
5/3/2001,49.5875,53.75,51.59583333,53.4625,54.675
5/4/2001,49.82916667,53.5875,51.98333333,54.05416667,55.6625
5/5/2001,50.2875,54.32083333,52.5625,54.80416667,56.50833333
5/6/2001,49.9875,54.34583333,52.49583333,54.93333333,56.96666667
5/7/2001,50.00416667,54.56666667,52.65416667,55.17083333,57.2875
5/8/2001,50.05833333,54.675,52.67083333,55.24583333,57.58333333
5/9/2001,50.25,55.0875,52.98333333,55.925,57.89166667
5/10/2001,50.24583333,55.07083333,52.94583333,55.71666667,58.02083333
5/11/2001,50.18333333,54.84583333,52.76666667,55.48333333,57.7625
5/12/2001,50.2375,54.74583333,52.6625,55.40416667,57.675
5/13/2001,50.42083333,54.85416667,52.92083333,55.4125,57.39583333
5/14/2001,49.625,53.35,51.43333333,54.075,56.1625
5/15/2001,49.275,51.85,50.41666667,52.32916667,53.92083333
5/16/2001,50.56666667,53.3875,52.1625,53.425,56.1125
5/17/2001,51.075,54.55833333,52.94583333,54.90833333,56.1125
5/18/2001,51.32083333,55.15416667,53.95833333,55.5875,56.875
5/19/2001,51.4875,55.45833333,53.76666667,56.31666667,57.49166667
5/20/2001,51.77083333,55.8,54.075,56.54583333,57.98333333
5/21/2001,51.64166667,55.80833333,53.9875,56.42916667,58.22916667
5/22/2001,51.025,55.50416667,53.49166667,56.11666667,58.05833333
5/23/2001,50.52916667,54.90416667,52.8625,55.5125,57.675
5/24/2001,50.5375,54.80416667,52.81666667,55.1375,57.35
5/25/2001,50.31666667,54.07083333,52.2,54.6625,57.09166667
5/26/2001,50.75416667,54.325,52.70833333,54.70833333,56.25833333
5/27/2001,51.09166667,54.65833333,52.95833333,55.13333333,56.9125
5/28/2001,51.175,54.41666667,52.88333333,54.8625,56.58333333
5/29/2001,51.4875,54.79166667,53.32916667,55.24166667,56.675
5/30/2001,51.89583333,55.575,54.05833333,56.17916667,57.42916667
5/31/2001,52.02916667,55.74166667,54.11666667,56.275,58.37083333
6/1/2001,51.65416667,55.44583333,53.70416667,56.06666667,58.2
6/2/2001,51.40833333,54.65833333,53.2625,55.12083333,56.85833333
6/3/2001,51.21666667,54.04583333,52.8,54.63333333,55.95833333
6/4/2001,51.50833333,54.02916667,52.85,54.7,55.77083333
6/5/2001,51.40416667,55.02916667,53.59583333,55.5125,56.70416667
6/6/2001,50.60833333,53.57916667,52.27916667,54.15416667,56.25
6/7/2001,50.6125,53.64166667,52.31666667,54.1625,55.7625
6/8/2001,50.82083333,53.9375,52.57916667,54.42083333,56.10833333
6/9/2001,51.3875,53.87916667,52.7,54.3625,56.22916667
6/10/2001,52.20833333,54.78333333,53.65,55.12916667,56.30416667
6/11/2001,52.2,54.45833333,53.22916667,54.6125,56.1125
6/12/2001,52.2375,54.65416667,53.62083333,54.97916667,56.3625
6/13/2001,52.37083333,54.8125,53.79166667,55.12916667,56.38333333
6/14/2001,52.44583333,55.24166667,54.12916667,55.65416667,56.99583333
6/15/2001,52.775,55.3,54.25,55.59583333,57.32083333
6/16/2001,52.55416667,55.47916667,54.30416667,55.8375,57.5875
6/17/2001,52.59166667,55.3125,54.23333333,55.7125,57.34166667
6/18/2001,52.775,55.74166667,54.58333333,56.1,57.50833333
6/19/2001,53.27083333,55.6125,54.65833333,55.85,57.41666667
6/20/2001,53.44166667,56.34166667,55.20416667,56.70833333,58.25833333
6/21/2001,51.77083333,55.375,53.92916667,56.08333333,58.5125
6/22/2001,51.59583333,54.6,53.39583333,54.99166667,57.13333333
6/23/2001,51.72916667,54.79166667,53.60416667,55.2875,57.3875
6/24/2001,51.39166667,53.78333333,52.82916667,54.22083333,56.4625
6/25/2001,51.2375,53.3375,52.42916667,53.6,55.125
6/26/2001,50.77083333,52.69166667,51.8625,53.02916667,54.70416667
6/27/2001,51.37083333,52.6875,52.075,52.80416667,54.15416667
6/28/2001,53.575,55.56666667,54.93333333,55.49166667,55.57083333
6/29/2001,54.1,56.74583333,55.74583333,56.98333333,58.34166667
6/30/2001,53.25416667,56.77083333,55.45,57.175,59.1125
7/1/2001,52.20833333,55.35833333,54.12083333,55.77083333,58.275
7/2/2001,52.5875,55.55416667,54.44166667,56.44166667,57.69583333
7/3/2001,52.58333333,55.01666667,53.9875,55.39166667,57.4
7/4/2001,52.5375,55.31666667,54.12083333,55.5875,56.99166667
7/5/2001,52.975,55.7625,54.57083333,56.1,57.72916667
7/6/2001,53.03333333,55.94166667,54.68333333,56.07916667,58.47083333
7/7/2001,53.19166667,55.47916667,54.38333333,55.83333333,57.84583333
7/8/2001,53.24583333,55.46666667,54.35833333,56.1625,57.3875
7/9/2001,53.64583333,56.1375,54.8625,56.43333333,58.05416667
7/10/2001,53.4,56.39166667,55.06666667,56.4875,58.54166667
7/11/2001,53.45416667,56.15,54.99583333,56.49166667,58.40416667
7/12/2001,53.12083333,55.67083333,54.575,56.07083333,57.98333333
7/13/2001,53.14166667,55.48333333,54.4875,55.74583333,57.47083333
7/14/2001,53.32916667,55.84166667,54.725,56.19166667,58.025
7/15/2001,53.36666667,55.7625,54.7125,56.12083333,58.02916667
7/16/2001,53.73333333,56.1,55.08333333,56.4875,58.18333333
7/17/2001,53.8125,56.09583333,55.12916667,56.43333333,58.1
7/18/2001,53.325,55.95416667,54.89166667,56.4375,58.17916667
7/19/2001,53.1375,55.61666667,54.59583333,56.00416667,57.90833333
7/20/2001,53.5125,55.8375,54.84166667,56.19166667,57.8375
7/21/2001,53.41666667,55.75,54.76666667,56.18333333,57.86666667
7/22/2001,53.58333333,55.89583333,54.94166667,56.74166667,57.65416667
7/23/2001,53.69166667,56.125,55.15833333,56.52083333,58.05416667
7/24/2001,52.37083333,55.70416667,54.36666667,56.3875,58.3125
7/25/2001,51.37916667,54.34583333,53.10833333,54.92083333,57.22083333
7/26/2001,52.38333333,54.575,53.6,54.85833333,56.67916667
7/27/2001,52.83333333,55.49166667,54.425,55.90416667,57.48333333
7/28/2001,52.75416667,55.075,54.11666667,55.40833333,57.37916667
7/29/2001,52.99166667,55.5,54.45833333,55.8125,57.50416667
7/30/2001,52.95416667,55.72083333,54.6375,56.29166667,58.07083333
7/31/2001,52.9875,55.5625,54.5625,55.99166667,57.65416667
8/1/2001,53.22916667,55.7875,54.75416667,56.1875,57.825
8/2/2001,52.86666667,55.75416667,54.7,56.29583333,58.19166667
8/3/2001,52.7,55.58333333,54.50416667,56.09166667,57.87916667
8/4/2001,53.00833333,55.85,54.7375,56.35,58.17083333
8/5/2001,52.94166667,55.7125,54.6875,56.23333333,58.07083333
8/6/2001,52.10833333,55.4125,54.29166667,56.01666667,57.89166667
8/7/2001,51.90416667,54.82083333,53.675,55.62083333,57.1
8/8/2001,51.9375,54.87083333,53.425,55.29166667,57.19166667
8/9/2001,52.15416667,55.1625,53.6875,55.525,57.34166667
8/10/2001,52.11666667,55.0125,53.5875,55.45416667,57.4375
8/11/2001,52.01666667,54.67083333,53.31666667,55.05833333,57.0375
8/12/2001,52.08333333,54.85416667,53.47083333,55.225,56.88333333
8/13/2001,52.1,54.825,53.44166667,55.19583333,56.96666667
8/14/2001,52.1875,54.79583333,53.4625,55.15416667,56.95
8/15/2001,52.5,54.975,53.7,55.27916667,57.0625
8/16/2001,52.56666667,55.3,53.9,55.6875,57.5625
8/17/2001,52.55416667,55.0375,53.7,55.40416667,57.35416667
8/18/2001,52.68333333,55.4625,54.08333333,55.82083333,57.34583333
8/19/2001,52.89583333,55.62083333,54.2,56.2125,57.85416667
8/20/2001,52.92083333,55.76666667,54.34583333,56.16666667,58.11666667
8/21/2001,53.25,55.94166667,54.60833333,56.31666667,57.9375
8/22/2001,53.16666667,56.23333333,54.64583333,56.70833333,58.56666667
8/23/2001,53.33333333,56.35416667,54.85,56.84583333,58.6875
8/24/2001,53.36666667,56.35833333,54.92916667,56.67916667,58.63333333
8/25/2001,52.92083333,55.7875,54.32916667,56.26666667,58.43333333
8/26/2001,52.79583333,55.82916667,54.33333333,56.27083333,58.27916667
8/27/2001,52.96666667,56.42916667,55.05416667,56.1625,58.20416667
8/28/2001,53.3375,56.41666667,54.93333333,56.86666667,58.32083333
8/29/2001,53.375,56.42916667,54.8875,56.92916667,59.01666667
8/30/2001,53.15,56.46666667,54.79583333,57.0125,59.1
8/31/2001,53.19166667,56.175,54.65416667,56.92916667,58.7
9/1/2001,53.075,56.05,54.5125,56.5375,58.59583333
9/2/2001,53.0875,55.98333333,54.47916667,56.45833333,58.41666667
9/3/2001,53.00416667,55.87916667,54.3875,56.30833333,58.28333333
9/4/2001,53.075,55.77916667,54.37083333,56.20833333,58.09583333
9/5/2001,52.975,55.66666667,54.76666667,56.11666667,58.01666667
9/6/2001,52.9875,55.225,54.29583333,55.60833333,57.17916667
9/7/2001,53.20416667,55.59583333,54.6875,56.42916667,57.275
9/8/2001,53.27083333,56.04583333,54.95833333,56.60416667,57.9875
9/9/2001,53.125,55.72083333,54.64583333,56.27916667,58.04583333
9/10/2001,53.27083333,55.57916667,54.72083333,56.02916667,57.53333333
9/11/2001,52.64166667,54.70833333,53.7,55.27916667,56.95833333
9/12/2001,53.05416667,54.81666667,54.18333333,55.02916667,55.74166667
9/13/2001,53.475,55.87083333,54.90416667,56.30833333,57.2625
9/14/2001,53.88333333,56.42916667,55.425,56.94583333,58.17083333
9/15/2001,54.10833333,56.8875,55.74583333,57.41666667,59.04166667
9/16/2001,54.175,56.97916667,55.825,57.57916667,59.75833333
9/17/2001,54.47083333,56.95833333,55.9125,57.4875,59.95833333
9/18/2001,54.32083333,57.11666667,55.91666667,57.71666667,59.85
9/19/2001,54.55416667,57.0125,55.97083333,57.525,59.725
9/20/2001,54.57083333,57.04583333,55.99583333,57.575,59.63333333
9/21/2001,54.675,56.98333333,56.03333333,57.4625,59.37083333
9/22/2001,54.53333333,56.80833333,55.8625,57.2625,59.11666667
9/23/2001,54.42083333,56.54166667,55.66666667,56.99166667,58.65833333
9/24/2001,54.39583333,56.12916667,55.3875,56.41666667,57.85833333
9/25/2001,54.76666667,56.92916667,56.19583333,57.28333333,58.43333333
9/26/2001,54.8375,56.7625,55.97083333,57.14583333,58.79166667
9/27/2001,55.05,57.125,56.25416667,57.56666667,58.93333333
9/28/2001,55.27916667,57.31666667,56.5,57.77083333,59.00416667
9/29/2001,55.35416667,57.14583333,56.40833333,57.4625,58.80416667
9/30/2001,55.48333333,57.4,56.60833333,57.80833333,59.09166667
10/1/2001,55.70833333,57.675,56.86666667,58.05416667,59.375
10/2/2001,55.875,57.95833333,57.07916667,58.39583333,59.79583333
10/3/2001,55.85416667,57.97083333,57.07916667,58.40416667,59.83333333
10/4/2001,55.225,57.57083333,56.60833333,58.08333333,59.57083333
10/5/2001,54.83333333,56.73333333,55.90833333,57.20833333,58.76666667
10/6/2001,54.99166667,56.4875,55.7875,56.8375,57.925
10/7/2001,55.0375,56.77916667,56.05,57.13333333,58.1625
10/8/2001,55.31666667,57.05416667,56.37083333,57.42083333,58.54583333
10/9/2001,55.03333333,56.22083333,55.57083333,56.5375,57.55416667
10/10/2001,55.14166667,56.13333333,55.42916667,56.29583333,57.0375
10/11/2001,55.4375,56.94166667,56.3125,57.2625,57.95833333
10/12/2001,55.425,56.52916667,55.975,56.7375,57.56666667
10/13/2001,55.80833333,57.27916667,56.625,57.50416667,58.2625
10/14/2001,56.15833333,57.72916667,57,57.95833333,59.00833333
10/15/2001,55.5,57.03333333,56.09166667,57.36666667,58.44583333
10/16/2001,55.67916667,57.10833333,56.43333333,57.2375,57.99583333
10/17/2001,55.75416667,57.62916667,56.84166667,57.99583333,58.87083333
10/18/2001,55.54583333,57.02916667,56.17916667,57.29166667,58.57916667
10/19/2001,55.325,56.60416667,55.86666667,56.82083333,57.775
10/20/2001,55.425,56.51666667,55.875,56.63333333,57.39166667
10/21/2001,55.55,56.57083333,56.07083333,56.66666667,57.4
10/22/2001,55.4125,56.60416667,56.0375,56.775,57.57083333
10/23/2001,55.57916667,56.7375,56.19583333,56.975,57.7125
10/24/2001,54.8875,55.40833333,55.025,55.46666667,56.17916667
10/25/2001,55.1625,55.65416667,55.29583333,55.6,56.04166667
10/26/2001,55.125,55.81666667,55.44166667,55.87083333,56.53333333
10/27/2001,54.5375,55.45833333,55.05,55.59583333,56.17083333
10/28/2001,54.85,55.49166667,55.19583333,55.57916667,55.9
10/29/2001,54.93333333,55.29166667,55.02916667,55.42083333,55.94166667
10/30/2001,55.95,56.15416667,56.00416667,56.12083333,55.97083333
10/31/2001,55.825,56.8,56.4375,56.85833333,57.24166667
11/1/2001,55.49166667,56.19583333,55.76666667,56.25,57.15
11/2/2001,55.11666667,55.75833333,55.32083333,55.84166667,56.4125
11/3/2001,55.4,55.7125,55.43333333,55.62916667,56.10833333
11/4/2001,55.25416667,55.8375,55.30833333,55.85416667,56.3875
11/5/2001,55.33333333,55.84166667,55.36666667,55.8,56.30833333
11/6/2001,55.38333333,55.6875,55.49166667,55.67916667,55.94166667
11/7/2001,55.2375,55.29583333,54.9625,55.21666667,55.3375
11/8/2001,55.1,55.08333333,54.5875,54.9125,54.9875
11/9/2001,55.19583333,55.42083333,54.86666667,55.31666667,55.34166667
11/10/2001,55.1375,55.5,55.04166667,55.48333333,55.525
11/11/2001,55.66666667,56.12083333,55.8875,56.2,56.17083333
11/12/2001,55.79166667,56.24583333,56.05416667,56.37083333,56.52916667
11/13/2001,55.52916667,55.65,55.6125,55.65416667,55.67083333
11/14/2001,55.79166667,55.86666667,55.73333333,55.9,55.85833333
11/15/2001,55.89583333,56.2375,55.94583333,56.2875,56.3
11/16/2001,55.81666667,56.24583333,56.01666667,56.3625,56.49583333
11/17/2001,55.77916667,55.97083333,55.4375,56.0125,56.35416667
11/18/2001,55.2875,55.30416667,54.59583333,55.35,55.59166667
11/19/2001,55.37916667,55.53333333,55.22083333,55.52083333,55.3
11/20/2001,55.37083333,55.58333333,55.46666667,55.66666667,55.74583333
11/21/2001,55.4,55.64166667,55.52083333,55.68333333,55.58333333
11/22/2001,55.49166667,55.28333333,55.36666667,55.30416667,55.50416667
11/23/2001,54.225,53.13333333,53.08333333,53.25,53.5625
11/24/2001,53.33333333,51.14166667,50.69583333,50.97916667,51.4
11/25/2001,53.6375,50.2625,51.46666667,49.90833333,49.30833333
11/26/2001,53.93333333,51.77916667,52.27083333,51.52916667,50.625
11/27/2001,53.40833333,51.22916667,51.71666667,51.01666667,50.725
11/28/2001,53.14166667,51.29583333,51.66666667,51.0875,50.10833333
11/29/2001,52.19166667,48.24583333,49.5,48.2375,48.37916667
11/30/2001,53.025,49.50416667,50.62083333,49.20833333,48.49583333
12/1/2001,51.97916667,49.87916667,50.6375,49.85833333,49.2375
12/2/2001,52.04166667,49.81666667,50.5125,49.7,49.36666667
12/3/2001,52.3625,50.00833333,51.0625,49.92083333,49.58333333
12/4/2001,52.09166667,49.19583333,50.69583333,49.30416667,49.29166667
12/5/2001,51.71666667,49.575,50.63333333,49.4875,48.65833333
12/6/2001,52.63333333,49.65416667,50.19166667,49.375,49.24166667
12/7/2001,52.5875,50.8875,51.49583333,50.80416667,50.67083333
12/8/2001,52.2125,50.38333333,51.3375,50.2875,50.31666667
12/9/2001,52.2125,50.20416667,50.94583333,50.05,50.00416667
12/10/2001,51.47083333,49.2,50.40833333,48.99166667,48.81666667
12/11/2001,51.04166667,48.8375,50.05416667,48.6,48.48333333
12/12/2001,50.57083333,48.5625,49.6625,48.34166667,48.10833333
12/13/2001,50.45416667,49.125,50.10833333,48.8625,48.29166667
12/14/2001,49.94583333,47.25,48.45416667,47.16666667,47.425
12/15/2001,50.1375,46.90833333,48.725,46.69583333,46.50833333
12/16/2001,50.20833333,48.47083333,49.70833333,48.21666667,47.40833333
12/17/2001,50.25,47.74166667,48.57083333,47.68333333,47.94583333
12/18/2001,50.44166667,48.90416667,49.62083333,48.6875,48.1875
12/19/2001,50.17083333,48.93333333,49.5875,48.925,49.07916667
12/20/2001,49.68333333,48.11666667,49.175,48.14583333,48.29166667
12/21/2001,49.6375,47.9625,49.19583333,47.77916667,47.6125
12/22/2001,49.27916667,48.5875,49.475,48.55416667,48.57083333
12/23/2001,49.65,48.9375,49.42083333,48.78333333,48.66666667
12/24/2001,48.74583333,47.7625,48.7625,47.8,48.16666667
12/25/2001,48.91666667,47.75416667,48.8125,47.55833333,47.29583333
12/26/2001,49.25,49.1875,49.6625,49,48.59166667
12/27/2001,49.17916667,49.65416667,50.14583333,49.5625,49.45416667
12/28/2001,49.125,49.56666667,50.20833333,49.5375,49.6375
12/29/2001,49.32916667,49.87916667,50.375,49.8125,49.87083333
12/30/2001,49.4,50.55,50.825,50.5875,50.63333333
12/31/2001,50.0625,51.20833333,51.4,51.17083333,51.35
1/1/2002,50.12083333,51.53333333,51.86666667,51.55833333,51.6625
1/2/2002,50.71666667,52.10416667,52.35,52.07083333,52.23333333
1/3/2002,50.5875,50.60833333,51.47916667,50.72083333,51.25
1/4/2002,50.26666667,49.4125,50.82083333,49.7,49.54583333
1/5/2002,50.22916667,49.8125,50.6875,49.77083333,49.74583333
1/6/2002,50.10833333,49.70416667,50.62916667,49.67916667,49.85416667
1/7/2002,50.49166667,50.3,50.8625,50.175,50.08333333
1/8/2002,50.4125,50.8875,51.23333333,50.85833333,50.92916667
1/9/2002,50.38333333,49.90416667,50.84583333,50.1125,50.30833333
1/10/2002,50.51666667,49.2375,50.75,49.59166667,49.77083333
1/11/2002,50.38333333,49.07916667,50.78333333,49.4375,49.5375
1/12/2002,50.32083333,49.33333333,50.83333333,49.66666667,49.74166667
1/13/2002,49.98333333,48.64166667,50.60416667,49.0125,49.1625
1/14/2002,49.87083333,48.525,50.47083333,48.875,48.90833333
1/15/2002,49.5625,47.39583333,50.02083333,47.7375,47.8375
1/16/2002,49.29583333,46.91666667,49.625,47.1375,47.00833333
1/17/2002,49.25833333,47.23333333,49.70833333,47.51666667,47.45416667
1/18/2002,48.99166667,46.87083333,49.5,47.19583333,47.27916667
1/19/2002,48.90416667,46.61666667,49.24166667,46.87083333,46.87083333
1/20/2002,49.08333333,46.83333333,49.26666667,47.06666667,46.975
1/21/2002,48.9,47.3625,49.55416667,47.63333333,47.32083333
1/22/2002,48.45833333,46.09166667,48.4625,46.37083333,46.55416667
1/23/2002,48.25416667,45.78333333,47.24166667,46.00833333,45.975
1/24/2002,48.08333333,45.89166667,47.25833333,46.1375,46.12083333
1/25/2002,47.83333333,45.85,47.09166667,46.18333333,46.18333333
1/26/2002,48.40833333,46.74583333,47.77916667,46.90833333,46.60833333
1/27/2002,47.7875,45.8375,46.675,46.22083333,46.6875
1/28/2002,47.39583333,44.79583333,46.02083333,45.12916667,45.17916667
1/29/2002,47.4625,45.29583333,46.5625,45.5125,45.25
1/30/2002,47.23333333,44.66666667,46.08333333,44.88333333,45.1125
1/31/2002,47.19166667,44.7625,46.1375,45.02916667,44.93333333
2/1/2002,47.5625,46.025,47.10833333,46.3,45.9
2/2/2002,47.73333333,45.97916667,46.97083333,46.3375,46.59166667
2/3/2002,47.9125,46.40416667,47.375,46.71666667,46.7375
2/4/2002,48.01666667,46.66666667,47.55833333,47.025,47.1375
2/5/2002,47.76666667,46.69166667,47.4375,47.14166667,47.2625
2/6/2002,47.75833333,46.74583333,47.50833333,47.1375,47.22083333
2/7/2002,48.15,47.88333333,48.30416667,48.32916667,48.16666667
2/8/2002,48.00833333,46.7875,47.3,47.25,48.02916667
2/9/2002,47.88333333,46.74166667,47.4375,47.1125,47.49583333
2/10/2002,47.72083333,46.99583333,47.6125,47.35,47.72916667
2/11/2002,47.89166667,47.1625,47.71666667,47.54166667,47.97083333
2/12/2002,48.6125,48.51666667,48.92916667,48.8,48.9
2/13/2002,48.55,49.34166667,49.40833333,49.8375,50.15416667
2/14/2002,48.64583333,48.92083333,49.06666667,49.41666667,50.15833333
2/15/2002,48.49583333,49.03333333,49.14583333,49.60833333,50.03333333
2/16/2002,48.325,48.875,49.00416667,49.4,49.86666667
2/17/2002,48.6125,49.06666667,49.2625,49.49166667,49.92083333
2/18/2002,48.21666667,49.30833333,49.1625,49.92083333,50.3875
2/19/2002,48.13333333,48.49166667,48.64583333,48.9625,49.47916667
2/20/2002,48.13333333,49.22083333,49.39166667,49.20416667,49.41666667
2/21/2002,48.29166667,50.47083333,50.42916667,50.38333333,50.48333333
2/22/2002,48.49583333,50.95833333,50.52916667,51.05833333,51.625
2/23/2002,48.25833333,50.96666667,50.3875,51.125,51.52916667
2/24/2002,49.17916667,50.45416667,50.32916667,50.4875,51.175
2/25/2002,49.09583333,50.63333333,50.34583333,50.775,51.53333333
2/26/2002,49.19166667,50.59583333,50.29583333,50.73333333,51.4625
2/27/2002,49.24583333,50.875,50.4625,50.97083333,51.675
2/28/2002,49.0125,50.4375,49.97916667,50.57083333,51.275
3/1/2002,48.55833333,48.725,48.62083333,48.85,49.47916667
3/2/2002,48.8625,49.175,49.16666667,49.125,49.425
3/3/2002,49.075,49.56666667,49.4875,49.56666667,50.075
3/4/2002,49.12083333,49.85833333,49.67083333,49.92916667,50.5
3/5/2002,48.80833333,49.44166667,49.17083333,49.82083333,50.14166667
3/6/2002,49.1875,50.375,50.075,50.35833333,50.5625
3/7/2002,48.9625,50.30416667,49.92083333,48.775,50.50833333
3/8/2002,48.39583333,48.4625,48.34583333,48.1125,49.39166667
3/9/2002,47.95416667,47.75416667,47.65,47.875,48.29583333
3/10/2002,48.34166667,48.27083333,48.125,48.25,48.2125
3/11/2002,49.1,50.10833333,49.94166667,49.89583333,49.93333333
3/12/2002,49.225,51.4,50.76666667,51.4625,51.9
3/13/2002,48.77916667,49.9375,49.42083333,50.0875,51.02916667
3/14/2002,48.82083333,49.34166667,49.13333333,49.2875,49.78333333
3/15/2002,48.625,49.44166667,49.09166667,49.50833333,50.01666667
3/16/2002,48.69583333,49.3875,49.08333333,49.48333333,50.00416667
3/17/2002,48.57083333,49.02916667,48.7875,49.1,49.54583333
3/18/2002,48.59166667,48.78333333,48.69583333,48.725,49.25416667
3/19/2002,48.9125,49.8625,49.55416667,49.875,50.26666667
3/20/2002,49.62916667,51.11666667,50.6125,51.125,51.60833333
3/21/2002,49.93333333,52.20416667,51.40416667,52.30833333,52.90416667
3/22/2002,49.475,51.7,50.75,52.03333333,52.62916667
3/23/2002,49.54583333,51.02083333,50.71666667,51.12083333,51.675
3/24/2002,49.97916667,51.88333333,51.51666667,51.825,52.26666667
3/25/2002,50.01666667,52.675,52.28333333,52.8375,53.3375
3/26/2002,50.4625,52.875,52.175,53.0375,53.89166667
3/27/2002,50.93333333,53.8125,52.95833333,54.00416667,54.7375
3/28/2002,51.4375,54.96666667,53.92083333,55.1875,55.8875
3/29/2002,51.74166667,55.74583333,54.47083333,56.02916667,57.10416667
3/30/2002,52.05,55.91666667,54.6125,56.275,57.52083333
3/31/2002,52.3,56.29166667,54.92916667,56.58333333,57.79166667
4/1/2002,52.21666667,56.80833333,55.24583333,57.17083333,58.40416667
4/2/2002,52.27083333,57.40416667,55.72916667,57.8125,59.08333333
4/3/2002,52.03333333,57.725,55.73333333,58.24166667,59.8
4/4/2002,51.375,56.8625,54.73333333,57.54583333,58.94166667
4/5/2002,50.30833333,55.275,53.375,55.80833333,57.01666667
4/6/2002,51.54166667,54.9,53.78333333,54.9125,56.12083333
4/7/2002,51.59565217,56.32608696,54.56956522,56.75652174,57.91304348
4/8/2002,51.3375,56.6125,54.65833333,57.02083333,58.35
4/9/2002,50.5875,55.45,53.54583333,56.05416667,57.175
4/10/2002,51.5875,54.9875,53.87083333,55.14166667,56.67083333
4/11/2002,51.47916667,57.0375,54.99166667,57.58333333,58.525
4/12/2002,51.85,56.6,54.74166667,57.04166667,58.75416667
4/13/2002,52.28333333,57.70416667,55.775,58.17916667,59.61666667
4/14/2002,52.37916667,58.775,56.45833333,56.925,58.7125
4/15/2002,51.21666667,56.29166667,54.38333333,56.925,58.7125
4/16/2002,49.87083333,52.925,51.52916667,52.5375,55.15416667
4/17/2002,50.23333333,51.09166667,50.5625,51.1875,53.13333333
4/18/2002,50.875,52.42916667,51.93333333,52.45,53.13333333
4/19/2002,51.42083333,53.79166667,53.00833333,53.94583333,54.71666667
4/20/2002,52.22916667,54.8875,53.925,55.1125,55.97083333
4/21/2002,52.3,55.82916667,54.625,56.1625,57.275
4/22/2002,51.49166667,56.05833333,54.3875,56.55,58.1375
4/23/2002,51.41666667,55.68333333,54.54583333,56.12916667,58.57916667
4/24/2002,51.56666667,55.6625,54.00833333,56.13333333,57.43333333
4/25/2002,51.8125,56.06666667,54.30833333,56.52916667,58.475
4/26/2002,51.4625,55.60416667,53.96666667,56.08333333,57.84166667
4/27/2002,50.6625,53.78333333,52.4875,54.125,55.41666667
4/28/2002,50.9375,52.71666667,51.90833333,52.88333333,53.975
4/29/2002,51.625,53.21666667,52.54166667,53.31666667,53.89166667
4/30/2002,51.7875,53.40833333,52.7625,53.5375,54.0375
5/1/2002,50.97916667,53.73333333,52.8,53.90416667,55.17916667
5/2/2002,51.3125,54.775,53.55,55.02083333,56.47916667
5/3/2002,51.4,55.86666667,53.925,55.95416667,57.55
5/4/2002,51.75833333,55.7125,54.20833333,56.17916667,57.72083333
5/5/2002,51.525,55.69166667,54.02916667,56.23333333,57.975
5/6/2002,51.62083333,55.5875,54.02083333,56.07916667,57.7375
5/7/2002,51.3375,54.83333333,53.44583333,55.35,56.69583333
5/8/2002,51.02083333,54.05833333,52.87916667,54.45,55.73333333
5/9/2002,51.49583333,54.65416667,53.45,55.0125,56.3875
5/10/2002,51.19583333,54.7375,53.38333333,55.25,56.55
5/11/2002,50.8,54.34166667,52.97916667,54.82083333,56.38333333
5/12/2002,50.90833333,54.62083333,53.12916667,55.12083333,56.79583333
5/13/2002,51.1,55.18333333,53.5375,55.75,57.44583333
5/14/2002,51.17916667,54.97916667,53.29166667,55.57916667,57.425
5/15/2002,51.6625,54.61666667,53.38333333,54.98333333,56.14166667
5/16/2002,51.46666667,55.09166667,53.6625,55.56666667,56.69583333
5/17/2002,52.34583333,55.03333333,53.80416667,55.425,57.04583333
5/18/2002,53.30833333,56.59583333,55.25416667,57.05833333,58.02083333
5/19/2002,52.15,54.27083333,53.24166667,54.79583333,56.675
5/20/2002,51.8,53.42916667,52.75416667,53.63333333,54.27916667
5/21/2002,52.2625,53.83333333,53.1625,54.08333333,54.8125
5/22/2002,53.0875,55.63333333,54.75416667,55.7875,56.12083333
5/23/2002,53.44583333,56.37083333,55.23333333,56.74583333,57.74166667
5/24/2002,52.64166667,56.52916667,54.95833333,57.0875,58.52916667
5/25/2002,51.5625,55.96666667,54.09583333,56.6375,58.5875
5/26/2002,51.25,55.30833333,53.58333333,55.9,57.79166667
5/27/2002,50.87916667,54.8375,53.0125,55.5,57.60416667
5/28/2002,51.02083333,54.66666667,53.15416667,55.08333333,56.5875
5/29/2002,51.43333333,55.74583333,53.84583333,56.28333333,57.69583333
5/30/2002,51.05833333,55.80833333,53.71666667,56.45416667,58.525
5/31/2002,50.875,56.01666667,54.12083333,56.21666667,58.19166667
6/1/2002,50.75416667,55.27916667,53.24166667,55.975,58.05416667
6/2/2002,50.6625,54.925,53.52083333,55.52083333,57.4625
6/3/2002,50.50833333,54.56666667,52.725,55.17916667,57.05
6/4/2002,50.82083333,54.90833333,53.13333333,56.27083333,56.95833333
6/5/2002,51.00833333,55.3625,53.45833333,56.77083333,57.85
6/6/2002,51.1875,55.4625,53.60416667,56.10833333,58.04166667
6/7/2002,50.99583333,54.925,53.15416667,55.50833333,57.50416667
6/8/2002,50.825,53.74166667,52.4125,54.20416667,55.85416667
6/9/2002,51.09583333,53.675,52.57083333,54.00833333,55.00833333
6/10/2002,51.61666667,54.525,53.28333333,54.9125,56.1375
6/11/2002,51.65833333,55.01666667,53.60833333,55.48333333,57.0125
6/12/2002,51.8125,54.97916667,53.60416667,55.40833333,57.06666667
6/13/2002,52.37083333,55.31666667,53.94583333,55.775,57.50416667
6/14/2002,53.4125,56.30833333,55.0375,56.7,58.04166667
6/15/2002,52.42916667,55.76666667,54.26666667,56.3125,58.27916667
6/16/2002,52.19583333,54.99583333,53.79166667,55.675,57.625
6/17/2002,52.09583333,54.99583333,53.64166667,55.58333333,57.34583333
6/18/2002,52.14583333,55.27916667,53.99166667,55.60833333,57.35
6/19/2002,52.42083333,55.3625,54.11666667,55.75833333,57.25416667
6/20/2002,52.28333333,55.15,53.91666667,55.59166667,57.36666667
6/21/2002,52.30416667,55.28333333,54.01666667,55.72083333,57.60833333
6/22/2002,52.44583333,55.19166667,53.9875,55.6,57.34166667
6/23/2002,52.7625,55.4,54.24166667,55.76666667,57.40416667
6/24/2002,52.60833333,55.475,54.225,55.8875,57.69166667
6/25/2002,51.89166667,55.20833333,53.7625,55.72916667,57.63333333
6/26/2002,52.00833333,54.8125,53.62916667,55.22083333,57.29583333
6/27/2002,52.34166667,55.0625,53.8375,55.4625,57.25416667
6/28/2002,52.75833333,55.45416667,54.25833333,55.875,57.55833333
6/29/2002,52.54166667,55.39166667,54.17916667,55.84583333,57.69583333
6/30/2002,52.3875,55.375,54.125,55.82916667,57.72083333
7/1/2002,52.20416667,55.17916667,53.92916667,55.63333333,57.42083333
7/2/2002,52.15833333,55.1,53.83333333,55.55,57.5625
7/3/2002,52.24583333,55.3,54,55.7875,57.62916667
7/4/2002,52.3125,55.14166667,53.89583333,55.59583333,57.4875
7/5/2002,52.2875,55.14166667,53.9125,55.6125,57.425
7/6/2002,52.32083333,55.10833333,53.8875,55.6,57.51666667
7/7/2002,52.40833333,55.3625,54.0625,55.85,57.75833333
7/8/2002,52.575,55.20416667,54.0875,55.6,57.36666667
7/9/2002,52.65,55.45,54.275,55.85833333,57.44583333
7/10/2002,52.51666667,55.4125,54.14583333,55.9,57.79166667
7/11/2002,52.72916667,55.5625,54.30833333,56.0125,57.84166667
7/12/2002,52.78333333,55.44583333,54.25,55.9625,58.05833333
7/13/2002,52.79583333,55.375,54.2375,55.76666667,57.43333333
7/14/2002,53.05416667,55.91666667,54.7,56.35416667,58.22916667
7/15/2002,53.05416667,55.74583333,54.55,56.18333333,58.2
7/16/2002,53.03333333,55.5125,54.43333333,55.91666667,57.67083333
7/17/2002,53.07083333,55.45833333,54.37083333,55.82916667,57.48333333
7/18/2002,53.1,55.35833333,54.28333333,55.80833333,57.51666667
7/19/2002,53.09166667,55.5625,54.47916667,55.91666667,57.54166667
7/20/2002,53.44166667,55.92083333,54.79166667,56.2875,57.94583333
7/21/2002,53.41666667,56.0875,54.89166667,56.525,58.44166667
7/22/2002,53.53333333,55.87083333,54.74166667,56.55833333,58.3875
7/23/2002,53.35833333,55.84583333,54.75,56.38333333,58.275
7/24/2002,52.9375,55.57916667,54.45,56.04583333,58.01666667
7/25/2002,52.84166667,55.15833333,54.09166667,55.55,57.4375
7/26/2002,53.02083333,55.3375,54.2875,55.69166667,57.3625
7/27/2002,53.35416667,55.87083333,54.75416667,56.26666667,57.8375
7/28/2002,53.36666667,55.3,54.7125,56.34583333,58.25833333
7/29/2002,53.39583333,55.3,54.85416667,56.50416667,58.3875
7/30/2002,53.4375,55.3,54.88333333,56.4625,58.25833333
7/31/2002,53.30833333,56.04583333,54.7625,56.39583333,58.175
8/1/2002,52.9,55.62083333,54.4875,56.22083333,58.07083333
8/2/2002,52.8625,55.44583333,54.325,56.02083333,57.95
8/3/2002,53.06666667,55.60833333,54.52916667,56.125,58.0375
8/4/2002,52.64583333,54.81666667,53.86666667,55.42083333,57.48333333
8/5/2002,52.675,54.45,53.74166667,54.75416667,56.05416667
8/6/2002,52.8625,55.00833333,54.17916667,55.44166667,56.70833333
8/7/2002,53.125,55.09583333,54.27916667,55.5,56.91666667
8/8/2002,53.2625,55.45833333,54.55,55.92083333,57.4125
8/9/2002,53.12083333,55.85,54.80833333,56.40833333,57.85
8/10/2002,52.5,55.2375,54.1125,55.89166667,57.92083333
8/11/2002,52.62916667,55.1625,54.1125,55.73333333,57.52916667
8/12/2002,52.275,55.05833333,53.86666667,55.69166667,57.67916667
8/13/2002,52.5,55.20833333,54.05416667,55.82916667,57.575
8/14/2002,52.55416667,55.25,54.09583333,55.88333333,57.78333333
8/15/2002,52.95833333,55.24166667,54.1875,55.8375,57.62083333
8/16/2002,53.1625,55.85416667,54.71666667,56.4625,57.9625
8/17/2002,53.27083333,55.65833333,54.42083333,56.26666667,57.94583333
8/18/2002,52.81666667,55.56666667,54.42916667,56.325,58.11666667
8/19/2002,52.95416667,55.425,54.34166667,56.0125,57.8
8/20/2002,53.05416667,55.52083333,54.45833333,56.12083333,57.65833333
8/21/2002,53.22083333,55.8375,54.77083333,56.42916667,57.62916667
8/22/2002,52.94583333,55.81666667,54.62916667,56.49583333,58.03333333
8/23/2002,53.1625,55.79583333,54.69583333,56.44583333,58.07916667
8/24/2002,53.15416667,56.21666667,54.975,56.95,58.37083333
8/25/2002,52.89583333,56.00416667,54.69166667,56.8,58.6375
8/26/2002,53.11666667,56.27083333,54.97083333,57.04166667,58.45416667
8/27/2002,53.1125,56.61666667,55.26666667,57.4625,58.93333333
8/28/2002,52.20416667,55.67916667,54.30833333,56.6125,59.01666667
8/29/2002,51.9125,55.3375,53.9625,56.275,58.07916667
8/30/2002,52.3375,55.45416667,54.12083333,56.30416667,57.91666667
8/31/2002,52.7,56.00833333,54.59583333,56.8875,58.3125
9/1/2002,52.8125,56.13333333,54.71666667,57.03333333,58.52083333
9/2/2002,52.7875,56.19166667,54.75,57.07916667,58.68333333
9/3/2002,52.79583333,56.06666667,54.65833333,56.90833333,58.72083333
9/4/2002,53.25,56.275,54.94583333,57.075,58.67083333
9/5/2002,52.75,55.84583333,54.64583333,56.51666667,58.39166667
9/6/2002,51.68333333,54.64166667,53.43333333,55.19583333,57.51666667
9/7/2002,52.08333333,54.42916667,53.46666667,54.85,56.45416667
9/8/2002,52.3625,54.63333333,53.75,54.95833333,56.3625
9/9/2002,52.60416667,54.95416667,53.9875,55.29166667,56.6375
9/10/2002,52.65833333,55.2625,54.2125,55.675,57.1375
9/11/2002,52.86666667,55.3125,54.225,55.75833333,57.40416667
9/12/2002,52.5875,55.46666667,54.28333333,56,57.65
9/13/2002,52.47916667,55.32083333,54.125,55.825,57.63333333
9/14/2002,52.3875,55.07916667,54.00833333,55.4875,57.38333333
9/15/2002,52.02916667,54.57916667,53.49583333,55.07083333,57.25833333
9/16/2002,52.175,54.425,53.5,54.7125,56.61666667
9/17/2002,52.40833333,54.7875,53.80833333,55.1625,57.05416667
9/18/2002,52.6125,55.22916667,54.23333333,55.64166667,57.26666667
9/19/2002,52.65416667,55.3875,54.41666667,55.82083333,57.625
9/20/2002,52.40416667,55.22916667,54.25,55.65833333,57.52916667
9/21/2002,52.51666667,55.10833333,53.94583333,55.49583333,57.30416667
9/22/2002,52.075,54.9125,53.66666667,55.35833333,57.225
9/23/2002,52.20416667,54.8125,53.65833333,55.1625,56.80416667
9/24/2002,52.22083333,54.8,53.6375,55.17083333,56.84583333
9/25/2002,52.51666667,54.97916667,53.87916667,55.30833333,56.9
9/26/2002,52.55416667,54.80833333,53.76666667,55.10833333,56.675
9/27/2002,52.54166667,55,53.94583333,55.34166667,56.74583333
9/28/2002,52.48333333,54.54583333,53.525,54.85,56.3875
9/29/2002,52.825,54.9875,54.01666667,55.23333333,56.38333333
9/30/2002,52.70416667,54.94583333,53.9625,55.2875,56.70833333
10/1/2002,52.425,53.84583333,53.22083333,54,55.15833333
10/2/2002,53.3,53.93333333,53.45416667,53.90416667,54.46666667
10/3/2002,53.32083333,54.67916667,54.05,54.74166667,55.4
10/4/2002,54.10416667,55.60833333,54.85416667,55.7125,56.6
10/5/2002,54.2375,56.47083333,55.55833333,56.78333333,57.81666667
10/6/2002,54.22083333,56.82916667,55.6625,57.10416667,58.625
10/7/2002,53.87916667,56.40833333,55.32916667,56.8,58.53333333
10/8/2002,53.69583333,56.0125,55.00416667,56.30416667,57.85833333
10/9/2002,53.23333333,55.5,54.49583333,55.8625,57.28333333
10/10/2002,53.3,55.40833333,54.45833333,55.78333333,56.82083333
10/11/2002,53.40416667,54.99583333,54.225,55.275,56.3875
10/12/2002,53.25,54.52083333,53.97083333,54.65416667,55.55
10/13/2002,53.50416667,54.44166667,53.925,54.53333333,55.23333333
10/14/2002,53.60416667,54.6625,54.12083333,54.7875,55.44583333
10/15/2002,53.7625,54.71666667,54.17083333,54.8375,55.52916667
10/16/2002,53.82083333,54.89583333,54.35833333,55.02083333,55.65833333
10/17/2002,53.6625,54.82083333,54.325,54.96666667,55.67916667
10/18/2002,53.36666667,54.50833333,53.99583333,54.6375,55.3
10/19/2002,53.55,54.48333333,54.02083333,54.57916667,55.18333333
10/20/2002,54.3625,54.87916667,54.4625,54.92083333,55.4375
10/21/2002,55.10416667,55.79166667,55.39166667,55.82083333,56.05
10/22/2002,55.42083333,56.03333333,55.75,56.06666667,56.5625
10/23/2002,54.21666667,55.52083333,54.99166667,55.75833333,56.3875
10/24/2002,53.6125,54.45416667,54.075,54.56666667,55.05416667
10/25/2002,53.90416667,54.6125,54.3125,54.69583333,55.06666667
10/26/2002,54.06666667,54.58333333,54.29583333,54.625,55.1
10/27/2002,54.2125,54.69166667,54.45833333,54.67083333,54.975
10/28/2002,54.28333333,54.81666667,54.54166667,54.85,55.14166667
10/29/2002,54.07916667,54.225,54.15833333,54.20416667,54.55
10/30/2002,53.87083333,53.70416667,53.70833333,53.60833333,53.7625
10/31/2002,53.65833333,53.09583333,53.225,52.95833333,52.95833333
11/1/2002,53.54166667,52.89583333,53.1375,52.62083333,52.37083333
11/2/2002,53.69166667,52.95,53.20416667,52.67916667,52.4125
11/3/2002,54.04166667,53.575,53.75833333,53.36666667,53.05833333
11/4/2002,54.09166667,53.6625,53.8,53.5,53.44166667
11/5/2002,54.42083333,53.72916667,53.8875,53.54166667,53.40416667
11/6/2002,54.81666667,54.0875,54.3375,53.86666667,53.5125
11/7/2002,55.02083333,54.79166667,54.88333333,54.67916667,54.10416667
11/8/2002,55.76666667,55.625,55.65833333,55.49166667,55.27083333
11/9/2002,55.10833333,54.9125,55.05833333,54.93333333,55.17916667
11/10/2002,55.52083333,54.9875,55.225,54.85416667,54.7
11/11/2002,55.62916667,55.82916667,55.83333333,55.75833333,55.74166667
11/12/2002,54.99583333,55.075,55.10833333,55.11666667,55.39166667
11/13/2002,55.06666667,54.90416667,55.04583333,54.84166667,54.88333333
11/14/2002,55.0125,54.8125,54.925,54.70833333,54.79583333
11/15/2002,54.65833333,54.47916667,54.6375,54.35,54.5
11/16/2002,54.25416667,53.85,54.04166667,53.66666667,53.86666667
11/17/2002,54.33333333,53.97916667,54.15,53.6625,53.525
11/18/2002,54.20416667,53.74583333,53.9375,53.50416667,53.5375
11/19/2002,54.75833333,54.16666667,54.41666667,53.85833333,53.74166667
11/20/2002,54.8375,54.89583333,54.89583333,54.72083333,54.70416667
11/21/2002,54.73333333,54.77083333,54.72083333,54.70833333,54.99166667
11/22/2002,54.65833333,54.55833333,54.5375,54.5,54.54583333
11/23/2002,54.15416667,54.26666667,54.1875,54.35416667,54.4
11/24/2002,54.07916667,54.17083333,54.17083333,54.00833333,54.00833333
11/25/2002,53.57083333,52.95,53.12083333,52.725,52.89166667
11/26/2002,53.50833333,52.72916667,53.08333333,52.26666667,52.19166667
11/27/2002,53.63333333,53.02083333,53.27916667,52.59583333,52.40833333
11/28/2002,53.52083333,53.15833333,53.34583333,52.79166667,52.66666667
11/29/2002,53.27916667,52.74583333,52.97916667,52.4125,52.45833333
11/30/2002,53.175,52.6125,52.86666667,52.23333333,51.95
12/1/2002,52.88333333,52.35416667,52.57083333,52.0375,51.975
12/2/2002,52.82916667,52.375,52.55416667,52.07083333,51.9375
12/3/2002,52.64166667,52.02916667,52.2375,51.68333333,51.6375
12/4/2002,53.175,52.95833333,53.0875,52.68333333,52.2875
12/5/2002,53.00833333,52.80833333,52.57083333,52.6,52.69166667
12/6/2002,53.07916667,52.675,51.85416667,52.5375,52.54166667
12/7/2002,53.2375,52.48333333,51.71666667,52.26666667,52.2625
12/8/2002,53.25,52.325,51.7,52.02916667,51.6875
12/9/2002,53.02916667,52.18333333,51.58333333,51.90416667,51.5
12/10/2002,53.62083333,53.1625,52.47083333,52.87916667,52.22916667
12/11/2002,53.64166667,53.44583333,52.53333333,53.34166667,53.20833333
12/12/2002,53.35416667,52.8875,52.16666667,52.74166667,52.5
12/13/2002,53,52.80416667,51.94166667,52.63333333,52.34166667
12/14/2002,53.11666667,52.1625,51.42916667,52.30833333,52.58333333
12/15/2002,52.1375,50.62916667,50.45833333,50.95833333,50.96666667
12/16/2002,51.57916667,50.475,49.925,50.01666667,50.525
12/17/2002,51.60833333,49.58333333,49.025,48.8,49.80416667
12/18/2002,50.79166667,49.04166667,49.10833333,48.8,49.27916667
12/19/2002,49.92083333,48.4625,48.5375,48.25,48.00833333
12/20/2002,49.05416667,45.97083333,45.85416667,45.97083333,46.1125
12/21/2002,49.87083333,47.62083333,47.27916667,47.35,47.14583333
12/22/2002,49.7125,47.64583333,47.55833333,47.62083333,47.66666667
12/23/2002,49.3625,47.14166667,47.34583333,46.99583333,46.83333333
12/24/2002,49.28333333,47.13333333,47.37083333,47.00833333,46.79166667
12/25/2002,49.7875,47.72083333,47.7875,47.44583333,47.1125
12/26/2002,49.77083333,48.01666667,47.59166667,47.925,47.76666667
12/27/2002,50.55416667,48.20833333,47.3625,48,47.95833333
12/28/2002,50.29583333,49.85833333,49.4625,49.88333333,50.05833333
12/29/2002,50.09583333,48.65416667,48.45,48.9375,48.7875
12/30/2002,49.8,48.75833333,48.60833333,48.79583333,48.82083333
12/31/2002,49.55833333,47.7125,47.6875,47.52916667,47.35
1/1/2003,50.24583333,49.27916667,48.8875,49.22916667,49.06666667
1/2/2003,50.22083333,49.52916667,49.09583333,49.4875,49.45416667
1/3/2003,50.54166667,49.96666667,49.3375,49.8625,49.76666667
1/4/2003,50.775,50.6,49.83333333,50.5625,50.625
1/5/2003,50.62916667,50.2625,49.73333333,50.25,50.47916667
1/6/2003,50.65,50.00416667,49.69583333,49.98333333,50.1375
1/7/2003,50.475,49.6875,49.5125,49.67083333,49.9125
1/8/2003,50.29583333,49.4625,49.37083333,49.45,49.63333333
1/9/2003,50.25,49.55833333,49.36666667,49.49583333,49.5625
1/10/2003,49.99583333,49.70833333,49.30416667,49.7375,49.8125
1/11/2003,50.075,49.625,49.1,49.59583333,49.73333333
1/12/2003,49.88333333,50.25,49.6,50.225,50.32916667
1/13/2003,50.175,51.075,50.325,51.04583333,51.1125
1/14/2003,49.9375,51.50416667,50.6625,51.575,51.7125
1/15/2003,49.59583333,49.89583333,49.5625,49.99166667,50.52916667
1/16/2003,49.81666667,49.34166667,49.15,49.32083333,49.45416667
1/17/2003,50.07916667,49.7375,49.2875,49.65416667,49.67916667
1/18/2003,50.26666667,50.39166667,49.62916667,50.3625,50.45416667
1/19/2003,50.03333333,50.31666667,49.6375,50.325,50.525
1/20/2003,49.57916667,49.72916667,49.34583333,49.76666667,50.075
1/21/2003,49.32083333,49.24583333,48.92916667,49.22916667,49.35
1/22/2003,49.38333333,49.45416667,49.3125,49.4375,49.52083333
1/23/2003,49.43333333,49.9875,50.04583333,49.91666667,50.0375
1/24/2003,49.43333333,49.69166667,49.95416667,49.66666667,49.9375
1/25/2003,49.7625,50.44166667,50.33333333,50.325,50.44583333
1/26/2003,49.74583333,50.65,50.60833333,50.64166667,51.0375
1/27/2003,49.5875,50.57083333,50.74166667,50.54166667,50.8
1/28/2003,49.40416667,49.77916667,50.38333333,49.7375,49.99166667
1/29/2003,49.61666667,49.75833333,50.29166667,49.7125,49.825
1/30/2003,49.5375,50.18333333,50.35833333,50.09583333,50.20833333
1/31/2003,49.2,49.99166667,50.4125,50.02083333,50.38333333
2/1/2003,49.2125,50.14583333,50.26666667,50.09166667,50.24583333
2/2/2003,48.91666667,49.15833333,49.95,49.12083333,49.46666667
2/3/2003,48.94583333,48.8625,49.43333333,48.78333333,49.0125
2/4/2003,48.80833333,48.3125,49.22083333,48.2875,48.59583333
2/5/2003,48.80833333,47.95416667,48.75833333,47.84166667,47.86666667
2/6/2003,48.68333333,47.90416667,48.84583333,47.84583333,47.9125
2/7/2003,48.58333333,47.60833333,48.6125,47.47083333,47.57083333
2/8/2003,48.65,47.4,48.49583333,47.25833333,47.35
2/9/2003,48.87916667,47.6,48.62083333,47.42083333,47.43333333
2/10/2003,48.97916667,48.2,48.87083333,48.05,48.0375
2/11/2003,48.725,48.55416667,48.92916667,48.44166667,48.30833333
2/12/2003,48.69583333,48.575,48.93333333,48.50416667,48.5625
2/13/2003,48.80833333,49.15416667,49.23333333,49.10416667,49.23333333
2/14/2003,48.94583333,50.00833333,49.58333333,49.95,50.12916667
2/15/2003,48.71666667,49.85,49.65416667,49.97916667,50.5375
2/16/2003,48.43333333,49.28333333,49.56666667,49.3625,49.8625
2/17/2003,48.36666667,48.775,49.00833333,48.7,48.975
2/18/2003,48.475,49.23333333,49.25833333,49.21666667,49.4
2/19/2003,48.53333333,49.3,49.32916667,49.32083333,49.46666667
2/20/2003,48.5875,49.12916667,49.02916667,49.06666667,49.2875
2/21/2003,48.9375,49.55833333,49.4,49.525,49.8
2/22/2003,49.09166667,49.84583333,49.57916667,49.8125,50.18333333
2/23/2003,49.02083333,49.85,49.5625,49.85416667,50.2375
2/24/2003,49.03333333,50.1375,49.75833333,50.17083333,50.54166667
2/25/2003,48.88333333,49.83333333,49.575,49.83333333,50.28333333
2/26/2003,48.64583333,48.95833333,49.02083333,49.00833333,49.39166667
2/27/2003,48.90833333,49.44583333,49.25833333,49.375,49.75
2/28/2003,48.60833333,49.11666667,49.2125,49.19583333,49.72083333
3/1/2003,49,49.5125,49.3375,49.39583333,49.77083333
3/2/2003,49.0125,49.92083333,49.67916667,49.93333333,50.48333333
3/3/2003,49.1625,50.29583333,49.9875,50.32916667,50.70833333
3/4/2003,49.12916667,49.85416667,49.68333333,49.86666667,50.5125
3/5/2003,49.14166667,50.225,49.9125,50.27916667,50.78333333
3/6/2003,49.28333333,50.72916667,50.19583333,50.84583333,51.39583333
3/7/2003,49.38333333,51.02083333,50.44166667,51.3125,51.99166667
3/8/2003,49.56666667,51.325,50.7,51.55416667,52.29583333
3/9/2003,49.3875,51.09583333,50.84166667,51.4875,52.1625
3/10/2003,50.15416667,51.67916667,50.87916667,51.82916667,52.24583333
3/11/2003,49.90833333,52.7875,51.5375,53.1625,53.72916667
3/12/2003,49.75416667,53.05,51.7875,53.4625,54.38333333
3/13/2003,49.6125,52.79583333,51.7125,53.30416667,54.20416667
3/14/2003,49.6625,52.34166667,51.58333333,52.57083333,53.12916667
3/15/2003,50.5,52.62916667,52.08333333,52.84583333,53.22916667
3/16/2003,49.82916667,51.95416667,51.79583333,52.3125,53.10416667
3/17/2003,49.95,51.20416667,51.04166667,51.32916667,51.89166667
3/18/2003,50.1375,51.6375,51.22916667,51.86666667,52.48333333
3/19/2003,49.8125,51.43333333,51.30416667,51.74583333,52.375
3/20/2003,50.47916667,52.4875,51.47916667,52.53333333,53.04166667
3/21/2003,50.39583333,53.59166667,52.42083333,54,54.80416667
3/22/2003,50.0875,52.775,52.32083333,53.1375,53.92916667
3/23/2003,50.7875,53.475,52.67916667,53.44583333,53.6375
3/24/2003,51.11666667,53.65416667,52.70416667,53.95833333,54.925
3/25/2003,50.6,53.54166667,52.8875,54,54.8875
3/26/2003,51.29583333,54.51666667,53.62083333,54.66666667,54.9375
3/27/2003,51.20833333,53.49583333,53.0625,53.93333333,55.175
3/28/2003,51.77083333,53.42916667,52.9125,53.7,54.55416667
3/29/2003,52.175,54.84166667,53.5,55.01666667,55.56666667
3/30/2003,52.30833333,56.27916667,54.19583333,56.42083333,57.1625
3/31/2003,52.32083333,56.87916667,54.8375,53.69583333,58.12083333
4/1/2003,52.56666667,56.29166667,55.1375,53.69583333,56.9375
4/2/2003,51.54583333,53.475,53.75833333,51.8,54.89583333
4/3/2003,50.80833333,51.15,52.025,51.8,52.36666667
4/4/2003,51.48333333,51.27083333,51.55833333,51.65,52.0125
4/5/2003,51.34583333,51.80416667,52,52.04583333,52.85416667
4/6/2003,51.13043478,52.23043478,52.2826087,52.58695652,52.90869565
4/7/2003,51.9375,53.5,52.54166667,53.7625,54.2875
4/8/2003,52.47916667,55.575,53.69583333,56.00833333,56.56666667
4/9/2003,52.79166667,56.525,54.475,57.02083333,57.96666667
4/10/2003,52.6,56.27916667,54.9,56.99166667,58.12916667
4/11/2003,53.29166667,56.27916667,54.86666667,56.59583333,57.50833333
4/12/2003,52.05,55.05833333,54.7125,55.79583333,56.40416667
4/13/2003,51.65833333,51.72916667,52.67083333,52.08333333,52.97916667
4/14/2003,52.1875,52.31666667,52.51666667,52.42083333,52.75416667
4/15/2003,51.25416667,52.59166667,52.94583333,53.09583333,53.7875
4/16/2003,51.28333333,51.89166667,52.46666667,52.17083333,53.05416667
4/17/2003,51.89166667,53.72916667,52.95416667,53.90833333,54.32083333
4/18/2003,52.2375,54.76666667,53.67083333,55.125,55.95416667
4/19/2003,52.74166667,55.26666667,54.0125,55.62916667,56.50833333
4/20/2003,52.59583333,55.29166667,54.275,55.725,56.80416667
4/21/2003,52.5375,54.74166667,54.275,55.15833333,55.675
4/22/2003,52.70416667,54.8,54.02916667,55.07083333,55.94583333
4/23/2003,51.85,54.24166667,53.87083333,54.84583333,55.75
4/24/2003,51.12083333,52.025,52.74166667,52.3375,52.85416667
4/25/2003,50.45416667,50.59166667,51.84583333,50.8125,51.0875
4/26/2003,50.72916667,51.6375,51.8625,51.82083333,51.84583333
4/27/2003,51.20833333,52.65833333,52.2875,52.87083333,53.24166667
4/28/2003,51.48333333,52.25833333,52.59166667,52.58333333,53.1125
4/29/2003,50.10833333,50.74166667,52.04583333,51.125,51.73333333
4/30/2003,50.54583333,51.875,51.89583333,51.92083333,51.99166667
5/1/2003,51.20833333,52.68333333,52.40416667,52.90833333,53.76666667
5/2/2003,50.89166667,52.33333333,52.55416667,52.6625,53.3625
5/3/2003,50.725,52.125,52.19583333,52.12916667,52.76666667
5/4/2003,50.65833333,52.71666667,52.38333333,52,53.74583333
5/5/2003,50.76666667,52.52083333,52.02083333,52.70833333,53.625
5/6/2003,51.09166667,52.64166667,52.05,52.79583333,53.57916667
5/7/2003,51.76666667,53.38333333,52.84583333,53.14166667,53.85
5/8/2003,51.48333333,53.1625,52.5,53.42083333,54.2875
5/9/2003,51.75,52.82916667,52.6,53.4125,53.24166667
5/10/2003,52.675,54.65,54.02916667,54.675,55.25
5/11/2003,53.05833333,55.77916667,54.84166667,55.90833333,56.875
5/12/2003,53.375,56.27916667,55.17916667,56.31666667,57.57083333
5/13/2003,53.18333333,56.1375,54.98333333,56.27916667,57.47916667
5/14/2003,52.69166667,56.48333333,54.9375,56.7875,57.9875
5/15/2003,51.82083333,55.37916667,53.825,55.31666667,57.27083333
5/16/2003,51.4,54.79583333,53.35,55.0125,56.44583333
5/17/2003,51.04166667,54.07916667,52.94583333,54.05833333,55.62916667
5/18/2003,51.26666667,53.35416667,52.45833333,53.48333333,54.46666667
5/19/2003,51.85833333,54.24166667,53.3,54.3875,55.16666667
5/20/2003,51.79583333,55.00416667,53.68333333,55.22916667,56.4
5/21/2003,51.17083333,55.16666667,53.46666667,55.475,56.95833333
5/22/2003,50.73333333,55.03333333,53.11666667,55.31666667,57.025
5/23/2003,50.9625,55.46666667,53.38333333,55.74166667,57.25
5/24/2003,51.175,56.0375,53.81666667,56.3375,57.92083333
5/25/2003,50.95,55.55416667,53.47083333,55.98333333,57.95833333
5/26/2003,50.94583333,54.9875,53.17916667,55.27083333,56.90416667
5/27/2003,51.10416667,55.15,53.34583333,55.4375,56.85
5/28/2003,51.14583333,55.69583333,53.6125,56.02916667,57.575
5/29/2003,50.82083333,55.22083333,53.1,55.65416667,57.67083333
5/30/2003,50.6375,54.3875,52.70416667,54.8875,56.41666667
5/31/2003,50.92916667,55.17083333,53.27916667,55.39166667,56.475
6/1/2003,51.29166667,55.7625,53.7375,56.12083333,57.6
6/2/2003,51.45,55.88333333,53.89583333,56.04583333,57.975
6/3/2003,51.40416667,56.3375,53.90416667,56.30416667,58
6/4/2003,51.425,56.0875,53.95833333,56.51666667,58.06666667
6/5/2003,51.30416667,55.875,53.7375,56.3375,58.04583333
6/6/2003,51.17916667,55.95416667,53.725,56.48333333,58.1625
6/7/2003,50.9125,55.77916667,53.54583333,56.24583333,58.0125
6/8/2003,51.30833333,55.92083333,53.72083333,56.39583333,58.05
6/9/2003,51.14583333,56.17083333,53.78333333,56.69583333,58.53333333
6/10/2003,51.1,55.63333333,53.47916667,56.15,58.14166667
6/11/2003,50.98333333,55.03333333,53.08333333,55.55416667,57.49166667
6/12/2003,50.9625,54.87083333,53.00416667,55.35416667,57.175
6/13/2003,50.92916667,54.61666667,52.87916667,55.06666667,56.69166667
6/14/2003,51.01666667,54.60416667,52.9,55.00416667,56.54166667
6/15/2003,51.1,54.7625,53.05,55.17083333,56.775
6/16/2003,51.2375,55,53.22916667,55.4375,57.0125
6/17/2003,51.25833333,55.78333333,53.55416667,55.72083333,57.3125
6/18/2003,51.1375,54.95833333,53.07916667,55.49583333,57.325
6/19/2003,51.28333333,55.0375,53.29166667,55.45833333,56.88333333
6/20/2003,51.40833333,54.92916667,53.2875,55.38333333,56.8625
6/21/2003,51.5,54.98333333,53.36666667,55.42916667,56.85833333
6/22/2003,51.60416667,55.025,53.4625,55.48333333,56.85416667
6/23/2003,51.625,55.06666667,53.5,55.54583333,56.8375
6/24/2003,51.72083333,55.2125,53.675,55.69583333,56.92083333
6/25/2003,51.85,55.52916667,53.9125,56.02916667,57.31666667
6/26/2003,51.77916667,55.52916667,53.79166667,56.0875,57.65
6/27/2003,51.8375,55.80416667,53.98333333,56.39166667,57.92083333
6/28/2003,51.6375,55.66666667,53.775,56.2875,58.12916667
6/29/2003,51.64166667,55.3375,53.55416667,55.93333333,57.9625
6/30/2003,51.6125,55.14583333,53.525,56.36666667,57.35416667
7/1/2003,51.7125,55.1625,53.5875,55.62083333,57.22083333
7/2/2003,51.6625,55.11666667,53.55,55.62916667,57.30416667
7/3/2003,51.625,54.99583333,53.45,55.525,57.05
7/4/2003,51.58333333,54.97916667,53.41666667,55.5375,57.075
7/5/2003,51.80416667,55.2,53.63333333,55.70416667,57.175
7/6/2003,51.8875,55.39583333,53.78333333,55.95416667,57.6
7/7/2003,51.97916667,55.56666667,53.93333333,56.12916667,58.02083333
7/8/2003,51.4,55.14583333,53.45833333,55.90416667,57.59583333
7/9/2003,51.02916667,54.0125,52.55416667,54.44583333,56.42083333
7/10/2003,51.13333333,54.40416667,52.85,54.79166667,56.39583333
7/11/2003,51.20833333,54.23333333,52.84166667,54.60833333,56.2625
7/12/2003,51.5,54.39583333,53.0375,54.725,56.325
7/13/2003,51.6,54.525,53.1375,54.89583333,56.60833333
7/14/2003,51.65,54.57916667,53.24166667,54.91666667,56.41666667
7/15/2003,51.75416667,54.76666667,53.37916667,55.11666667,56.78333333
7/16/2003,51.94166667,55,53.58333333,55.62916667,56.95416667
7/17/2003,52.0375,54.81666667,53.70416667,54.89583333,56.82916667
7/18/2003,52.08333333,55,53.6125,55.35,57.05
7/19/2003,52.35416667,55.1875,53.8,55.52916667,57.35
7/20/2003,52.21666667,55.04166667,53.60833333,55.47916667,57.51666667
7/21/2003,52.3,55.2375,53.83333333,55.58333333,57.31666667
7/22/2003,52.32083333,55.45416667,53.95,55.87083333,57.70833333
7/23/2003,52.51666667,55.62083333,54.1375,56.02083333,57.8625
7/24/2003,52.225,54.84583333,53.52083333,55.2625,57.31666667
7/25/2003,52.08333333,54.775,53.49166667,55,56.525
7/26/2003,52.41666667,55.15416667,53.8125,55.475,57.0125
7/27/2003,52.47916667,55.12916667,53.8375,55.46666667,57.21666667
7/28/2003,52.60416667,55.25833333,54,55.55416667,57.2375
7/29/2003,52.6625,55.59166667,54.2,55.94583333,57.6
7/30/2003,52.53333333,55.45416667,54.0375,55.875,57.94166667
7/31/2003,52.8,55.47083333,54.18333333,55.79166667,57.60833333
8/1/2003,52.67083333,54.9625,53.7625,55.32083333,57.32083333
8/2/2003,52.4875,54.62916667,53.50833333,54.90833333,56.64166667
8/3/2003,52.6375,55.10416667,53.9875,55.29166667,56.38333333
8/4/2003,53.0875,55.775,54.5125,56.15,57.61666667
8/5/2003,53.14583333,55.6125,54.49583333,56.3375,58.225
8/6/2003,52.72083333,55.5625,54.25833333,56.01666667,57.95
8/7/2003,52.66666667,55.2125,54.07916667,55.6125,57.3375
8/8/2003,52.64166667,55.25416667,54.10416667,55.65833333,57.125
8/9/2003,52.77916667,55.80833333,54.4375,56.27916667,57.78333333
8/10/2003,53.1625,56.06666667,54.72916667,56.61666667,58.32916667
8/11/2003,53.15,56.30416667,54.9,56.85,58.51666667
8/12/2003,52.89166667,55.87083333,54.50833333,56.40416667,58.23333333
8/13/2003,52.92083333,56.04166667,54.55416667,56.31666667,58.05416667
8/14/2003,52.875,55.79166667,54.4625,56.3125,57.99166667
8/15/2003,52.85416667,55.75416667,54.38333333,56.3375,57.97916667
8/16/2003,53.16666667,55.97083333,54.68333333,56.43333333,57.86666667
8/17/2003,53.21666667,56.3875,54.95833333,56.97083333,58.575
8/18/2003,53.49583333,56.5625,55.11666667,57.14166667,58.92916667
8/19/2003,53.66666667,56.8,55.2625,57.48333333,59.37916667
8/20/2003,53.87916667,56.88333333,55.525,57.40416667,59.07083333
8/21/2003,53.82083333,56.6875,55.1875,57.32083333,59.25
8/22/2003,53.7875,56.7875,55.43333333,57.43333333,58.77083333
8/23/2003,54.14166667,56.74583333,55.78333333,57.54166667,59.0625
8/24/2003,54.275,57.2,55.97083333,58.1125,59.85
8/25/2003,54.32916667,57.2,56.07916667,58.25,59.92916667
8/26/2003,54.06666667,57.2,55.63333333,57.70833333,59.72916667
8/27/2003,53.8125,57.2,55.325,57.66666667,59.36666667
8/28/2003,53.72083333,57.2,55.34166667,57.36666667,59.35833333
8/29/2003,53.82916667,57.2,55.2625,57.14166667,58.925
8/30/2003,53.75833333,57.2,55.49583333,57.5375,59.05416667
8/31/2003,53.66666667,57.2,55.1875,57.2,59.04583333
9/1/2003,53.72083333,57.2,55.30833333,57.26666667,58.85
9/2/2003,53.8375,57.2,55.45416667,57.4375,59.1625
9/3/2003,53.22083333,57.2,54.51666667,57.22916667,58.53333333
9/4/2003,53.39166667,57.2,55.0375,57.1,57.84166667
9/5/2003,54.01666667,57.2,55.82916667,57.975,59.33333333
9/6/2003,54.14166667,57.2,55.75416667,57.9875,59.74583333
9/7/2003,53.52916667,57.2,55,57.15,59.00416667
9/8/2003,53.55416667,57.2,54.75416667,56.09583333,57.28333333
9/9/2003,53.24583333,57.2,54.47083333,56.22916667,57.52083333
9/10/2003,53.86666667,57.5125,55.4125,56.62083333,57.21666667
9/11/2003,54.2125,57.42916667,56.20833333,58,58.77083333
9/12/2003,54.14166667,57.55416667,56.18333333,58.25416667,59.60833333
9/13/2003,53.92916667,56.67916667,55.58333333,57.24166667,58.74583333
9/14/2003,53.4875,56.1125,55.03333333,56.60833333,58.125
9/15/2003,53.45833333,55.94166667,54.90416667,56.40833333,57.95
9/16/2003,53.67083333,56.02916667,54.99166667,56.48333333,58.00416667
9/17/2003,53.83333333,55.89583333,55.02083333,56.28333333,57.34166667
9/18/2003,53.93333333,56.09166667,55.2625,56.40416667,57.4875
9/19/2003,53.925,56.175,54.64583333,56.69166667,57.72083333
9/20/2003,54.2125,56.57083333,55.55,57.05416667,58.35
9/21/2003,54.22916667,56.79583333,55.75,57.27916667,58.62083333
9/22/2003,54.12083333,56.725,55.62916667,57.21666667,58.58333333
9/23/2003,54.125,56.68333333,55.57083333,57.175,58.5375
9/24/2003,54.14166667,56.80833333,55.65416667,57.3,58.64583333
9/25/2003,54.1,56.82083333,55.62916667,57.35,58.725
9/26/2003,54.06666667,56.70416667,55.575,57.23333333,58.60833333
9/27/2003,53.85,56.48333333,55.375,57.02916667,58.48333333
9/28/2003,53.875,56.34166667,55.2875,56.79166667,58.0625
9/29/2003,53.87083333,56.4375,55.3375,56.9375,58.18333333
9/30/2003,53.93333333,56.04583333,55.14166667,56.40416667,57.55
10/1/2003,54.04166667,56.34583333,55.375,56.725,57.9125
10/2/2003,54.19583333,56.44166667,55.475,56.75833333,58.13333333
10/3/2003,54.18333333,56.62916667,55.54166667,57.04583333,58.46666667
10/4/2003,54.19166667,56.6875,55.59166667,57.0875,58.56666667
10/5/2003,54.13333333,56.475,55.45,56.87916667,58.45
10/6/2003,54.2125,56.34583333,55.4,56.675,58.15833333
10/7/2003,54.38333333,56.69583333,55.675,57.0375,58.33333333
10/8/2003,54.30833333,56.64166667,55.59583333,56.99166667,58.42916667
10/9/2003,54.25,56.21666667,55.30416667,56.5125,57.75
10/10/2003,53.87083333,55.2625,54.62083333,55.44583333,56.3875
10/11/2003,53.6625,54.97083333,54.45,55.05,55.94583333
10/12/2003,53.82916667,55.2875,54.65416667,55.44166667,56.32916667
10/13/2003,53.53333333,54.89583333,54.30833333,55.0375,56.04166667
10/14/2003,53.5375,54.82916667,54.25416667,54.92916667,55.87916667
10/15/2003,53.1625,54.425,53.85833333,54.55,55.3875
10/16/2003,53.40416667,54.60833333,54.14583333,54.62083333,55.29583333
10/17/2003,53.5125,54.99583333,54.29166667,55.15416667,56.07916667
10/18/2003,53.5125,54.8,54.22083333,54.94166667,55.79583333
10/19/2003,53.63333333,54.89166667,54.37916667,54.95833333,55.75
10/20/2003,53.64166667,54.98333333,54.3625,55.12916667,56.11666667
10/21/2003,53.7875,55.12916667,54.48333333,55.24583333,56.24583333
10/22/2003,53.66666667,55.12083333,54.4375,55.27916667,56.30416667
10/23/2003,53.94583333,55.12083333,54.5875,55.2625,56.11666667
10/24/2003,53.73333333,54.79583333,54.2875,54.97916667,55.96666667
10/25/2003,53.9625,55.01666667,54.5375,55.1875,56.00416667
10/26/2003,54.05833333,55.20416667,54.72083333,55.40416667,56.325
10/27/2003,54.01666667,55.1625,54.6625,55.34166667,56.41666667
10/28/2003,54.4625,55.66666667,55.16666667,55.85833333,56.65416667
10/29/2003,54.02916667,55.28333333,54.72916667,55.56666667,56.4875
10/30/2003,53.26666667,53.74166667,53.47916667,53.80833333,54.575
10/31/2003,52.7625,52.96666667,52.85833333,53.025,53.47083333
11/1/2003,52.55416667,52.32083333,52.42083333,52.14166667,52.45833333
11/2/2003,52.25416667,51.775,51.92083333,51.65833333,51.7125
11/3/2003,52.77916667,52.38333333,52.5375,52.1625,52
11/4/2003,52.87083333,52.57083333,52.65,52.4375,52.575
11/5/2003,53.23333333,53.35416667,53.3,53.3,53.5
11/6/2003,52.85416667,52.875,52.78333333,52.8625,53.18333333
11/7/2003,52.91666667,53.13333333,53.025,53.13333333,53.075
11/8/2003,53.05,53.4375,53.275,53.42916667,53.52916667
11/9/2003,52.90416667,53.35,53.1125,53.4125,53.65416667
11/10/2003,53.41666667,53.72916667,53.6,53.65,53.9125
11/11/2003,53.3125,53.34166667,53.24166667,53.34583333,53.87083333
11/12/2003,53.57083333,53.59166667,53.49583333,53.55,53.80416667
11/13/2003,52.825,53.11666667,52.97916667,53.15416667,53.51666667
11/14/2003,52.99166667,53.24583333,53.14166667,53.23333333,53.29166667
11/15/2003,52.87916667,52.9625,52.97916667,52.91666667,53.12916667
11/16/2003,52.82083333,52.98333333,52.9125,52.925,53.02916667
11/17/2003,53.47083333,53.39583333,53.42083333,53.275,53.37083333
11/18/2003,53.3875,53.1625,53.1875,53.05416667,53.44166667
11/19/2003,53.35416667,53.36666667,53.325,53.3125,53.325
11/20/2003,53.41666667,53.52083333,53.42916667,53.50416667,53.58333333
11/21/2003,52.69583333,52.0125,52.17916667,51.8125,52.30416667
11/22/2003,52.2375,50.94166667,51.3625,50.63333333,50.62916667
11/23/2003,52.15833333,50.6,51.17916667,50.12916667,49.8125
11/24/2003,52.1625,50.95416667,51.39583333,50.575,50.225
11/25/2003,51.93333333,50.78333333,51.19583333,50.45416667,50.28333333
11/26/2003,52.225,51.23333333,51.67916667,50.82916667,50.45833333
11/27/2003,51.90833333,50.93333333,51.35,50.60416667,50.53333333
11/28/2003,52.19166667,51.53333333,51.83333333,51.29583333,50.8875
11/29/2003,52.4,52.01666667,52.18333333,51.83333333,51.6
11/30/2003,52.725,52.24166667,52.375,52.10833333,52.00416667
12/1/2003,52.64166667,52.39166667,52.50833333,52.37083333,52.39583333
12/2/2003,52.8,52.6,52.76666667,52.6,52.66666667
12/3/2003,53.00833333,53.00416667,52.99583333,52.90416667,53.02083333
12/4/2003,52.35416667,52.3125,52.3,52.27916667,52.58333333
12/5/2003,52.575,52.325,52.3375,52.24583333,52.1875
12/6/2003,52.9,52.99166667,53.06666667,52.87083333,52.82916667
12/7/2003,52.5375,52.45416667,52.52916667,52.54166667,52.9
12/8/2003,51.56666667,50.08333333,50.49583333,50.07083333,50.60416667
12/9/2003,51.325,49.8375,50.40416667,49.62083333,49.25833333
12/10/2003,51.27916667,48.9125,49.1,48.7875,48.9125
12/11/2003,51.92083333,49.87916667,50.2375,49.5875,49.15
12/12/2003,51.7375,50.21666667,50.62916667,50.15833333,49.775
12/13/2003,51.8125,49.42083333,49.5875,49.3625,49.5125
12/14/2003,51.57083333,49.51666667,49.97916667,49.42916667,49.38333333
12/15/2003,50.55833333,47.99166667,49.00416667,47.92083333,48.125
12/16/2003,51.14166667,49.0375,49.92916667,48.69166667,47.92083333
12/17/2003,51.92083333,49.86666667,50.71666667,49.57083333,49.025
12/18/2003,51.95,50.28333333,51.0125,50.075,49.7625
12/19/2003,51.75,50.44583333,51.01666667,50.2875,49.97083333
12/20/2003,51.75416667,50.21666667,51.02083333,50.1375,50.13333333
12/21/2003,51.97083333,51.27083333,51.75416667,51.0625,50.73333333
12/22/2003,51.5,50.68333333,51.14166667,50.60416667,50.66666667
12/23/2003,51.54583333,50.7375,51.11666667,50.6125,50.325
12/24/2003,51.175,50.62916667,50.79166667,50.5625,50.67083333
12/25/2003,50.975,50.09166667,50.12916667,49.8,49.7875
12/26/2003,51.07916667,49.35,50.1875,49.25833333,49.09166667
12/27/2003,51.1125,49.19166667,50.12083333,48.99583333,48.68333333
12/28/2003,50.7875,49.15416667,50.10416667,49,48.63333333
12/29/2003,49.5875,44.50416667,45.85416667,44.5375,45.6875
12/30/2003,49.925,44.50416667,45.85416667,44.5375,46.70833333
12/31/2003,50.24583333,47.125,48.2125,47.30416667,46.70833333
1/1/2004,49.19166667,46.4875,47.15,46.65,47.13333333
1/2/2004,49.1,46.1875,46.99583333,46.8,45.49583333
1/3/2004,49.46666667,46.975,47.7125,47.4,46.325
1/4/2004,49.89583333,47.79583333,48.52083333,47.3,47.15416667
1/5/2004,49.85,48.1,48.78333333,47.78333333,47.64166667
1/6/2004,49.87083333,48.7375,49.225,48.65833333,48.4375
1/7/2004,50.10416667,48.14166667,48.19166667,48.10416667,48.21666667
1/8/2004,50.62916667,48.55833333,48.725,48.43333333,48.08333333
1/9/2004,50.275,48.05833333,48.32916667,48.15833333,48.275
1/10/2004,50.07083333,48.40833333,48.82916667,48.26666667,48.125
1/11/2004,50.24166667,49.20833333,49.41666667,49.17083333,49.15416667
1/12/2004,50.01666667,48.87916667,49.10833333,48.89583333,48.90416667
1/13/2004,49.95416667,48.87083333,49.1625,48.84166667,48.90833333
1/14/2004,49.36666667,48.42916667,48.54166667,48.5125,48.69166667
1/15/2004,49.90416667,48.6875,49.10833333,48.51666667,48.40416667
1/16/2004,49.75,49.1875,49.32916667,49.2625,49.47916667
1/17/2004,49.7375,48.27916667,48.85416667,48.23333333,48.3625
1/18/2004,50.025,49.38333333,49.67083333,49.29166667,49.12083333
1/19/2004,49.45833333,48.69166667,48.8625,48.76666667,49.09583333
1/20/2004,49.7125,49.12916667,49.32916667,49.05833333,49.0875
1/21/2004,49.35833333,48.5375,48.80833333,48.53333333,48.82083333
1/22/2004,48.77916667,47.5,47.92916667,47.49166667,47.79583333
1/23/2004,48.45833333,46.90416667,47.42916667,46.86666667,46.9375
1/24/2004,48.82083333,48.1125,48.40416667,48.0125,47.7
1/25/2004,48.3375,47.27083333,47.54166667,47.2125,47.35416667
1/26/2004,47.8625,46.44583333,46.93333333,46.40833333,46.41666667
1/27/2004,47.67083333,46.37916667,46.45833333,46.4,46.25
1/28/2004,47.60833333,45.12916667,45.77083333,45.00416667,45.12916667
1/29/2004,48.41666667,46.725,47.20833333,46.49166667,46.1125
1/30/2004,48.80416667,48.225,48.29166667,48.18333333,47.99166667
1/31/2004,48.625,47.33333333,47.57083333,47.325,47.62083333
2/1/2004,48.28333333,47.2375,47.49166667,47.225,47.22916667
2/2/2004,47.69583333,46.10833333,45.83333333,46.25,46.65833333
2/3/2004,47.92916667,45.525,45.65416667,45.35833333,45.04166667
2/4/2004,48.35416667,46.96666667,47.0375,46.84166667,46.65833333
2/5/2004,48.47916667,47.56666667,47.5,47.52916667,47.5875
2/6/2004,48.14166667,47.65,47.54583333,47.73333333,47.8375
2/7/2004,48.2875,47,47.07083333,46.93333333,47.19583333
2/8/2004,48.37916667,47.37083333,47.46666667,47.3625,47.42083333
2/9/2004,48.3125,47.5,47.6,47.47083333,47.65833333
2/10/2004,48.4375,47.775,47.85416667,47.70833333,47.93333333
2/11/2004,48.44166667,47.79583333,47.84166667,47.79166667,48.2
2/12/2004,48.55833333,48.11666667,48.11666667,48.08333333,48.36666667
2/13/2004,48.0125,47.7,47.65,47.82916667,48.00416667
2/14/2004,48.6,49.54166667,48.6,48.45833333,48.55416667
2/15/2004,48.5125,50.3,49.33333333,49.3,49.52916667
2/16/2004,48.71666667,50.3,50.2,49.1,49.41666667
2/17/2004,48.77916667,50.3,50.0125,50.30416667,50.4
2/18/2004,48.62083333,50.2,49.74583333,49.84583333,50.2
2/19/2004,48.16666667,48.33333333,48.35416667,48.66666667,49.09166667
2/20/2004,48.25833333,48.6375,48.42916667,48.64166667,48.86666667
2/21/2004,48.22916667,48.43333333,48.2,48.55416667,48.82916667
2/22/2004,48.25833333,48.42916667,48.24166667,48.525,48.69166667
2/23/2004,48.36666667,48.8125,48.525,48.94166667,49.1875
2/24/2004,48.2125,48.80833333,48.425,48.9625,49.29166667
2/25/2004,48.38333333,49.08333333,48.79166667,49.10416667,49.13333333
2/26/2004,47.87916667,48.63333333,48.18333333,48.85833333,49.20416667
2/27/2004,47.99166667,48.16666667,47.89583333,48.21666667,48.33333333
2/28/2004,48.125,48.325,48.06666667,48.42916667,48.65833333
2/29/2004,48.29166667,48.52083333,48.275,48.6125,48.80833333
3/1/2004,48.175,48.35,48.0875,48.47916667,48.6875
3/2/2004,48.34583333,48.32916667,48.2,48.375,48.4
3/3/2004,48.2875,48.44583333,48.21666667,48.55833333,48.76666667
3/4/2004,48.4,48.64166667,48.39583333,48.71666667,48.9125
3/5/2004,48.475,48.88333333,48.55833333,48.975,49.22916667
3/6/2004,48.65,49.38333333,48.91666667,49.48333333,49.925
3/7/2004,48.825,49.9375,49.325,50.0625,50.70416667
3/8/2004,48.99583333,50.41666667,49.62083333,50.55833333,51.19583333
3/9/2004,48.99583333,50.88333333,49.9,51.0125,51.71666667
3/10/2004,48.84583333,51.0375,49.89166667,51.20833333,51.90416667
3/11/2004,48.96666667,50.875,49.92083333,51.0125,51.65833333
3/12/2004,49.04583333,51.1875,50.16666667,51.32083333,52
3/13/2004,48.97083333,51.57083333,50.32083333,51.7625,52.62916667
3/14/2004,49.14583333,52.07083333,50.6875,52.25416667,53.175
3/15/2004,49.49166667,52.61666667,51.13333333,52.95416667,53.70416667
3/16/2004,49.62916667,53.0375,51.475,53.275,54.14583333
3/17/2004,49.80416667,53.37083333,51.80416667,53.64583333,54.6375
3/18/2004,49.95,53.775,52.2,54.0375,55.02916667
3/19/2004,49.99166667,54.3375,52.61666667,54.65416667,55.71666667
3/20/2004,50.0375,53.82083333,52.3125,54.12916667,55.4
3/21/2004,50.19583333,54.09166667,52.5,54.36666667,55.40416667
3/22/2004,50.2625,54.75833333,52.9875,55.08333333,56.14166667
3/23/2004,50.35,55.2125,53.3125,55.52083333,56.67083333
3/24/2004,50.34583333,55.35416667,53.38333333,55.8125,56.94583333
3/25/2004,49.17916667,52.77083333,51.225,53.44583333,54.52916667
3/26/2004,48.87916667,51.41666667,49.40416667,51.41666667,54.22083333
3/27/2004,49.92083333,51.41666667,50.92916667,51.41666667,54.22083333
3/28/2004,50.6875,53.53333333,52.5125,53.65416667,54.22083333
3/29/2004,50.99166667,55.025,53.4125,55.31666667,56.18333333
3/30/2004,50.55416667,54.00833333,52.54583333,54.51666667,55.72916667
3/31/2004,50.725,53.4375,52.35,53.5875,54.32916667
4/1/2004,50.85,53.67083333,52.58333333,53.97083333,54.77916667
4/2/2004,50.8875,53.2,52.34166667,53.43333333,54.325
4/3/2004,50.74583333,54.08333333,52.8125,54.3625,55.29166667
4/4/2004,50.43913043,54.26086957,52.67391304,54.65217391,55.94347826
4/5/2004,50.52083333,54.26666667,52.77916667,54.6125,55.58333333
4/6/2004,50.59583333,54.30833333,52.38333333,54.95416667,56.06666667
4/7/2004,49.73333333,53.3875,51.59583333,54.05,55.42083333
4/8/2004,49.53333333,54.30069444,50.98333333,52.65,53.475
4/9/2004,50.33333333,55.21388889,51.5375,53.07083333,53.78333333
4/10/2004,50.7875,56.12708333,51.9875,53.2625,54.0375
4/11/2004,51.525,57.04027778,53.16666667,53.90416667,54.45416667
4/12/2004,51.44583333,57.95347222,52.95416667,54.18333333,55.0125
4/13/2004,51.125,58.86666667,52.5375,54.16666667,55.2
4/14/2004,50.50833333,53.17916667,51.94166667,53.60833333,54.47083333
4/15/2004,50.38333333,52.4,51.62916667,52.6875,53.5375
4/16/2004,50.54166667,52.43333333,51.65,52.79166667,53.40833333
4/17/2004,50.6875,52.53333333,51.62916667,52.91666667,53.6
4/18/2004,49.53333333,52.07916667,51.14166667,52.59166667,53.175
4/19/2004,49.1125,51.00833333,50.22083333,51.45,52.1125
4/20/2004,49.39166667,51.47083333,50.7375,51.74166667,52.37916667
4/21/2004,50.21666667,52.7875,52.08333333,52.95833333,53.3375
4/22/2004,50.90416667,54.34583333,53.66666667,54.65,55.80416667
4/23/2004,51.25,54.9875,53.5625,55.475,56.68333333
4/24/2004,51.55,55.4375,53.6375,56.20416667,57.69166667
4/25/2004,51.425,55.73333333,53.64166667,56.70416667,58.36666667
4/26/2004,51.3625,56.11666667,54.10833333,56.82916667,58.59166667
4/27/2004,51.30416667,56.52916667,54.57083333,57.0875,58.85833333
4/28/2004,51.04166667,55.7125,53.69583333,56.375,58.13333333
4/29/2004,50.75,54.74583333,53.07916667,55.30416667,56.9
4/30/2004,50.65,54.63333333,52.95416667,55.15833333,56.71666667
5/1/2004,50.825,54.92083333,53.12916667,55.45,56.975
5/2/2004,50.94583333,55.34166667,53.42083333,55.94583333,57.54166667
5/3/2004,51.1125,55.9375,53.825,56.52083333,58.28333333
5/4/2004,51.27083333,56.15,53.9875,56.91666667,58.6375
5/5/2004,50.94166667,55.425,53.40416667,56.09583333,57.9125
5/6/2004,50.4125,54.5,52.70833333,55.10416667,56.7625
5/7/2004,49.74166667,52.9,51.36666667,53.82916667,55.02083333
5/8/2004,49.79166667,52.80833333,51.43333333,54.2,54.43333333
5/9/2004,50.1,52.93333333,51.74583333,54.2,54.24583333
5/10/2004,50.2375,53.75416667,52.27083333,54.55833333,55.25833333
5/11/2004,50.06666667,53.36666667,52.00833333,53.85,54.97916667
5/12/2004,50.2375,53.48333333,52.15,54.03333333,55.13333333
5/13/2004,50.6125,54.37916667,52.76666667,54.8625,55.9375
5/14/2004,50.64166667,54.64583333,52.86666667,55.17916667,56.55
5/15/2004,50.75833333,55.1125,53.175,55.90416667,56.95833333
5/16/2004,50.8625,55.01666667,53.2,55.55833333,57.03333333
5/17/2004,50.74166667,54.90833333,53.02083333,55.49583333,57.1875
5/18/2004,50.65416667,54.79583333,53.06666667,55.26666667,56.825
5/19/2004,50.63333333,54.68333333,53.07083333,55.15833333,56.425
5/20/2004,50.9375,55.3625,53.49583333,55.96666667,56.73333333
5/21/2004,51.06666667,55.45833333,53.59583333,56.0875,57.7625
5/22/2004,50.9375,55.3125,53.4375,55.91666667,57.74166667
5/23/2004,50.775,55.05833333,53.175,55.69166667,57.40833333
5/24/2004,51.09583333,55.25833333,53.42916667,56.1125,57.425
5/25/2004,51.19583333,55.45416667,53.60833333,56.03333333,57.62916667
5/26/2004,51.05833333,55.3625,53.44583333,55.9875,57.89166667
5/27/2004,50.80416667,54.99583333,53.04166667,55.65833333,57.6625
5/28/2004,50.6,54.25833333,52.61666667,54.825,56.35
5/29/2004,50.8125,54.175,52.79583333,54.54583333,55.675
5/30/2004,50.975,54.54166667,52.975,55.00416667,56.35416667
5/31/2004,51.0625,54.9125,53.18333333,55.83333333,56.925
6/1/2004,51.13333333,54.97916667,53.24166667,55.35,57.14166667
6/2/2004,51.38333333,55.19166667,53.5875,55.85833333,57.49166667
6/3/2004,51.31666667,55.83333333,53.475,55.75,57.82083333
6/4/2004,51.47916667,55.39583333,53.60833333,55.925,57.75
6/5/2004,51.28333333,54.94583333,53.17916667,55.8375,57.54166667
6/6/2004,51.3875,54.59583333,53.15833333,55.325,56.6125
6/7/2004,51.025,53.82083333,52.52083333,54.28333333,55.95416667
6/8/2004,51.0125,53.4,52.34583333,53.75833333,55.00416667
6/9/2004,50.925,53.48333333,52.30833333,53.92083333,55.32083333
6/10/2004,51.28333333,53.91666667,52.77083333,54.72916667,55.65833333
6/11/2004,51.525,54.30833333,53.07083333,54.75416667,56.07916667
6/12/2004,51.725,54.49166667,53.27916667,55.15,56.34583333
6/13/2004,51.77083333,54.79166667,53.44166667,55.27916667,56.75
6/14/2004,52.0375,55.14166667,53.8125,55.64166667,57.03333333
6/15/2004,52.1375,55.34583333,53.94166667,56.07916667,57.4875
6/16/2004,52.07916667,55.15833333,53.8,55.95833333,57.50416667
6/17/2004,51.99583333,54.91666667,53.55416667,55.82916667,57.275
6/18/2004,52.3875,55.075,53.87083333,55.50416667,57.10833333
6/19/2004,52.70416667,55.425,54.2125,55.49166667,57.47083333
6/20/2004,52.8125,55.55833333,54.32083333,55.9875,57.62083333
6/21/2004,52.74166667,55.575,54.29166667,56.08333333,57.70416667
6/22/2004,52.64583333,55.67083333,54.3,56.22916667,58.0375
6/23/2004,52.72083333,55.4875,54.20833333,56.10833333,57.8625
6/24/2004,52.95833333,55.56666667,54.425,56.05416667,57.6375
6/25/2004,52.99583333,55.65833333,54.49583333,56.16666667,57.6875
6/26/2004,52.99583333,55.60416667,54.43333333,56.09583333,57.66666667
6/27/2004,53.0875,55.775,54.57916667,56.26666667,57.75416667
6/28/2004,53.04166667,55.4,54.30416667,55.90833333,57.85833333
6/29/2004,53.2375,56.17916667,54.93333333,56.6375,57.94583333
6/30/2004,52.95416667,55.84166667,54.54583333,56.40416667,58.40416667
7/1/2004,52.9,55.66666667,54.44166667,56.2375,58.075
7/2/2004,52.82916667,55.49166667,54.375,56.075,57.87916667
7/3/2004,52.60833333,55.4375,54.2375,56.1,57.97083333
7/4/2004,52.64166667,55.375,54.22916667,55.95,57.77083333
7/5/2004,52.9,55.52083333,54.40833333,56.10833333,57.84166667
7/6/2004,53.025,55.84583333,54.6625,56.46666667,58.17083333
7/7/2004,52.9625,55.87916667,54.69583333,56.5375,58.525
7/8/2004,52.9625,55.52916667,54.4625,56.1375,58.17916667
7/9/2004,53.2,55.35,54.39583333,55.99166667,57.725
7/10/2004,53.07083333,55.32916667,54.44166667,55.8875,57.60833333
7/11/2004,53.1625,55.43333333,54.5125,55.9875,57.54583333
7/12/2004,53.2625,55.47083333,54.60416667,55.95833333,57.6
7/13/2004,53.3125,55.5375,54.65416667,56.0625,57.6875
7/14/2004,53.55,55.6,54.79166667,56.0875,57.6375
7/15/2004,53.58333333,55.68333333,54.84583333,56.19166667,57.70833333
7/16/2004,53.5875,55.58333333,54.97083333,56.3375,57.85416667
7/17/2004,53.29166667,55.25416667,54.67916667,56.21666667,58.025
7/18/2004,53.31666667,55.53333333,54.61666667,56.0875,57.77083333
7/19/2004,53.21666667,55.5375,54.56666667,56.125,57.7375
7/20/2004,53.44166667,55.82083333,54.92916667,56.33333333,57.8625
7/21/2004,53.57916667,55.12083333,54.1375,56.49583333,58.10833333
7/22/2004,52.8625,55.18333333,54.27916667,56.07916667,58.075
7/23/2004,52.6875,54.95416667,54.06666667,55.53333333,57.4
7/24/2004,52.775,55.45,54.10416667,55.50416667,57.24166667
7/25/2004,52.75833333,54.97083333,54.09583333,55.4875,57.025
7/26/2004,52.94583333,55.06666667,54.22916667,55.57083333,57.10833333
7/27/2004,52.9875,55.19166667,54.33333333,55.69166667,57.20416667
7/28/2004,53.225,55.575,54.575,56.025,57.54583333
7/29/2004,53.3625,55.80833333,54.67916667,56.10833333,57.70833333
7/30/2004,53.25833333,55.82083333,54.65,56.15833333,57.84166667
7/31/2004,52.7375,55.7375,54.40833333,56.15833333,57.9
8/1/2004,52.27083333,54.85,53.68333333,55.20833333,57.2
8/2/2004,52.26666667,54.80416667,53.63333333,55.12083333,56.8125
8/3/2004,52.4375,54.9375,53.79583333,55.81666667,56.82083333
8/4/2004,53.09166667,55.92083333,54.95,55.6875,57.325
8/5/2004,53.75833333,56.1625,55.0375,56.55833333,58.03333333
8/6/2004,53.12083333,55.8,54.67083333,56.2,57.82916667
8/7/2004,52.79166667,55.5125,54.37083333,55.88333333,57.5375
8/8/2004,52.975,55.61666667,54.42916667,56,57.62916667
8/9/2004,53.11666667,55.73333333,54.52916667,56.16666667,57.87916667
8/10/2004,53.31666667,55.95833333,54.77916667,56.34583333,57.85833333
8/11/2004,52.8125,55.90833333,54.4375,56.1125,57.84583333
8/12/2004,52.6,55.04166667,53.8625,55.5375,57.4375
8/13/2004,52.85416667,55.49166667,54.23333333,55.9,57.52916667
8/14/2004,53.175,56.35,54.79166667,56.50833333,58.20833333
8/15/2004,53.00416667,55.94166667,54.59166667,56.43333333,58.225
8/16/2004,53.16666667,55.8625,54.59583333,56.32916667,58.075
8/17/2004,52.98333333,55.95,54.62916667,56.39583333,58.25833333
8/18/2004,52.80416667,55.79583333,54.34166667,56.2625,58.27916667
8/19/2004,52.72083333,55.7875,54.3125,56.33333333,58.3125
8/20/2004,52.75833333,55.90416667,54.38333333,56.41666667,58.43333333
8/21/2004,52.9125,55.98333333,54.525,56.4875,58.60416667
8/22/2004,52.675,55.45833333,53.99166667,56.05,58.4625
8/23/2004,52.825,55.37083333,54.1875,55.65416667,57.21666667
8/24/2004,53.5375,56.1875,54.97083333,56.5125,58.1125
8/25/2004,53.76666667,56.78333333,55.31666667,57.2625,59.18333333
8/26/2004,53.62083333,56.3625,55.14166667,56.82916667,58.42916667
8/27/2004,53.38333333,56.14166667,54.975,56.54583333,58.24166667
8/28/2004,53.625,56.125,54.94583333,56.50833333,58.3125
8/29/2004,53.72916667,56.46666667,55.20416667,56.87916667,58.52916667
8/30/2004,54.00416667,56.4875,54.78333333,56.94166667,58.69583333
8/31/2004,54.07083333,56.7,55.45,57.13333333,58.94166667
9/1/2004,54.3875,56.89583333,55.7375,57.32916667,59.025
9/2/2004,54.87083333,57.2,56.11666667,57.55416667,58.82916667
9/3/2004,54.56666667,56.85416667,55.875,57.21666667,58.44166667
9/4/2004,54.28333333,56.89583333,55.76666667,57.27083333,58.6
9/5/2004,54.50833333,56.74166667,55.67916667,57.13333333,58.9625
9/6/2004,54.83333333,57.2625,56.15833333,57.6375,59.075
9/7/2004,55.07916667,57.4375,56.33333333,57.77916667,59.40833333
9/8/2004,55.35833333,57.74166667,56.60833333,58.12083333,59.64166667
9/9/2004,54.9,57.67083333,56.41666667,58.1625,59.95
9/10/2004,54.98333333,57.30416667,56.1875,57.69166667,59.74583333
9/11/2004,54.97083333,57.29583333,56.25416667,57.64583333,59.59166667
9/12/2004,55.4,57.97083333,56.68333333,58.05,59.6375
9/13/2004,55.49583333,57.92083333,56.625,57.89583333,59.67083333
9/14/2004,55.53333333,57.80416667,57,57.75416667,58.85416667
9/15/2004,55.8125,57.58333333,56.83333333,58.04166667,59.35
9/16/2004,56.01666667,58.05,57.2375,58.53333333,59.95416667
9/17/2004,55.675,57.3875,56.58333333,57.85,59.24583333
9/18/2004,55.58333333,56.96666667,56.40416667,57.375,58.3125
9/19/2004,55.35833333,56.63333333,56.02083333,56.675,57.64166667
9/20/2004,55.66666667,56.9,56.6125,57.02916667,57.6125
9/21/2004,56.07083333,57.075,56.68333333,57.34166667,58.10833333
9/22/2004,56.25833333,57.46666667,56.98333333,57.825,58.72916667
9/23/2004,56.60416667,57.80416667,57.31666667,58.125,59.0875
9/24/2004,56.94583333,58.1875,57.65,58.53333333,59.56666667
9/25/2004,56.99166667,58.32916667,57.74583333,58.71666667,59.76666667
9/26/2004,56.93333333,58.26666667,57.67916667,58.65833333,59.70416667
9/27/2004,56.93333333,58.20416667,57.65,58.57083333,59.5125
9/28/2004,56.90833333,58.29583333,57.72083333,58.675,59.57916667
9/29/2004,56.55416667,58.1625,57.5375,58.6625,59.60416667
9/30/2004,56.72916667,58.125,57.55,58.49583333,59.475
10/1/2004,56.8125,58.28333333,57.69583333,58.66666667,59.55833333
10/2/2004,56.95,58.60416667,57.82083333,58.86666667,59.85
10/3/2004,56.89166667,58.4875,57.8125,58.94166667,59.9625
10/4/2004,56.89166667,58.59166667,57.8875,59.05,60.10416667
10/5/2004,56.7125,58.39583333,57.6375,58.8875,60.0375
10/6/2004,56.6375,58.26666667,57.6875,58.56666667,59.7125
10/7/2004,56.6,58.14583333,57.475,58.57916667,59.62916667
10/8/2004,56.5125,58.00416667,57.35,58.40416667,59.4375
10/9/2004,56.20833333,57.5625,56.9625,58.01666667,58.975
10/10/2004,55.82083333,57.16666667,57.13333333,56.8625,57.07083333
10/11/2004,56.37916667,56.93333333,56.6875,57.14166667,57.65833333
10/12/2004,56.22916667,57.20833333,56.88333333,57.42083333,58.04583333
10/13/2004,56.64166667,57.58333333,57.18333333,57.82916667,58.54583333
10/14/2004,56.44583333,57.60833333,57.06666667,57.9,58.94166667
10/15/2004,56.37083333,57.22916667,56.75,57.45,58.46666667
10/16/2004,56.3125,56.93333333,56.5,57.14166667,57.92083333
10/17/2004,55.7875,56.93333333,56.4625,57.1375,57.49583333
10/18/2004,55.0375,55.2875,55.1625,55.375,56.03333333
10/19/2004,54.60833333,54.8125,54.44583333,55.22916667,54.97083333
10/20/2004,55.23333333,54.75,54.87916667,56.6,55.05
10/21/2004,55.89583333,55.35833333,55.4375,56.6,55.5125
10/22/2004,57.0125,56.8125,56.8875,56.87916667,56.40416667
10/23/2004,56.82083333,56.9875,56.91666667,57.11666667,57.30833333
10/24/2004,56.35833333,56.47083333,56.4625,56.47916667,57.03333333
10/25/2004,55.55833333,55.54583333,55.51666667,55.70833333,56.1625
10/26/2004,55.9125,55.25,55.34583333,55.41666667,55.475
10/27/2004,55.94583333,55.35833333,55.5875,55.25416667,55.38333333
10/28/2004,55.45416667,55.225,55.25,55.2875,55.59583333
10/29/2004,56.09583333,55.72916667,55.9625,55.60833333,55.625
10/30/2004,56.00833333,55.83333333,55.8625,55.83333333,56.15833333
10/31/2004,55.8625,55.32916667,55.45416667,55.32083333,55.625
11/1/2004,56.35,55.36666667,55.74166667,55.12083333,55.0125
11/2/2004,56.53333333,55.99166667,56.225,55.85416667,55.75833333
11/3/2004,56.1875,55.75833333,55.83333333,55.84166667,55.97916667
11/4/2004,56.07916667,54.77916667,55.21666667,54.56666667,54.65833333
11/5/2004,56.30416667,55.22916667,55.60416667,55.02916667,55.0625
11/6/2004,56.69583333,55.99583333,56.27916667,55.82916667,55.775
11/7/2004,56.4125,56.0125,56.1375,55.9875,56.25
11/8/2004,56.42916667,56.2375,56.33333333,56.21666667,56.3
11/9/2004,56.4,56.35416667,56.33333333,56.41666667,56.47083333
11/10/2004,56.2375,56.14166667,56.15833333,56.24166667,56.10833333
11/11/2004,56.17916667,56.14166667,56.15416667,56.27916667,56.09583333
11/12/2004,55.99166667,55.62083333,55.69166667,55.73333333,55.88333333
11/13/2004,56.4625,56.48333333,56.49166667,56.54166667,56.29166667
11/14/2004,55.6625,55.5625,55.51666667,55.74166667,55.9875
11/15/2004,55.67916667,54.99166667,55.2,55.02083333,54.99166667
11/16/2004,56.28333333,55.78333333,56.04583333,55.69166667,55.10833333
11/17/2004,55.97083333,55.40833333,55.625,55.38333333,55.3625
11/18/2004,55.85416667,55.2625,55.54583333,55.2,54.9375
11/19/2004,55.3125,54.64583333,54.80833333,54.60833333,54.475
11/20/2004,54.57916667,52.70416667,53.32916667,52.28333333,52.17083333
11/21/2004,54.1875,52.02916667,52.7,51.60416667,51.14583333
11/22/2004,54.50833333,52.61666667,53.4125,52.01666667,51.20416667
11/23/2004,54.58333333,53.1875,53.73333333,52.82083333,52.12083333
11/24/2004,55.17083333,53.8375,54.3125,53.45416667,52.8625
11/25/2004,54.7625,53.48333333,53.82916667,53.30833333,52.84583333
11/26/2004,54.73333333,53.40416667,53.75833333,53.19583333,52.6375
11/27/2004,54.63333333,53.6,54.02083333,53.29166667,52.8
11/28/2004,53.70416667,51.8,52.33333333,51.58333333,51.42083333
11/29/2004,53.4125,50.99583333,51.8625,50.47083333,49.85
11/30/2004,53.55416667,51.375,52.20833333,50.875,49.87083333
12/1/2004,53.45,51.3125,52.0375,50.87916667,50.18333333
12/2/2004,53.15416667,50.97083333,51.73333333,50.54166667,49.87083333
12/3/2004,52.91666667,50.86666667,51.7,50.3125,49.69166667
12/4/2004,52.75,50.71666667,51.4125,50.325,49.49166667
12/5/2004,52.9625,50.64583333,51.38333333,50.16666667,49.425
12/6/2004,52.87916667,50.97916667,51.59583333,50.69166667,49.62083333
12/7/2004,52.7125,50.15416667,50.7,50.07916667,49.52083333
12/8/2004,52.02916667,49.94583333,50.225,49.9375,49.87916667
12/9/2004,53.025,51.275,51.95,51.20833333,50.7625
12/10/2004,53.20416667,51.78333333,52.20833333,51.825,51.74583333
12/11/2004,53.12916667,51.89583333,52.27083333,51.89583333,51.82083333
12/12/2004,53.42083333,52.05833333,52.45,52.075,51.72916667
12/13/2004,53.475,52.69166667,52.87083333,52.65416667,52.23333333
12/14/2004,53.62083333,53.35833333,53.37916667,53.35833333,53.21666667
12/15/2004,53.33333333,52.19166667,52.2875,52.27083333,52.6125
12/16/2004,52.89166667,51.29166667,51.57916667,51.25833333,51.375
12/17/2004,52.47916667,50.4625,50.85416667,50.42083333,50.41666667
12/18/2004,52.30416667,50.3125,50.74166667,50.10416667,49.825
12/19/2004,52.23333333,50.22916667,50.5875,50.07083333,49.80416667
12/20/2004,52.02083333,49.72083333,50.225,49.54166667,49.25
12/21/2004,51.85833333,49.39583333,49.925,49.10833333,48.57916667
12/22/2004,51.725,49.71666667,50.06666667,49.47083333,48.9125
12/23/2004,51.34166667,49.30833333,49.6625,49.12083333,48.825
12/24/2004,51.40416667,49.17083333,49.70833333,48.8,48.39166667
12/25/2004,51.70416667,49.00416667,49.7125,48.68333333,47.875
12/26/2004,51.825,49.45416667,49.4375,49.12083333,48.30416667
12/27/2004,50.67083333,46.5375,48.13333333,46.65833333,46.34583333
12/28/2004,51.48333333,47.525,48.13333333,47.425,46.75416667
12/29/2004,51.1125,48.64583333,48.8875,48.75416667,48.54166667
12/30/2004,50.82083333,47.92083333,48.02083333,48.01666667,48.05833333
12/31/2004,50.58333333,48.0875,48.26666667,48.2125,48.04166667
1/1/2005,50.4125,47.775,48.04166667,47.87083333,47.63333333
1/2/2005,50.4125,47.30416667,47.42916667,47.42083333,47.27083333
1/3/2005,50.8625,47.175,47.6625,47.17083333,46.93333333
1/4/2005,50.725,47.1625,47.8375,47.1625,47.03333333
1/5/2005,50.6375,47.55,48.225,47.50416667,47.0625
1/6/2005,50.86666667,48.375,48.99166667,48.27083333,47.9125
1/7/2005,50.55,47.55,47.32916667,47.77916667,47.97083333
1/8/2005,50.22916667,46.85833333,45.80833333,46.72916667,45.97916667
1/9/2005,50.58333333,46.85833333,47.575,46.72916667,45.97916667
1/10/2005,50.69166667,48.30416667,48.74583333,48.29583333,47.84166667
1/11/2005,50.82083333,47.8375,48.54583333,47.83333333,47.9625
1/12/2005,50.45,47.05,47.60416667,46.93333333,47.15416667
1/13/2005,50.175,46.2875,47.00416667,46.09166667,46.07916667
1/14/2005,50.14583333,46.55833333,47.275,46.2,45.925
1/15/2005,50.25833333,47.94583333,48.30416667,47.61666667,47.14583333
1/16/2005,50.44166667,48.99583333,49.1125,48.68333333,48.525
1/17/2005,50.68333333,49.44583333,49.39583333,49.31666667,49.3125
1/18/2005,50.72916667,49.53333333,49.54583333,49.38333333,49.37916667
1/19/2005,50.72083333,49.74166667,49.875,49.54583333,49.56666667
1/20/2005,50.6375,49.58333333,49.775,49.63333333,50.07916667
1/21/2005,50.47916667,48.925,49.4125,48.80416667,49.3125
1/22/2005,50.40416667,49.4125,49.7375,49.25833333,49.15833333
1/23/2005,50.28333333,49.27916667,49.63333333,49.1875,49.53333333
1/24/2005,50.34166667,49.42083333,49.72916667,49.34166667,49.63333333
1/25/2005,50.55833333,50.275,50.25416667,50.13333333,50.21666667
1/26/2005,50.62083333,50.64166667,50.55416667,50.69583333,50.9125
1/27/2005,50.42916667,50.575,50.47083333,50.59166667,50.90833333
1/28/2005,50.05833333,49.8875,50.0875,49.925,50.3125
1/29/2005,50.17916667,49.37083333,49.65833333,49.34166667,49.77916667
1/30/2005,49.90833333,48.49166667,48.8375,48.44583333,49.125
1/31/2005,49.84166667,48.66666667,48.97916667,48.5375,48.80833333
2/1/2005,49.83333333,49.2,49.25,49.07083333,49.29583333
2/2/2005,49.75416667,48.85,49.0375,48.78333333,49.3125
2/3/2005,50.00833333,49.2875,49.45833333,49.20416667,49.49166667
2/4/2005,49.74166667,49.62916667,49.49166667,49.79583333,50.0125
2/5/2005,49.79166667,49.04583333,48.95833333,49.1875,49.725
2/6/2005,49.41666667,48.61666667,48.57083333,48.74583333,49.09166667
2/7/2005,49.73333333,49.17916667,49.27083333,49.15833333,49.28333333
2/8/2005,50.02916667,49.67916667,49.525,49.84583333,50.0625
2/9/2005,49.975,49.40416667,49.4,49.4625,49.9125
2/10/2005,50.025,49.44166667,49.45416667,49.47916667,49.875
2/11/2005,49.84166667,49.19166667,49.175,49.36666667,49.775
2/12/2005,49.71666667,49.15833333,49.0375,49.25416667,49.64583333
2/13/2005,49.92083333,49.725,49.5625,49.8875,50.07083333
2/14/2005,50.01666667,49.825,49.6625,49.92916667,50.19583333
2/15/2005,49.87916667,49.54583333,49.30416667,49.75416667,50.13333333
2/16/2005,50.025,50.05,49.8625,50.09583333,50.22916667
2/17/2005,50.225,51.16666667,50.69166667,51.2375,51.52083333
2/18/2005,49.94166667,50.87916667,50.22083333,51.2875,51.89583333
2/19/2005,50.125,50.4875,50.30416667,50.59583333,51.0375
2/20/2005,50.26666667,51.4,51.22916667,51.57916667,51.6
2/21/2005,50.13333333,50.96666667,50.77083333,51.1125,51.65416667
2/22/2005,50.33333333,51.5875,51.17916667,51.77083333,52.4375
2/23/2005,50.35833333,51.74166667,51.2375,51.94583333,52.69166667
2/24/2005,50.2625,51.34583333,50.94166667,51.5875,52.0875
2/25/2005,50.36666667,52.35833333,51.5375,52.62083333,52.875
2/26/2005,50.47916667,52.44583333,51.60833333,52.77916667,53.4375
2/27/2005,50.21666667,51.8875,51.15833333,52.2875,52.94166667
2/28/2005,50.15416667,51.16666667,50.87916667,51.38333333,51.72916667
3/1/2005,49.92083333,50.7,50.28333333,50.89166667,51.50416667
3/2/2005,50.06666667,51.4375,51.28333333,51.525,51.85833333
3/3/2005,49.2625,51.075,50.68333333,51.3875,52.24583333
3/4/2005,49.70416667,52.2,51.73333333,52.3125,52.625
3/5/2005,50.1875,52.82083333,52.05416667,53.05416667,53.67083333
3/6/2005,50.50833333,53.34166667,52.44583333,53.58333333,54.33333333
3/7/2005,50.64166667,54,52.91666667,54.25833333,54.875
3/8/2005,50.61666667,54.5,53.12083333,54.85416667,55.68333333
3/9/2005,50.62083333,54.80833333,53.26666667,55.2375,56.19583333
3/10/2005,51.03333333,55.1625,53.57916667,55.57916667,56.5
3/11/2005,51.17083333,55.37083333,53.7875,55.83333333,56.79583333
3/12/2005,51.1125,55.39583333,53.71666667,55.87916667,56.9625
3/13/2005,50.81666667,54.82916667,53.2,55.32916667,56.52083333
3/14/2005,50.44583333,53.25416667,52.11666667,53.67916667,54.87083333
3/15/2005,50.15833333,52.72083333,52.11666667,53.03333333,53.92083333
3/16/2005,49.36666667,51.92916667,50.92916667,52.40416667,53.14583333
3/17/2005,49.43333333,51.31666667,50.67083333,51.55833333,52.34583333
3/18/2005,49.47916667,51.39583333,50.70833333,51.55416667,51.85833333
3/19/2005,49.42916667,52.0375,51.19166667,52.31666667,52.35
3/20/2005,49.14166667,51.53333333,50.8125,51.85833333,52.24583333
3/21/2005,49.12083333,50.95,50.64166667,51.19583333,51.65833333
3/22/2005,50.04166667,51.85,51.75416667,51.62916667,51.5
3/23/2005,50.33333333,52.86666667,52.7375,52.84166667,52.94166667
3/24/2005,49.99583333,52.4875,52.05,52.775,53.37083333
3/25/2005,50.17083333,52,51.72916667,52.0375,52.83333333
3/26/2005,50.3875,53.1125,52.49583333,53.28333333,53.59583333
3/27/2005,49.92083333,52.7,51.84583333,53.10833333,53.55833333
3/28/2005,50.93333333,52.2,52.2625,52.22916667,52.525
3/29/2005,51.11666667,53.35833333,53.2,53.59166667,53.76666667
3/30/2005,51.20416667,52.51666667,52.30416667,52.82083333,53.70833333
3/31/2005,51.4,53.175,52.9625,53.36666667,53.95416667
4/1/2005,51.00833333,53.63333333,52.93333333,54.025,54.69166667
4/2/2005,51.3,53.79166667,53.0375,54.0125,54.72916667
4/3/2005,50.29130435,53.40434783,52.43478261,53.93478261,54.4826087
4/4/2005,51.0875,51.78333333,51.6375,51.95,52.98333333
4/5/2005,51.42916667,54.375,53.64166667,54.5875,55.04166667
4/6/2005,51.41666667,55.29166667,54.05833333,55.69166667,56.43333333
4/7/2005,51.16666667,54.95833333,54.1875,55.35416667,56.02916667
4/8/2005,50.5375,52.65833333,52.85,53.3375,53.8125
4/9/2005,51.77083333,53.04166667,52.85,53.02083333,55.77083333
4/10/2005,51.7375,54.875,54.07083333,55.17083333,55.77083333
4/11/2005,51.65416667,56.12916667,55.07083333,56.4125,56.975
4/12/2005,51.09166667,55.61666667,54.10416667,56.19583333,57.45833333
4/13/2005,51.075,53.625,52.8125,54.09583333,55.4125
4/14/2005,51.3,52.78333333,52.29583333,53.0375,54.21666667
4/15/2005,51.85833333,54.4,53.675,54.55833333,55.025
4/16/2005,51.60416667,55.95,54.425,56.4,57.12083333
4/17/2005,51.95,56.82083333,55.15833333,57.18333333,58.10416667
4/18/2005,51.8375,55.7125,54.33333333,56.225,57.42083333
4/19/2005,51.97916667,55.18333333,54.125,55.52083333,56.43333333
4/20/2005,52.2,56.04583333,54.75,56.43333333,57.30416667
4/21/2005,52.44583333,57.09583333,55.48333333,57.50416667,58.48333333
4/22/2005,52.5875,57.87916667,56.05,58.40833333,59.40833333
4/23/2005,51.7625,57.425,55.57916667,58.04166667,59.1625
4/24/2005,51.87083333,55.675,54.2,56.20416667,57.8375
4/25/2005,52.11666667,56.32916667,54.90833333,56.65,57.78333333
4/26/2005,52.14166667,56.74583333,54.86666667,57.30833333,58.85416667
4/27/2005,52.30416667,56.92083333,55.07916667,57.44166667,58.47916667
4/28/2005,52.53333333,56.88333333,55.05416667,57.39583333,58.48333333
4/29/2005,52.85416667,57.10416667,55.29166667,57.62916667,59.0375
4/30/2005,52.46666667,57.43333333,55.35833333,58.17083333,59.78333333
5/1/2005,52.70833333,57.76666667,55.8,58.22916667,59.65416667
5/2/2005,52.85416667,58.39583333,56.32083333,59.02083333,60.54583333
5/3/2005,52.53333333,58.05,55.79166667,58.73333333,60.51666667
5/4/2005,51.875,56.9125,54.82083333,57.54166667,59
5/5/2005,51.83333333,55.95833333,54.29583333,56.15,57.26666667
5/6/2005,51.2,56.075,54.13333333,56.47083333,57.625
5/7/2005,51.10833333,55.8625,54.09583333,56.20833333,57.36666667
5/8/2005,50.61666667,54.65,54.0125,55.01666667,56.15
5/9/2005,51.57916667,55.07916667,54.49166667,55.51666667,55.70833333
5/10/2005,51.29583333,54.7375,54.16666667,54.84583333,54.575
5/11/2005,50.80416667,53.99583333,52.99583333,54.25833333,55.1875
5/12/2005,51.40833333,54.21666667,53.0875,54.45833333,55.48333333
5/13/2005,51.3875,54.65416667,53.29583333,54.81666667,55.84166667
5/14/2005,51.47083333,54.7625,53.325,55.0375,56.10833333
5/15/2005,51.42916667,54.30416667,52.95,54.58333333,55.88333333
5/16/2005,52.47916667,53.38333333,52.23333333,56.5875,56.3875
5/17/2005,50.75,53.38333333,52.23333333,54.35833333,56.15
5/18/2005,50.64166667,54.90833333,54.24583333,54.975,55.13333333
5/19/2005,51.5875,54.90833333,54.24583333,54.975,55.13333333
5/20/2005,52.1375,55.175,54.37916667,55.3,56.2375
5/21/2005,52.425,55.175,56,55.3875,56.39166667
5/22/2005,52.69166667,55.72083333,56.05,56.06666667,57.09166667
5/23/2005,52.4875,55.57083333,56.2,55.92916667,57.2375
5/24/2005,52.34166667,56.675,57.15833333,56.525,56.86666667
5/25/2005,51.825,57.28333333,54.9,57.85416667,59.1
5/26/2005,52.45416667,57.225,55.175,57.49583333,58.76666667
5/27/2005,51.875,57.02083333,54.73333333,57.275,58.94166667
5/28/2005,51.4625,56.78333333,54.37083333,57.17083333,59.2625
5/29/2005,50.63333333,54.3625,52.6,54.7375,56.8875
5/30/2005,51.0125,54.72083333,53.13333333,54.85416667,55.85
5/31/2005,51.40416667,55.97916667,53.94166667,56.2625,57.4875
6/1/2005,51.275,55.625,53.675,56.11666667,57.5125
6/2/2005,51.20833333,55.98333333,53.375,55.43333333,56.70833333
6/3/2005,51.45416667,55.62083333,53.58333333,55.72083333,56.94583333
6/4/2005,51.425,55.85416667,53.66666667,56.05416667,57.55833333
6/5/2005,51.30416667,55.29583333,53.3,55.53333333,57.03333333
6/6/2005,50.85,53.92916667,52.03333333,54.38333333,55.66666667
6/7/2005,50.85833333,53.75,52.39166667,53.93333333,55.14166667
6/8/2005,50.625,53.175,51.72916667,53.42916667,55.1
6/9/2005,51.05833333,54.32083333,52.8125,54.18333333,54.625
6/10/2005,51.6,55.60416667,53.69166667,55.89583333,56.9875
6/11/2005,51.67916667,56.16666667,54.1625,56.20833333,57.7125
6/12/2005,51.6375,55.34166667,53.12916667,55.975,57.39583333
6/13/2005,51.57083333,55.69166667,53.70416667,55.9375,57.375
6/14/2005,51.75833333,55.275,53.20833333,55.98333333,57.40833333
6/15/2005,51.89583333,55.82083333,53.92916667,56.05833333,57.50416667
6/16/2005,51.1,54.07083333,52.3875,54.42083333,56.52916667
6/17/2005,50.89166667,53.47083333,52.40416667,53.42083333,54.4
6/18/2005,50.7875,53.9125,52.41666667,54.10416667,55.125
6/19/2005,51.69166667,54.69583333,53.30416667,54.6625,55.59166667
6/20/2005,52.2,55.95,54.2,56.06666667,57.27916667
6/21/2005,52.1875,56.4625,54.45416667,56.74166667,58.34166667
6/22/2005,52.02083333,55.99166667,54.04166667,56.325,58.025
6/23/2005,52.11666667,55.91666667,54.00416667,56.19583333,57.80833333
6/24/2005,52.17083333,55.87916667,54.0375,56.125,57.825
6/25/2005,51.99583333,55.91666667,53.97916667,56.17916667,57.96666667
6/26/2005,52.19166667,55.7875,53.95833333,56,57.67916667
6/27/2005,52.41666667,56.04583333,54.2875,56.29583333,58.125
6/28/2005,52.075,55.91666667,54.025,56.19583333,57.83333333
6/29/2005,51.925,55.85833333,53.97083333,56.12916667,57.8125
6/30/2005,51.7875,56.62083333,54.05416667,56.14583333,57.925
7/1/2005,51.89166667,56.45,54.24583333,57.05416667,58.10833333
7/2/2005,51.89166667,56.03333333,54.02916667,56.1,58.09166667
7/3/2005,51.88333333,55.9125,53.97083333,55.725,57.43333333
7/4/2005,52.0375,55.6625,53.85833333,55.93333333,57.60833333
7/5/2005,52.1125,55.68333333,53.8375,55.975,57.80833333
7/6/2005,52.2125,55.73333333,53.90416667,56.06666667,57.89583333
7/7/2005,52.25,55.81666667,54.02916667,56.19583333,58.07083333
7/8/2005,52.2375,55.85416667,54.025,56.2625,58.1875
7/9/2005,52.34583333,55.7375,54.01666667,56.16666667,58.22083333
7/10/2005,52.34583333,55.89166667,54.15,56.29583333,58.10833333
7/11/2005,52.37916667,55.75833333,54.04583333,56.10833333,57.8375
7/12/2005,52.28333333,55.98333333,54.03333333,56.0125,57.89166667
7/13/2005,52.45416667,55.58333333,54.02916667,55.97083333,57.675
7/14/2005,52.55,55.7625,54.24166667,56.20833333,57.9
7/15/2005,52.64583333,55.85,54.30833333,56.34166667,58.19166667
7/16/2005,53.12083333,56.7,55.23333333,56.41666667,57.9625
7/17/2005,52.60833333,55.84166667,54.32083333,56.3375,58.10833333
7/18/2005,52.725,55.94166667,54.39166667,56.41666667,58.19166667
7/19/2005,52.96666667,56.2,54.67916667,56.7125,58.55416667
7/20/2005,53.04166667,56.1875,54.71666667,56.68333333,58.45
7/21/2005,52.22083333,54.77083333,53.48333333,55.34166667,57.65
7/22/2005,51.7875,54.6,53.375,54.97916667,56.37083333
7/23/2005,51.9,54.8,53.49166667,55.19166667,56.68333333
7/24/2005,52.23333333,55.1625,53.81666667,55.62916667,57.27083333
7/25/2005,52.14583333,55.10833333,53.79166667,55.59166667,57.35833333
7/26/2005,52.14583333,54.96666667,53.64583333,55.12083333,57.17916667
7/27/2005,52.44583333,55.325,54.05,55.75833333,57.42916667
7/28/2005,52.40833333,55.3375,54.00833333,55.825,57.64583333
7/29/2005,52.53333333,55.55416667,54.19583333,56.04583333,57.75833333
7/30/2005,52.65,55.90833333,54.425,56.48333333,58.375
7/31/2005,52.77916667,56.65416667,54.80833333,56.5625,58.60416667
8/1/2005,52.80833333,55.82916667,54.41666667,56.37083333,58.3375
8/2/2005,52.7125,55.6,54.28333333,56.10416667,58
8/3/2005,52.54166667,55.3125,54.1,55.7375,57.475
8/4/2005,52.9375,55.55,54.40416667,55.95,57.4625
8/5/2005,53.02916667,56.20833333,54.575,56.30833333,58.02083333
8/6/2005,53.17916667,55.99166667,54.7375,56.44583333,58.23333333
8/7/2005,53.32083333,56.19583333,54.94583333,56.65833333,58.44583333
8/8/2005,53.225,56.15416667,54.83333333,56.65833333,58.65833333
8/9/2005,53.5125,57.23333333,55.8125,56.81666667,58.6
8/10/2005,53.64583333,56.72083333,55.375,57.17083333,59.03333333
8/11/2005,53.83333333,56.99583333,55.62083333,57.47916667,59.25
8/12/2005,53.84166667,57.03333333,55.61666667,57.5625,59.55
8/13/2005,54.25833333,57.30416667,55.9125,57.77083333,59.6875
8/14/2005,53.85416667,57.275,55.79583333,57.85416667,60.02083333
8/15/2005,53.90416667,57.14166667,55.65833333,57.7375,59.90833333
8/16/2005,53.99166667,57.09583333,55.75416667,57.9,59.6125
8/17/2005,54.20833333,57.39583333,56.02083333,57.925,59.8125
8/18/2005,53.91666667,57.2875,55.84166667,57.83333333,59.925
8/19/2005,53.5125,56.60833333,55.24166667,57.1625,59.39166667
8/20/2005,53.44583333,56.475,55.18333333,56.9625,58.90833333
8/21/2005,53.75416667,56.61666667,55.37916667,57.075,58.925
8/22/2005,53.98333333,56.9625,55.6625,57.42916667,59.1625
8/23/2005,54.0375,57.15,55.80416667,57.66666667,59.57083333
8/24/2005,54.06666667,57.1375,55.82916667,57.63333333,59.68333333
8/25/2005,54.10416667,56.925,55.65416667,57.59166667,59.40416667
8/26/2005,53.975,56.70416667,55.54166667,57.15416667,59.0375
8/27/2005,54.09166667,56.74166667,55.58333333,57.225,58.91666667
8/28/2005,54.14583333,57.07916667,55.825,57.54583333,59.30833333
8/29/2005,54.425,57.07916667,55.875,57.51666667,59.10833333
8/30/2005,54.39166667,56.925,55.85416667,57.35833333,58.62916667
8/31/2005,54.12916667,56.88333333,55.74166667,57.30833333,58.85833333
9/1/2005,53.5,56.3625,55.14166667,56.825,58.81666667
9/2/2005,53.72916667,56.32083333,55.21666667,56.7375,58.475
9/3/2005,53.6875,56.32916667,55.15416667,56.73333333,58.525
9/4/2005,53.86666667,56.4625,55.3375,56.8625,58.53333333
9/5/2005,54.00833333,56.4875,55.40416667,56.86666667,58.61666667
9/6/2005,54.0625,56.55416667,55.47916667,56.9875,58.77083333
9/7/2005,54.12916667,56.55,55.49583333,56.93333333,58.5375
9/8/2005,54.34166667,57.10833333,55.95416667,57.54583333,58.98333333
9/9/2005,54.3625,57.02916667,55.8875,57.45416667,59.3125
9/10/2005,54.26666667,56.875,55.725,57.26666667,58.97916667
9/11/2005,54.19583333,56.26666667,55.38333333,56.60833333,58.12083333
9/12/2005,54.16666667,56.07083333,55.2625,56.32083333,57.80833333
9/13/2005,54.22916667,56.25416667,55.35416667,56.55833333,57.8
9/14/2005,54.40416667,56.53333333,55.60833333,56.87083333,58.0375
9/15/2005,54.43333333,56.6,55.62916667,56.96666667,58.52916667
9/16/2005,54.275,56.58333333,55.45833333,57.09583333,58.79583333
9/17/2005,54.48333333,56.39583333,55.5375,56.7125,58.25
9/18/2005,54.60416667,56.4125,55.54166667,56.73333333,58.07916667
9/19/2005,54.54583333,56.5625,55.67916667,56.9125,58.21666667
9/20/2005,55.025,56.9,56.05416667,57.2,58.41666667
9/21/2005,55.375,57.6375,56.6125,58.07083333,59.4125
9/22/2005,55.38333333,57.52916667,56.525,57.97916667,59.37083333
9/23/2005,54.99583333,56.83333333,55.71666667,57.44583333,58.92083333
9/24/2005,54.32916667,55.725,55.0875,56.075,57.27083333
9/25/2005,54.39166667,55.75416667,55.14583333,55.97916667,56.93333333
9/26/2005,54.19166667,55.42916667,54.82083333,55.79583333,56.75
9/27/2005,54.59583333,56.1875,55.48333333,56.43333333,57.22083333
9/28/2005,55.0875,56.55416667,55.5875,56.94583333,58.14166667
9/29/2005,55.13333333,56.70833333,55.93333333,57.04583333,58.28333333
9/30/2005,55,56.6125,55.83333333,56.95,58.0625
10/1/2005,54.59166667,55.97083333,55.2625,56.32083333,57.40833333
10/2/2005,54.5,55.57083333,55.0875,55.73333333,56.28333333
10/3/2005,54.49166667,55.57083333,55.01666667,55.80416667,56.6
10/4/2005,54.55416667,55.375,54.99583333,55.575,56.25
10/5/2005,54.7375,55.8,55.37916667,55.95,56.59583333
10/6/2005,55.0375,56.28333333,56.30833333,56.40833333,57.14583333
10/7/2005,54.85,56.30416667,55.79583333,56.48333333,57.34583333
10/8/2005,55.22916667,56.61666667,56.2,56.77083333,57.45
10/9/2005,55.1375,56.4625,55.99583333,56.63333333,57.54583333
10/10/2005,55.12916667,56.425,55.99583333,56.58333333,57.375
10/11/2005,55.21666667,56.51666667,56.1,56.67916667,57.59583333
10/12/2005,55.29583333,56.47916667,56.09166667,56.63333333,57.54166667
10/13/2005,55.61666667,56.6375,56.29166667,56.79583333,57.55416667
10/14/2005,55.47916667,56.8875,56.425,57.12916667,57.6875
10/15/2005,55.29166667,56.65416667,56.17916667,56.9625,57.5375
10/16/2005,55.64583333,56.54166667,56.31666667,56.62916667,57.025
10/17/2005,55.75833333,56.975,56.56666667,57.1875,57.77083333
10/18/2005,55.85833333,57.04166667,56.62916667,57.24166667,57.74583333
10/19/2005,55.79166667,57.2375,56.75,57.5125,57.91666667
10/20/2005,55.93333333,56.75416667,56.55,56.89583333,57.4625
10/21/2005,56.05,56.9875,56.7125,57.15833333,57.57916667
10/22/2005,55.93333333,56.96666667,56.68333333,57.10416667,57.5875
10/23/2005,55.89583333,56.90416667,56.60416667,57.06666667,57.55416667
10/24/2005,55.9875,56.975,56.66666667,57.09583333,57.54166667
10/25/2005,55.99583333,57.00416667,56.72916667,57.13333333,57.34166667
10/26/2005,55.9875,56.87916667,56.67083333,57.0375,57.14583333
10/27/2005,55.775,56.53333333,56.36666667,56.65416667,56.85416667
10/28/2005,55.47916667,56.03333333,55.90833333,56.19583333,56.22083333
10/29/2005,55.79583333,56.26666667,56.275,56.23333333,56.34583333
10/30/2005,55.7875,56.025,56.0125,56.04583333,56.32916667
10/31/2005,56.07083333,56.2375,56.325,56.20416667,56.25833333
11/1/2005,55.87916667,56.05,56.09166667,56.1375,56.18333333
11/2/2005,56.00416667,56.54166667,55.37083333,56.56666667,56.39583333
11/3/2005,55.36666667,55.12083333,55.0875,55.25416667,55.3125
11/4/2005,55.61666667,55.73333333,55.89583333,55.64166667,55.26666667
11/5/2005,55.275,55.02083333,55.18333333,55.05833333,55.27916667
11/6/2005,55.42916667,55.63333333,55.725,55.59166667,55.03333333
11/7/2005,55.65416667,56.0625,56.04583333,56.15833333,56.0125
11/8/2005,55.2375,54.39166667,54.475,54.475,54.87916667
11/9/2005,55.4625,55.03333333,55.22083333,54.81666667,54.6875
11/10/2005,55.7,55.8375,55.725,55.8,56.025
11/11/2005,55.7125,55.77083333,55.65833333,55.81666667,56.14166667
11/12/2005,55.59583333,55.35833333,55.33333333,55.25833333,55.525
11/13/2005,55.56666667,55.78333333,55.74166667,55.6625,55.65833333
11/14/2005,55.60833333,56.075,55.82916667,56.1125,56.43333333
11/15/2005,55.4,55.225,55.10416667,55.23333333,55.62916667
11/16/2005,55.3375,54.75,54.77916667,54.59583333,54.775
11/17/2005,55.39583333,54.4125,54.5375,54.2,54.5375
11/18/2005,55.12083333,54.39583333,54.4875,54.2,54.25
11/19/2005,54.98333333,54.1,54.20833333,53.89583333,54.0375
11/20/2005,54.88333333,53.97916667,54.09583333,53.81666667,53.85
11/21/2005,54.70833333,54.01666667,54.14583333,53.82916667,53.87083333
11/22/2005,54.87083333,54,54.12083333,53.79583333,53.84583333
11/23/2005,54.50833333,53.79583333,53.925,53.61666667,53.72083333
11/24/2005,54.27916667,53.375,53.475,53.25833333,53.22083333
11/25/2005,54.475,54.02083333,53.97916667,53.9375,53.625
11/26/2005,53.9375,52.6,52.76666667,52.39583333,52.78333333
11/27/2005,53.7875,52,52.42916667,51.70416667,51.5125
11/28/2005,53.29166667,51.83333333,52.00833333,51.67083333,51.30833333
11/29/2005,52.89166667,49.57083333,48.95,49.575,50.1125
11/30/2005,52.94166667,49.675,48.4,49.32916667,48.725
12/1/2005,52.82916667,49.67916667,48.84166667,49.72916667,50.0125
12/2/2005,52.74166667,48.34583333,49.40416667,48.45833333,48.68333333
12/3/2005,52.7375,48.67916667,49.8375,48.425,48.08333333
12/4/2005,52.55833333,49.0125,50.10833333,48.70833333,48.12916667
12/5/2005,52.51666667,49.16666667,50.17916667,48.82916667,48.40416667
12/6/2005,52.7125,49.51666667,50.52916667,49.125,48.69583333
12/7/2005,52.62083333,50.4875,51.17916667,50.30416667,49.57083333
12/8/2005,52.78333333,51.24166667,51.76666667,51.24166667,50.66666667
12/9/2005,52.6625,50.84166667,51.37083333,50.87916667,50.8375
12/10/2005,52.67083333,50.77916667,51.475,50.6375,50.29583333
12/11/2005,52.51666667,49.94583333,50.6625,49.9625,49.72083333
12/12/2005,52.325,49.35,50.3125,49.1625,48.52916667
12/13/2005,52.1125,49.42083333,50.27916667,49.21666667,48.60416667
12/14/2005,51.87916667,49.3875,49.52083333,49.275,48.75833333
12/15/2005,51.6875,48.90416667,47.7,48.72083333,48.325
12/16/2005,51.43333333,48.46666667,47.7,48.3875,47.725
12/17/2005,51.33333333,48.68333333,47.7,48.5125,47.64166667
12/18/2005,51.32916667,48.4125,47.7,48.17083333,47.79583333
12/19/2005,51.35416667,48.43333333,47.7,48.7125,48.64166667
12/20/2005,51.38333333,49.00833333,47.7,49.19166667,49.0125
12/21/2005,51.42916667,50.33333333,47.7,50.475,50.275
12/22/2005,51.69583333,51.99166667,47.7,52.17916667,52
12/23/2005,51.89583333,52.67916667,47.7,52.875,52.96666667
12/24/2005,51.76666667,51.94166667,47.7,52.2625,52.65
12/25/2005,51.725,52.10833333,47.7,52.30833333,52.24166667
12/26/2005,50.89166667,51.5875,47.7,51.82083333,51.9875
12/27/2005,50.4875,50.6875,47.7,50.89583333,50.85833333
12/28/2005,50.79166667,51.24166667,47.7,51.4625,51.30833333
12/29/2005,50.6375,49.625,47.7,49.8625,49.67916667
12/30/2005,51.12083333,49.87916667,47.7,50.0875,49.86666667
12/31/2005,51.35416667,50.75,47.7,50.9125,50.59166667
1/1/2006,50.49166667,49.66666667,47.7,49.87916667,49.8625
1/2/2006,50.69583333,50.1625,47.7,50.26666667,49.92916667
1/3/2006,50.60416667,49.92916667,47.7,50.075,49.8375
1/4/2006,50.90416667,50.37083333,47.7,50.49583333,50.20833333
1/5/2006,50.925,50.575,47.7,50.73333333,50.64583333
1/6/2006,51.18333333,50.84583333,47.7,50.9625,50.925
1/7/2006,51.0125,50.85833333,47.7,51.02083333,51.07916667
1/8/2006,50.67916667,50.14583333,47.7,50.28333333,50.27916667
1/9/2006,50.71666667,50.14583333,47.7,50.27916667,50.20416667
1/10/2006,50.55833333,50.24583333,47.7,50.35833333,50.3625
1/11/2006,50.40416667,50.35,47.7,50.47916667,50.59166667
1/12/2006,50.27083333,49.97916667,47.7,50.09583333,50.22083333
1/13/2006,50.05,49.91666667,47.7,50.04166667,50.07916667
1/14/2006,49.8625,49.46666667,47.7,49.60833333,49.7375
1/15/2006,49.50416667,48.71666667,47.7,48.77916667,48.775
1/16/2006,49.4625,48.74166667,47.7,48.79166667,48.7
1/17/2006,49.52916667,49.02916667,47.7,49.10833333,49.0375
1/18/2006,49.53333333,48.6,47.7,48.7375,48.87083333
1/19/2006,49.1125,47.75833333,47.7,47.85416667,47.95
1/20/2006,49.05416667,47.67083333,47.7,47.7625,47.79166667
1/21/2006,49.46666667,48.18333333,47.7,48.2375,48.125
1/22/2006,49.17916667,48.02916667,47.7,48.13333333,48.27083333
1/23/2006,49.7,48.0625,47.7,48.09583333,48.1625
1/24/2006,50.22916667,48.625,47.7,48.7,48.77916667
1/25/2006,50.025,48.2125,47.7,48.3625,48.61666667
1/26/2006,49.7875,48.4125,47.7,48.52916667,48.69583333
1/27/2006,49.43333333,48.28333333,47.7,48.39583333,48.44166667
1/28/2006,49.1625,48.17916667,47.7,48.35833333,48.475
1/29/2006,48.94166667,47.90833333,47.7,48.04166667,48.25
1/30/2006,48.4625,48.36666667,47.7,48.47916667,48.425
1/31/2006,48.25416667,47.35,47.7,47.5,47.72083333
2/1/2006,48.20833333,47.68333333,47.7,47.78333333,47.7625
2/2/2006,48.4,48.2125,47.7,48.20833333,48.2
2/3/2006,48.58333333,49.45416667,47.7,49.55,49.825
2/4/2006,48.04166667,49.27916667,47.7,49.4625,50.0625
2/5/2006,47.84583333,47.73333333,47.7,47.88333333,48.24166667
2/6/2006,48.14166667,47.82083333,47.7,47.89166667,47.97083333
2/7/2006,48.29583333,48.2875,47.7,48.39583333,48.54583333
2/8/2006,48.5625,48.7375,47.7,48.84583333,49
2/9/2006,48.625,48.9,47.7,49.02083333,49.26666667
2/10/2006,48.68333333,48.99166667,47.7,49.11666667,49.30416667
2/11/2006,48.62916667,49.21666667,47.7,49.35,49.62916667
2/12/2006,48.56666667,49.30833333,47.7,49.42083333,49.75416667
2/13/2006,48.52916667,49.5,47.7,49.6375,50.06666667
2/14/2006,48.52083333,49.35416667,47.7,49.51666667,49.85416667
2/15/2006,48.70833333,48.21666667,48.22083333,48.30833333,48.57916667
2/16/2006,48.85833333,46.92083333,47.13333333,46.99583333,47.3
2/17/2006,48.97916667,47.12083333,47.38333333,47.14583333,47.08333333
2/18/2006,48.5,46.85,47.0625,46.92916667,47.03333333
2/19/2006,48.76666667,46.06666667,46.4625,46.0125,46.1625
2/20/2006,48.69166667,46.32916667,46.5875,46.3375,46.4375
2/21/2006,48.6125,46.70416667,46.87916667,46.7,46.77916667
2/22/2006,48.74583333,47.525,47.50416667,47.55833333,47.7125
2/23/2006,49.08333333,48.41666667,48.14583333,48.4875,48.76666667
2/24/2006,49.04583333,48.76666667,48.3125,48.88333333,49.3625
2/25/2006,49.07083333,48.95833333,48.45,49.09166667,49.65416667
2/26/2006,49.00416667,48.775,48.18333333,48.95416667,49.2875
2/27/2006,48.17083333,48.87083333,48.6875,49.12916667,49.28333333
2/28/2006,47.79166667,49.49166667,49.4125,49.57083333,50.0375
3/1/2006,47.47083333,48.14166667,48.1,48.23333333,48.58333333
3/2/2006,47.2625,47.675,47.6125,47.76666667,47.9375
3/3/2006,46.95,46.90833333,46.92916667,47.0375,47.29166667
3/4/2006,47.54583333,47.33333333,47.4875,47.30833333,47.18333333
3/5/2006,47.41666667,47.125,47.22916667,47.25,47.37916667
3/6/2006,47.575,46.82083333,46.975,46.7625,46.6
3/7/2006,47.8625,48.3875,48.25416667,48.41666667,48.45
3/8/2006,47.72083333,47.88333333,47.80833333,47.97083333,48.27916667
3/9/2006,47.675,48.07083333,47.9875,48.1375,48.34166667
3/10/2006,47.3875,47.1,47.20833333,47.19166667,47.3
3/11/2006,47.54583333,47.20833333,47.39583333,47.22916667,47.3
3/12/2006,47.42916667,47.14166667,47.2625,47.20833333,47.375
3/13/2006,47.39583333,47.02083333,47.1875,47.04583333,47.00416667
3/14/2006,47.41666667,47,47.13333333,47.02916667,47.1875
3/15/2006,47.21666667,47.44166667,47.30416667,47.52083333,47.8625
3/16/2006,47.1875,47.675,47.4875,47.775,48.07916667
3/17/2006,47.25,48.1,47.85,48.175,48.70416667
3/18/2006,47.4,48.26666667,47.94166667,48.3625,48.8125
3/19/2006,47.5625,48.11666667,47.90833333,48.20416667,48.60833333
3/20/2006,47.4125,47.55,47.45416667,47.65,47.94166667
3/21/2006,47.4625,47.73333333,47.67083333,47.775,48.00416667
3/22/2006,47.62083333,48.4125,48.14166667,48.5125,48.88333333
3/23/2006,47.65416667,48.60833333,48.2,48.7125,49.30833333
3/24/2006,47.575,48.68333333,48.225,48.8125,49.425
3/25/2006,47.4375,49.14166667,48.9125,49.27083333,49.79583333
3/26/2006,47.37083333,48.35833333,48.06666667,48.56666667,49.125
3/27/2006,47.45833333,48.6125,48.24166667,48.7625,49.30416667
3/28/2006,47.3,48.70833333,48.3375,48.2375,49.27083333
3/29/2006,47.30833333,48.24166667,47.9625,48.21666667,48.60416667
3/30/2006,47.61666667,48.3,48.09166667,48.40416667,48.75416667
3/31/2006,47.625,48.32916667,48.1875,48.47916667,48.62083333
4/1/2006,47.41666667,48.09166667,47.8875,48.09583333,48.425
4/2/2006,47.60869565,48.4826087,48.13913043,48.6826087,48.92173913
4/3/2006,47.80833333,48.41666667,48.26666667,48.5125,48.67083333
4/4/2006,48.03333333,48.55,48.22083333,48.67083333,48.9
4/5/2006,47.95416667,48.825,48.49166667,48.86666667,49.07083333
4/6/2006,47.90416667,49.2375,48.65833333,49.37083333,50.00416667
4/7/2006,47.99166667,49.11666667,48.62083333,49.30416667,50.02916667
4/8/2006,47.85416667,48.85833333,48.43333333,49.02083333,49.55416667
4/9/2006,47.92083333,48.65,48.27916667,48.77916667,49.37083333
4/10/2006,47.90416667,49.14583333,48.77083333,49.225,49.54583333
4/11/2006,48.025,49.10833333,48.77083333,49.18333333,49.41666667
4/12/2006,49.06666667,50.68333333,50.375,50.66666667,50.49583333
4/13/2006,48.75833333,50.85833333,50.12916667,50.975,51.40416667
4/14/2006,48.8625,51.29166667,50.15833333,51.275,51.9625
4/15/2006,48.35833333,50.3625,49.24166667,50.55,51.32083333
4/16/2006,48.27916667,49.27916667,48.59166667,49.29166667,49.65416667
4/17/2006,48.475,49.45,48.71666667,49.4,49.97083333
4/18/2006,48.94166667,50.06666667,49.19166667,50.0625,50.8375
4/19/2006,49.41666667,50.92916667,49.9125,50.91666667,51.77083333
4/20/2006,49.55833333,51.375,50.15833333,51.40833333,52.42916667
4/21/2006,49.44583333,51.8125,50.43333333,51.7875,52.65833333
4/22/2006,49.64583333,51.51666667,50.19166667,51.5625,52.39166667
4/23/2006,49.69583333,51.59583333,50.4,51.38333333,52.30416667
4/24/2006,49.44583333,51.60833333,50.15416667,51.69166667,52.59166667
4/25/2006,49.5375,51.5375,50.34166667,52.10833333,51.84166667
4/26/2006,50.0125,52.75416667,51.15,53.99166667,53.59583333
4/27/2006,50.4625,53.53333333,51.79166667,54.2875,54.4625
4/28/2006,50.775,54.42083333,52.51666667,54.7875,55.25833333
4/29/2006,50.85416667,55.17083333,53,55.39583333,56.1375
4/30/2006,50.4375,55.15833333,52.875,55.4,56.45
5/1/2006,50.24583333,54.72083333,52.57916667,54.84583333,55.9
5/2/2006,50.4125,54.90833333,52.82916667,55.33333333,55.9875
5/3/2006,51.01666667,55.52083333,53.47083333,56.1625,56.59166667
5/4/2006,51.19583333,56.4625,54.23333333,56.89166667,57.75416667
5/5/2006,51.30416667,57.3,54.90416667,57.28333333,58.47083333
5/6/2006,51.56666667,57.37083333,54.78333333,57.68333333,58.95833333
5/7/2006,50.79583333,55.975,53.37083333,56.5375,58.42916667
5/8/2006,50.3,54.34583333,52.22916667,54.45833333,55.43333333
5/9/2006,50.02083333,53.80416667,51.80416667,53.96666667,54.85416667
5/10/2006,49.8,53.7,51.73333333,53.87916667,54.85
5/11/2006,49.81666667,53.9875,52.45,54.17083333,55.09166667
5/12/2006,50.41666667,54.75833333,52.79583333,55.7375,55.74583333
5/13/2006,50.35833333,54.94583333,52.81666667,55.82916667,56.37083333
5/14/2006,50.6375,55.46666667,53.26666667,56.20833333,56.6875
5/15/2006,50.77083333,55.65,53.3125,56.2875,57.30416667
5/16/2006,50.55833333,55.74583333,53.35,56.6375,57.3
5/17/2006,50.67083333,56.10416667,53.5625,56.77916667,57.62083333
5/18/2006,50.73333333,56.27083333,53.6875,57.15416667,58.15416667
5/19/2006,49.93333333,54.34583333,52.0625,54.68333333,56.95416667
5/20/2006,50.02916667,53.57083333,51.94583333,53.59583333,54.3875
5/21/2006,49.89583333,53.29583333,51.675,53.54166667,54.97916667
5/22/2006,49.9375,53.26666667,51.69583333,53.8625,54.66666667
5/23/2006,49.92083333,53.11666667,51.5625,53.40833333,54.74166667
5/24/2006,49.94166667,53.0375,51.4875,53.35833333,54.37916667
5/25/2006,50.3375,53.65,52.15416667,53.79583333,54.5875
5/26/2006,50.375,53.6375,52.17083333,53.87083333,54.77083333
5/27/2006,50.2875,53.20833333,51.87916667,53.45416667,54.375
5/28/2006,50.3625,53.2,51.96666667,53.3625,54.20833333
5/29/2006,50.65416667,53.8,52.35,53.9,54.9
5/30/2006,50.675,54.1125,52.51666667,54.24583333,55.3625
5/31/2006,50.30833333,53.93333333,52.1,54.3125,55.57083333
6/1/2006,50.10416667,53.30416667,51.65416667,53.62083333,54.89583333
6/2/2006,50.36666667,54.08333333,52.30833333,55.04166667,55.19583333
6/3/2006,50.4,54.47916667,52.57916667,55.225,55.92916667
6/4/2006,50.80833333,54.9375,53.08333333,55.57916667,56.1625
6/5/2006,50.8875,55.20416667,53.20416667,55.825,56.8125
6/6/2006,51.00416667,55.3625,53.3375,55.75833333,56.94166667
6/7/2006,51.0875,55.7375,53.7875,55.00416667,57.22083333
6/8/2006,50.72083333,54.88333333,52.8375,54.4875,56.7625
6/9/2006,50.85,54.70833333,52.71666667,54.43333333,56.32083333
6/10/2006,50.80833333,54.6625,52.67916667,54.62083333,56.42083333
6/11/2006,50.67916667,54.58333333,52.54166667,54.6625,56.25833333
6/12/2006,50.85416667,54.47916667,52.59166667,54.45833333,56.1
6/13/2006,50.5625,53.95833333,52.075,54.3125,55.98333333
6/14/2006,50.24583333,53.2875,51.55833333,53.48333333,54.90416667
6/15/2006,51.0375,53.99166667,52.39583333,54.07916667,55.09583333
6/16/2006,51.9625,55.825,53.925,55.3875,57.00416667
6/17/2006,51.30416667,55.6,53.37916667,55.55,57.94583333
6/18/2006,51.18333333,55.00833333,53.00833333,55.275,57.1875
6/19/2006,51.2,55.1625,53.1375,55.64583333,57.1
6/20/2006,51.0625,54.9125,52.91666667,55.59166667,56.95
6/21/2006,50.9375,55.0125,52.95833333,55.70416667,57.17916667
6/22/2006,50.81666667,54.625,52.6375,55.63333333,56.8125
6/23/2006,50.95416667,54.78333333,52.79166667,54.775,56.80833333
6/24/2006,50.98333333,54.875,52.6875,54.9375,57.00833333
6/25/2006,51.075,55.2,52.80416667,55.10833333,57.39583333
6/26/2006,50.99583333,55.1125,52.78333333,55.2875,57.40416667
6/27/2006,51.07916667,55.0125,52.9875,55.58333333,57.3125
6/28/2006,50.725,54.22083333,52.22083333,54.6375,56.81666667
6/29/2006,51.0375,54.76666667,52.8125,55.0875,56.15
6/30/2006,51.32083333,55.22916667,53.1875,55.57916667,57.31666667
7/1/2006,51.26666667,55.02083333,53.04583333,55.475,57.3
7/2/2006,51.475,55.225,53.2625,56.1625,57.3625
7/3/2006,51.47083333,55.3,53.325,56.18333333,57.60833333
7/4/2006,51.4125,55.17916667,53.04583333,55.97916667,57.39166667
7/5/2006,51.3625,54.47916667,53.05,55.99583333,57.01666667
7/6/2006,51.46666667,54.62916667,53.10833333,55.9875,56.91666667
7/7/2006,51.62083333,55.1,53.32916667,55.96666667,57.05833333
7/8/2006,51.68333333,55.21666667,53.40833333,56.09166667,57.30833333
7/9/2006,51.75,55.33333333,53.4625,56.25833333,57.64583333
7/10/2006,51.975,55.50833333,53.69583333,56.38333333,57.74166667
7/11/2006,51.90416667,55.45416667,53.67916667,55.45833333,57.73333333
7/12/2006,51.9375,55.275,53.775,55.35416667,57.24583333
7/13/2006,51.89583333,55.24166667,53.75,55.325,57.0375
7/14/2006,51.975,55.34166667,53.825,55.38333333,57.24583333
7/15/2006,51.87916667,55.12916667,53.65416667,55.55833333,57.00833333
7/16/2006,52,55.11666667,53.70833333,55.74583333,56.78333333
7/17/2006,52.24583333,55.47916667,54.07083333,56.10833333,57.0125
7/18/2006,52.26666667,55.725,54.17916667,56.30416667,57.25
7/19/2006,51.75833333,55.10416667,53.56666667,55.69166667,57.2625
7/20/2006,51.5375,54.74166667,53.30416667,55.47916667,56.45833333
7/21/2006,51.225,53.90416667,52.61666667,54.65416667,56.01666667
7/22/2006,51.4375,54.4,53.11666667,55.13333333,55.55833333
7/23/2006,51.99166667,54.84166667,53.75416667,55.8625,56.8625
7/24/2006,52.0125,55.39166667,53.80833333,55.72916667,57.35
7/25/2006,52.26666667,55.47916667,54.05416667,55.52916667,57.14583333
7/26/2006,52.00833333,55.27083333,53.80416667,55.58333333,57.34583333
7/27/2006,52.10833333,55.1125,53.74166667,55.39583333,56.9875
7/28/2006,52.25833333,55.30416667,53.9625,55.775,57.15833333
7/29/2006,52.32083333,55.3875,54.02083333,55.92916667,57.24583333
7/30/2006,52.25416667,55.03333333,53.78333333,55.65416667,56.975
7/31/2006,52.12916667,54.8,53.60833333,55.48333333,56.42083333
8/1/2006,52.30833333,54.96666667,53.80416667,55.75833333,56.3625
8/2/2006,52.52916667,55.01666667,53.95416667,55.38333333,56.5
8/3/2006,52.61666667,55.35416667,54.2,55.63333333,56.79166667
8/4/2006,52.64583333,55.39166667,54.2,55.63333333,56.875
8/5/2006,52.68333333,55.425,54.24166667,55.70416667,57.14583333
8/6/2006,52.74583333,55.5375,54.275,55.85833333,57.12916667
8/7/2006,53.17083333,55.92916667,54.7125,56.16666667,57.67916667
8/8/2006,52.51666667,55.69583333,54.3375,56.17083333,57.53333333
8/9/2006,52.08333333,54.9875,53.75833333,55.45,56.84583333
8/10/2006,52.17083333,54.9625,53.70833333,55.2875,56.62916667
8/11/2006,52.19166667,54.975,53.75833333,55.35416667,56.7625
8/12/2006,52.22083333,54.8625,53.62916667,55.25,56.475
8/13/2006,52.34166667,54.85833333,53.82916667,55.275,56.5875
8/14/2006,52.26666667,55.0625,53.82083333,55.45,56.73333333
8/15/2006,52.50416667,55.175,53.98333333,55.5375,56.7875
8/16/2006,52.65416667,55.3125,54.1375,55.175,56.92083333
8/17/2006,52.2125,55.01666667,53.8,55.225,56.75833333
8/18/2006,51.56666667,54.32083333,53.09583333,54.67916667,56.2
8/19/2006,51.62916667,54.18333333,53.05833333,54.49166667,55.7375
8/20/2006,51.575,54.225,53.00416667,54.57916667,55.84166667
8/21/2006,51.61666667,54.12916667,52.99583333,54.43333333,55.61666667
8/22/2006,51.65833333,54.2,53.07916667,54.55,55.71666667
8/23/2006,51.74583333,54.375,53.13333333,54.575,55.7125
8/24/2006,51.75833333,54.99583333,53.2625,54.45,55.7625
8/25/2006,52.15833333,54.6625,53.67916667,55.5125,56.21666667
8/26/2006,52.175,54.5125,53.60416667,55.825,56.825
8/27/2006,52.3125,54.97916667,53.88333333,55.70833333,57.04583333
8/28/2006,52.3625,55.27916667,54.0875,55.90416667,57.26666667
8/29/2006,52.475,55.28333333,54.04166667,55.73333333,57.39166667
8/30/2006,52.62083333,55.53333333,54.49166667,55.76666667,57.28333333
8/31/2006,52.32083333,55.30416667,54.10416667,55.5,57.01666667
9/1/2006,52.20416667,54.73333333,53.61666667,55.14166667,56.65416667
9/2/2006,52.42083333,54.82916667,53.76666667,55.18333333,56.5125
9/3/2006,52.3875,54.86666667,53.8,55.20833333,56.49166667
9/4/2006,52.26666667,54.78333333,53.6375,55.17083333,56.62083333
9/5/2006,52.34583333,54.94166667,53.8125,55.29583333,56.6125
9/6/2006,52.4125,55.07916667,53.85833333,55.23333333,56.65
9/7/2006,52.8375,55.34583333,54.28333333,55.6875,56.88333333
9/8/2006,52.80833333,55.7125,54.49583333,56.11666667,57.60416667
9/9/2006,52.5125,55.0875,53.97916667,55.5,57.1375
9/10/2006,52.2875,55.13333333,53.69583333,55.2875,56.60833333
9/11/2006,52.15833333,54.8625,53.48333333,55.33333333,56.70416667
9/12/2006,52.2,54.7875,53.64166667,55.34166667,56.67083333
9/13/2006,52.3375,54.9875,53.8125,55.15,56.7875
9/14/2006,52.36666667,54.94583333,53.80833333,55.275,57.02083333
9/15/2006,51.79583333,53.99583333,53.05416667,54.34583333,56.07916667
9/16/2006,51.79583333,53.75,52.86666667,53.6625,55.02916667
9/17/2006,52.10833333,54.3,53.62916667,54.33333333,55.5875
9/18/2006,51.89166667,54.275,53.24166667,54.625,56.20416667
9/19/2006,52.05,54.1625,53.33333333,54.525,55.9125
9/20/2006,52.05833333,54.19583333,53.07916667,54.37916667,55.74583333
9/21/2006,52.30416667,54.57916667,53.50416667,54.79583333,56.20833333
9/22/2006,52.04583333,54.0875,53.08333333,54.35416667,55.5375
9/23/2006,52.2,54.45,53.27916667,54.50833333,55.63333333
9/24/2006,52.11666667,54.25416667,53.18333333,54.50416667,55.75
9/25/2006,52.15833333,54.2875,53.2,54.5125,55.78333333
9/26/2006,52.16666667,54.42916667,53.31666667,54.63333333,55.87083333
9/27/2006,52.30416667,54.54583333,53.43333333,54.72083333,55.9625
9/28/2006,52.35833333,54.77083333,53.5875,54.99166667,56.3
9/29/2006,52.3375,54.77916667,53.6,55.01666667,56.34166667
9/30/2006,52.34583333,54.825,53.65416667,55.07916667,56.35
10/1/2006,52.27083333,54.6,53.49583333,54.79166667,55.9625
10/2/2006,52.225,54.44166667,53.40833333,54.64583333,55.66666667
10/3/2006,51.975,54.54583333,53.32916667,54.77083333,55.8375
10/4/2006,51.825,53.98333333,52.8875,54.19583333,55.21666667
10/5/2006,51.84166667,53.82083333,52.825,53.93333333,54.67916667
10/6/2006,52.14583333,54.06666667,53.0875,54.12083333,55.15
10/7/2006,52.35,54.6375,53.56666667,54.85833333,55.85833333
10/8/2006,52.54583333,54.55,53.5625,54.675,55.8
10/9/2006,52.7375,55.05,53.87083333,55.15833333,56.17083333
10/10/2006,52.60833333,54.4125,53.55,54.54166667,55.6375
10/11/2006,52.63333333,54.32916667,53.47916667,54.4,55.28333333
10/12/2006,52.66666667,54.47916667,53.55416667,54.63333333,55.625
10/13/2006,52.62083333,54.58333333,53.61666667,54.6875,55.63333333
10/14/2006,52.67083333,54.50833333,53.57916667,54.61666667,55.66666667
10/15/2006,52.81666667,54.56666667,53.65416667,54.6875,55.6125
10/16/2006,53,55.025,54.0375,55.075,55.6625
10/17/2006,52.79166667,54.20833333,53.3375,54.48333333,55.48333333
10/18/2006,52.825,54.01666667,53.35,54.1875,54.76666667
10/19/2006,53.10416667,54.5625,53.85,54.75833333,55.25416667
10/20/2006,53.27083333,55.22083333,54.22083333,55.625,56.25
10/21/2006,53.13333333,54.60416667,53.775,54.95416667,55.80416667
10/22/2006,53.1875,54.2875,53.60833333,54.475,55.16666667
10/23/2006,53.17083333,54.44583333,53.69583333,54.69166667,55.26666667
10/24/2006,53.20416667,54.3625,53.6875,54.62083333,55.18333333
10/25/2006,52.975,53.5,53,53.70833333,54.1375
10/26/2006,53.14166667,53.5,53.14583333,53.50833333,53.70833333
10/27/2006,52.97083333,53.52083333,53.09166667,53.64166667,54.05
10/28/2006,52.87083333,53.37916667,52.98333333,53.425,53.77083333
10/29/2006,52.99583333,53.28333333,52.95833333,53.35,53.63333333
10/30/2006,53.00416667,53.13333333,52.8375,53.1875,53.38333333
10/31/2006,52.94166667,52.81666667,52.6,52.89166667,53.27916667
11/1/2006,52.84166667,52.55,52.375,52.60833333,52.6625
11/2/2006,53.05416667,53.2875,52.95416667,53.38333333,53.16666667
11/3/2006,53.25416667,53.6,53.24166667,53.7,53.71666667
11/4/2006,53.575,54.45,54.025,54.54166667,54.57083333
11/5/2006,53.65833333,54.475,53.97083333,54.66666667,55.04583333
11/6/2006,54.05416667,55.0875,54.57083333,52.42083333,55.5875
11/7/2006,54.18333333,55.56666667,54.89166667,51.4,56.34166667
11/8/2006,54.34583333,55.92083333,55.06666667,51.4,56.82916667
11/9/2006,53.39166667,53.75,53.27083333,51.4,54.82916667
11/10/2006,52.50833333,52.12916667,51.87083333,51.4,52.64583333
11/11/2006,52.65833333,52.65833333,52.45,51.4,52.47083333
11/12/2006,52.04583333,51.475,51.32083333,51.4,51.7125
11/13/2006,51.8875,51.4875,51.34166667,51.475,51.12083333
11/14/2006,52.52083333,52.3,52.275,52.11666667,52.10416667
11/15/2006,52.51666667,52.45833333,52.45833333,52.20833333,52.57083333
11/16/2006,52.42916667,52.87083333,52.675,52.73333333,53.025
11/17/2006,52.42916667,52.9875,52.75833333,52.875,53.3
11/18/2006,52.78333333,53.56666667,53.29583333,53.37083333,53.77916667
11/19/2006,52.88333333,53.475,53.25416667,53.36666667,53.96666667
11/20/2006,52.98333333,53.5875,53.3625,53.45416667,53.6875
11/21/2006,52.97083333,53.84583333,53.525,53.48333333,53.99166667
11/22/2006,52.60416667,52.95416667,52.72083333,52.8625,53.60833333
11/23/2006,52.32083333,51.75,51.80416667,51.52083333,52.13333333
11/24/2006,52.10833333,50.80833333,51.1875,50.37916667,50.64166667
11/25/2006,51.96666667,50.7625,51.12916667,50.3125,50.2
11/26/2006,51.73333333,50.4,50.7875,50.04583333,49.79166667
11/27/2006,51.9125,50.325,50.5,49.96666667,49.85833333
11/28/2006,51.53333333,49.78333333,50.2125,49.17083333,49.26666667
11/29/2006,51.32916667,49.22916667,49.79583333,48.9875,48.60833333
11/30/2006,51.52916667,49.5625,50.26666667,48.94583333,48.6375
12/1/2006,51.74583333,50.02916667,50.6,49.5,49.2125
12/2/2006,51.86666667,50.175,50.77083333,49.63333333,49.34166667
12/3/2006,51.92916667,50.34583333,50.9625,49.8,49.55833333
12/4/2006,52.08333333,50.42083333,51.0875,49.87083333,49.67083333
12/5/2006,52.3625,50.875,51.45,50.425,50.0625
12/6/2006,52.10416667,50.3875,51.02916667,50.27083333,50.27083333
12/7/2006,52.09583333,50.225,51.01666667,50.37916667,50.15833333
12/8/2006,52.06666667,50.37916667,51.14166667,50.60416667,50.28333333
12/9/2006,52.23333333,51.52916667,51.94166667,51.84583333,51.49166667
12/10/2006,52.11666667,50.86666667,51.2625,51.30416667,51.45
12/11/2006,52.0875,50.55416667,51.12083333,49.64583333,50.72916667
12/12/2006,51.94166667,50.0375,50.29166667,49.1,50.70833333
12/13/2006,51.89166667,50.425,50.8875,49.1,50.75833333
12/14/2006,52.175,52.08333333,52.4625,49.1,52.47916667
12/15/2006,51.95416667,51.43333333,51.64583333,49.1,52.5
12/16/2006,51.1625,48.0625,48.70833333,48.3625,49.00833333
12/17/2006,51.05,47.62916667,48.67916667,47.76666667,47.3125
12/18/2006,50.8625,47.225,48.3375,47.39166667,46.96666667
12/19/2006,50.57083333,46.95,48.10416667,47.075,46.5
12/20/2006,50.3875,47.04583333,48.14166667,47.1625,46.6
12/21/2006,50.58333333,48.1875,49.02083333,48.36666667,47.63333333
12/22/2006,50.42916667,47.91666667,48.75,48.2125,48.05416667
12/23/2006,50.43333333,48.33333333,49.10833333,48.625,48.32083333
12/24/2006,50.35,48.22083333,48.93333333,48.04166667,48.275
12/25/2006,50.37916667,48.51666667,49.25833333,47.7,48.37083333
12/26/2006,49.99166667,48.3875,48.74583333,47.7,48.59166667
12/27/2006,49.9375,47.5125,48.34583333,47.87083333,48.025
12/28/2006,49.43333333,45.91666667,46.85,46.3375,46.7
12/29/2006,49.34166667,45.6875,46.87916667,45.9,45.57916667
12/30/2006,49.2125,46.0125,47.07916667,46.1875,45.9
12/31/2006,49.53333333,47.2,48.16666667,47.3375,46.66666667
1/1/2007,49.575,47.31666667,48.12916667,47.55416667,47.50416667
1/2/2007,49.82916667,47.9875,48.74166667,48.21666667,47.825
1/3/2007,49.5125,47.55,48.12916667,47.97083333,47.975
1/4/2007,49.625,47.85,48.19583333,48.2375,48.175
1/5/2007,49.15833333,46.3375,47.10833333,46.72083333,46.9375
1/6/2007,48.96666667,45.9,46.85,46.125,45.9375
1/7/2007,49.03333333,46.1375,47.09166667,46.325,46.19166667
1/8/2007,49.34583333,47.60416667,48.29583333,47.825,47.5
1/9/2007,49.37916667,47.9,48.37916667,48.275,48.35833333
1/10/2007,49.3875,47.89583333,48.32916667,48.04583333,47.92083333
1/11/2007,49.475,47.075,47.69583333,46.91666667,46.63333333
1/12/2007,49.05,45.58333333,46.68333333,45.20833333,44.70416667
1/13/2007,48.79166667,45.38333333,46.48333333,44.9375,44.05
1/14/2007,48.74166667,45.47083333,46.5,45.11666667,44.54166667
1/15/2007,48.8625,45.9125,46.8875,45.51666667,44.91666667
1/16/2007,48.64583333,45.85833333,46.67083333,45.59583333,45.2625
1/17/2007,48.79583333,46.6125,47.34583333,46.29166667,45.6625
1/18/2007,48.80416667,46.8625,47.53333333,46.47916667,46.10416667
1/19/2007,49.04166667,47.35833333,47.95833333,46.98333333,46.49166667
1/20/2007,49.175,47.46666667,47.95416667,47.16666667,46.8625
1/21/2007,49.10833333,47.17916667,47.725,46.85833333,46.525
1/22/2007,49.24583333,47.49583333,48.09583333,47.05,46.58333333
1/23/2007,49.17083333,47.41666667,47.86666667,47.13333333,46.96666667
1/24/2007,49.10416667,47.10416667,47.62916667,46.82916667,46.69583333
1/25/2007,49.16666667,47.28333333,47.87916667,47.0125,46.75833333
1/26/2007,49.2375,47.4625,47.9,47.17083333,46.91666667
1/27/2007,49.15,47.60416667,47.85833333,47.4,47.2125
1/28/2007,49.15833333,47.4875,47.9,47.19583333,47.075
1/29/2007,49.24166667,47.72083333,48.03333333,47.5,47.40833333
1/30/2007,49.29583333,47.86666667,48.16666667,47.57916667,47.45416667
1/31/2007,49.2625,47.81666667,48.04583333,47.60833333,47.6
2/1/2007,49.39166667,48.125,48.3875,47.85833333,47.67083333
2/2/2007,49.25416667,47.82916667,47.92083333,47.725,47.70416667
2/3/2007,49.22916667,47.875,48.10416667,47.625,47.45416667
2/4/2007,49.2875,48.26666667,48.3875,48.0875,48.025
2/5/2007,49.37083333,48.69166667,48.70416667,48.54583333,48.45
2/6/2007,49.425,48.87083333,48.82916667,48.7125,48.67083333
2/7/2007,49.46666667,49.27916667,48.92083333,49.35,49.35833333
2/8/2007,49.3875,49.1375,48.54166667,49.28333333,49.56666667
2/9/2007,49.4375,49.0125,48.65833333,49.1375,49.37916667
2/10/2007,49.3875,50.3375,50.17083333,50.39166667,50.57916667
2/11/2007,49.72083333,50.96666667,50.59166667,51.10833333,51.375
2/12/2007,49.42083333,49.12916667,48.69166667,49.6,50.4
2/13/2007,49.4875,49.4875,49.18333333,49.5375,49.78333333
2/14/2007,49.4375,48.925,48.4,49.24583333,49.84166667
2/15/2007,49.5625,49.39583333,48.94166667,49.575,49.80833333
2/16/2007,49.72916667,50.12916667,49.45833333,50.3,51.01666667
2/17/2007,49.96666667,50.875,49.9125,50.90416667,51.7625
2/18/2007,49.99583333,50.98333333,50.075,51.07916667,52
2/19/2007,49.82916667,49.6625,49.025,49.86666667,50.58333333
2/20/2007,49.61666667,48.88333333,48.28333333,49.11666667,49.44166667
2/21/2007,49.25833333,48.94166667,48.39583333,49.0375,49.10833333
2/22/2007,49.3625,48.4375,47.94166667,48.04583333,49.31666667
2/23/2007,49.10416667,47.46666667,47.04166667,47.25416667,48.025
2/24/2007,48.83333333,47.4,46.82083333,47.6625,47.75416667
2/25/2007,49.06666667,47.84583333,47.72083333,47.72916667,47.67916667
2/26/2007,49.11666667,47.84166667,47.34166667,49.3,48.45833333
2/27/2007,48.71666667,45.63333333,44.99166667,49.3,46.3
2/28/2007,48.63333333,45.10416667,45.1,49.3,44.975
3/1/2007,48.5875,46.21666667,45.87083333,49.3,46.49583333
3/2/2007,48.83333333,47.54583333,47.3875,49.3,47.375
3/3/2007,49.26666667,49.56666667,49.0375,49.85833333,49.6875
3/4/2007,49.62083333,50.53333333,49.7,50.73333333,51.22916667
3/5/2007,49.74583333,50.66666667,49.875,50.90416667,51.45416667
3/6/2007,49.93333333,50.89166667,50.54166667,50.84583333,51.525
3/7/2007,49.99166667,50.75,50.075,50.89166667,51.77083333
3/8/2007,50.0625,50.35416667,50.0875,50.725,51.09166667
3/9/2007,50.14583333,50.87916667,50.32083333,50.98333333,51.6875
3/10/2007,50.3,51.325,50.95416667,51.2875,51.96666667
3/11/2007,50.58695652,52.84347826,51.99565217,52.87391304,53.85652174
3/12/2007,50.84166667,53.87916667,52.62083333,54.01666667,55.11666667
3/13/2007,51.17083333,54.58333333,53.25833333,54.7875,56.0625
3/14/2007,51.42083333,54.92083333,53.38333333,55.18333333,56.3125
3/15/2007,51.55,54.30416667,53.22916667,54.59166667,56.15833333
3/16/2007,51.74166667,54.41666667,53.41666667,54.6375,55.93333333
3/17/2007,51.875,55.0125,53.69166667,55.22083333,56.45
3/18/2007,52.125,55.475,54.25416667,55.76666667,56.9875
3/19/2007,52.1625,55.02916667,53.78333333,55.32083333,56.83333333
3/20/2007,52.33333333,55.2375,54.22083333,55.39166667,56.46666667
3/21/2007,52.0625,53.70833333,53.13333333,54.1875,55.55833333
3/22/2007,51.9,53.7625,53.0875,53.62083333,54.57083333
3/23/2007,52.20416667,54.55416667,53.9375,54.42916667,55.45416667
3/24/2007,52.64583333,55.5875,54.525,55.82083333,56.70833333
3/25/2007,52.7125,55.5875,54.20416667,55.9625,57.18333333
3/26/2007,52.3375,53.70833333,52.81666667,53.99166667,55.3375
3/27/2007,51.7125,52.0875,51.28333333,52.1125,53.325
3/28/2007,51.38333333,51.84583333,51.40833333,52.05833333,52.95416667
3/29/2007,51.25,52.5875,52.13333333,52.5625,53.40416667
3/30/2007,52.04166667,53.74583333,53.14166667,53.7625,54.6625
3/31/2007,52.62083333,54.88333333,54.13333333,54.95,55.96666667
4/1/2007,52.60833333,55.0875,54.0875,55.3625,56.69583333
4/2/2007,52.26666667,54.4375,53.6625,54.54166667,55.55833333
4/3/2007,52.225,54.27916667,53.42916667,54.45833333,55.60416667
4/4/2007,52.42916667,54.75833333,53.9125,54.97916667,55.62916667
4/5/2007,52.8125,55.125,54.3,55.3625,56.025
4/6/2007,53.10416667,56.35833333,54.8375,56.13333333,57.25416667
4/7/2007,53.34166667,56.30416667,55.1375,56.62083333,57.61666667
4/8/2007,53.025,55.87083333,55.00416667,55.30416667,57.375
4/9/2007,52.725,55.47916667,54.56666667,54.6,56.13333333
4/10/2007,52.1875,54.4625,53.55,54.2,55.65833333
4/11/2007,51.89166667,53.9,52.825,54.125,54.8875
4/12/2007,52.39583333,53.85,53.3875,53.3375,53.70416667
4/13/2007,52.3125,53.99583333,53.33333333,54.2625,54.89583333
4/14/2007,52.85833333,54.07083333,53.47916667,54.15833333,54.51666667
4/15/2007,53.1125,54.375,53.94583333,54.325,54.2375
4/16/2007,53.19166667,54.89583333,54.12083333,55.01666667,55.76666667
4/17/2007,54.00833333,55.51666667,54.86666667,55.55416667,55.85
4/18/2007,53.11666667,54.4875,53.9875,54.52916667,54.53333333
4/19/2007,51.67916667,52.87083333,52.27916667,53.37083333,54.0625
4/20/2007,52.28333333,53.26666667,53.84166667,53.77916667,53.3375
4/21/2007,52.17916667,53.20833333,52.52916667,53.775,53.6875
4/22/2007,53.14583333,53.95,53.70416667,54.19583333,53.5375
4/23/2007,52.8125,55.0125,54.125,55.06666667,55.85833333
4/24/2007,53.68333333,56.2125,55.2,56.29583333,57.19583333
4/25/2007,54.27083333,56.94583333,55.85416667,57.09166667,58.5625
4/26/2007,54.325,57.22083333,56.225,57.05416667,59.05416667
4/27/2007,52.2,56.925,55.4875,56.42916667,59.39583333
4/28/2007,51.44166667,55.7,53.90416667,55.99166667,58.4625
4/29/2007,51.4125,55.4125,53.625,55.83333333,57.9625
4/30/2007,51.43333333,55.04166667,53.45416667,55.0375,57.3625
5/1/2007,50.24166667,53.22083333,51.7375,53.85416667,55.93333333
5/2/2007,50.00416667,52.62916667,51.73333333,51.83333333,53.67083333
5/3/2007,50.1,51.89166667,51.09583333,52.1125,52.56666667
5/4/2007,51.00416667,52.9375,52.31666667,53.15,52.77083333
5/5/2007,51.49166667,53.89166667,52.9875,54.14166667,54.175
5/6/2007,51.96666667,55,53.54166667,55.79166667,55.40416667
5/7/2007,52.6625,56.41666667,55.00416667,56.9375,57.3
5/8/2007,52.30416667,56.88333333,55.175,57.21666667,58.52916667
5/9/2007,51.29166667,55.725,53.89583333,56.22083333,58.84583333
5/10/2007,51.14166667,55.36666667,53.57083333,55.80416667,57.5625
5/11/2007,50.92083333,54.675,53.4125,55.25416667,56.7875
5/12/2007,50.82916667,53.94583333,52.65833333,54.65416667,55.775
5/13/2007,50.92916667,53.99583333,52.72083333,54.74583333,55.79166667
5/14/2007,50.88333333,54.1625,52.83333333,54.92083333,56.04583333
5/15/2007,50.775,53.56666667,52.30833333,54.41666667,55.2375
5/16/2007,51.1125,54.17916667,52.9,54.85416667,55.65
5/17/2007,51.19166667,54.44583333,53.7,55.26666667,56.44166667
5/18/2007,51.175,54.36666667,52.9875,55.05416667,56.34583333
5/19/2007,51.0625,54.25833333,52.82083333,55.04166667,56.22083333
5/20/2007,51.0625,53.95416667,52.8125,54.62083333,55.46666667
5/21/2007,51.04583333,54.00833333,53.20416667,54.61666667,55.3875
5/22/2007,50.675,53.56666667,52.45,54.32083333,54.90416667
5/23/2007,50.7125,53.47916667,52.35,54.20416667,54.95416667
5/24/2007,50.7875,53.52916667,52.6875,54.7125,55.7625
5/25/2007,50.875,53.8375,52.59166667,54.72916667,55.89583333
5/26/2007,50.96666667,54.35,53.68333333,54.85833333,56.0875
5/27/2007,51.00416667,54.5,53.09583333,54.925,56.49583333
5/28/2007,50.9875,54.35,53.05416667,54.80833333,56.20833333
5/29/2007,50.85833333,54.24583333,52.94166667,54.12916667,56.18333333
5/30/2007,50.55833333,54.42916667,53.00416667,53.80416667,56.49166667
5/31/2007,50.76666667,54.3125,53.8375,54.42083333,56.55833333
6/1/2007,50.95416667,54.70833333,53.30833333,55.3,56.88333333
6/2/2007,51.24583333,54.63333333,53.30416667,55.35,56.75416667
6/3/2007,50.92083333,54.38333333,53.3375,54.95833333,56.49583333
6/4/2007,50.54583333,53.65833333,52.45,54.36666667,55.92916667
6/5/2007,50.75833333,53.34583333,52.27083333,54.0625,54.875
6/6/2007,50.8,53.15416667,52.2875,53.74583333,53.97916667
6/7/2007,51.00416667,53.6875,52.64583333,54.18333333,55.1125
6/8/2007,50.94166667,54.1375,53.025,54.50416667,55.91666667
6/9/2007,51.08333333,54.17083333,52.97916667,54.73333333,56.17083333
6/10/2007,51.2875,54.50416667,53.76666667,54.9375,56.25416667
6/11/2007,51.50833333,55.66666667,54.24583333,55.55,56.84583333
6/12/2007,51.27083333,55.21666667,54.0125,55.75416667,57.15833333
6/13/2007,52.025,55.77083333,54.45833333,56.39166667,57.79166667
6/14/2007,51.40416667,56.1625,54.69583333,56.8625,58.47083333
6/15/2007,51.84583333,55.9875,54.6125,57.12916667,58.60416667
6/16/2007,51.90833333,55.59166667,54.21666667,55.7875,58.45
6/17/2007,52,55.16666667,54.09166667,55.5125,57.29166667
6/18/2007,52.725,55.725,54.76666667,56.12083333,57.35416667
6/19/2007,52.3625,55.12916667,53.6875,56.45,58.3125
6/20/2007,52.275,54.99166667,53.62916667,55.6375,57.74166667
6/21/2007,52.40416667,55.6125,54.625,56.40833333,57.56666667
6/22/2007,52.49166667,55.4125,54.35,56.0125,57.5625
6/23/2007,51.87916667,55,53.99166667,55.775,57
6/24/2007,51.48333333,54.38333333,53.42916667,54.875,56.44166667
6/25/2007,51.77083333,54.725,53.8875,55.1125,56.27916667
6/26/2007,52.71666667,54.77083333,53.825,55.25,56.7125
6/27/2007,52.85833333,55.04166667,54.14583333,55.54166667,57.0125
6/28/2007,52.8,55.34583333,54.3375,55.9,57.67083333
6/29/2007,52.90416667,55.60833333,54.5,56.04166667,57.84583333
6/30/2007,52.74583333,55.13333333,54.2375,55.58333333,57.05416667
7/1/2007,53.1,55.27083333,54.45833333,56.14166667,57.08333333
7/2/2007,53,55.3125,54.47916667,56.19166667,57.2
7/3/2007,52.67083333,55.40833333,54.475,55.89166667,57.2875
7/4/2007,53.2125,56.12083333,54.69166667,56.1375,57.54166667
7/5/2007,53.20416667,55.84583333,54.825,56.38333333,57.97916667
7/6/2007,53.47083333,56,55.04166667,56.4875,58.1375
7/7/2007,53.52916667,56.17916667,55.15,56.425,58.20833333
7/8/2007,53.82083333,56.39166667,55.4125,56.85416667,58.32916667
7/9/2007,54.0125,56.6125,55.64583333,57.14166667,58.74166667
7/10/2007,53.86666667,55.29166667,54.5875,56.85,58.53333333
7/11/2007,53.79166667,55.45416667,54.925,55.9875,57.72083333
7/12/2007,53.59583333,55.8875,55.00416667,56.10416667,57.05833333
7/13/2007,53.88333333,56.375,55.40833333,57.82916667,57.96666667
7/14/2007,54.0375,56.34583333,55.42916667,56.74166667,58.23333333
7/15/2007,54.24166667,56.9,55.72916667,57,58.2
7/16/2007,54.4375,57.6875,55.92916667,57.25416667,58.525
7/17/2007,54.425,56.58333333,55.75833333,57.07083333,58.62916667
7/18/2007,53.875,56.35416667,55.125,56.63333333,57.34166667
7/19/2007,53.88333333,56.50416667,55.32916667,56.59583333,57.23333333
7/20/2007,54.2125,56.42916667,55.74166667,57.04166667,58.28333333
7/21/2007,54.52916667,56.65416667,55.97916667,57.3,58.67916667
7/22/2007,54.825,56.875,56.325,57.69166667,59.05
7/23/2007,54.775,57.2375,56.44166667,57.94583333,59.37083333
7/24/2007,54.5,56.83333333,56.0625,57.5625,59.33333333
7/25/2007,53.75833333,56.59583333,55.65833333,57.47083333,59.1875
7/26/2007,52.89166667,55.15,54.40833333,55.86666667,57.83333333
7/27/2007,53.00416667,55.14583333,54.4625,55.8,57.25833333
7/28/2007,53.13333333,55.34583333,54.625,55.99583333,57.44583333
7/29/2007,53.07916667,55.49583333,54.68333333,56.24166667,57.82916667
7/30/2007,53.18333333,55.74166667,54.88333333,56.12083333,57.69166667
7/31/2007,53.32083333,55.6,54.8625,56.29583333,57.84583333
8/1/2007,53.3,56.05416667,55.025,56.99166667,57.82916667
8/2/2007,53.45,55.71666667,54.9625,56.40416667,57.93333333
8/3/2007,53.92916667,56.225,55.50416667,56.9125,58.3125
8/4/2007,54.075,56.34583333,55.6375,57.06666667,58.72916667
8/5/2007,54.00416667,56.1,55.4625,56.8,58.65416667
8/6/2007,53.96666667,56.04583333,55.44583333,56.75416667,58.2125
8/7/2007,54.22916667,55.99166667,55.45,56.65416667,57.99166667
8/8/2007,54.19583333,56.74166667,55.87083333,56.9,58.26666667
8/9/2007,53.94583333,56.075,55.3625,56.82083333,58.48333333
8/10/2007,53.65416667,55.9375,55.14583333,56.7,58.2625
8/11/2007,53.45833333,55.50833333,54.80833333,56.22916667,57.97916667
8/12/2007,53.2875,55.3,54.6125,56.01666667,57.61666667
8/13/2007,53.45416667,55.25416667,54.6375,55.91666667,57.32083333
8/14/2007,53.37083333,55.50833333,54.80833333,56.52916667,57.44166667
8/15/2007,53.275,55.4625,54.4875,56,57.7
8/16/2007,53.625,55.85833333,54.95416667,56.35416667,57.81666667
8/17/2007,53.9,56.07916667,55.19583333,56.55833333,58.05833333
8/18/2007,53.60833333,56.31666667,55.27916667,57.09583333,58.49166667
8/19/2007,52.86666667,55.40833333,54.29583333,56.22083333,58.37083333
8/20/2007,52.89166667,55.39583333,54.12083333,56.125,57.74583333
8/21/2007,53.24583333,55.84583333,54.72916667,56.425,58.07916667
8/22/2007,53.44166667,56.2375,55.05416667,56.8625,58.5375
8/23/2007,53.41666667,56.17916667,55.0125,56.7875,58.5
8/24/2007,53.4625,56.21666667,54.72083333,56.8625,58.72916667
8/25/2007,53.69166667,56.43333333,55.20416667,57.05833333,58.9375
8/26/2007,53.6875,56.3625,55.03333333,57.2875,59.25416667
8/27/2007,53.69166667,56.34166667,55.2,56.9875,58.85
8/28/2007,53.70416667,56.3,55.1875,56.925,58.67083333
8/29/2007,53.63333333,56.0875,55.02083333,56.6875,58.22916667
8/30/2007,53.65833333,56.4,55.23333333,56.94583333,58.37916667
8/31/2007,54.22083333,57.08333333,55.85416667,57.73333333,59.48333333
9/1/2007,54.43333333,57.34166667,56.05416667,58.06666667,60.05
9/2/2007,54.2,56.88333333,55.725,57.50416667,59.4625
9/3/2007,53.54166667,56.28333333,55.15833333,56.92916667,58.925
9/4/2007,53.7125,56.29583333,55.15833333,56.89583333,58.6125
9/5/2007,54.02083333,56.64583333,55.5,57.17083333,58.37083333
9/6/2007,54.08333333,56.78333333,55.64583333,57.32916667,58.8
9/7/2007,53.69166667,56.39583333,55.21666667,56.99583333,58.72916667
9/8/2007,53.14583333,56.02916667,54.775,56.70416667,58.37916667
9/9/2007,53.34166667,55.8125,54.76666667,56.26666667,57.88333333
9/10/2007,53.61666667,56.3,55.18333333,56.83333333,58.13333333
9/11/2007,53.76666667,56.43333333,55.24583333,57.02083333,58.525
9/12/2007,54.17916667,56.84583333,55.70416667,57.34583333,58.65416667
9/13/2007,53.97083333,56.625,55.3875,57.30416667,58.6
9/14/2007,54.10416667,56.33333333,55.14166667,56.78333333,58.2375
9/15/2007,54.62083333,56.50416667,55.67083333,56.875,58.29166667
9/16/2007,54.825,57.25,56.27083333,57.40416667,58.8625
9/17/2007,55.95833333,57.4875,56.64583333,57.90833333,59.2375
9/18/2007,56.74166667,58.85833333,58.08333333,59.1,59.85416667
9/19/2007,54.875,56.82916667,55.925,57.4375,58.9375
9/20/2007,54.95,56.4,55.69583333,56.54166667,57.13333333
9/21/2007,55.22916667,57,56.27916667,57.30416667,58.31666667
9/22/2007,54.52916667,56.25833333,55.4,56.75,57.71666667
9/23/2007,55.325,56.69583333,56.275,56.8125,57.25416667
9/24/2007,55.5125,56.775,56.17916667,57.0625,58.1
9/25/2007,55.75416667,57.11666667,56.54166667,57.35833333,58.13333333
9/26/2007,54.59166667,56.78333333,55.85416667,57.2625,58.54166667
9/27/2007,54.44166667,56.29583333,55.45833333,56.70416667,57.91666667
9/28/2007,53.95833333,55.86666667,55,56.2875,57.29583333
9/29/2007,54.05833333,54.95416667,54.52083333,55.10833333,55.99166667
9/30/2007,54.04166667,55.1625,54.6875,55.34583333,56.00833333
10/1/2007,54.6875,56.40833333,55.75,56.65416667,57.19583333
10/2/2007,55.02916667,56.21666667,55.6375,56.48333333,57.46666667
10/3/2007,55.04583333,56.325,55.52916667,56.6,57.50416667
10/4/2007,54.6875,55.82916667,55.4125,56.05416667,56.725
10/5/2007,54.60416667,55.3,54.94166667,55.48333333,56.01666667
10/6/2007,54.74583333,55.51666667,55.04166667,55.33333333,55.72916667
10/7/2007,55.37083333,55.9,55.6625,56.1125,56.475
10/8/2007,55.4375,56.37916667,55.95416667,56.58333333,57.275
10/9/2007,54.98333333,56.175,55.6625,56.44583333,56.875
10/10/2007,55.09583333,56.4375,55.92916667,56.70833333,57.1375
10/11/2007,54.65416667,55.44583333,55.17083333,55.59583333,56.22916667
10/12/2007,54.37916667,55.70416667,55.3625,55.8,55.84166667
10/13/2007,53.97083333,55.36666667,54.92083333,55.5875,56.32083333
10/14/2007,54.59166667,55.72916667,55.225,55.95,56.63333333
10/15/2007,55.33333333,56.46666667,55.9875,56.7625,56.875
10/16/2007,55.07083333,56.0625,55.83333333,56.24166667,56.4875
10/17/2007,55.125,55.97916667,55.75833333,56.01666667,56.2875
10/18/2007,54.97083333,55.94583333,55.60833333,56.02916667,56.5625
10/19/2007,55.62083333,56.475,56.14583333,56.37083333,56.5875
10/20/2007,54.95,56.39583333,56,56.25,56.68333333
10/21/2007,54.8625,55.79583333,55.525,55.64166667,56.16666667
10/22/2007,55.89583333,56.57083333,56.34166667,56.36666667,56.67083333
10/23/2007,56.09583333,57.275,56.84583333,57.19583333,57.77083333
10/24/2007,56.0625,57.44583333,56.95833333,57.39166667,58.04583333
10/25/2007,56.07916667,57.2,56.68333333,57.18333333,57.85
10/26/2007,55.62083333,56.47916667,56.07916667,56.49166667,56.91666667
10/27/2007,55.85,56.57083333,56.35416667,56.3375,56.44166667
10/28/2007,55.7,56.83333333,56.46666667,56.74583333,57.16666667
10/29/2007,56.21666667,57.20833333,56.8125,57.1,57.375
10/30/2007,56.5625,57.77916667,57.2875,57.75416667,58.02916667
10/31/2007,56.2,57.44166667,56.99166667,57.375,58.225
11/1/2007,56.14583333,57.225,56.89166667,57.09583333,57.7125
11/2/2007,56.17083333,56.99166667,56.6875,56.85416667,57.4625
11/3/2007,56.17916667,56.77916667,56.59583333,56.55833333,57.05833333
11/4/2007,55.75,56.5375,56.37083333,56.325,56.80416667
11/5/2007,55.71666667,56.39166667,56.26666667,56.10416667,56.45833333
11/6/2007,55.74583333,56.35833333,56.20833333,56.05833333,56.47916667
11/7/2007,55.80833333,56.34166667,56.2,56.05833333,56.41666667
11/8/2007,55.8875,56.31666667,56.15,56.07916667,56.37083333
11/9/2007,56.2375,56.725,56.45416667,56.56666667,56.8375
11/10/2007,55.85833333,56.0375,55.83333333,55.89583333,56.21666667
11/11/2007,56.09583333,56.35416667,56.1875,56.08333333,56.2125
11/12/2007,55.575,55.52083333,55.4375,55.3,55.65833333
11/13/2007,56.4125,56.60833333,56.45833333,56.35416667,56.31666667
11/14/2007,56.22083333,56.57916667,56.32916667,56.425,56.97083333
11/15/2007,56.0625,56.54166667,56.25,56.40416667,56.80416667
11/16/2007,56.325,56.7375,56.375,56.65416667,56.9625
11/17/2007,56.45833333,56.875,56.52083333,56.83333333,57.14583333
11/18/2007,56.2375,56.67916667,56.3625,56.62083333,57.00833333
11/19/2007,56.17083333,56.78333333,56.46666667,56.65416667,57.00833333
11/20/2007,54.72916667,54.65,54.52083333,54.49583333,55.13333333
11/21/2007,54.56666667,53.89166667,54.06666667,53.38333333,53.31666667
11/22/2007,54.2625,53.49166667,53.74166667,53.03333333,53.0125
11/23/2007,53.95833333,53.2,53.49166667,52.72916667,52.5125
11/24/2007,53.72916667,52.85833333,53.17916667,52.30833333,52.15416667
11/25/2007,54.325,53.56666667,53.82083333,53.0625,52.42083333
11/26/2007,54.04166667,53.15416667,53.3875,52.7625,52.61666667
11/27/2007,54.50833333,53.89166667,54.04166667,53.42916667,53.04583333
11/28/2007,54.07083333,53.0125,53.27083333,52.60416667,52.80833333
11/29/2007,53.8125,52.88333333,53.18333333,52.44583333,52.36666667
11/30/2007,53.325,52.1125,52.49583333,51.5875,51.67916667
12/1/2007,52.75416667,51.25416667,51.81666667,50.67916667,50.57916667
12/2/2007,52.6875,51.14583333,51.75416667,50.63333333,50.04166667
12/3/2007,53.11666667,52.075,52.52916667,51.51666667,50.78333333
12/4/2007,53.6125,53.06666667,53.1,52.83333333,52.77083333
12/5/2007,53.58333333,52.65416667,52.95833333,52.37916667,52.99166667
12/6/2007,53.35416667,53.04166667,53.17083333,52.8,52.80416667
12/7/2007,53.18333333,52.15833333,52.14583333,51.97083333,52.5625
12/8/2007,51.87916667,51.05416667,51.37916667,50.66666667,50.99166667
12/9/2007,50.97083333,49.9875,50.45,49.5375,49.6375
12/10/2007,51.1125,50.14583333,50.68333333,49.50833333,49.27083333
12/11/2007,51,49.35833333,49.91666667,48.7875,48.79583333
12/12/2007,51.63333333,49.4875,50.2625,49.6,49.07083333
12/13/2007,51.2625,49.55416667,50.48333333,49.27916667,49.3625
12/14/2007,51.10833333,49.79583333,50.45833333,49.2,49.0875
12/15/2007,51,50.29166667,50.74166667,49.81666667,49.625
12/16/2007,50.64166667,50.26666667,50.65416667,49.97083333,49.97916667
12/17/2007,50.65,50.075,50.51666667,49.69166667,49.5
12/18/2007,50.69166667,50,50.16666667,49.9625,49.91666667
12/19/2007,50.28333333,49.4875,49.76666667,49.6625,49.72083333
12/20/2007,50.13333333,48.74583333,48.9125,48.95,49.34166667
12/21/2007,49.2875,47.40416667,48.025,47.49166667,47.50416667
12/22/2007,49.0625,47.11666667,47.89583333,47.05,46.7125
12/23/2007,49.9125,48.56666667,49.175,48.42083333,47.80416667
12/24/2007,49.7375,49.17916667,49.49166667,49.24166667,49.02083333
12/25/2007,49.09166667,47.75416667,48.34166667,47.73333333,47.84166667
12/26/2007,48.54166667,47.5,48.1875,47.42083333,47.24583333
12/27/2007,48.01666667,46.75833333,47.50416667,46.6625,46.425
12/28/2007,47.9625,47.02916667,47.65416667,46.9875,46.3875
12/29/2007,47.67083333,46.775,47.32916667,46.79583333,46.62083333
12/30/2007,48.54166667,47.175,47.66666667,47.11666667,46.95833333
12/31/2007,47.54166667,46.6,47.125,46.63333333,46.72083333
1/1/2008,47.72083333,46.7,47.35,46.57083333,46.33333333
1/2/2008,47.7125,46.775,47.32916667,46.75833333,46.70416667
1/3/2008,47.80416667,46.91666667,47.4125,46.89583333,46.50833333
1/4/2008,47.84583333,46.48333333,46.62083333,46.80833333,46.97083333
1/5/2008,47.30833333,45.57083333,46.40833333,45.80416667,45.92083333
1/6/2008,47.075,45.35,45.91666667,45.52083333,45.61666667
1/7/2008,47.23333333,45.9125,46.475,45.97083333,45.9125
1/8/2008,46.94583333,45.7875,45.7375,46.15833333,46.0125
1/9/2008,47.35,44.84583333,45.6375,44.925,44.78333333
1/10/2008,47.35,45.8875,46.11666667,46.125,45.925
1/11/2008,47.7125,46.8875,47.19166667,46.96666667,46.54166667
1/12/2008,47.88333333,47.65,47.65,47.88333333,47.85833333
1/13/2008,47.77916667,46.95,47.05416667,47.19583333,47.5125
1/14/2008,47.34583333,46.44583333,46.64583333,46.7375,46.85416667
1/15/2008,46.93333333,45.85833333,46.13333333,46.04583333,46.1125
1/16/2008,46.05,44.40416667,44.85833333,44.5,44.48333333
1/17/2008,46.45833333,44.675,45.38333333,44.6125,44.25
1/18/2008,46.76666667,45.95416667,46.24166667,46.00416667,45.62083333
1/19/2008,46.61666667,45.99166667,46.15833333,46.14166667,46.18333333
1/20/2008,46.35833333,45.40833333,45.69583333,45.62916667,45.6875
1/21/2008,45.93333333,45.29166667,44.99583333,45.48333333,45.49583333
1/22/2008,45.60416667,43.82916667,44.24583333,43.80416667,44.02083333
1/23/2008,45.70416667,44.6625,44.88333333,44.73333333,44.2375
1/24/2008,45.12916667,44.475,44.325,44.65416667,44.40416667
1/25/2008,45.24583333,43.35,43.27083333,43.76666667,43.96666667
1/26/2008,45.94583333,44.2375,45.0375,43.9875,44
1/27/2008,45.89166667,46.35833333,46.27083333,44.89166667,45.32916667
1/28/2008,45.34583333,44.51666667,44.35416667,44.89166667,45.32916667
1/29/2008,44.70416667,43.87083333,43.9,44.19583333,43.95416667
1/30/2008,44.73333333,42.95416667,43.21666667,43.1875,43.225
1/31/2008,44.32916667,43.37916667,43.3,43.71666667,43.49583333
2/1/2008,44.9,43.13333333,43.80416667,43.175,42.9125
2/2/2008,43.97083333,44.07916667,43.95833333,44.40416667,44.0125
2/3/2008,44.64166667,42.96666667,43.75,43.02083333,43.08333333
2/4/2008,44.8875,44.35833333,44.55,44.5875,44.425
2/5/2008,45.04583333,44.46666667,44.67083333,44.65,44.61666667
2/6/2008,45.62916667,45.9125,45.84583333,45.92916667,45.6875
2/7/2008,45.91666667,46.55,46.2875,46.56666667,46.80833333
2/8/2008,45.77083333,46.42083333,46.1,46.47916667,46.87916667
2/9/2008,46.1625,46.72083333,46.52083333,46.69583333,47.08333333
2/10/2008,46.10833333,47.38333333,46.92083333,47.39166667,47.69583333
2/11/2008,46.50833333,47.97916667,47.4875,48.0125,48.48333333
2/12/2008,46.64583333,48.43333333,47.75416667,48.55416667,49.075
2/13/2008,46.36666667,48.175,47.49583333,48.3375,48.99166667
2/14/2008,45.8125,46.3625,46.125,46.5375,47.39583333
2/15/2008,46.06666667,46.54583333,46.65833333,46.42083333,46.7
2/16/2008,45.9625,47.32083333,46.975,47.36666667,47.71666667
2/17/2008,46.04166667,47.4375,46.96666667,47.49583333,48.08333333
2/18/2008,46.32083333,47.95416667,47.35416667,48.05,48.4875
2/19/2008,45.79583333,47.475,46.7375,47.75416667,48.30833333
2/20/2008,45.89166667,47.65,47.16666667,47.65416667,48.25416667
2/21/2008,45.46666667,47.3125,46.55833333,47.54583333,47.93333333
2/22/2008,46.34583333,47.60833333,47.55,47.5875,47.96666667
2/23/2008,45.2375,47.35,46.77083333,47.64166667,48.10833333
2/24/2008,45.80833333,46.7,46.92916667,46.675,46.8375
2/25/2008,46.79166667,48.8875,48.95,48.79166667,48.64583333
2/26/2008,46.825,49.14166667,48.675,49.28333333,49.89583333
2/27/2008,47.12083333,49.64166667,48.9875,49.72916667,50.2375
2/28/2008,47.65,50.1375,49.5125,50.19583333,50.74583333
2/29/2008,47.19583333,50.19166667,49.1125,50.525,51.4
3/1/2008,47.5,50.19583333,49.46666667,50.28333333,50.90416667
3/2/2008,47.09166667,48.9,48.30833333,49.175,50.19166667
3/3/2008,47.5375,48.90833333,48.57916667,48.9375,49.57083333
3/4/2008,47.4,49.525,48.8375,49.69583333,50.3375
3/5/2008,47.22916667,49.30833333,48.46666667,49.5125,50.25833333
3/6/2008,46.6,48.73333333,47.95833333,48.975,49.725
3/7/2008,46.30833333,47.6875,47.12916667,47.8625,48.70416667
3/8/2008,47.1875,48.7,48.15416667,48.70416667,49.0875
3/9/2008,47.6826087,50.43478261,49.4826087,50.5826087,50.96521739
3/10/2008,47.87083333,51.0625,49.68333333,51.3625,52.16666667
3/11/2008,48.5875,51.325,50.19166667,51.75416667,52.625
3/12/2008,48.675,51.64583333,50.66666667,52.29166667,52.96666667
3/13/2008,48.975,52.40416667,51.4,52.94166667,53.35416667
3/14/2008,48.52083333,50.65833333,49.97916667,51.50416667,52.63333333
3/15/2008,48.4875,49.9875,49.79583333,50.4375,51.05
3/16/2008,48.42083333,49.5625,49.35,50.12916667,50.875
3/17/2008,48.67083333,50.225,49.95,50.74583333,51.24166667
3/18/2008,49.0875,51.85416667,51.11666667,52.4125,53.01666667
3/19/2008,48.14166667,51.62083333,50.23333333,52.4625,53.2
3/20/2008,48.75833333,50.29583333,49.81666667,50.84166667,51.96666667
3/21/2008,49.04166667,51.1875,50.49583333,51.75833333,52.3375
3/22/2008,49.15833333,51.70833333,51.2375,52.12083333,52.90416667
3/23/2008,49.34583333,52.18333333,51.22083333,52.84583333,53.64583333
3/24/2008,49.06666667,52.5875,51.37916667,53.35,54.24583333
3/25/2008,49.82083333,52.96666667,51.70416667,53.66666667,54.6375
3/26/2008,48.94166667,52.02916667,51.075,52.89166667,54.20416667
3/27/2008,48.62916667,50.27083333,49.77916667,50.8125,51.975
3/28/2008,47.94166667,49.97916667,49.40416667,50.6625,51.19166667
3/29/2008,47.95833333,49.64583333,49.2,50.10833333,50.83333333
3/30/2008,48.06666667,49.9125,49.36666667,50.4875,51.22083333
3/31/2008,48.22083333,49.87916667,49.275,50.4375,51.2625
4/1/2008,48.91666667,50.79166667,50.1875,51.35833333,51.84166667
4/2/2008,49.92916667,51.35,50.8875,51.7625,52.55
4/3/2008,50.07083333,52.74583333,51.8375,53.3,53.92083333
4/4/2008,49.80833333,52.82083333,51.80833333,53.525,54.43333333
4/5/2008,49.55833333,52.47083333,51.46666667,53.00833333,54.20833333
4/6/2008,49.41666667,51.91666667,50.7375,52.6375,53.88333333
4/7/2008,49.25,51.13333333,50.21666667,51.73333333,53.13333333
4/8/2008,49.075,51.5625,50.19583333,52.0625,53.19583333
4/9/2008,49.32916667,50.91666667,49.85416667,51.12083333,52.40833333
4/10/2008,49.34166667,51.525,50.22916667,51.77083333,52.82916667
4/11/2008,49.75416667,52.3625,50.96666667,52.64166667,53.7375
4/12/2008,50.14166667,53.16666667,51.50416667,53.50833333,54.75
4/13/2008,50.25,53.74583333,51.85416667,54.1125,55.475
4/14/2008,50.03333333,53.825,51.80416667,54.23333333,55.7
4/15/2008,49.45833333,52.09166667,50.49583333,52.44583333,53.83333333
4/16/2008,49.45,51.66666667,50.33333333,51.94166667,53.14583333
4/17/2008,49.74583333,52.30833333,50.84166667,52.5625,53.76666667
4/18/2008,50.125,53.1,51.40416667,53.4125,54.70416667
4/19/2008,50.03333333,52.48333333,50.7875,52.85,54.07916667
4/20/2008,49.3375,50.49166667,49.2875,50.80416667,52.14166667
4/21/2008,49.26666667,50.24583333,49.4,50.34583333,51.24583333
4/22/2008,48.71666667,50.05416667,48.80416667,50.35,51.2125
4/23/2008,49.02083333,50.06666667,49.45416667,50.13333333,50.8125
4/24/2008,49.29583333,50.89583333,50.0125,50.91666667,51.7375
4/25/2008,49.87916667,52.275,51.03333333,52.475,53.3625
4/26/2008,50.68333333,53.75833333,52.20833333,54.05416667,55.24166667
4/27/2008,50.92083333,54.65833333,52.67083333,55.10416667,56.73333333
4/28/2008,51.1125,55.05,52.85416667,55.45416667,57.08333333
4/29/2008,50.40416667,54.0875,51.99166667,54.50416667,55.95833333
4/30/2008,49.91666667,52.41666667,50.91666667,52.74166667,54.04166667
5/1/2008,49.88333333,52.39166667,50.9625,52.66666667,53.91666667
5/2/2008,50.4375,52.78333333,51.325,53.075,57.5
5/3/2008,50.84166667,53.54166667,52.07083333,53.775,57.5
5/4/2008,50.87083333,53.95833333,52.22083333,54.30833333,57.5
5/5/2008,51.1,54.525,52.71666667,54.89166667,57.59166667
5/6/2008,50.825,54.9625,52.79583333,55.43333333,57.24583333
5/7/2008,50.69583333,54.82916667,52.8875,55.3875,56.84583333
5/8/2008,50.37916667,54.39583333,52.6125,54.9375,56.47083333
5/9/2008,50.48333333,54.49583333,52.77916667,54.97916667,56.31666667
5/10/2008,50.3375,54.42916667,52.625,54.9625,56.4625
5/11/2008,50.56666667,54.60833333,52.83333333,55.1,56.48333333
5/12/2008,50.52083333,54.1875,52.62083333,54.69166667,55.8875
5/13/2008,50.70833333,54.3625,52.77083333,54.8375,56.1875
5/14/2008,51.25416667,55.63333333,53.82916667,56.13333333,57.62083333
5/15/2008,51.15,55.67083333,53.73333333,56.31666667,57.61666667
5/16/2008,51.57916667,56.25416667,54.19583333,56.75416667,58.01666667
5/17/2008,51.7625,57.14583333,54.58333333,57.77916667,59.1875
5/18/2008,51.46666667,56.96666667,54.3375,57.69166667,59.48333333
5/19/2008,51.37916667,56.32083333,53.95833333,56.94166667,58.65416667
5/20/2008,50.97083333,55.04583333,52.89583333,55.74583333,57.58333333
5/21/2008,50.775,54.05833333,52.55416667,54.4375,55.27916667
5/22/2008,51.1,53.85,52.61666667,54.22083333,54.9625
5/23/2008,50.8625,53.30833333,52.15833333,53.78333333,54.68333333
5/24/2008,50.29166667,52.84166667,51.60833333,53.32916667,54.0875
5/25/2008,50.07083333,52.7875,51.5625,53.10416667,53.6125
5/26/2008,50.7,53.1,51.9625,53.4375,54.31666667
5/27/2008,51.14583333,53.85833333,52.7625,54.175,54.7
5/28/2008,51.39583333,54.4875,53.19583333,54.88333333,55.85
5/29/2008,51.6625,54.73333333,53.50833333,55.35833333,56.25833333
5/30/2008,51.92916667,54.96666667,53.86666667,55.7875,56.825
5/31/2008,52.20416667,55.71666667,54.0875,56.17083333,57.34583333
6/1/2008,52.20416667,55.72916667,54.15416667,56.23333333,57.475
6/2/2008,52.5,55.76666667,54.25416667,56.29583333,57.60416667
6/3/2008,52.91666667,56.2375,54.64166667,56.55,57.69166667
6/4/2008,52.775,55.65416667,54.52916667,56.32916667,57.12083333
6/5/2008,53.06666667,55.875,54.67083333,56.34166667,57.35
6/6/2008,53.3125,56.04583333,54.94583333,56.64166667,57.5375
6/7/2008,53.22083333,55.72916667,54.75416667,56.44583333,57.39166667
6/8/2008,53.55,56.12916667,55.14166667,56.85833333,57.75416667
6/9/2008,53.975,56.9125,55.8,57.68333333,58.59583333
6/10/2008,53.70416667,56.60416667,55.35833333,57.50416667,58.84583333
6/11/2008,53.77916667,56.08333333,55.2125,56.7625,57.82916667
6/12/2008,53.99166667,56.45416667,55.55,57.2125,58.175
6/13/2008,54.30833333,56.725,55.79166667,57.47083333,58.825
6/14/2008,54.1375,57.10833333,55.84583333,57.975,59.45
6/15/2008,54.1625,56.90833333,55.75,57.77083333,59.475
6/16/2008,54.4125,57.1875,56.07916667,58.025,59.53333333
6/17/2008,54.45,57.125,55.99583333,57.99166667,59.575
6/18/2008,54.40833333,56.69166667,55.7875,57.44166667,58.8875
6/19/2008,54.49166667,57.00416667,55.6875,57.14583333,58.56666667
6/20/2008,54.79583333,56.90833333,56.14166667,57.60416667,58.71666667
6/21/2008,54.42083333,56.35,55.45,57.37083333,59.23333333
6/22/2008,54.55,56.55,55.79583333,57,58.15833333
6/23/2008,54.67083333,56.68333333,55.85,57.725,58.61666667
6/24/2008,54.96666667,56.54583333,55.98333333,57.1875,58.49583333
6/25/2008,55.02916667,56.61666667,55.9625,57.30416667,58.575
6/26/2008,55.54166667,57.23333333,56.72083333,57.75,58.52083333
6/27/2008,56.08333333,58.175,57.3875,58.89583333,59.96666667
6/28/2008,55.2875,57.98333333,56.84583333,58.9,60.5875
6/29/2008,55.19583333,57.80833333,56.67083333,57.9,59.61666667
6/30/2008,55.45833333,57.525,56.71666667,58.31666667,59.69166667
7/1/2008,55.32916667,58.32083333,57.0375,58.21666667,59.64583333
7/2/2008,54.99583333,57.38333333,56.50416667,58.2125,59.74583333
7/3/2008,54.925,57.2,56.28333333,57.99583333,59.80833333
7/4/2008,55.05833333,57.42916667,56.54583333,58.22916667,59.925
7/5/2008,54.94583333,56.85833333,56.1,57.625,59.24583333
7/6/2008,55.6125,57.62083333,56.95416667,58.25416667,59.2375
7/7/2008,55.29166667,58.125,57.075,58.99166667,60.53333333
7/8/2008,54.93333333,57.29583333,56.375,58.17083333,60.075
7/9/2008,54.74166667,56.88333333,56.10416667,57.63333333,59.05833333
7/10/2008,54.575,56.99583333,56.08333333,57.51666667,58.875
7/11/2008,54.55,56.59583333,55.77083333,57.4,59.0625
7/12/2008,54.35,56.67916667,55.79583333,57.42916667,59.07916667
7/13/2008,54.6375,56.675,55.97916667,57.39583333,58.8625
7/14/2008,55.08333333,57.34166667,56.59166667,58.06666667,59.37916667
7/15/2008,55.08333333,57.62083333,56.65,58.45416667,60.13333333
7/16/2008,54.30416667,57.22083333,56.20416667,58.09166667,59.78333333
7/17/2008,53.69166667,56.30416667,55.35,56.91666667,58.82083333
7/18/2008,53.4625,55.99166667,54.9,56.39166667,58.05833333
7/19/2008,53.72916667,55.94166667,54.88333333,56.3,57.55833333
7/20/2008,53.89583333,56.58333333,55.49166667,56.97083333,58.24166667
7/21/2008,53.97083333,56.55833333,55.42916667,57.01666667,58.60416667
7/22/2008,53.93333333,56.14166667,55.1125,56.58333333,58.18333333
7/23/2008,54.24166667,56.48333333,55.50416667,56.825,57.82916667
7/24/2008,53.90833333,56.54166667,55.47083333,56.95416667,58.34166667
7/25/2008,54.22916667,56.25833333,55.4,56.5625,57.99166667
7/26/2008,54.37083333,56.6375,55.66666667,56.99583333,58.17916667
7/27/2008,54.47083333,57.06666667,55.95,57.4625,58.81666667
7/28/2008,54.5,57.14583333,56.0375,57.59583333,59.15416667
7/29/2008,54.61666667,57.33333333,56.19166667,57.77083333,59.27916667
7/30/2008,54.5625,57.18333333,56.0625,57.63333333,59.24166667
7/31/2008,54.84583333,57.49166667,56.36666667,57.94166667,59.31666667
8/1/2008,54.72916667,57.75,56.55833333,58.21666667,59.6875
8/2/2008,54.2375,57.02916667,55.875,57.5375,59.37916667
8/3/2008,54.35416667,57.15416667,55.99583333,57.62916667,59.04166667
8/4/2008,54.16666667,56.975,55.80833333,57.475,59.1625
8/5/2008,54.4,57.13333333,56.00416667,57.575,58.99166667
8/6/2008,54.47083333,57.16666667,56.02083333,57.69583333,59.32916667
8/7/2008,54.41666667,57.6125,56.47916667,58.12083333,59.70833333
8/8/2008,53.74583333,56.45833333,55.4875,57.12916667,59.87083333
8/9/2008,53.93333333,56.10833333,55.31666667,56.625,58.74166667
8/10/2008,54.54583333,56.59583333,55.88333333,57.01666667,58.725
8/11/2008,54.59166667,57.3375,56.4125,57.8375,59.4625
8/12/2008,54.71666667,57.075,56.19166667,57.59583333,59.6875
8/13/2008,55.05833333,57.55416667,56.62916667,58.08333333,59.83333333
8/14/2008,55.0875,57.75,56.7625,58.31666667,60.24583333
8/15/2008,54.69583333,57.3375,56.26666667,58,60.25416667
8/16/2008,54.8625,57.5,56.07083333,58.2,60.19583333
8/17/2008,54.94583333,57.475,56.47083333,58.04166667,60.275
8/18/2008,55.1625,57.64166667,56.69166667,58.15833333,60.2875
8/19/2008,55.22083333,57.68333333,56.77083333,58.25416667,60.3375
8/20/2008,55.0625,57.55,56.675,57.99166667,59.85
8/21/2008,54.75,57.2625,56.29583333,57.97083333,60.07916667
8/22/2008,55,57.15416667,56.3375,57.64583333,59.59583333
8/23/2008,55.1625,57.625,56.65,58.18333333,60.10416667
8/24/2008,55.58333333,57.89583333,56.9875,58.43333333,60.3
8/25/2008,55.83333333,58.25416667,57.3375,58.80416667,60.77916667
8/26/2008,55.48333333,57.97916667,57.04166667,58.59583333,60.59583333
8/27/2008,54.9375,57.40833333,56.50416667,57.99166667,60.05416667
8/28/2008,55.03333333,57.71666667,56.78333333,58.37083333,60.20416667
8/29/2008,55.05833333,57.38333333,56.4875,57.95833333,60.1
8/30/2008,55.09583333,57.47916667,56.625,58.025,59.96666667
8/31/2008,55.1,56.76666667,56.1125,57.25,59.12916667
9/1/2008,55.22083333,56.575,56.12083333,56.925,58.06666667
9/2/2008,55.47083333,57.07083333,56.55416667,57.42083333,58.62916667
9/3/2008,55.77916667,57.54166667,56.91666667,57.97083333,59.68333333
9/4/2008,54.83333333,57.45,56.275,58.1125,60.47083333
9/5/2008,54.96666667,57.35833333,56.1,57.97083333,60.10416667
9/6/2008,54.87916667,57.40833333,56.07916667,58.03333333,60.16666667
9/7/2008,54.79166667,57.3875,56.05,58.0625,60.09583333
9/8/2008,55.025,57.44166667,56.19583333,58.0125,59.79583333
9/9/2008,55.1125,57.40833333,56.225,57.97916667,59.64166667
9/10/2008,55.34583333,57.42083333,56.31666667,58,59.5875
9/11/2008,55.45,57.67916667,56.49166667,58.275,59.88333333
9/12/2008,55.52916667,57.71666667,56.60416667,58.25833333,59.8875
9/13/2008,55.65416667,57.8,56.69583333,58.34166667,59.87916667
9/14/2008,55.79583333,58.02083333,56.8875,58.57083333,60.08333333
9/15/2008,55.9375,58.21666667,57.03333333,58.80416667,60.29166667
9/16/2008,55.96666667,58.20416667,57.06666667,58.72916667,60.2
9/17/2008,56.30416667,58.36666667,57.30833333,58.90416667,60.25833333
9/18/2008,56.19166667,58.12083333,57.1375,58.62083333,59.95833333
9/19/2008,55.94166667,57.65416667,56.675,58.14166667,59.35833333
9/20/2008,56.17083333,57.67083333,56.89166667,57.9875,59.1
9/21/2008,56.49166667,58.15,57.24166667,58.59583333,59.71666667
9/22/2008,56.65833333,58.29166667,57.45,58.71666667,59.85416667
9/23/2008,56.725,58.19166667,57.425,58.52083333,59.625
9/24/2008,56.77083333,58.24166667,57.46666667,58.62083333,59.7625
9/25/2008,57.05833333,58.675,57.86666667,59.02916667,59.875
9/26/2008,57.2375,58.67083333,57.87916667,59.04583333,60.1625
9/27/2008,57.6625,59.17083333,58.3375,59.57083333,60.625
9/28/2008,57.75833333,59.25833333,58.42083333,59.6625,60.825
9/29/2008,57.66666667,59.61666667,58.6625,60.12083333,61.20833333
9/30/2008,57.825,59.7125,58.7625,60.19583333,61.49583333
10/1/2008,57.70416667,59.57916667,58.5875,60.05833333,61.32916667
10/2/2008,57.6875,59.7125,58.75,60.21666667,61.29166667
10/3/2008,57.1,58.39166667,57.85416667,58.92083333,60.175
10/4/2008,57.49166667,58.56666667,58.24166667,58.6875,58.98333333
10/5/2008,57.575,58.8,58.30416667,59.17083333,59.9875
10/6/2008,57.9375,58.83333333,58.36666667,59.09166667,60.05416667
10/7/2008,58.16666667,59.225,58.75833333,59.4875,60.39583333
10/8/2008,58.31666667,59.2375,58.85416667,59.51666667,60.40416667
10/9/2008,57.7375,58.22916667,58.14166667,58.61666667,59.25833333
10/10/2008,56.9,56.6125,56.875,56.92083333,57.2875
10/11/2008,56.80416667,56.0375,56.49166667,56.2625,56.14583333
10/12/2008,57.00833333,56.03333333,56.56666667,56.19583333,56.04166667
10/13/2008,57.79583333,57.13333333,57.5375,57.36666667,57.14166667
10/14/2008,58.225,58.09166667,58.3625,58.37916667,58.54583333
10/15/2008,58.2875,58.275,58.45,58.65,59.13333333
10/16/2008,58.33333333,58.58333333,58.71666667,58.97916667,59.37083333
10/17/2008,58.2,58.70833333,58.74583333,59.1625,59.77083333
10/18/2008,57.925,58.38333333,58.45,58.8625,59.45
10/19/2008,57.7125,58.1125,58.16666667,58.61666667,59.25
10/20/2008,57.77916667,58.02916667,58.1375,58.47916667,59.00833333
10/21/2008,57.69583333,57.65833333,57.85416667,58.06666667,58.49583333
10/22/2008,57.67083333,57.57083333,57.85,57.9125,58.15
10/23/2008,57.75833333,57.57916667,57.91666667,57.90833333,58.25
10/24/2008,57.90833333,57.74583333,58.04166667,58.0625,58.37916667
10/25/2008,57.95,57.87916667,58.14166667,58.21666667,58.50416667
10/26/2008,58.07916667,57.95416667,58.20833333,58.29583333,58.64166667
10/27/2008,57.85,57.74166667,58.0125,58.075,58.3375
10/28/2008,57.91666667,57.775,58.04583333,58.125,58.35833333
10/29/2008,57.97083333,57.6375,57.99166667,57.95,58.2625
10/30/2008,57.64583333,57.3625,57.7125,57.7375,57.775
10/31/2008,58.11666667,58.05,58.37916667,58.39583333,58.18333333
11/1/2008,57.9,58.05,58.2875,58.49166667,58.57916667
11/2/2008,57.925,57.8625,58.275,58.19583333,58.20416667
11/3/2008,57.05833333,56.75,57.06666667,57.25416667,57.44583333
11/4/2008,57.0375,55.725,56.5,55.8875,55.95
11/5/2008,56.275,55.22083333,55.6625,55.30833333,55.17083333
11/6/2008,57.01666667,56.475,56.51666667,56.23333333,55.73333333
11/7/2008,57.4875,57.0125,56.80416667,56.95833333,57.18333333
11/8/2008,57.80416667,57.39166667,57.19583333,57.29583333,57.075
11/9/2008,57.64166667,57.25,56.97916667,57.22083333,57.2875
11/10/2008,57.1,56.40416667,56.24166667,56.38333333,56.53333333
11/11/2008,56.65,56.1125,55.91666667,56.08333333,55.98333333
11/12/2008,56.9625,56.62916667,56.3875,56.5125,56.375
11/13/2008,57.4875,57.03333333,56.72916667,56.94583333,57.1375
11/14/2008,57.16666667,56.99583333,56.49583333,57.08333333,57.38333333
11/15/2008,57.04583333,56.6875,56.39166667,56.57083333,56.97083333
11/16/2008,56.81666667,56.44583333,56.125,56.37083333,56.77916667
11/17/2008,56.5,56.24583333,55.925,56.15833333,56.475
11/18/2008,56.41666667,55.89583333,55.5875,55.80833333,56.2375
11/19/2008,56.05416667,55.50833333,55.2375,55.375,55.55416667
11/20/2008,55.5125,54.74166667,54.58333333,54.6,54.72083333
11/21/2008,55.40833333,54.34583333,54.28333333,54.04166667,54.1125
11/22/2008,55.0625,54.0375,54.00416667,53.8125,53.77916667
11/23/2008,55.20416667,53.76666667,53.84166667,53.37916667,53.52916667
11/24/2008,55.37916667,53.84166667,53.95833333,53.49166667,53.35416667
11/25/2008,55.6375,54.7625,54.73333333,54.44583333,53.94583333
11/26/2008,55.85416667,54.94583333,54.85,54.71666667,54.65833333
11/27/2008,55.80416667,55.1875,54.94166667,55.03333333,55.00416667
11/28/2008,55.38333333,54.3125,54.24583333,54.0875,54.37916667
11/29/2008,55.69583333,54.82083333,54.76666667,54.47083333,54.29166667
11/30/2008,55.56666667,54.99166667,54.80416667,54.7625,54.81666667
12/1/2008,55.04166667,54.25833333,54.05,54.12916667,54.40416667
12/2/2008,55.17916667,54.04166667,54.0375,53.80833333,53.99166667
12/3/2008,54.37083333,53.35,53.24583333,53.12916667,53.22916667
12/4/2008,54.10833333,52.39166667,52.54583333,52.00416667,52.125
12/5/2008,54.1125,52.475,52.67083333,51.92916667,51.725
12/6/2008,53.72916667,52.07083333,52.19583333,51.67916667,51.55416667
12/7/2008,53.47083333,52.07083333,52.14166667,51.76666667,51.4375
12/8/2008,53.70416667,52.09583333,52.32916667,51.625,51.30833333
12/9/2008,53.1125,51.5875,51.7625,51.07083333,50.925
12/10/2008,52.97916667,51.22916667,51.4375,50.725,50.62916667
12/11/2008,52.7125,51.34166667,51.46666667,50.82916667,50.55833333
12/12/2008,52.525,50.94583333,51.07083333,50.53333333,50.325
12/13/2008,52.18333333,50.51666667,50.64583333,49.99583333,49.68333333
12/14/2008,51.43333333,49.55,49.875,49.0375,48.52916667
12/15/2008,51.26666667,49.05,49.43333333,48.64166667,47.8375
12/16/2008,51.125,49.14166667,49.63333333,48.79166667,48.00416667
12/17/2008,50.5625,48.025,48.79583333,47.3875,47.14583333
12/18/2008,49.96666667,47.42083333,48.325,46.79583333,45.96666667
12/19/2008,50.64166667,48.35,49.1875,47.60833333,46.91666667
12/20/2008,50.35,48.24166667,48.75833333,47.87916667,47.675
12/21/2008,50.4375,49.17916667,49.67083333,48.7,47.9125
12/22/2008,50.2875,48.175,48.35,48.05416667,48.3125
12/23/2008,50.02916667,47.95416667,48.5,47.4625,47.10833333
12/24/2008,49.80416667,48.43333333,48.60833333,48.0375,47.51666667
12/25/2008,49.5625,45.53333333,46.77916667,45.52916667,46.525
12/26/2008,49.24166667,46.17083333,46.77916667,45.61666667,44.88333333
12/27/2008,49.30833333,47.67083333,48.175,47.2375,46.45
12/28/2008,49,48.05,48.21666667,47.77083333,47.40833333
12/29/2008,49.20416667,48.08333333,48.12916667,47.97916667,47.99583333
12/30/2008,49.12083333,48.06666667,48.16666667,47.85416667,47.9875
12/31/2008,48.975,48.09166667,48.23333333,47.8625,47.9125
1/1/2009,48.60833333,48.00416667,48.04583333,47.92083333,47.95416667
1/2/2009,48.3,47.5625,47.52083333,47.32916667,47.23333333
1/3/2009,47.75416667,45.57916667,45.82916667,45.44166667,46.01666667
1/4/2009,47.33333333,44.95,45.5875,44.52083333,44.4125
1/5/2009,47.39166667,46.05,46.56666667,45.61666667,44.91666667
1/6/2009,47.79166667,46.94583333,47.2125,46.57083333,46.275
1/7/2009,48.01666667,47.62083333,47.725,47.4375,47.28333333
1/8/2009,47.95416667,48,48.0125,47.8375,47.70833333
1/9/2009,47.675,46.85,46.92083333,46.64583333,47.0625
1/10/2009,48.05833333,46.78333333,47.17083333,46.325,46.4875
1/11/2009,47.96666667,47.1375,47.3875,46.85416667,46.89583333
1/12/2009,48.45,48.91666667,48.7375,48.7375,48.58333333
1/13/2009,48.28333333,48.89166667,48.62083333,48.875,49.53333333
1/14/2009,47.79166667,47.9375,47.7125,47.98333333,48.75
1/15/2009,47.64166667,47.55833333,47.4875,47.40833333,47.85416667
1/16/2009,47.57083333,47.44583333,47.37916667,47.33333333,47.75
1/17/2009,47.2625,47.24166667,47.11666667,47.12916667,47.50416667
1/18/2009,47.15833333,46.92916667,46.875,46.74583333,47.175
1/19/2009,47.15833333,46.975,46.94583333,46.775,47.08333333
1/20/2009,46.88333333,46.90416667,46.80833333,46.7875,47.05416667
1/21/2009,46.625,46.875,46.79166667,46.87083333,47
1/22/2009,46.90833333,47.6875,47.50416667,47.75833333,47.64166667
1/23/2009,47.39166667,48.2125,47.84166667,48.52083333,48.94583333
1/24/2009,48.38333333,49.18333333,48.85,49.35416667,49.44166667
1/25/2009,48.7,48.8625,48.6125,49.13333333,49.7
1/26/2009,48.30833333,47.44583333,47.54583333,47.575,48.21666667
1/27/2009,47.9625,46.3625,46.7875,46.25416667,46.52083333
1/28/2009,47.96666667,46.75,47.13333333,46.60833333,46.47083333
1/29/2009,48.2125,47.775,47.99583333,47.67916667,47.575
1/30/2009,48.45416667,48.20416667,48.25833333,48.20416667,48.4375
1/31/2009,48.62083333,48.4625,48.5,48.50833333,48.7875
2/1/2009,48.70833333,48.75,48.7375,48.78333333,48.99583333
2/2/2009,48.82916667,48.76666667,48.82916667,48.75,49.20833333
2/3/2009,48.72916667,48.775,48.75,48.83333333,49.27916667
2/4/2009,48.64583333,48.8,48.75416667,48.86666667,49.2125
2/5/2009,48.325,48.82916667,48.68333333,48.99583333,49.22916667
2/6/2009,48.6,49.23333333,49.11666667,49.42083333,49.7
2/7/2009,48.37083333,48.97083333,48.80416667,49.17083333,49.79583333
2/8/2009,47.5875,48.45,48.11666667,48.76666667,49.05
2/9/2009,47.51666667,47.65416667,47.64583333,47.59583333,48.22916667
2/10/2009,46.4875,46.04583333,46.07916667,46.23333333,46.79583333
2/11/2009,46.59583333,45.575,45.61666667,45.68333333,45.56666667
2/12/2009,46.825,45.85416667,45.95833333,45.90416667,45.98333333
2/13/2009,46.22083333,45.8625,45.7625,45.97916667,45.95
2/14/2009,45.96666667,44.725,44.92083333,44.77083333,45.04166667
2/15/2009,45.95833333,45.125,45.19166667,45.25416667,45.10833333
2/16/2009,45.75833333,44.72083333,44.91666667,44.87916667,45.0125
2/17/2009,45.675,44.9375,45.18333333,45.05416667,45.10416667
2/18/2009,46.5,46.375,46.65416667,46.2875,45.91666667
2/19/2009,46.9625,47.79166667,47.42083333,47.87916667,47.9625
2/20/2009,47.48333333,48.52083333,47.90416667,48.58333333,48.6625
2/21/2009,47.43333333,49.0625,48.1875,49.2,49.35833333
2/22/2009,47.675,49.5,48.70416667,49.80833333,49.82916667
2/23/2009,48.7125,50.27916667,50.00833333,50.42916667,50.52083333
2/24/2009,48.76666667,50.44583333,50.4375,50.69583333,51.14166667
2/25/2009,47.7625,49.69583333,49.34166667,50.0375,50.5375
2/26/2009,48.45416667,50.05,49.79166667,50.1,50.35
2/27/2009,47.99583333,49.67916667,49.0875,49.99166667,50.725
2/28/2009,47.8125,49.07083333,48.5875,49.35416667,49.74583333
3/1/2009,47.9625,49.66666667,49.45,49.8375,49.70833333
3/2/2009,48.82916667,50.67083333,50.7625,50.7875,50.88333333
3/3/2009,48.4375,49.20833333,49.24166667,49.4375,49.82916667
3/4/2009,48.33333333,48.10833333,48.39166667,48.67916667,49.00416667
3/5/2009,48.28333333,47.6875,48.1,49.1,47.66666667
3/6/2009,48.4,48.74583333,48.53333333,49.1,48.95416667
3/7/2009,48.42916667,49.15833333,48.80416667,49.1,49.5625
3/8/2009,48.36521739,49.72608696,49.14782609,49.1,50.13913043
3/9/2009,47.85,48.86666667,48.42083333,49.19583333,49.64166667
3/10/2009,47.71666667,48.17916667,47.83333333,47.81666667,49.00416667
3/11/2009,48.40416667,48.825,48.6125,48.45833333,49.15416667
3/12/2009,48.9875,50.0375,49.64166667,49.94166667,50.425
3/13/2009,49.2625,50.975,50.3625,50.96666667,51.57916667
3/14/2009,48.8,51.08333333,50.26666667,51.24583333,51.94583333
3/15/2009,48.43333333,50.61666667,49.79166667,50.79583333,51.32916667
3/16/2009,49.62916667,51.025,50.61666667,51.0875,51.4375
3/17/2009,49.83333333,52.64166667,52.11666667,52.575,53.20416667
3/18/2009,49.675,52.80416667,51.94583333,52.92083333,53.85416667
3/19/2009,50.05,53.62083333,52.5875,53.69166667,54.50416667
3/20/2009,50.09583333,54.175,52.84583333,54.32916667,55.42083333
3/21/2009,49.275,53.45833333,52.13333333,53.775,54.80416667
3/22/2009,49.3875,51.7,50.87083333,51.78333333,52.65416667
3/23/2009,49.12916667,50.72083333,50.1125,50.77916667,51.79583333
3/24/2009,49.72083333,51.30416667,50.78333333,51.28333333,52.1
3/25/2009,49.61666667,52.67916667,51.73333333,52.78333333,53.42083333
3/26/2009,50.16666667,53.5,52.38333333,53.59583333,54.625
3/27/2009,50.65416667,54.6875,53.30833333,54.87916667,55.82083333
3/28/2009,50.77083333,55.37083333,53.7375,55.6875,56.94583333
3/29/2009,50.10833333,54.05416667,52.60833333,54.41666667,55.82916667
3/30/2009,49.9375,52.12916667,51.27916667,52.27916667,53.64583333
3/31/2009,50.14166667,52.99583333,52.075,53.075,53.875
4/1/2009,50.09583333,53.94166667,52.64583333,54.15833333,55.30416667
4/2/2009,50.02083333,53.77083333,52.3125,54.05416667,55.34166667
4/3/2009,49.5375,52.60416667,51.34583333,52.8375,54.1625
4/4/2009,49.4,51.87916667,50.95,51.98333333,53.1
4/5/2009,49.3,52.30833333,51.20416667,52.475,53.59583333
4/6/2009,49.73333333,52.9125,51.65416667,53.09583333,54.27916667
4/7/2009,49.2125,52.84166667,51.25416667,53.26666667,54.17083333
4/8/2009,48.88333333,51.81666667,50.37916667,52.06666667,52.84583333
4/9/2009,48.525,51.20416667,49.7875,51.54166667,52.32083333
4/10/2009,49.1125,51.5,50.30833333,51.59583333,52.42083333
4/11/2009,49.41666667,52.57083333,50.99166667,52.875,53.81666667
4/12/2009,50.13333333,53.55,51.80416667,53.8375,54.90833333
4/13/2009,50.49583333,54.3625,52.49166667,54.79166667,55.94166667
4/14/2009,49.39166667,52.68333333,50.89583333,53.16666667,54.22916667
4/15/2009,49.45416667,51.45416667,50.32083333,51.70416667,52.79166667
4/16/2009,49.73333333,52.2125,50.8375,52.49166667,53.41666667
4/17/2009,50.2375,53.27916667,51.76666667,53.52083333,54.57916667
4/18/2009,50.49583333,54.40833333,52.51666667,54.85833333,56.1375
4/19/2009,50.6875,54.8375,52.67916667,55.35,56.9875
4/20/2009,50.97916667,55.49166667,53.18333333,55.9875,57.625
4/21/2009,50.775,55.95416667,53.35833333,56.50416667,58.31666667
4/22/2009,50.97916667,56.19166667,53.49583333,56.7875,58.62083333
4/23/2009,50.94166667,55.6875,53.225,56.3,58.0875
4/24/2009,50.5375,54.24166667,52.12916667,54.84583333,56.79583333
4/25/2009,49.91666667,53.29583333,51.59583333,53.62916667,55.225
4/26/2009,50.0625,53.36666667,51.54166667,53.74166667,55.29166667
4/27/2009,49.96666667,53.34166667,51.56666667,53.70416667,55
4/28/2009,49.25416667,51.89166667,50.29583333,52.38333333,53.73333333
4/29/2009,49.42916667,52.08333333,50.6375,52.35416667,53.42083333
4/30/2009,49.4625,51.95833333,50.51666667,52.15833333,53.44583333
5/1/2009,49.29583333,51.51666667,50.09583333,51.875,52.90416667
5/2/2009,49.20416667,51.275,50.15,51.39166667,52.05
5/3/2009,49.85416667,53.02916667,51.65416667,52.96666667,53.175
5/4/2009,50.12916667,52.59166667,51.11666667,52.89583333,54.03333333
5/5/2009,50.9875,54.41666667,53.125,54.45416667,54.825
5/6/2009,51.35833333,54.95,53.325,55.10416667,56.04583333
5/7/2009,51.40416667,55.75833333,54.0375,55.925,56.74583333
5/8/2009,51.01666667,55.85416667,53.74166667,56.2,57.69166667
5/9/2009,51.1875,56.2125,53.97083333,56.57083333,58.14166667
5/10/2009,51.23333333,56.3,53.97916667,56.73333333,58.35416667
5/11/2009,51.3625,56.60833333,54.20833333,57.07916667,58.71666667
5/12/2009,51.00416667,55.75416667,53.5,56.14166667,58.00833333
5/13/2009,50.80416667,55.22083333,53.33333333,55.725,57.34583333
5/14/2009,51.34583333,55.74166667,54.05833333,55.6,57.74166667
5/15/2009,51.525,56.35,54.37916667,56.45833333,58.62916667
5/16/2009,51.54583333,56.6125,54.57083333,56.93333333,59.15833333
5/17/2009,51.42916667,56.68333333,54.44166667,57.02083333,59.18333333
5/18/2009,51.3125,56.89583333,54.4875,57.275,58.37083333
5/19/2009,51.35833333,56.70416667,54.34583333,57.15,59.12916667
5/20/2009,51.3375,56.0875,54.09583333,56.3875,58.66666667
5/21/2009,51.34166667,55.75416667,53.925,56.02083333,57.53333333
5/22/2009,51.3875,56.02083333,54.10833333,56.28333333,57.54166667
5/23/2009,51.45416667,56.2625,54.275,56.5875,58.20833333
5/24/2009,51.575,56.40416667,54.39166667,56.79583333,59.15416667
5/25/2009,51.74166667,56.575,54.5375,56.92916667,59.57916667
5/26/2009,52.00416667,56.8375,54.77916667,57.27083333,59.95833333
5/27/2009,52.0875,56.96666667,54.92916667,57.38333333,60.55416667
5/28/2009,51.95,57.0375,54.87916667,57.50416667,60.4875
5/29/2009,51.92083333,56.90416667,54.72916667,57.4,60.47916667
5/30/2009,52.17916667,57.2125,55.025,57.6625,60.675
5/31/2009,52.24166667,57.2875,55.125,57.80416667,60.81666667
6/1/2009,51.76666667,56.2125,54.20416667,56.73333333,59.74166667
6/2/2009,51.74583333,55.92083333,54.16666667,56.2,58.57916667
6/3/2009,51.975,56.38333333,54.52916667,56.70416667,59.2625
6/4/2009,52.39583333,57.00416667,55.15833333,57.27083333,59.5875
6/5/2009,51.225,54.8125,53.1125,55.25,57.49166667
6/6/2009,51.33333333,54.31666667,53.11666667,54.30416667,55.9875
6/7/2009,52.23333333,55.89583333,54.35,56.04583333,57.81666667
6/8/2009,52.54166667,56.45833333,54.73333333,56.7625,59.17083333
6/9/2009,52.44583333,56.25833333,54.5375,56.64166667,59.04166667
6/10/2009,52.53333333,56.02916667,54.59166667,56.50833333,58.60416667
6/11/2009,52.24166667,55.77916667,54.2875,56.52083333,58.61666667
6/12/2009,52.52083333,55.63333333,54.24166667,56.225,58.4125
6/13/2009,52.975,56.50833333,55.0375,57.14583333,59.37083333
6/14/2009,53.07916667,56.56666667,55.1125,57.23333333,59.5
6/15/2009,53.07916667,56.175,54.9125,56.85,58.64583333
6/16/2009,53.09166667,55.9875,54.7125,56.66666667,58.55833333
6/17/2009,53.54166667,56.95416667,55.5625,57.61666667,59.19583333
6/18/2009,53.46666667,57.125,55.60833333,57.92083333,59.78333333
6/19/2009,53.65,56.8,55.44583333,57.52916667,59.55416667
6/20/2009,53.4,56.55,55.20833333,57.30833333,59.3
6/21/2009,53.27916667,55.975,54.88333333,56.59583333,58.3875
6/22/2009,53.5,56.125,55.04166667,56.775,58.29583333
6/23/2009,53.85,56.72083333,55.59166667,57.44166667,58.93333333
6/24/2009,53.69583333,56.62083333,55.3875,57.46666667,59.50416667
6/25/2009,53.87916667,56.73333333,55.50833333,57.53333333,59.5625
6/26/2009,54.13333333,56.87083333,55.72083333,57.64583333,59.55833333
6/27/2009,54.24166667,56.99166667,55.8625,57.76666667,59.57083333
6/28/2009,54.25833333,57.13333333,55.91666667,57.97083333,60
6/29/2009,54.375,57.21666667,56.01666667,58.02083333,60.20833333
6/30/2009,54.55833333,57.19583333,56.10416667,57.99583333,60.10833333
7/1/2009,54.55833333,57,56.01666667,57.80416667,59.775
7/2/2009,54.67083333,57.1875,56.12083333,57.95833333,59.82916667
7/3/2009,54.88333333,57.42916667,56.37083333,58.21666667,60.17083333
7/4/2009,55.08333333,57.5375,56.52916667,58.30833333,60.27916667
7/5/2009,55.31666667,57.78333333,56.79166667,58.55833333,60.55833333
7/6/2009,55.30416667,57.50416667,56.65416667,58.27083333,60.17916667
7/7/2009,54.9625,57.33333333,56.475,58.05416667,59.8125
7/8/2009,54.6,56.69166667,55.85416667,57.45,59.29166667
7/9/2009,54.525,56.54583333,55.73333333,57.29166667,59.06666667
7/10/2009,54.7875,56.825,55.9125,57.27916667,58.89583333
7/11/2009,55.025,57.225,56.1375,57.58333333,59.2875
7/12/2009,55.17916667,57.50416667,56.4,57.84166667,59.39166667
7/13/2009,55.2875,57.62916667,56.4875,57.97083333,59.4875
7/14/2009,54.8875,57.77083333,56.54583333,58.30833333,59.8875
7/15/2009,54.99166667,57.49166667,56.37916667,58.025,59.575
7/16/2009,54.97083333,57.88333333,56.7125,58.475,59.95416667
7/17/2009,54.45833333,57.24166667,56.075,57.84166667,59.72916667
7/18/2009,54.47916667,57.16666667,56.05416667,57.7125,59.24166667
7/19/2009,54.67083333,57.2625,56.11666667,57.8125,59.4125
7/20/2009,54.63333333,57.77083333,56.4875,58.3625,59.80833333
7/21/2009,53.97083333,56.975,55.73333333,57.62083333,59.575
7/22/2009,53.62083333,56.32083333,55.12916667,56.925,58.85416667
7/23/2009,53.525,56.30833333,55.175,56.84166667,58.44166667
7/24/2009,53.72083333,56.33333333,55.20833333,56.84583333,58.4875
7/25/2009,53.7875,56.40833333,55.29583333,56.95416667,58.54166667
7/26/2009,53.775,56.30833333,55.20833333,56.85416667,58.5
7/27/2009,54.14583333,56.69583333,55.59583333,57.1875,58.61666667
7/28/2009,54.275,57.15833333,55.925,57.74166667,59.3625
7/29/2009,54.275,57.36666667,55.9125,57.72083333,59.58333333
7/30/2009,54.2,57.50416667,55.87083333,57.72916667,59.4875
7/31/2009,54.4125,57.09583333,55.9125,57.70833333,59.32083333
8/1/2009,54.30833333,56.97083333,55.84583333,57.55416667,59.22916667
8/2/2009,54.5625,57.23333333,56.10833333,57.7625,59.35416667
8/3/2009,54.54583333,57.1375,56.04583333,57.69583333,59.2375
8/4/2009,54.60833333,56.99166667,55.99166667,57.49583333,59.00416667
8/5/2009,54.28333333,56.59166667,55.60833333,57.1125,58.825
8/6/2009,54.08333333,56.07083333,55.15,56.6875,58.26666667
8/7/2009,54.19166667,56.1625,55.4375,56.275,57.55833333
8/8/2009,54.6375,56.84166667,56.00416667,56.89583333,58.4375
8/9/2009,54.68333333,56.9625,56.01666667,57.07916667,58.90833333
8/10/2009,54.80416667,57.2875,56.31666667,57.4375,59.15416667
8/11/2009,55.1625,57.58333333,56.5875,57.65416667,59.43333333
8/12/2009,54.60833333,57.6125,56.475,57.8,59.82083333
8/13/2009,53.72916667,56.9125,55.6875,57.24166667,59.77083333
8/14/2009,53.57083333,55.89583333,54.93333333,56.025,58.57083333
8/15/2009,53.95,56.54583333,55.5625,56.67916667,58.37083333
8/16/2009,53.70833333,56.44166667,55.42916667,56.60416667,58.6625
8/17/2009,54.04583333,56.625,55.63333333,56.7125,58.725
8/18/2009,54.25416667,56.8625,55.79583333,57.0125,58.94583333
8/19/2009,54.30833333,57.225,56.04583333,57.43333333,59.30416667
8/20/2009,54.35833333,57.27083333,56.12083333,57.5,59.59166667
8/21/2009,54.525,57.34166667,56.26666667,57.5375,59.60833333
8/22/2009,54.70833333,57.62083333,56.47083333,57.85,59.96666667
8/23/2009,54.65416667,57.4625,56.40416667,57.65833333,59.86666667
8/24/2009,54.55833333,57.08333333,56.09583333,57.23333333,59.34166667
8/25/2009,54.925,57.12916667,56.3,57.19166667,58.94166667
8/26/2009,54.73333333,57.125,56.25833333,57.24166667,59.14583333
8/27/2009,54.9625,57.2,56.35833333,57.26666667,58.97916667
8/28/2009,54.67916667,56.65833333,55.85416667,56.775,58.60833333
8/29/2009,55.16666667,57.52916667,56.725,57.50416667,58.56666667
8/30/2009,54.73333333,57.65833333,56.53333333,57.95,60.23333333
8/31/2009,54.85416667,57.4125,56.375,57.56666667,59.575
9/1/2009,54.77916667,57.3125,56.33333333,57.475,59.57916667
9/2/2009,54.76666667,57.35,56.30833333,57.575,59.875
9/3/2009,54.68333333,57.61666667,56.44583333,57.8875,60.38333333
9/4/2009,54.08333333,56.7875,55.63333333,57.17916667,59.97083333
9/5/2009,54.75,56.82083333,55.99166667,56.875,58.74166667
9/6/2009,54.875,57.35416667,56.39166667,57.52916667,59.475
9/7/2009,54.8,57.025,56.1625,57.14583333,59.31666667
9/8/2009,54.75416667,56.92916667,56.09583333,57.0375,58.93333333
9/9/2009,54.725,57.14166667,56.18333333,57.32916667,59.25416667
9/10/2009,54.9,57.42916667,56.275,57.5625,59.5125
9/11/2009,54.88333333,57.3375,55.9,57.475,59.72083333
9/12/2009,54.82083333,57.35416667,55.86666667,57.55833333,59.4625
9/13/2009,54.69583333,57.16666667,55.70833333,57.24583333,59.09166667
9/14/2009,55.16666667,57.3125,55.9375,57.47916667,59.27916667
9/15/2009,55.29583333,57.65416667,56.275,57.6875,59.52083333
9/16/2009,55.47916667,58.2,56.71666667,58.37916667,60.26666667
9/17/2009,55.75833333,58.52916667,57.025,58.70833333,60.64583333
9/18/2009,55.9125,58.70416667,57.13333333,58.95416667,60.95833333
9/19/2009,56.12916667,59.03333333,57.50416667,59.22916667,61.2625
9/20/2009,56.37916667,59.07916667,57.5625,59.25416667,61.35
9/21/2009,56.4125,59.00833333,57.575,59.18333333,61.06666667
9/22/2009,56.16666667,58.60416667,57.25833333,58.70416667,60.65416667
9/23/2009,55.90833333,58.40416667,57.01666667,58.5125,60.46666667
9/24/2009,55.78333333,58.40416667,56.99166667,58.54583333,60.425
9/25/2009,55.79583333,58.43333333,57.025,58.56666667,60.43333333
9/26/2009,56.08333333,58.59583333,57.25416667,58.725,60.52916667
9/27/2009,55.94583333,58.65,57.21666667,58.79166667,60.69583333
9/28/2009,55.5125,58.30833333,56.8875,58.4625,60.3375
9/29/2009,55.3,57.1875,56.0375,57.20416667,58.875
9/30/2009,55.15416667,56.53333333,55.59166667,56.38333333,57.59583333
10/1/2009,55.19583333,56.62916667,55.75,56.39166667,57.45
10/2/2009,55.0875,56.78333333,55.80833333,56.65416667,57.97916667
10/3/2009,54.87083333,56.62916667,55.5625,56.56666667,57.77916667
10/4/2009,54.27916667,55.42916667,54.62083333,55.24166667,56.425
10/5/2009,54.61666667,55.59166667,54.90416667,55.26666667,56.2
10/6/2009,54.72916667,55.90833333,55.14583333,55.66666667,56.61666667
10/7/2009,55.2625,56.2125,55.45416667,55.90833333,56.97916667
10/8/2009,55.4375,56.45416667,55.73333333,56.19166667,57.35
10/9/2009,55.77916667,56.72083333,56.10833333,56.61666667,57.49583333
10/10/2009,55.99166667,56.99583333,56.35833333,57.0875,57.76666667
10/11/2009,55.8375,57.12916667,56.4125,57.2625,57.9125
10/12/2009,54.95,56.05833333,55.34583333,56.34166667,57.1375
10/13/2009,54.81666667,55.5375,55.1,55.5375,55.68333333
10/14/2009,55.74166667,57.05833333,56.4625,57.0125,57.3875
10/15/2009,55.55,57.05833333,56.21666667,57.32916667,58.17916667
10/16/2009,56.7375,57.52083333,57.14166667,57.525,57.92083333
10/17/2009,57.58333333,58.8125,58.0375,58.96666667,59.34583333
10/18/2009,57.12916667,58.64166667,57.76666667,59.02083333,59.84166667
10/19/2009,56.60416667,58.00833333,57.42083333,58.075,58.29583333
10/20/2009,56.89166667,57.1,56.8625,57,57.6
10/21/2009,56.83333333,57.8625,57.3125,57.9625,58.325
10/22/2009,57.38333333,58.02916667,57.55416667,58.075,58.65833333
10/23/2009,57.65833333,58.57083333,58.025,58.6375,59.09583333
10/24/2009,57.625,58.57916667,57.9875,58.7125,59.225
10/25/2009,57.4875,58.05833333,57.60416667,58.1,58.65833333
10/26/2009,57.18333333,58.0125,57.54166667,58.11666667,58.6375
10/27/2009,56.89583333,56.82083333,56.6,56.77916667,57.19166667
10/28/2009,56.55833333,55.9625,55.99583333,55.65833333,55.55
10/29/2009,56.5875,56.03333333,56.11666667,55.81666667,55.67916667
10/30/2009,57.4,57.33333333,57.25416667,57.13333333,56.99583333
10/31/2009,57.325,57.6625,57.3375,57.65833333,57.94583333
11/1/2009,57.97083333,58.03333333,57.85833333,57.92083333,58.15416667
11/2/2009,57.86666667,57.94583333,57.72916667,57.91666667,58.32916667
11/3/2009,57.95833333,57.74583333,57.6,57.6625,57.98333333
11/4/2009,57.92083333,57.55416667,57.4125,57.60833333,57.8375
11/5/2009,57.09166667,57,56.71666667,57.375,57.59583333
11/6/2009,57.60833333,56.975,57.02916667,57.06666667,56.8875
11/7/2009,57.42083333,56.7875,56.73333333,56.9125,57.06666667
11/8/2009,57.19583333,55.925,56.0875,55.95416667,56.1875
11/9/2009,56.4875,55.34166667,55.53333333,55.41666667,55.27083333
11/10/2009,57.18333333,55.8,56.14583333,55.71666667,55.27916667
11/11/2009,56.95416667,56.34166667,56.38333333,56.55,56.30833333
11/12/2009,57.10833333,55.85,56.05416667,55.87083333,55.9
11/13/2009,56.52916667,55.00833333,55.32083333,54.9875,54.97916667
11/14/2009,56.525,55.00833333,55.325,54.975,54.68333333
11/15/2009,56.21666667,54.27916667,54.78333333,54.12083333,54.05833333
11/16/2009,55.9375,54.09166667,54.5375,54.00833333,53.7375
11/17/2009,55.36666667,53.76666667,54.14583333,53.67916667,53.31666667
11/18/2009,55.60416667,53.68333333,54.1125,53.65,53.30416667
11/19/2009,55.43333333,53.34583333,53.89583333,53.17083333,52.98333333
11/20/2009,54.73333333,52.95833333,53.42083333,52.9375,52.425
11/21/2009,54.96666667,52.86666667,53.40833333,52.75833333,52.29583333
11/22/2009,55.34583333,53.775,54.1875,53.74583333,53.13333333
11/23/2009,55.1625,53.28333333,53.69583333,53.22916667,53.19583333
11/24/2009,55.69583333,53.65,54.2125,53.5,53.3125
11/25/2009,55.58333333,54.06666667,54.40833333,54.05416667,53.9375
11/26/2009,55.14166667,53.625,53.91666667,53.6875,53.67916667
11/27/2009,55.27083333,54.04166667,54.325,54.05833333,53.64583333
11/28/2009,54.38333333,52.275,52.7125,52.19166667,52.25833333
11/29/2009,54.27916667,52.12916667,52.67083333,51.89166667,51.44583333
11/30/2009,54.24583333,52.38333333,52.84166667,52.20833333,52.00416667
12/1/2009,53.9125,51.81666667,52.29166667,51.73333333,51.84583333
12/2/2009,53.68333333,51.4625,52.02083333,51.1875,51.07083333
12/3/2009,53.64166667,51.42916667,52.08333333,51.02916667,50.75416667
12/4/2009,52.975,50.95833333,51.475,50.78333333,50.53333333
12/5/2009,52.14166667,49.94583333,50.52916667,49.6875,49.4625
12/6/2009,51.39583333,48.49583333,49.34166667,47.95416667,47.74583333
12/7/2009,50.9375,48.22916667,49.06666667,47.6875,47.07083333
12/8/2009,50.32083333,47.13333333,48.25,46.47916667,46.13333333
12/9/2009,50.125,46.87916667,48.0875,46.0125,45.34583333
12/10/2009,50.05833333,47.11666667,48.1875,46.30833333,45.3625
12/11/2009,50.33333333,48.32083333,49.2,47.71666667,46.59583333
12/12/2009,50.54583333,49.10833333,49.69583333,48.7,47.94583333
12/13/2009,51.10416667,49.55833333,49.85,49.40833333,49.14166667
12/14/2009,51.06666667,50.15,50.475,49.89583333,49.425
12/15/2009,51.0875,50.54583333,50.7375,50.3875,50.1375
12/16/2009,50.97916667,49.98333333,49.975,50.125,50.35833333
12/17/2009,51.22916667,49.85833333,50.37916667,49.66666667,49.40833333
12/18/2009,51.12083333,50.53333333,50.7875,50.37916667,50.06666667
12/19/2009,50.43333333,50.175,50.27916667,50.16666667,50.0125
12/20/2009,50.20833333,49.875,50.025,49.7875,49.58333333
12/21/2009,50.275,49.89583333,50.05416667,49.825,49.60833333
12/22/2009,49.58333333,48.22083333,48.49583333,48.2,48.14166667
12/23/2009,49.02916667,47.2,47.75833333,46.925,46.7625
12/24/2009,49.19166667,47.55833333,48.19583333,47.14166667,46.70833333
12/25/2009,49.10833333,47.6375,48.125,47.27916667,46.9625
12/26/2009,48.62916667,47.34583333,47.77083333,47.04583333,46.54583333
12/27/2009,48.95416667,47.90416667,48.35416667,47.55833333,46.82916667
12/28/2009,48.74166667,47.60416667,47.93333333,47.3875,46.97083333
12/29/2009,48.1,46.64583333,47.07916667,46.425,45.99166667
12/30/2009,48.67916667,47.3,47.57916667,47.03333333,46.34583333
12/31/2009,48.3875,47.6125,47.77083333,47.42916667,46.9625
1/1/2010,48.6125,48.32083333,48.17916667,48.34583333,47.91666667
1/2/2010,48.90416667,48.50833333,48.52916667,48.49166667,48.5125
1/3/2010,48.6875,47.83333333,48.0375,47.8875,48.025
1/4/2010,48.47083333,47.50833333,47.80416667,47.425,47.26666667
1/5/2010,48.85416667,48.01666667,48.30833333,47.82083333,47.43333333
1/6/2010,48.72916667,48.11666667,48.25416667,48.03333333,47.62083333
1/7/2010,48.61666667,48.04583333,48.33333333,47.92083333,47.74166667
1/8/2010,48.68333333,48.17083333,48.5875,48.01666667,48.05
1/9/2010,48.62916667,47.95,48.37083333,47.85416667,48.09583333
1/10/2010,49.05833333,48.6625,49.15,48.47083333,48.625
1/11/2010,48.76666667,49.05833333,49.20416667,49.10416667,49.23333333
1/12/2010,48.65833333,48.7,48.79166667,48.89583333,49.44166667
1/13/2010,49.44166667,49.58333333,50.01666667,49.54583333,49.975
1/14/2010,49.00833333,48.4125,49.025,48.5625,49.50416667
1/15/2010,49.1625,48.05833333,48.80416667,47.98333333,48.325
1/16/2010,49.53333333,48.45,49.15,48.29583333,48.53333333
1/17/2010,49.49583333,49.28333333,49.6625,49.3,49.2625
1/18/2010,49.45,48.8625,49.3,48.89583333,49.3625
1/19/2010,49.02083333,48.09583333,48.4625,48.16666667,48.575
1/20/2010,48.52916667,46.8375,47.29583333,46.85833333,47.125
1/21/2010,48.55833333,46.73333333,47.425,46.60416667,46.60416667
1/22/2010,48.40833333,46.97916667,47.64583333,46.925,47.07083333
1/23/2010,48.17083333,46.54166667,46.83333333,46.59583333,47.04583333
1/24/2010,48.32083333,46.48333333,46.9625,46.36666667,46.38333333
1/25/2010,48.1625,46.24583333,46.7375,46.24583333,46.57083333
1/26/2010,48.40416667,46.2375,47.04583333,45.9875,46.08333333
1/27/2010,48.36666667,47.17916667,47.73333333,47.17916667,47.5125
1/28/2010,48.50833333,47.54583333,48.13333333,47.4375,47.69166667
1/29/2010,48.5125,48.27916667,48.6625,48.275,48.50833333
1/30/2010,48.80416667,48.85833333,49.10833333,48.84166667,49.1375
1/31/2010,48.99166667,48.8875,49.06666667,48.87916667,49.39583333
2/1/2010,48.325,48.10416667,48.28333333,48.28333333,48.9625
2/2/2010,48.33333333,47.42916667,47.97916667,47.35,47.75416667
2/3/2010,48.55,48.96666667,49.275,48.9125,49.07083333
2/4/2010,48.15416667,48.7875,48.875,48.95833333,49.64583333
2/5/2010,48.47916667,48.825,49.36666667,48.7875,49.3125
2/6/2010,48.39583333,49.19583333,49.37916667,49.24166667,49.83333333
2/7/2010,48.68333333,48.85,49.25,48.9125,49.6125
2/8/2010,48.22916667,48.25,48.625,48.38333333,49.30416667
2/9/2010,48.88333333,49.21666667,49.3875,48.99166667,49.32083333
2/10/2010,47.975,48.34166667,48.08333333,48.24583333,49.34166667
2/11/2010,48.30416667,48.9375,48.85416667,48.51666667,48.79166667
2/12/2010,48.30416667,49.47916667,49.22083333,49.24166667,49.94166667
2/13/2010,48.72083333,50.35833333,50.05,49.95,50.52916667
2/14/2010,48.25416667,49.85416667,49.45,49.73333333,50.7625
2/15/2010,48.85833333,50.19583333,49.95833333,49.79583333,50.50833333
2/16/2010,49.4375,51.46666667,50.925,51.13333333,51.91666667
2/17/2010,49.45416667,51.50833333,50.95416667,51.3625,52.4625
2/18/2010,49.4375,51.17083333,50.73333333,51.00416667,52.2125
2/19/2010,49.55416667,51.45833333,51.02916667,51.27083333,52.15416667
2/20/2010,49.66666667,52.12916667,51.48333333,51.925,52.79166667
2/21/2010,49.32916667,51.35,50.9125,51.2375,52.48333333
2/22/2010,48.75,49.80833333,49.5375,49.69583333,51.00416667
2/23/2010,48.3375,48.7,48.64583333,48.5875,49.44166667
2/24/2010,48.6375,48.11666667,48.2125,47.7125,48.24166667
2/25/2010,48.82916667,50.28333333,50.2,49.875,50.14166667
2/26/2010,48.60416667,50.625,50.3125,50.48333333,51.175
2/27/2010,49.49166667,50.2625,50.325,49.85833333,50.45416667
2/28/2010,49.32083333,50.60416667,50.49166667,50.375,51.37083333
3/1/2010,49.14583333,51.07083333,50.775,50.87083333,51.68333333
3/2/2010,49.31666667,51.17916667,50.79583333,51.0125,51.65833333
3/3/2010,49.25416667,49.4375,49.12916667,49.27916667,50.44166667
3/4/2010,48.72083333,48.37083333,48.2,48.09583333,48.81666667
3/5/2010,49.45833333,49.95416667,49.9375,49.49583333,49.75416667
3/6/2010,49.75,50.81666667,50.6625,50.50416667,51.15833333
3/7/2010,50.23333333,51.99166667,51.5375,51.71666667,52.44583333
3/8/2010,49.3875,51.75833333,51.08333333,51.72916667,53.00416667
3/9/2010,48.73333333,49.3125,48.87083333,49.25,50.3
3/10/2010,49.52083333,49.32083333,49.09166667,49.04166667,49.45
3/11/2010,49.70416667,50.45,50,50.25416667,50.525
3/12/2010,48.6125,50.525,49.64583333,50.65416667,50.87083333
3/13/2010,48.79166667,48.20416667,47.70833333,48.0125,49.07916667
3/14/2010,49.17391304,49.46086957,48.96956522,49.26521739,49.43913043
3/15/2010,49.44166667,50.96666667,50.17083333,50.76666667,51.02916667
3/16/2010,49.47916667,51.975,50.84583333,51.92916667,52.5875
3/17/2010,50.34166667,53.2375,51.94166667,53.15,53.74166667
3/18/2010,50.47916667,53.60416667,52.2875,53.67083333,54.51666667
3/19/2010,50.79583333,53.45,52.25416667,53.45416667,54.4625
3/20/2010,50.56666667,53.78333333,52.475,53.86666667,54.79166667
3/21/2010,50.37916667,53.4,52.13333333,53.50416667,54.45
3/22/2010,51.10833333,53.15416667,52.02083333,53.13333333,54.17083333
3/23/2010,51.15416667,53.71666667,52.575,53.7375,54.52083333
3/24/2010,51.02916667,53.9875,52.72916667,54.07916667,54.99583333
3/25/2010,50.27083333,53.14583333,51.92083333,53.375,54.34166667
3/26/2010,50.78333333,52.025,51.225,51.8375,52.92083333
3/27/2010,50.99166667,53.1375,52.09583333,53.125,53.6625
3/28/2010,50.19166667,53.5625,52.15416667,53.775,54.59166667
3/29/2010,50.25416667,52.875,51.79583333,52.87083333,53.68333333
3/30/2010,50.46666667,52.57083333,51.45833333,52.5625,53.71666667
3/31/2010,49.7375,51.675,51,51.75416667,52.2375
4/1/2010,50.06666667,51.19583333,50.75,51.07083333,51.925
4/2/2010,48.99166667,50.77916667,50.08333333,50.97916667,51.26666667
4/3/2010,49.08333333,48.65416667,48.35833333,48.57083333,49.64583333
4/4/2010,48.61666667,49.47916667,49.10833333,49.39583333,49.18333333
4/5/2010,48.90833333,48.8,48.54583333,48.52916667,49.17083333
4/6/2010,49.63333333,50.95416667,50.0875,50.84166667,51.09166667
4/7/2010,50.57916667,53.24583333,52.34583333,53.1125,53.3375
4/8/2010,51.07083333,54.95416667,53.76666667,54.925,55.5875
4/9/2010,51.0875,53.68333333,52.71666667,53.73333333,53.88333333
4/10/2010,50.7125,53.66666667,52.79583333,53.85416667,50.97916667
4/11/2010,50.0125,51.76666667,51.35416667,51.82083333,50.4
4/12/2010,49.74166667,50.09583333,50.425,49.9125,50.4
4/13/2010,50.47916667,51.87083333,51.69583333,51.54583333,51.3125
4/14/2010,50.10833333,52.7125,52.2125,53.0125,53.57916667
4/15/2010,51.1,52.85416667,52.4875,52.6875,53.1625
4/16/2010,51.40833333,54.9,53.95,55.025,55.56666667
4/17/2010,51.87916667,55.7875,54.65833333,55.925,56.825
4/18/2010,52.20833333,56.525,55.1,56.74583333,57.8125
4/19/2010,51.95833333,56.35,54.91666667,56.72916667,57.8125
4/20/2010,51.2875,54.8,53.85833333,55.17083333,56.1625
4/21/2010,51.58333333,53.63333333,53.23333333,53.72083333,54.42916667
4/22/2010,51.79583333,54.4625,53.875,54.475,54.99583333
4/23/2010,51.825,55.90416667,54.63333333,56.04166667,56.93333333
4/24/2010,52.075,56.74583333,55.09583333,56.99583333,58.1
4/25/2010,52.29166667,56.64583333,55.02916667,56.91666667,58.22916667
4/26/2010,50.60416667,55.27083333,53.65416667,55.79166667,57.22083333
4/27/2010,50.76666667,54.275,53.13333333,54.42916667,55.17083333
4/28/2010,50.14583333,52.49583333,51.97916667,52.87916667,54.24583333
4/29/2010,50.4125,52.00833333,51.64583333,51.95,52.47916667
4/30/2010,50.97083333,53.0875,52.4875,53.18333333,53.81666667
5/1/2010,51.84583333,54.89583333,53.77083333,54.975,55.6875
5/2/2010,52.4125,55.88333333,54.375,56.06666667,56.975
5/3/2010,51.85833333,56.35833333,54.775,56.62916667,57.87083333
5/4/2010,51.12083333,55.28333333,53.625,55.7375,57.10416667
5/5/2010,50.96666667,54.21666667,53.1375,54.7,55.85833333
5/6/2010,50.95,53.6375,52.72916667,54.0375,54.9125
5/7/2010,50.92916667,54.025,52.82916667,54.4125,55.54583333
5/8/2010,51.2875,55.09583333,53.575,55.52916667,56.56666667
5/9/2010,52.00833333,54.89166667,53.675,55.40416667,56.77916667
5/10/2010,51.65,54.0125,53.37916667,54.47916667,55.175
5/11/2010,51.9375,53.675,53.43333333,53.83333333,56.925
5/12/2010,52.5,55.5375,54.2125,55.925,56.925
5/13/2010,53.17916667,56.85833333,55.3375,57.26666667,58.40833333
5/14/2010,53.34166667,57.47916667,55.74166667,58,59.375
5/15/2010,53.24583333,57.525,55.66666667,58.08333333,59.60416667
5/16/2010,53.15416667,57.4375,55.50833333,57.97083333,59.40416667
5/17/2010,52.57916667,56.38333333,54.675,57,58.18333333
5/18/2010,52.37083333,55.26666667,54.07916667,55.7,56.8375
5/19/2010,51.69583333,54.775,53.35,55.35833333,56.41666667
5/20/2010,51.95833333,54.4125,53.37916667,54.51666667,55.77916667
5/21/2010,51.77083333,54.70833333,53.47916667,54.84166667,56.18333333
5/22/2010,51.475,53.30416667,52.54583333,53.29166667,54.62916667
5/23/2010,51.67916667,53.46666667,52.83333333,53.34166667,54.67083333
5/24/2010,52.07916667,54.325,53.26666667,54.43333333,55.675
5/25/2010,52.02916667,53.88333333,53.075,53.925,55.18333333
5/26/2010,52.85416667,54.26666667,53.62916667,54.03333333,54.97083333
5/27/2010,52.67916667,53.5875,53.12916667,53.59583333,54.90416667
5/28/2010,53.425,54.5125,54.05416667,54.1875,54.70833333
5/29/2010,54.10833333,55.85833333,54.925,55.75,56.775
5/30/2010,54.8875,56.875,55.82916667,56.75416667,57.775
5/31/2010,54.925,57.19583333,55.975,57.1875,58.5625
6/1/2010,54.14166667,57.9375,56.59583333,57.75833333,58.84583333
6/2/2010,51.09583333,54.79166667,53.2,55.3125,57.98333333
6/3/2010,50.80416667,53.29583333,52.05833333,53.24583333,54.62083333
6/4/2010,50.98333333,53.9875,52.5375,53.9375,55.25833333
6/5/2010,51.0625,54.05,52.60833333,53.96666667,55.31666667
6/6/2010,51.47083333,54.35833333,52.975,54.22083333,55.4
6/7/2010,51.7875,55.3625,53.69583333,55.32083333,56.575
6/8/2010,51.89166667,55.45416667,53.77916667,55.39583333,56.9
6/9/2010,52.02083333,56.85,54.48333333,56.13333333,57.825
6/10/2010,51.5125,55.75833333,54.125,55.7375,57.52083333
6/11/2010,51.075,55.08333333,53.3375,55.0125,56.78333333
6/12/2010,51.22916667,55.34166667,53.4625,55.35,57.32916667
6/13/2010,51.25416667,55.8625,53.77916667,55.87083333,57.90833333
6/14/2010,51.29583333,56.06666667,53.82916667,56.09583333,58.24166667
6/15/2010,51.46666667,55.84166667,53.74166667,55.85833333,57.87916667
6/16/2010,51.20833333,55.19166667,53.3375,55.20833333,57.1
6/17/2010,51.60416667,55.10416667,53.52916667,54.98333333,56.64583333
6/18/2010,51.08333333,55.0375,53.2875,55.07916667,57.06666667
6/19/2010,51.22916667,55.12083333,53.37916667,55.15,57.07916667
6/20/2010,51.30416667,55.1875,53.4,55.20833333,57.05833333
6/21/2010,51.62083333,55.35833333,53.59583333,55.35,57.08333333
6/22/2010,51.25,55.40416667,53.525,55.725,57.5375
6/23/2010,51.05,55.51666667,53.52083333,55.97083333,57.35833333
6/24/2010,50.78333333,55.37083333,53.2625,55.92916667,57.75
6/25/2010,51.10416667,55.3875,53.38333333,55.85,57.27083333
6/26/2010,51.54583333,56.07916667,53.94583333,56.575,57.87916667
6/27/2010,51.55833333,56.325,54.0875,56.9,58.45
6/28/2010,51.5375,56.10416667,53.95833333,56.65416667,58.29166667
6/29/2010,51.5875,55.78333333,53.825,56.31666667,57.97916667
6/30/2010,51.51666667,55.65833333,53.80416667,56.175,57.74166667
7/1/2010,51.37916667,55.32916667,53.52916667,55.8375,57.46666667
7/2/2010,51.46666667,55.36666667,53.63333333,55.83333333,57.29166667
7/3/2010,51.4875,55.2125,53.57083333,55.7125,57.04583333
7/4/2010,51.62916667,55.42083333,53.77083333,55.9,57.175
7/5/2010,51.62083333,55.57916667,53.81666667,56.0875,57.56666667
7/6/2010,51.78333333,55.70416667,53.8875,56.21666667,57.79583333
7/7/2010,51.78333333,55.94583333,54.02916667,56.55416667,58.19583333
7/8/2010,51.775,55.68333333,53.85416667,56.2125,57.99583333
7/9/2010,51.97083333,55.96666667,54.0625,56.49583333,58.14583333
7/10/2010,51.87916667,56.00416667,54.09583333,56.59583333,58.3375
7/11/2010,51.81666667,55.6,53.84583333,56.14583333,57.93333333
7/12/2010,52.02083333,55.9,54.0875,56.4,58.01666667
7/13/2010,51.9875,55.8625,54.0875,56.40416667,58.24166667
7/14/2010,51.95,55.73333333,53.97916667,56.26666667,57.8625
7/15/2010,51.87083333,55.6625,53.90416667,56.18333333,57.80416667
7/16/2010,51.78333333,55.775,53.93333333,56.30833333,57.88333333
7/17/2010,51.8,56.01666667,54.15416667,56.59583333,58.20416667
7/18/2010,51.65416667,55.8125,54.00416667,56.40833333,58.22916667
7/19/2010,51.62916667,55.55,53.85,56.0625,57.7125
7/20/2010,51.59166667,55.45416667,53.70833333,56.09583333,57.81666667
7/21/2010,51.6625,55.3625,53.81666667,56.1375,57.85
7/22/2010,51.74166667,55.22083333,53.72916667,55.9625,57.67083333
7/23/2010,51.80416667,55.35,53.87083333,56.10416667,57.84583333
7/24/2010,51.78333333,55.27916667,53.81666667,56.00416667,57.75416667
7/25/2010,51.9375,55.43333333,53.92916667,56.16666667,57.89583333
7/26/2010,51.97916667,55.5125,53.95416667,56.27083333,58.13333333
7/27/2010,52.02083333,55.57083333,54.10833333,56.3375,58.225
7/28/2010,52.03333333,55.30833333,53.99583333,56.075,57.8
7/29/2010,51.8125,55.06666667,53.8625,55.85,57.51666667
7/30/2010,51.8375,54.92083333,53.7125,55.62916667,57.19166667
7/31/2010,51.86666667,55.00416667,53.78333333,55.75416667,57.3125
8/1/2010,52,54.95833333,53.80833333,55.67916667,57.2375
8/2/2010,52.06666667,55.1,53.87083333,55.80833333,57.34583333
8/3/2010,52.07916667,55.12916667,53.84583333,55.85416667,57.2875
8/4/2010,52.33333333,55.24583333,53.88333333,55.95416667,57.30416667
8/5/2010,52.4625,55.425,53.9875,56.17916667,57.5625
8/6/2010,52.51666667,55.46666667,54.01666667,56.22083333,57.7125
8/7/2010,52.6875,55.72083333,54.14166667,56.4875,57.975
8/8/2010,52.75,56.00833333,54.32916667,56.7875,58.3875
8/9/2010,52.82916667,56.04583333,54.39583333,56.86666667,58.4625
8/10/2010,52.70416667,55.4875,54.67916667,56.4375,58.05833333
8/11/2010,52.50416667,55.34166667,54.31666667,56.30416667,57.72916667
8/12/2010,52.47916667,55.27083333,54.17916667,56.25,57.825
8/13/2010,52.54583333,55.50416667,54.32083333,56.50416667,58.075
8/14/2010,52.68333333,55.675,54.39583333,56.65833333,58.20833333
8/15/2010,52.875,55.95833333,54.65,57.00833333,58.80416667
8/16/2010,53.00416667,56.05833333,54.8,57.0875,58.72083333
8/17/2010,52.82083333,56.17083333,55.175,57.22916667,59.31666667
8/18/2010,51.92916667,54.83333333,53.9375,55.94583333,58.45833333
8/19/2010,51.84583333,54.51666667,53.71666667,55.47916667,57.84583333
8/20/2010,52.025,54.91666667,54.05416667,55.92916667,58.15416667
8/21/2010,52.06666667,55.05416667,54.19166667,56.05416667,58.12083333
8/22/2010,52.04166667,54.82916667,53.99166667,55.8875,58.0125
8/23/2010,52.36666667,55.075,54.2625,56.10416667,58.06666667
8/24/2010,52.01666667,55.08333333,54.14583333,56.17083333,58.34166667
8/25/2010,52.2125,55.17916667,54.29583333,56.20416667,58.125
8/26/2010,52.27916667,55.55416667,54.49583333,56.65416667,58.57916667
8/27/2010,52.59583333,55.57916667,54.63333333,56.60833333,58.45
8/28/2010,51.67083333,54.4,53.5625,55.57083333,57.35
8/29/2010,51.85833333,54.32083333,53.7625,55.10833333,56.24166667
8/30/2010,51.8375,54.48333333,53.79583333,55.35,56.8
8/31/2010,52.22916667,54.51666667,53.82916667,55.47916667,57.075
9/1/2010,52.7125,55.55833333,54.67916667,56.56666667,58.2
9/2/2010,52.77083333,55.92083333,54.85833333,57.03333333,58.87916667
9/3/2010,52.77916667,55.62916667,54.60416667,56.70833333,58.625
9/4/2010,52.73333333,55.5625,54.60416667,56.57083333,58.41666667
9/5/2010,52.90416667,55.47083333,54.66666667,56.47916667,58.0625
9/6/2010,52.67916667,55.225,54.46666667,56.25,57.875
9/7/2010,52.27916667,55,54.25833333,56.00833333,57.49583333
9/8/2010,51.96666667,54.6375,54.00416667,55.75,57.08333333
9/9/2010,51.675,54.1625,53.5,55,56.40416667
9/10/2010,51.55,54.0375,53.26666667,54.99166667,56.56666667
9/11/2010,51.7625,54.37916667,53.66666667,55.25833333,56.52916667
9/12/2010,51.5,54.10416667,53.29166667,55.0875,56.72083333
9/13/2010,51.5875,54.125,53.35833333,55.125,56.57916667
9/14/2010,52.5125,54.90833333,54.22916667,55.475,56.6625
9/15/2010,52.6875,55.5125,54.22083333,55.93333333,57.24583333
9/16/2010,53.04166667,55.99583333,54.60833333,56.425,57.72083333
9/17/2010,52.7625,55.90416667,54.56666667,56.4625,57.90833333
9/18/2010,53.1625,56.19583333,54.89583333,56.60833333,57.95416667
9/19/2010,51.975,55.57083333,54.1,56.47916667,58.19166667
9/20/2010,52.07916667,54.85416667,53.77083333,55.40833333,56.5
9/21/2010,51.80416667,55,53.6125,55.475,56.80416667
9/22/2010,52.12916667,55.0125,53.675,55.2375,56.57916667
9/23/2010,52.65,55.225,53.95416667,55.17083333,57.025
9/24/2010,52.92916667,55.38333333,54.2125,55.34166667,57.14166667
9/25/2010,52.85833333,55.30416667,54.15,55.3,57.2125
9/26/2010,53.04583333,55.36666667,54.2,55.30416667,57.17083333
9/27/2010,52.9625,55.54583333,54.34166667,55.48333333,57.34166667
9/28/2010,53.225,55.54166667,54.32083333,55.50416667,57.45833333
9/29/2010,53.29583333,55.7875,54.56666667,55.74583333,57.60833333
9/30/2010,53.275,55.8,54.6375,55.85,57.79583333
10/1/2010,53.32083333,55.82916667,54.59583333,55.8625,57.81666667
10/2/2010,53.34166667,55.66666667,54.57083333,55.65416667,57.6375
10/3/2010,53.25,55.62916667,54.6625,55.5375,57.1375
10/4/2010,52.6875,54.5,53.82916667,54.45,56.16666667
10/5/2010,53.2125,54.49166667,53.77083333,54.1875,55.31666667
10/6/2010,53.2875,55.6875,54.8,55.55833333,57.05
10/7/2010,53.12083333,55.61666667,54.64583333,55.5375,57.225
10/8/2010,53.22916667,55.12083333,54.27916667,54.99583333,56.7375
10/9/2010,53.40416667,55.48333333,54.55,55.3,56.7625
10/10/2010,53.97916667,56.20833333,55.16666667,56.06666667,57.68333333
10/11/2010,54.1125,56.425,55.43333333,56.35416667,58.04166667
10/12/2010,54.09166667,55.80416667,55.125,55.59166667,57.23333333
10/13/2010,53.92083333,55.65416667,54.95416667,55.48333333,57.14583333
10/14/2010,53.41666667,55.275,54.6625,55.06666667,56.77916667
10/15/2010,53.20416667,55.20833333,54.37916667,55.07083333,56.47083333
10/16/2010,53.05833333,55.02083333,54.23333333,54.76666667,56.21666667
10/17/2010,52.52916667,54,53.77916667,53.71666667,55.05
10/18/2010,53.0625,54.40416667,53.72916667,53.975,54.94583333
10/19/2010,52.92083333,54.725,53.99166667,54.54166667,56.06666667
10/20/2010,52.675,54.42083333,53.80833333,54.21666667,55.75
10/21/2010,52.7,54.3625,53.7375,54.04166667,55.3375
10/22/2010,52.64583333,54.4375,53.8375,54.2625,55.43333333
10/23/2010,52.07083333,53.575,53.30416667,53.37083333,54.65416667
10/24/2010,52.49583333,54.18333333,53.69583333,53.52083333,54.15833333
10/25/2010,51.9125,54.2625,53.80833333,53.96666667,55.21666667
10/26/2010,51.975,53.01666667,52.80416667,52.5875,53.84166667
10/27/2010,51.47083333,51.94583333,52.1125,51.7125,52.4125
10/28/2010,51.6625,52.275,52.26666667,52.26666667,51.83333333
10/29/2010,51.87916667,52.75,52.46666667,52.71666667,52.56666667
10/30/2010,51.6625,52.97916667,52.67083333,53.15416667,53.22916667
10/31/2010,52.2875,53.57916667,52.94166667,53.62083333,53.56666667
11/1/2010,52.54166667,53.625,53.05833333,53.7125,54.25416667
11/2/2010,52.8875,54.02916667,53.3375,54.07916667,54.46666667
11/3/2010,52.65,54.19583333,53.5625,54.425,54.79583333
11/4/2010,52.39166667,53.6375,53.32083333,53.81666667,54.4875
11/5/2010,52.3875,53.94166667,53.1375,54.07083333,54.57916667
11/6/2010,52.25833333,53.775,52.94583333,54.01666667,54.74583333
11/7/2010,52.22916667,53.73333333,53.16666667,53.84166667,53.82083333
11/8/2010,52.15416667,52.69166667,52.29166667,52.69583333,52.70833333
11/9/2010,50.90416667,51.26666667,51.05833333,51.19166667,51.8
11/10/2010,51.29166667,51.5875,51.45,51.0875,51.9125
11/11/2010,51.00833333,51.09166667,50.8875,50.72083333,51.38333333
11/12/2010,51.02916667,50.92916667,50.82083333,50.475,50.91666667
11/13/2010,50.8875,51.08333333,50.925,50.67083333,50.99583333
11/14/2010,51.35,51.95833333,51.6375,51.60833333,51.9375
11/15/2010,51.94166667,52.75416667,52.22083333,52.48333333,53.225
11/16/2010,51.76666667,52.54166667,52.04166667,52.26666667,53.18333333
11/17/2010,51.50416667,51.62916667,51.38333333,51.22083333,52.04166667
11/18/2010,51.25,51.34583333,51.19166667,50.99583333,51.70833333
11/19/2010,51.11666667,51.40833333,51.2375,51.00833333,51.2375
11/20/2010,50.50416667,50.25833333,50.29583333,49.8625,50.1
11/21/2010,50.68333333,50.02916667,50.125,49.475,49.53333333
11/22/2010,50.56666667,50.14583333,50.23333333,49.6125,49.675
11/23/2010,50.775,50.31666667,50.25,49.85416667,49.52916667
11/24/2010,50.18333333,48.5,48.80833333,47.86666667,47.97083333
11/25/2010,50.2,48.5125,48.9375,47.79583333,47.52916667
11/26/2010,50.25,48.79166667,49.2,48.09166667,47.83333333
11/27/2010,50.32916667,49.38333333,49.57083333,48.88333333,47.6
11/28/2010,50.4375,48.03333333,49.02916667,47.8125,47.85833333
11/29/2010,50.42916667,48.60416667,49.84583333,47.85833333,47.74583333
11/30/2010,50.49166667,49.31666667,49.7,48.69166667,48.39166667
12/1/2010,51,50.275,50.5,49.55833333,49.27916667
12/2/2010,50.98333333,50.64166667,50.70833333,50.21666667,50.30833333
12/3/2010,50.94166667,50.5,50.57083333,50.09583333,50.36666667
12/4/2010,51.19583333,50.6875,50.7875,50.25,50.6
12/5/2010,51.44166667,51.11666667,51.20833333,51.01666667,51.325
12/6/2010,51.49583333,51.1,51.3,51.25,51.65416667
12/7/2010,51.60416667,51.29583333,51.5625,50.77916667,51.27916667
12/8/2010,51.4125,51.27083333,51.4375,50.99166667,51.29166667
12/9/2010,51.72083333,51.54583333,51.65416667,51.20833333,51.5625
12/10/2010,51.87916667,52.14166667,52.09166667,51.79583333,52.13333333
12/11/2010,51.9125,52.55,52.43333333,52.2125,52.67083333
12/12/2010,51.54583333,51.5375,51.54166667,51.275,52.025
12/13/2010,51.42916667,51.59583333,51.59583333,51.2625,51.56666667
12/14/2010,52.12916667,51.67083333,51.825,51.2875,51.57083333
12/15/2010,53.17916667,51.49166667,51.95416667,51.09166667,51.20833333
12/16/2010,53.15,51.0375,51.85416667,50.7875,50.60416667
12/17/2010,52.97916667,50.8375,51.69583333,50.85,50.3875
12/18/2010,53.2375,50.6,50.55833333,50.69583333,50.725
12/19/2010,53.1875,51.3125,51.49166667,51.375,51.025
12/20/2010,52.72083333,50.65416667,51.22916667,50.65833333,50.30833333
12/21/2010,52.40416667,51.0125,51.53333333,51.05833333,50.65416667
12/22/2010,52.3125,51.02916667,51.35,51.125,50.9625
12/23/2010,52.2375,50.98333333,51.45833333,51.08333333,50.775
12/24/2010,52.55416667,51.62083333,51.99583333,51.68333333,51.375
12/25/2010,52.475,51.54166667,51.9875,51.62916667,51.475
12/26/2010,52,49.98333333,50.525,50.08333333,49.9
12/27/2010,51.72916667,50.4125,50.77083333,50.40833333,50.05
12/28/2010,51.63333333,50.65416667,51.05416667,50.79166667,50.60416667
12/29/2010,51.18333333,49.04583333,49.65,49.17916667,49.04166667
12/30/2010,50.82083333,48.02083333,49.225,48.11666667,47.73333333
12/31/2010,50.75416667,48.19166667,49.26666667,48.25,47.75416667
1/1/2011,50.85833333,48.59583333,49.4625,48.62083333,48.1375
1/2/2011,50.98333333,49.32083333,50.02083333,49.34166667,48.83333333
1/3/2011,51.02916667,49.2625,50.0125,49.30833333,48.92083333
1/4/2011,50.85416667,49.10833333,49.85833333,49.1375,48.77083333
1/5/2011,50.64583333,48.95,49.65833333,48.9625,48.59583333
1/6/2011,50.65833333,48.98333333,49.69166667,49.01666667,48.6625
1/7/2011,50.25833333,48.74583333,49.43333333,48.81666667,48.46666667
1/8/2011,49.90833333,48.37083333,49.0375,48.41666667,48
1/9/2011,49.77083333,48.28333333,48.93333333,48.26666667,47.85416667
1/10/2011,49.58333333,47.43333333,48.3125,47.41666667,47.04583333
1/11/2011,49.55833333,47.74166667,48.51666667,47.67083333,47.20833333
1/12/2011,49.75416667,48.40833333,48.82083333,48.3375,48.0375
1/13/2011,49.64166667,48.72083333,48.6,48.88333333,48.9125
1/14/2011,50.00416667,48.71666667,48.88333333,48.74583333,48.87916667
1/15/2011,49.88333333,49.15,49.21666667,49.21666667,49.4
1/16/2011,50.24583333,50.1375,50.07083333,50.22083333,50.22916667
1/17/2011,49.9125,50.12916667,49.95,50.35416667,50.73333333
1/18/2011,49.725,49.65416667,49.5625,49.82083333,50.20416667
1/19/2011,49.52083333,49.12083333,48.9875,49.26666667,49.775
1/20/2011,49.68333333,48.875,48.94583333,48.9375,49.15
1/21/2011,49.84166667,48.74166667,48.98333333,48.79583333,49.07916667
1/22/2011,50.13333333,49.62916667,49.64166667,49.6875,49.68333333
1/23/2011,49.88333333,49.08333333,49.15416667,49.2,49.525
1/24/2011,49.92083333,48.94583333,49.1375,48.97083333,49.20416667
1/25/2011,50.05833333,49.44166667,49.4,49.475,49.5875
1/26/2011,49.99583333,49.71666667,49.59166667,49.80833333,50.04583333
1/27/2011,49.79166667,49.275,49.1625,49.4,49.84166667
1/28/2011,49.70416667,48.84166667,48.8625,48.95,49.29583333
1/29/2011,49.0375,48.5625,48.40833333,48.77083333,48.85416667
1/30/2011,49.375,48.30416667,48.425,48.275,48.38333333
1/31/2011,49.375,48.37083333,48.40416667,48.40833333,48.62916667
2/1/2011,49.275,48.39166667,48.54166667,48.46666667,48.7125
2/2/2011,49.0875,47.6875,48.2125,47.61666667,47.8625
2/3/2011,49.42083333,47.92083333,48.54583333,47.8375,47.93333333
2/4/2011,49.5875,48.99166667,49.3375,48.95,48.79583333
2/5/2011,49.8875,49.94583333,49.95,50.15,50.30416667
2/6/2011,50.14583333,50.58333333,50.44166667,50.7875,51.25833333
2/7/2011,49.99166667,50.425,50.27916667,50.67916667,51.32083333
2/8/2011,49.31666667,48.9875,49.06666667,49.15416667,49.6625
2/9/2011,49.1125,48.25833333,48.575,48.325,48.64166667
2/10/2011,49.25416667,48.49583333,48.85,48.475,48.7125
2/11/2011,49.40833333,48.89583333,49.10416667,49.00833333,49.3
2/12/2011,49.7125,49.43333333,49.5625,49.50833333,49.72916667
2/13/2011,49.70833333,49.39166667,49.47916667,49.54583333,50.07916667
2/14/2011,48.8625,48.84166667,48.86666667,49.05833333,49.11666667
2/15/2011,48.85416667,48.82083333,48.84583333,48.9625,49.0125
2/16/2011,48.5625,47.87916667,47.7875,48.25,48.825
2/17/2011,47.11666667,45.50416667,45.59166667,45.80833333,46
2/18/2011,47.60833333,44.51666667,45.125,44.49166667,44.45833333
2/19/2011,47.44166667,46.55416667,46.60416667,46.7375,46.45
2/20/2011,47.52083333,46.00416667,46.1875,46.05416667,46.3875
2/21/2011,48.31666667,47.36666667,47.63333333,47.47916667,47.19583333
2/22/2011,48.34583333,47.1625,47.45833333,47.2875,47.67916667
2/23/2011,48.5625,47.6125,47.84583333,47.775,47.93333333
2/24/2011,47.56666667,47.19583333,47.17083333,47.5875,47.9
2/25/2011,48.11666667,45.68333333,45.54166667,45.85416667,46.50416667
2/26/2011,48.14166667,45.72083333,45.76666667,45.82083333,45.91666667
2/27/2011,47.97083333,46.33333333,46.47083333,46.4125,46.46666667
2/28/2011,47.47916667,46.85,46.84583333,47.09583333,46.96666667
3/1/2011,48.36666667,47.17916667,47.65833333,47.29166667,47.325
3/2/2011,48.05833333,48.24583333,48.24166667,48.9625,48.87083333
3/3/2011,48.5875,48.6625,48.96666667,49,49.04166667
3/4/2011,48.67083333,49.1,49.10416667,49.675,50.12083333
3/5/2011,48.59166667,49.88333333,49.81666667,50.42916667,50.40416667
3/6/2011,48.84583333,49.93333333,49.99166667,50.5125,50.75
3/7/2011,49.02083333,49.7875,49.79166667,50.325,50.475
3/8/2011,49.00416667,49.70833333,49.8375,50.35416667,50.8625
3/9/2011,49.225,50.40833333,50.2875,50.95833333,51.44583333
3/10/2011,49.25833333,50.79583333,50.70833333,51.3625,52.08333333
3/11/2011,49.45,50.41666667,50.3125,50.87083333,51.95833333
3/12/2011,48.92083333,50.12916667,50,50.375,51.39583333
3/13/2011,48.54782609,49.60869565,49.49130435,49.8,50.7
3/14/2011,48.95416667,49.65,49.975,49.74583333,50.81666667
3/15/2011,48.52916667,49.71666667,49.825,49.87083333,50.71666667
3/16/2011,48.24166667,49.4875,49.7,49.54583333,50.25416667
3/17/2011,47.95416667,48.05,48.32916667,48.19166667,49.225
3/18/2011,47.70833333,47.72083333,48.00416667,47.8125,48.35833333
3/19/2011,47.37916667,46.875,47.25,46.875,47.25416667
3/20/2011,47.375,46.82916667,47.32916667,46.8375,47.22083333
3/21/2011,47.625,47.87083333,48.05833333,47.9125,48.52083333
3/22/2011,47.575,47.77916667,47.86666667,47.80833333,48.54583333
3/23/2011,47.6375,47.76666667,47.90833333,47.80416667,48.5125
3/24/2011,47.62916667,47.52916667,47.68333333,47.55,47.975
3/25/2011,47.31666667,47.25,47.33333333,47.225,47.60416667
3/26/2011,47.5875,47.72916667,47.91666667,47.67083333,48.12916667
3/27/2011,47.5875,47.86666667,47.95833333,47.93333333,48.55
3/28/2011,47.6875,48.14166667,48.25833333,48.13333333,48.78333333
3/29/2011,47.80833333,48.575,48.5125,48.63333333,49.47916667
3/30/2011,48.07916667,49.03333333,48.8875,49.0625,50.03333333
3/31/2011,48.4,49.57916667,49.27916667,49.6125,50.68333333
4/1/2011,48.5875,49.84583333,49.54166667,49.89166667,50.96666667
4/2/2011,48.74583333,50.10833333,49.74166667,50.12083333,51.25416667
4/3/2011,49.0875,49.7125,49.75416667,49.69166667,50.50416667
4/4/2011,49.20833333,49.9875,50.02916667,49.9375,50.95833333
4/5/2011,49.10416667,50.54166667,50.21666667,50.52916667,51.57083333
4/6/2011,49.14166667,50.3125,50.04583333,50.30833333,51.30416667
4/7/2011,48.62916667,49.4875,49.37916667,49.60416667,50.56666667
4/8/2011,48.74166667,48.6375,48.9625,48.56666667,49.2375
4/9/2011,49.5,49.59166667,49.79166667,49.5625,50.15833333
4/10/2011,49.77916667,50.64583333,50.56666667,50.6125,51.375
4/11/2011,49.99166667,51.62083333,51.27083333,51.60833333,52.48333333
4/12/2011,50.08333333,51.94166667,51.4625,52,53.22916667
4/13/2011,50.3375,51.75416667,51.4,51.8875,52.82083333
4/14/2011,50.14166667,51.9375,51.58333333,52.01666667,52.9625
4/15/2011,49.99583333,52.04166667,51.4375,52.25833333,53.55
4/16/2011,50.82083333,53.0875,52.54583333,53.09166667,54.19166667
4/17/2011,51,54.29166667,53.13333333,54.5,55.74583333
4/18/2011,51.92916667,54.025,53.54166667,54.25833333,55.44166667
4/19/2011,51.77916667,54.0125,53.7875,54.56666667,55.50833333
4/20/2011,50.7625,53.23333333,52.6,54.14166667,55.17083333
4/21/2011,51.72083333,53,53.09583333,53.4125,53.73333333
4/22/2011,51.67916667,53.48333333,53.18333333,54.17083333,54.84166667
4/23/2011,51.88333333,53.62083333,53.3125,54.2875,54.77916667
4/24/2011,52.8875,54.1375,54.00416667,54.7,55.13333333
4/25/2011,52.3625,55.0125,54.575,55.75,56.12916667
4/26/2011,51.95833333,54.31666667,53.775,54.35833333,55.5
4/27/2011,51.3625,54.3,53.1375,55.05416667,55.98333333
4/28/2011,51.9625,54.3375,53.1,55.11666667,55.825
4/29/2011,52.16666667,53.39583333,52.65833333,54.0625,54.725
4/30/2011,52.3125,53.575,52.88333333,54.25,54.925
5/1/2011,52.45833333,54.39166667,53.425,55.03333333,55.72916667
5/2/2011,53.74166667,55.87083333,54.78333333,56.5375,57.05
5/3/2011,53.86666667,56.6125,55.2625,57.16666667,57.99166667
5/4/2011,53.5875,56.7125,55.01666667,57.0875,58.10416667
5/5/2011,54.23333333,57.35833333,55.59583333,57.64583333,58.525
5/6/2011,54.70416667,58.19583333,56.37916667,58.52083333,59.4125
5/7/2011,53.12083333,57.12083333,54.99583333,57.73333333,59.02916667
5/8/2011,52.175,55.59583333,53.9875,55.92916667,56.88333333
5/9/2011,51.77083333,54.89166667,53.27083333,55.3375,56.56666667
5/10/2011,52.23333333,55.125,53.4625,55.42083333,56.40416667
5/11/2011,52.6125,56.19583333,54.53333333,56.62916667,57.52083333
5/12/2011,52.60833333,56.67083333,55.17916667,57.02083333,58.02916667
5/13/2011,52.56666667,56.53333333,54.875,56.93333333,58.22083333
5/14/2011,51.7375,55.50833333,53.91666667,56.02083333,56.97916667
5/15/2011,50.6625,52.55833333,51.63333333,53.02916667,53.86666667
5/16/2011,50.35,51.57083333,51.14166667,51.64166667,52.03333333
5/17/2011,50.2875,51.35833333,50.82083333,51.5875,52.0875
5/18/2011,51.91666667,53.35416667,53.25416667,53.16666667,53.04583333
5/19/2011,53.05833333,55.79583333,54.90416667,55.9375,56.41666667
5/20/2011,54.1,56.97916667,55.8625,57.175,57.95833333
5/21/2011,54.60833333,58.38333333,57.08333333,58.625,59.55
5/22/2011,53.1,57.56666667,55.81666667,58.0625,59.43333333
5/23/2011,52.64166667,56.44166667,54.96666667,56.83333333,58.07916667
5/24/2011,52.81666667,55.7875,54.5375,56.0625,57.0875
5/25/2011,52.05416667,54.2625,53.15,54.75833333,55.8
5/26/2011,51.45833333,53.61666667,52.85,53.75833333,54.12083333
5/27/2011,51.40416667,54.35833333,53.29166667,54.49166667,55.03333333
5/28/2011,51.8125,53.95,52.99166667,54.26666667,55.00833333
5/29/2011,52.11666667,53.90416667,53.175,54.01666667,54.54583333
5/30/2011,52.81666667,54.55833333,53.74166667,54.80833333,55.41666667
5/31/2011,51.95,53.8375,52.9875,54.24583333,55.09166667
6/1/2011,51.54583333,52.95833333,52.3625,53.05416667,53.575
6/2/2011,52.39166667,53.81666667,53.32916667,53.8375,54.07916667
6/3/2011,52.025,53.775,53.19166667,53.98333333,54.4375
6/4/2011,51.44166667,53.12083333,52.60416667,53.35416667,53.69166667
6/5/2011,51.76666667,53.50833333,53.05,53.45,53.74166667
6/6/2011,51.46666667,53.44166667,52.71666667,53.79583333,54.28333333
6/7/2011,52.0375,54.11666667,53.57083333,54.15,54.19166667
6/8/2011,53.04583333,56.40416667,55.30416667,56.54583333,56.94166667
6/9/2011,52.4375,56.9125,55.325,57.25833333,58.3
6/10/2011,51.10416667,56.08333333,54.25833333,56.46666667,57.94583333
6/11/2011,50.75,55.5875,53.60833333,56.07916667,57.6
6/12/2011,51.05833333,55.89583333,54.19166667,56.15416667,57.29166667
6/13/2011,51.3375,56.9875,54.84583333,57.45416667,58.9375
6/14/2011,51.22083333,56.87083333,54.63333333,57.39583333,58.96666667
6/15/2011,50.7375,56.19166667,54.1625,56.69583333,58.275
6/16/2011,50.34166667,55.41666667,53.4625,55.89583333,57.5625
6/17/2011,50.16666667,54.8625,53.09166667,55.3,56.89583333
6/18/2011,50.16666667,55.0125,53.07916667,55.4625,57.04583333
6/19/2011,50.4875,55.46666667,53.57083333,55.90416667,57.27916667
6/20/2011,50.59166667,55.9375,53.925,56.40416667,57.9375
6/21/2011,50.60416667,56.0625,53.88333333,56.55833333,58.35
6/22/2011,50.425,56.725,54.3625,56.74583333,58.65
6/23/2011,50.43333333,55.94166667,53.71666667,56.50833333,58.4875
6/24/2011,50.77916667,55.97916667,53.9875,56.35833333,57.94583333
6/25/2011,50.3875,55.36666667,53.39166667,55.97916667,57.8625
6/26/2011,50.4125,55.3375,53.44166667,55.7875,57.47916667
6/27/2011,50.46666667,55.5,53.5375,55.99166667,57.87083333
6/28/2011,50.19583333,54.4125,52.62083333,55.05,57.42916667
6/29/2011,50.02916667,54.50833333,52.97083333,54.77916667,55.9625
6/30/2011,50.35833333,55.0375,53.2125,55.39166667,56.89583333
7/1/2011,50.74583333,55.33333333,53.4875,55.7875,57.12083333
7/2/2011,50.80833333,55.3375,53.37083333,55.80416667,57.175
7/3/2011,50.9625,55.69166667,53.64583333,56.1875,57.44166667
7/4/2011,51.075,55.50416667,53.6125,55.97083333,57.5
7/5/2011,50.99166667,55.35,53.54583333,56.025,57.425
7/6/2011,50.97083333,54.95416667,53.40833333,55.87083333,57.35
7/7/2011,51.06666667,55.08333333,53.55416667,56.00416667,57.49583333
7/8/2011,51.1625,55.10833333,53.5875,56.025,57.5
7/9/2011,51.24166667,55.07083333,53.62083333,55.95833333,57.4625
7/10/2011,51.225,55.0375,53.57916667,55.9625,57.51666667
7/11/2011,51.2125,54.98333333,53.6,55.89583333,57.42083333
7/12/2011,51.275,54.8375,53.575,55.75,57.325
7/13/2011,51.10416667,55.00416667,53.56666667,55.99583333,57.47916667
7/14/2011,51.19583333,54.62083333,53.3875,55.4875,56.91666667
7/15/2011,50.9875,54.40833333,53.1625,55.29166667,56.65
7/16/2011,51.07083333,54.61666667,53.325,55.5125,56.92916667
7/17/2011,51.07916667,54.4125,53.17916667,55.35833333,57.05833333
7/18/2011,50.48333333,53.46666667,52.25,54.43333333,56.025
7/19/2011,50.9125,53.71666667,52.78333333,54.3875,55.3375
7/20/2011,51.50416667,54.725,53.575,55.5375,56.51666667
7/21/2011,51.78333333,55.05416667,53.85,55.925,57.175
7/22/2011,51.9125,55.3125,54.05,56.20833333,57.51666667
7/23/2011,51.9125,55.39583333,54.05416667,56.35416667,57.87083333
7/24/2011,51.8625,55.29583333,54.03333333,56.21666667,57.78333333
7/25/2011,51.825,55.025,53.85,55.94166667,57.3875
7/26/2011,51.84166667,54.95,53.825,55.8125,57.12083333
7/27/2011,51.90833333,55.025,53.9,55.9,57.12916667
7/28/2011,52.0125,55.17083333,54.04166667,56.075,57.35833333
7/29/2011,52.05,55.25833333,54.07916667,56.2,57.56666667
7/30/2011,52.17083333,55.46666667,54.21666667,56.40416667,57.82083333
7/31/2011,52.22083333,55.55833333,54.3125,56.48333333,57.97916667
8/1/2011,52.23333333,55.43333333,54.28333333,56.3625,57.92083333
8/2/2011,52.23333333,55.25,54.13333333,56.2,57.69583333
8/3/2011,52.32083333,55.15416667,54.07083333,55.9875,57.6
8/4/2011,52.40416667,55.28333333,54.10416667,56.01666667,57.64166667
8/5/2011,52.37916667,55.23333333,54.0375,55.99166667,57.60833333
8/6/2011,52.60833333,55.35,54.17083333,55.99166667,57.50416667
8/7/2011,52.65416667,55.50833333,54.3,56.22083333,57.675
8/8/2011,52.6375,55.5125,54.28333333,56.24166667,57.79166667
8/9/2011,52.8125,55.575,54.3875,56.27083333,57.7625
8/10/2011,52.95,55.79583333,54.59583333,56.48333333,57.91666667
8/11/2011,52.87083333,55.80416667,54.55416667,56.52916667,58.10833333
8/12/2011,52.75833333,55.79583333,54.52083333,56.55833333,58.1625
8/13/2011,52.58333333,55.54583333,54.29583333,56.27916667,57.97916667
8/14/2011,52.5625,55.55416667,54.30416667,56.30416667,57.92083333
8/15/2011,52.44166667,55.2875,54.1125,56.02916667,57.62083333
8/16/2011,52.4625,55.03333333,53.96666667,55.725,57.15
8/17/2011,52.4375,55.15,54.03333333,55.84583333,57.24166667
8/18/2011,52.64583333,55.3,54.19583333,55.9875,57.46666667
8/19/2011,52.7375,55.52083333,54.325,56.29583333,57.9875
8/20/2011,52.77083333,55.675,54.44583333,56.40416667,58.08333333
8/21/2011,52.62083333,55.25,54.1875,55.93333333,57.63333333
8/22/2011,52.62083333,55.125,54.04583333,55.825,57.39166667
8/23/2011,52.79583333,55.20833333,54.19583333,55.85833333,57.3875
8/24/2011,52.84166667,55.25833333,54.10833333,55.97083333,57.62083333
8/25/2011,52.85833333,55.36666667,54.225,56.05416667,57.66666667
8/26/2011,52.9125,55.42083333,54.27916667,56.11666667,57.83333333
8/27/2011,53.11666667,55.62083333,54.4625,56.30833333,57.98333333
8/28/2011,53.0625,55.62916667,54.425,56.33333333,58.0375
8/29/2011,53.05,55.55416667,54.45833333,56.19166667,57.75833333
8/30/2011,53.025,55.45833333,54.3125,56.16666667,57.8875
8/31/2011,53.24166667,55.65,54.52916667,56.28333333,57.79583333
9/1/2011,53.49583333,55.67083333,54.6375,56.32083333,58.27916667
9/2/2011,53.37916667,55.65416667,54.62916667,56.33333333,58.18333333
9/3/2011,52.9625,55.28333333,54.20416667,55.98333333,57.74583333
9/4/2011,53.04166667,55.29166667,54.24166667,55.975,57.58333333
9/5/2011,53.025,55.24583333,54.22083333,55.89583333,57.45
9/6/2011,53.11666667,55.28333333,54.28333333,55.90833333,57.3125
9/7/2011,53.025,55.19166667,54.21666667,55.82916667,57.2625
9/8/2011,53.14583333,55.2375,54.2375,55.87083333,57.28333333
9/9/2011,53.52083333,55.74583333,54.725,56.34166667,57.57916667
9/10/2011,53.65,56,54.90416667,56.72083333,58.2
9/11/2011,53.42083333,55.88333333,54.69166667,56.64166667,58.16666667
9/12/2011,53.35416667,55.90416667,54.775,56.60833333,58.25416667
9/13/2011,53.1625,55.80833333,54.55416667,56.33333333,58.05416667
9/14/2011,53.35416667,56.02916667,54.63333333,56.3125,57.9625
9/15/2011,53.15,55.98333333,54.54583333,56.30416667,58.09166667
9/16/2011,53.00833333,55.25416667,54.0625,55.525,57.16666667
9/17/2011,53.0875,55.35833333,54.23333333,55.5375,57.05416667
9/18/2011,53.225,55.52083333,54.40833333,55.69583333,57.0875
9/19/2011,52.19583333,54.87916667,53.52916667,55.22916667,57.1625
9/20/2011,52.2625,54.675,53.42916667,54.89166667,56.52083333
9/21/2011,52.34166667,54.72916667,53.47916667,54.95416667,56.59583333
9/22/2011,52.41666667,54.84583333,53.61666667,55.06666667,56.69583333
9/23/2011,52.45,54.81666667,53.5875,55.02916667,56.65
9/24/2011,52.2875,55.03333333,53.69583333,55.30416667,56.90416667
9/25/2011,51.775,54.00833333,52.8,54.37916667,56.1125
9/26/2011,52.05,54.125,53.13333333,54.17083333,55.2
9/27/2011,52.00833333,54.31666667,53.1875,54.47916667,55.9
9/28/2011,51.81666667,54.225,52.9875,54.46666667,56.03333333
9/29/2011,52.06666667,54.575,53.36666667,54.775,56.17083333
9/30/2011,52.15,54.79583333,53.60833333,55.04166667,56.55
10/1/2011,51.82083333,54.09583333,53.01666667,54.425,55.8
10/2/2011,51.575,53.48333333,52.75,53.575,54.69166667
10/3/2011,51.30833333,52.95833333,52.26666667,53.07916667,53.95
10/4/2011,51.1,52.625,52.00833333,52.64583333,53.32916667
10/5/2011,51.05833333,52.34166667,51.9625,52.28333333,52.825
10/6/2011,51.3875,52.725,52.36666667,52.57083333,53.05833333
10/7/2011,51.89583333,53.4,52.875,53.35,54.05833333
10/8/2011,51.95833333,53.78333333,53.1,53.84583333,54.8375
10/9/2011,51.9125,53.7375,53.05416667,53.80833333,54.83333333
10/10/2011,51.8,53.64583333,52.87083333,53.84166667,54.875
10/11/2011,52.33333333,54.59583333,53.90833333,54.6,55.39583333
10/12/2011,52.30416667,54.30416667,53.54583333,54.4,55.6125
10/13/2011,52.09166667,54.0625,53.32916667,54.28333333,55.29166667
10/14/2011,52,53.9875,53.24583333,54.24166667,55.19583333
10/15/2011,52.00416667,54.175,53.40416667,54.41666667,55.34166667
10/16/2011,52.5,54.96666667,54.15416667,55.23333333,56.07916667
10/17/2011,52.74166667,55.26666667,54.3625,55.63333333,56.76666667
10/18/2011,52.77916667,55.2125,54.32083333,55.5875,56.65
10/19/2011,52.6875,55.2125,54.29166667,55.55833333,56.38333333
10/20/2011,52.4875,54.55,53.70833333,54.92083333,56.10833333
10/21/2011,52.48333333,54.275,53.64166667,54.5125,55.2625
10/22/2011,52.72916667,54.3125,53.74583333,54.53333333,55.24166667
10/23/2011,52.46666667,54.15416667,53.52083333,54.47083333,55.17083333
10/24/2011,52.42916667,54,53.44166667,54.24166667,54.8
10/25/2011,52.14166667,53.37916667,52.85,53.6625,54.18333333
10/26/2011,51.9625,52.525,52.275,52.56666667,52.8125
10/27/2011,51.77083333,52.4375,52.2,52.45833333,52.55416667
10/28/2011,51.65833333,52.19166667,51.9875,52.23333333,52.42083333
10/29/2011,51.93333333,52.5375,52.30833333,52.58333333,52.71666667
10/30/2011,52.26666667,53.49583333,53.075,53.65,53.85
10/31/2011,52.3,53.52916667,53.05833333,53.7375,54.25
11/1/2011,51.6875,52.38333333,52.04166667,52.56666667,52.97083333
11/2/2011,51.33333333,51.63333333,51.55,51.59166667,51.5625
11/3/2011,50.85,51.00833333,50.98333333,51.07083333,51.04583333
11/4/2011,51.14166667,51.1875,51.27916667,51.05,50.5875
11/5/2011,50.80416667,50.80833333,50.85416667,50.85,50.50833333
11/6/2011,50.90416667,51.15833333,51.1375,51.12916667,50.58333333
11/7/2011,50.95416667,50.77916667,50.89583333,50.70416667,50.60416667
11/8/2011,50.90416667,50.60833333,50.6875,50.56666667,50.35416667
11/9/2011,51.025,50.74583333,50.84166667,50.68333333,50.22083333
11/10/2011,51.0375,50.75416667,50.87083333,50.675,50.36666667
11/11/2011,51.00833333,50.7625,50.85,50.74166667,50.40833333
11/12/2011,51.725,52.17083333,52.04583333,52.25833333,52.02916667
11/13/2011,51.53333333,52.0125,51.82083333,52.175,52.4
11/14/2011,51.39583333,51.9,51.67083333,52.075,52.3875
11/15/2011,51.5375,51.5,51.47916667,51.54166667,51.70833333
11/16/2011,51.50833333,51.7125,51.63333333,51.79166667,51.83333333
11/17/2011,51.53333333,51.79166667,51.6125,51.94583333,52.04166667
11/18/2011,51.2375,51.18333333,51.1375,51.34583333,51.42083333
11/19/2011,50.7625,50.1625,50.3,50.12916667,49.8625
11/20/2011,50.8,50.6,50.625,50.64166667,50.175
11/21/2011,51.11666667,50.475,50.6625,50.46666667,50.18333333
11/22/2011,51.24166667,51.2875,51.1875,51.4125,51.075
11/23/2011,51.15833333,51.15416667,51.1,51.24583333,51.15416667
11/24/2011,51.20416667,51.2625,51.16666667,51.40833333,51.34166667
11/25/2011,51.7375,51.78333333,51.72916667,51.8625,51.775
11/26/2011,51.50833333,51.30833333,51.275,51.39166667,51.50416667
11/27/2011,51.09166667,51.02916667,50.91666667,51.18333333,51.22916667
11/28/2011,51.6,51.35833333,51.36666667,51.39166667,51.34583333
11/29/2011,51.20416667,50.9,50.87916667,50.99166667,51.15833333
11/30/2011,51.10416667,50.72083333,50.8,50.83333333,50.7375
12/1/2011,50.775,49.56666667,49.97916667,49.5375,49.53333333
12/2/2011,50.74166667,49.9625,50.33333333,49.72916667,49.48333333
12/3/2011,50.38333333,49.04583333,49.49166667,48.87083333,49.05833333
12/4/2011,50.52083333,49.07083333,49.60833333,48.75416667,48.59166667
12/5/2011,50.14583333,48.95833333,49.3375,48.78333333,48.81666667
12/6/2011,50.425,48.675,49.3375,48.29166667,48.17916667
12/7/2011,50.49583333,48.86666667,49.42916667,48.55416667,48.37083333
12/8/2011,50.49583333,48.95416667,49.5125,48.6375,48.56666667
12/9/2011,50.2375,48.80416667,49.275,48.51666667,48.575
12/10/2011,49.94166667,48.38333333,48.97916667,48.07916667,48.06666667
12/11/2011,49.82916667,48.16666667,48.75833333,47.8375,47.75833333
12/12/2011,49.73333333,48.39166667,48.8625,48.15833333,48.09166667
12/13/2011,49.84583333,48.16666667,48.80416667,47.7875,47.7625
12/14/2011,49.65833333,47.7875,48.56666667,47.4375,47.37083333
12/15/2011,50.31666667,49.17083333,49.77083333,48.875,48.39583333
12/16/2011,50.1625,49.0125,49.50416667,48.81666667,49.00833333
12/17/2011,50.53333333,49.35,49.95,49.0375,49.00833333
12/18/2011,49.91666667,48.8125,49.225,48.70416667,48.99166667
12/19/2011,50.3625,48.97916667,49.54583333,48.55,48.3875
12/20/2011,50.12916667,49.20416667,49.51666667,48.74166667,48.73333333
12/21/2011,50.70416667,49.17083333,49.675,48.65416667,48.54583333
12/22/2011,51.02083333,48.85833333,49.62083333,48.2375,47.81666667
12/23/2011,50.89583333,48.79583333,49.56666667,48.3625,47.8125
12/24/2011,51.01666667,48.81666667,49.625,48.35,47.77916667
12/25/2011,50.89166667,48.97916667,49.6375,48.59166667,48.03333333
12/26/2011,50.85833333,48.81666667,49.57083333,48.4,47.95416667
12/27/2011,50.96666667,49.21666667,49.82083333,48.85833333,48.34583333
12/28/2011,51.47083333,50.67916667,51.00416667,50.46666667,49.72916667
12/29/2011,51.29583333,50.50833333,50.73333333,50.40416667,50.29166667
12/30/2011,51.35,50.97916667,51.10416667,50.89166667,50.425
12/31/2011,50.95416667,49.68333333,49.99583333,49.53333333,49.7125
1/1/2012,50.8625,49.65,50.04583333,49.45,49.23333333
1/2/2012,50.62083333,49.37083333,49.77916667,49.15416667,48.98333333
1/3/2012,50.875,49.7125,50.08333333,49.4625,49.14166667
1/4/2012,50.85,49.7875,50.1125,49.5875,49.44583333
1/5/2012,50.9875,50.14166667,50.39166667,49.9875,49.78333333
1/6/2012,50.62916667,49.50833333,49.825,49.3625,49.4375
1/7/2012,50.62916667,49.4625,49.8375,49.25,48.91666667
1/8/2012,50.4875,49.475,49.81666667,49.2125,49.0625
1/9/2012,50.225,49.0375,49.39583333,48.825,48.83333333
1/10/2012,50.17083333,48.68333333,49.17083333,48.44583333,48.17916667
1/11/2012,50.32083333,49.04166667,49.49583333,48.6375,48.19583333
1/12/2012,49.99166667,48.775,49.1125,48.525,48.48333333
1/13/2012,49.90833333,48.52916667,48.93333333,48.25,48.10833333
1/14/2012,49.75416667,48.43333333,48.825,48.14166667,47.94583333
1/15/2012,49.3625,48.28333333,48.64583333,48.02916667,47.78333333
1/16/2012,48.80416667,47.0625,47.57916667,46.69583333,46.67083333
1/17/2012,48.40833333,46.3875,47.09166667,45.95833333,45.55
1/18/2012,48.54583333,47.1375,47.64166667,46.75,46.1
1/19/2012,48.37916667,47.3125,47.64583333,47.0875,46.70416667
1/20/2012,48.07083333,46.6625,46.34583333,46.4875,46.72083333
1/21/2012,48.18333333,44.40833333,44.65,44.4,44.96666667
1/22/2012,47.79166667,45.54166667,45.95833333,45.34166667,45.1
1/23/2012,48.12916667,44.45833333,44.49583333,44.3125,44.47916667
1/24/2012,48.49583333,46.44583333,46.77916667,46.21666667,45.9125
1/25/2012,49.0375,48.35416667,48.475,48.19583333,47.86666667
1/26/2012,49.24166667,49.33333333,49.13333333,49.42083333,49.46666667
1/27/2012,48.87916667,47.83333333,47.95,47.9875,48.77916667
1/28/2012,48.7625,47.03333333,47.49166667,46.9625,47.36666667
1/29/2012,48.7375,47.4875,47.825,47.40833333,47.48333333
1/30/2012,49.00416667,48.41666667,48.50416667,48.31666667,48.45
1/31/2012,48.78333333,48.26666667,48.25416667,48.275,48.59583333
2/1/2012,49.29583333,49.32083333,49.26666667,49.22083333,49.24166667
2/2/2012,48.95416667,48.84166667,48.80416667,48.92916667,49.47916667
2/3/2012,48.87083333,48.22083333,48.39166667,48.075,48.5
2/4/2012,48.6375,48.03333333,48.175,47.95416667,48.30416667
2/5/2012,48.675,48.05,48.19583333,47.94166667,48.2375
2/6/2012,48.5125,47.98333333,48.0625,47.91666667,48.23333333
2/7/2012,48.55,48.30416667,48.35,48.23333333,48.3
2/8/2012,49.37916667,49.5125,49.43333333,49.47083333,49.60416667
2/9/2012,49.29166667,50.0125,49.6625,50.19583333,50.70416667
2/10/2012,49.1,50.10833333,49.6625,50.32916667,50.6125
2/11/2012,49.2625,50.2875,49.91666667,50.4625,50.91666667
2/12/2012,48.17083333,49.17083333,48.675,49.49166667,50.27083333
2/13/2012,48.575,49.1625,48.97083333,49.22083333,49.43333333
2/14/2012,48.29583333,48.80416667,48.4625,48.98333333,49.58333333
2/15/2012,47.9375,48.20416667,47.99166667,48.27916667,48.66666667
2/16/2012,48.13333333,48.225,48.1375,48.17916667,48.375
2/17/2012,48.37916667,48.9,48.65416667,48.925,49.15416667
2/18/2012,48.15416667,49.05416667,48.58333333,49.24583333,49.45
2/19/2012,48.24166667,48.37916667,48.18333333,48.41666667,48.94583333
2/20/2012,48.10833333,48.625,48.3375,48.7875,49.025
2/21/2012,48.43333333,48.93333333,48.7375,48.92083333,49.20416667
2/22/2012,48.63333333,50.30833333,49.6625,50.5,50.90416667
2/23/2012,48.8,49.8125,49.2875,50.0875,50.875
2/24/2012,48.87916667,50.02083333,49.575,50.12083333,50.54583333
2/25/2012,48.39166667,49.65,49.09166667,49.8875,50.5125
2/26/2012,47.7125,47.9375,47.64583333,48.09583333,48.69583333
2/27/2012,48.02083333,47.83333333,47.94166667,47.61666667,47.60833333
2/28/2012,47.175,47.79583333,47.5125,47.93333333,48.03333333
2/29/2012,47.52916667,47.1875,47.15,47.2125,47.46666667
3/1/2012,47.82083333,48.18333333,48.025,48.16666667,47.9125
3/2/2012,47.9,48.14166667,47.92083333,48.17916667,48.63333333
3/3/2012,48.48333333,49.44583333,49.125,49.47083333,49.69583333
3/4/2012,48.65416667,50.41666667,49.70833333,50.67083333,51.22916667
3/5/2012,48.9875,50.79583333,49.99583333,51.05416667,51.78333333
3/6/2012,48.49583333,50.14583333,49.35833333,50.46666667,51.23333333
3/7/2012,48.45833333,48.8375,48.64166667,48.82916667,49.40833333
3/8/2012,48.7375,49.92916667,49.57083333,49.9625,50.2125
3/9/2012,48.9125,50.4125,49.79583333,50.62916667,51.3
3/10/2012,49.24583333,50.94583333,50.26666667,51.19583333,51.75
3/11/2012,49.14782609,50.92173913,50.18695652,51.30869565,51.79565217
3/12/2012,48.75416667,50.12916667,49.57916667,50.32083333,50.96666667
3/13/2012,48.44583333,49.68333333,49.29166667,49.90833333,50.23333333
3/14/2012,48.4125,49.99166667,49.70833333,49.98333333,50.51666667
3/15/2012,48.81666667,51.18333333,51.02916667,51.05833333,51.5125
3/16/2012,48.89166667,51.14166667,50.92916667,51.12916667,51.95416667
3/17/2012,48.80416667,49.40416667,49.3375,49.40833333,50.675
3/18/2012,48.77083333,49.9,49.79583333,49.82083333,50.37916667
3/19/2012,48.15,48.5875,48.45833333,48.62916667,49.6125
3/20/2012,48.42916667,48.4375,48.57916667,48.32916667,48.94583333
3/21/2012,48.60416667,49.40833333,49.27916667,49.375,50
3/22/2012,48.9625,50.32083333,50.03333333,50.22916667,51.0875
3/23/2012,48.96666667,50.1625,49.85833333,50.19166667,50.9625
3/24/2012,48.38333333,49.84583333,49.425,49.925,50.55833333
3/25/2012,48.625,48.90416667,49.04166667,48.82083333,49.45
3/26/2012,48.4125,49.55,49.35833333,49.46666667,49.875
3/27/2012,48.025,48.9125,48.80833333,48.9375,49.49166667
3/28/2012,49.0375,49.3375,49.64166667,48.94583333,49.44166667
3/29/2012,48.42916667,50.87916667,50.52083333,50.94166667,51.55
3/30/2012,48.85833333,50.45416667,50.36666667,50.27916667,50.99166667
3/31/2012,49.12916667,51.24166667,51.30416667,51.15,51.67916667
4/1/2012,49.65416667,50.625,50.66666667,50.53333333,51.5
4/2/2012,50.09166667,51.2875,51.4875,51.27083333,52.04583333
4/3/2012,50.3,52.4125,52.275,52.37083333,52.9875
4/4/2012,49.67916667,52.09583333,51.79166667,52.27083333,53.1
4/5/2012,49.64166667,50.825,50.725,51.04583333,51.9625
4/6/2012,50.04166667,50.79583333,50.8125,51.0625,51.89166667
4/7/2012,49.82083333,51.58333333,51.29166667,51.90833333,52.28333333
4/8/2012,50.44583333,51.7875,51.47083333,51.9375,52.6625
4/9/2012,50.72916667,53.51666667,52.89166667,53.80416667,54.04166667
4/10/2012,50,52.64166667,51.9125,53.14583333,53.96666667
4/11/2012,50.38333333,52.1,52.15833333,52.19166667,52.975
4/12/2012,50.1875,52.32916667,52.04166667,52.60416667,52.95833333
4/13/2012,49.86666667,51.35833333,51.19166667,51.70416667,52.28333333
4/14/2012,50.92083333,51.89583333,52.025,51.81666667,51.93333333
4/15/2012,51.54166667,55.00416667,54.35416667,55.22083333,55.45416667
4/16/2012,51.6,56.22916667,55.09166667,56.64583333,57.30416667
4/17/2012,51.35,54.99583333,53.8875,55.45416667,56.7875
4/18/2012,51.61666667,54.88333333,53.9125,55.1625,56.12916667
4/19/2012,52.49166667,56.5125,55.36666667,56.82083333,57.75
4/20/2012,52.99583333,58.27916667,56.5375,58.77083333,60.04166667
4/21/2012,53.1,59.0125,56.9375,59.62083333,61.31666667
4/22/2012,53.79166667,59.63333333,57.50416667,60.1375,61.725
4/23/2012,53.7125,60.13333333,57.8625,60.77916667,62.39583333
4/24/2012,52.69166667,57.91666667,55.84583333,58.7625,61.0125
4/25/2012,51.79583333,55.8625,54.31666667,56.4875,58
4/26/2012,52.0125,55.525,54.4625,55.83333333,57.0125
4/27/2012,51.6,54.2875,53.30833333,54.81666667,56.43333333
4/28/2012,52.125,54.925,53.9875,55.2,56.24166667
4/29/2012,52.66666667,56.75416667,55.25,57.18333333,58.35833333
4/30/2012,53.2125,57.625,55.85,58.17916667,59.48333333
5/1/2012,53.60833333,57.15833333,55.76666667,57.63333333,59.0625
5/2/2012,52.62083333,56.20416667,54.79583333,56.80416667,58.34583333
5/3/2012,52.4625,55.45416667,54.1375,56.1375,57.04166667
5/4/2012,52.70833333,55.60416667,54.775,55.84583333,57.11666667
5/5/2012,52.41666667,55.575,54.39583333,56.1125,57.50416667
5/6/2012,53.175,56.13333333,54.95,56.51666667,57.7125
5/7/2012,54.60416667,57.65833333,56.4625,58.00416667,59.03333333
5/8/2012,54.67083333,58.4375,57.0125,58.925,60.20833333
5/9/2012,53.22083333,57.75,56,58.44166667,60.2875
5/10/2012,52.12083333,56.0125,54.37083333,56.69583333,58.4375
5/11/2012,52.49166667,55.69583333,54.30833333,56.10416667,57.54166667
5/12/2012,52.85833333,56.40416667,54.82916667,56.8625,58.1375
5/13/2012,52.31666667,56.44166667,54.59583333,57,58.5
5/14/2012,52.09583333,55.97083333,54.23333333,56.5125,57.975
5/15/2012,52.08333333,55.94166667,54.25833333,56.4,57.67916667
5/16/2012,52.25,56.39583333,54.50416667,56.95416667,58.49583333
5/17/2012,51.99583333,56.2375,54.2625,56.90416667,58.5125
5/18/2012,51.74166667,54.88333333,53.43333333,55.35416667,56.78333333
5/19/2012,52.32083333,55.475,54.05833333,55.85,56.9125
5/20/2012,52.29583333,56.0125,54.3625,56.55,57.91666667
5/21/2012,52.14166667,55.9875,54.18333333,56.625,58.19166667
5/22/2012,52.01666667,55.49166667,53.85833333,56.04583333,57.46666667
5/23/2012,51.94583333,55.12083333,53.67916667,55.57083333,56.95833333
5/24/2012,52.1,55.06666667,53.70416667,55.51666667,56.67083333
5/25/2012,51.53333333,53.79166667,52.65833333,54.2875,55.5625
5/26/2012,51.70833333,54.075,52.94583333,54.39583333,55.13333333
5/27/2012,52.19583333,55.09583333,53.82916667,55.4875,56.50416667
5/28/2012,52.50833333,55.72916667,54.34166667,56.1625,57.34166667
5/29/2012,52.65,55.975,54.49166667,56.49583333,57.90833333
5/30/2012,52.73333333,56.43333333,54.84166667,56.975,58.4625
5/31/2012,52.14166667,56.34166667,54.4625,57.0375,59.02083333
6/1/2012,52.08333333,56.525,54.54166667,57.2125,59.16666667
6/2/2012,52.32916667,56.6375,54.575,57.39166667,59.3875
6/3/2012,51.99583333,56.025,54.16666667,56.74166667,58.85
6/4/2012,51.17916667,54.33333333,52.9125,55.0375,56.82916667
6/5/2012,50.92916667,53.69583333,52.50416667,53.9875,54.67083333
6/6/2012,51.6,54.24583333,53.025,54.63333333,55.7125
6/7/2012,51.4375,54.3875,53.00416667,54.95833333,56.22083333
6/8/2012,51.55833333,54.33333333,53.07083333,54.7125,55.8375
6/9/2012,51.83333333,54.5125,53.26666667,54.9875,56.05
6/10/2012,52.17916667,55.54583333,54.11666667,55.79166667,56.7125
6/11/2012,52.13333333,55.53333333,54.00833333,56.0875,57.6625
6/12/2012,52.52083333,55.94583333,54.35416667,56.51666667,58.19583333
6/13/2012,52.10833333,56.25416667,54.5375,56.94166667,58.79583333
6/14/2012,51.37083333,55.1625,53.44166667,55.8875,58.0875
6/15/2012,51.45416667,55.125,53.45833333,55.74583333,57.59583333
6/16/2012,51.2875,54.95416667,53.34166667,55.6875,57.75
6/17/2012,51.22083333,54.79583333,53.10416667,55.42916667,57.2875
6/18/2012,51.25416667,54.77916667,53.15833333,55.40833333,57.31666667
6/19/2012,51.2375,54.36666667,52.90416667,54.9375,56.59166667
6/20/2012,51.25,54.2125,52.825,54.74583333,56.4125
6/21/2012,51.23333333,54.35,52.87916667,54.8875,56.65833333
6/22/2012,50.64166667,53.02916667,51.85416667,53.7125,55.44166667
6/23/2012,51.12083333,53.07083333,51.98333333,53.30416667,54.30416667
6/24/2012,52.12083333,54.15833333,53.075,54.52083333,55.50833333
6/25/2012,52.0625,54.18333333,53.04166667,54.6,55.5875
6/26/2012,52.29583333,55.22083333,53.26666667,54.67916667,55.70833333
6/27/2012,52.81666667,55.01666667,53.89166667,55.37083333,56.4125
6/28/2012,52.90833333,55.28333333,54.04166667,55.70833333,57.00416667
6/29/2012,52.92916667,55.47083333,54.15,55.97083333,57.37916667
6/30/2012,52.825,55.40833333,54.01666667,55.88333333,57.39166667
7/1/2012,51.90416667,55.1625,53.5375,55.85,57.79583333
7/2/2012,51.74166667,54.6125,53.1,55.10416667,56.76666667
7/3/2012,51.69166667,55.325,53.31666667,54.95,56.77916667
7/4/2012,51.77916667,54.35416667,53.1125,54.59166667,56.35
7/5/2012,51.77083333,54.47083333,53.20833333,54.72916667,56.5875
7/6/2012,51.62083333,54.20833333,52.92083333,54.4875,56.33333333
7/7/2012,51.87083333,54.2625,53.12083333,54.45,56.1
7/8/2012,51.875,54.39166667,53.175,54.65833333,56.45
7/9/2012,52.125,54.525,53.3375,54.725,56.39583333
7/10/2012,52.00416667,54.35,53.25833333,54.72916667,56.475
7/11/2012,52.02083333,54.3,53.2875,54.77083333,56.4
7/12/2012,52.17083333,54.43333333,53.4375,54.86666667,56.525
7/13/2012,52.20833333,54.55,53.49583333,55.05833333,56.8875
7/14/2012,52.325,54.52083333,53.5,54.98333333,56.77083333
7/15/2012,52.37916667,54.57916667,53.60416667,55.05416667,56.79166667
7/16/2012,52.4125,54.68333333,53.69583333,55.20416667,57
7/17/2012,52.07916667,53.87916667,53.04583333,54.37916667,56.1625
7/18/2012,52.1875,54.03333333,53.25416667,54.38333333,55.82083333
7/19/2012,52.6125,54.675,53.82916667,55.0625,56.49583333
7/20/2012,52.60833333,54.65416667,53.74583333,55.1125,56.74166667
7/21/2012,52.90416667,54.9625,54.09166667,55.38333333,56.90416667
7/22/2012,53.10416667,55.2625,54.325,55.7,57.3625
7/23/2012,53.25833333,55.53333333,54.55,55.99583333,57.7625
7/24/2012,52.94583333,55.4875,54.35833333,56.10833333,57.98333333
7/25/2012,52.38333333,54.5125,53.54166667,55,56.95833333
7/26/2012,52.6375,54.6375,53.75416667,55.04166667,56.67083333
7/27/2012,52.62916667,54.7125,53.77916667,55.17916667,56.91666667
7/28/2012,52.64166667,54.69166667,53.77916667,55.16666667,56.84166667
7/29/2012,52.75833333,54.75833333,53.9,55.17916667,56.78333333
7/30/2012,53.05,55.05833333,54.16666667,55.47916667,57.0875
7/31/2012,53.12916667,55.25,54.32083333,55.69166667,57.38333333
8/1/2012,53.32916667,55.53333333,54.54583333,55.80416667,57.46666667
8/2/2012,53.48333333,55.72916667,54.67916667,55.89583333,57.525
8/3/2012,53.39166667,55.75,54.67083333,55.97916667,57.6
8/4/2012,53.19166667,55.3875,54.3375,55.57083333,57.29583333
8/5/2012,53.3,56.2125,54.7,55.90833333,57.59583333
8/6/2012,53.53333333,55.7,54.66666667,55.875,57.55833333
8/7/2012,53.4125,55.7125,54.65416667,55.91666667,57.56666667
8/8/2012,53.54583333,55.78333333,54.74166667,55.90416667,57.47916667
8/9/2012,53.09166667,55.60833333,54.54166667,55.95,57.6625
8/10/2012,53.14583333,55.57083333,54.48333333,55.9875,57.48333333
8/11/2012,53.1,55.50416667,54.38333333,56.00416667,57.675
8/12/2012,53.2625,55.65,54.56666667,56.04166667,57.58333333
8/13/2012,53.425,55.87083333,54.72083333,56.35416667,58.04166667
8/14/2012,53.37916667,56,54.7625,56.525,58.2125
8/15/2012,52.6625,55.25833333,54.0375,55.80833333,57.65833333
8/16/2012,52.77916667,55.3,54.15,55.7125,57.2875
8/17/2012,53.0125,55.69166667,54.47916667,56.20833333,57.89166667
8/18/2012,53.12916667,55.92083333,54.61666667,56.475,58.34583333
8/19/2012,53.22916667,55.79166667,54.61666667,56.3,58.0875
8/20/2012,52.45416667,55.28333333,53.94166667,55.88333333,57.67916667
8/21/2012,51.69583333,54.3125,53.01666667,54.8625,56.7875
8/22/2012,51.72083333,54.0875,52.9875,54.5,56.1125
8/23/2012,51.89583333,54.3125,53.20833333,54.7375,56.35
8/24/2012,51.83333333,54.2125,53.08333333,54.70833333,56.41666667
8/25/2012,51.74166667,54.17916667,53.03333333,54.625,56.2875
8/26/2012,51.81666667,54.35833333,53.22083333,54.80833333,56.4375
8/27/2012,51.68333333,54.175,53.05,54.6625,56.3125
8/28/2012,51.625,53.95833333,52.9,54.39166667,56.09166667
8/29/2012,51.95416667,54.09583333,53.08333333,54.49166667,56.04583333
8/30/2012,51.90833333,54.24583333,53.15,54.67083333,56.12083333
8/31/2012,52.20833333,54.55833333,53.49583333,54.94166667,56.35833333
9/1/2012,52.08333333,54.45833333,53.39166667,54.925,56.5875
9/2/2012,52.075,54.31666667,53.2875,54.73333333,56.23333333
9/3/2012,52.13333333,54.54583333,53.40416667,54.99166667,56.55
9/4/2012,52.2125,54.63333333,53.45833333,55.1,56.74583333
9/5/2012,52.12916667,54.93333333,53.34166667,55,56.6
9/6/2012,52.5,55.15,53.68333333,55.65833333,57.32083333
9/7/2012,52.64583333,55.2375,53.8625,55.75833333,57.5125
9/8/2012,52.7375,55.49166667,54.05416667,56.08333333,57.8625
9/9/2012,52.81666667,55.48333333,54.1625,56.05,57.89583333
9/10/2012,52.65833333,55.25416667,54,55.77916667,57.73333333
9/11/2012,52.575,55.29583333,54.20416667,55.80416667,57.64166667
9/12/2012,52.54583333,55.37083333,54.19166667,55.91666667,57.7375
9/13/2012,52.6625,55.50416667,54.3375,56.05,57.79166667
9/14/2012,52.77916667,55.65,54.47916667,56.28333333,57.94166667
9/15/2012,53.20833333,55.90416667,54.76666667,56.4625,58.24166667
9/16/2012,53.12083333,55.72916667,54.5375,56.29583333,58.1125
9/17/2012,53.0625,55.79166667,54.5625,56.31666667,57.975
9/18/2012,52.98333333,55.85833333,54.69583333,56.45416667,58.26666667
9/19/2012,53.10416667,55.75416667,54.6125,56.20416667,58
9/20/2012,52.8875,55.64583333,54.4875,56.04166667,57.89166667
9/21/2012,52.85,55.63333333,54.4125,56.0625,57.74166667
9/22/2012,52.85416667,55.65416667,54.44583333,56.08333333,57.62916667
9/23/2012,52.4,55.55,54.30833333,56.10833333,57.82916667
9/24/2012,52.50416667,55.25,54.02083333,55.6625,57.375
9/25/2012,52.18333333,55.19166667,53.99583333,55.63333333,57.16666667
9/26/2012,52.18333333,54.91666667,53.66666667,55.30833333,56.78333333
9/27/2012,52.48333333,55.14583333,53.85416667,55.55,56.925
9/28/2012,52.7375,55.27083333,54.1125,55.675,56.99583333
9/29/2012,52.875,55.35416667,54.15833333,55.7375,57.05
9/30/2012,52.80416667,55.30833333,54.2125,55.65833333,57.02916667
10/1/2012,52.74166667,55.34166667,54.22083333,55.675,56.94583333
10/2/2012,52.725,55.37083333,54.25,55.775,57.1625
10/3/2012,52.80416667,55.45833333,54.3,55.825,57.19583333
10/4/2012,52.80416667,55.48333333,54.35,55.87083333,57.08333333
10/5/2012,52.57916667,55.07916667,54.05416667,55.48333333,56.8375
10/6/2012,52.44583333,54.78333333,53.75416667,55.075,56.19166667
10/7/2012,52.52916667,54.87083333,53.8375,55.1625,56.24583333
10/8/2012,52.24583333,54.675,53.75,55.00416667,56.05416667
10/9/2012,52.17916667,54.325,53.39583333,54.54166667,55.57083333
10/10/2012,52.16666667,54.3125,53.35416667,54.67916667,55.50416667
10/11/2012,52.35833333,54.34166667,53.46666667,54.78333333,55.3875
10/12/2012,51.65833333,53.9875,53.22916667,54.55416667,55.07916667
10/13/2012,52.44583333,53.99166667,53.32916667,54.25416667,54.45
10/14/2012,52.30833333,54.46666667,53.54166667,54.91666667,55.49166667
10/15/2012,52.56666667,54.9375,54.03333333,55.4,55.925
10/16/2012,52.6875,55.5125,54.44583333,56.0625,56.675
10/17/2012,52.99166667,54.71666667,53.89583333,55.18333333,55.9375
10/18/2012,52.7375,54.69166667,53.74583333,55.0875,55.55
10/19/2012,52.56666667,54.44583333,53.69166667,54.925,55.67916667
10/20/2012,52.64583333,54.4,53.61666667,54.8,55.42083333
10/21/2012,52.5375,53.725,53.075,53.9875,54.39583333
10/22/2012,51.98333333,53.2125,52.75416667,53.65416667,53.74583333
10/23/2012,52.13333333,52.67083333,52.47916667,52.77916667,52.7125
10/24/2012,52.17083333,53.05416667,52.775,53.21666667,53
10/25/2012,52.62916667,53.25416667,52.96666667,53.45,53.44583333
10/26/2012,52.6125,53.225,52.94166667,53.4,53.46666667
10/27/2012,53.12916667,54.0375,53.6875,54.25833333,54.34583333
10/28/2012,53.05833333,54.39166667,53.87083333,54.70416667,55.12916667
10/29/2012,53.27916667,54.425,53.90833333,54.71666667,55.07083333
10/30/2012,53.27083333,54.37916667,53.91666667,54.70416667,55.04583333
10/31/2012,52.6875,53.67083333,53.29583333,54.025,54.22916667
11/1/2012,53.2,54.175,53.8625,54.3875,54.3
11/2/2012,53.075,53.77083333,53.4375,53.975,54.3625
11/3/2012,53.67083333,54.55,54.2125,54.74166667,54.60416667
11/4/2012,53.77916667,54.80416667,54.39583333,55.07083333,55.37083333
11/5/2012,53.725,54.825,54.39166667,55.1375,55.5125
11/6/2012,53.65833333,54.74583333,54.2875,55.0375,55.39166667
11/7/2012,53.35833333,54.27916667,53.81666667,54.57083333,54.9625
11/8/2012,52.52916667,53.26666667,52.9125,53.55833333,53.75416667
11/9/2012,52.37083333,52.07916667,51.87916667,52.05416667,51.85
11/10/2012,52.24166667,51.7875,51.59166667,51.7875,51.5375
11/11/2012,52.15416667,51.42916667,51.27083333,51.2875,50.7375
11/12/2012,52.6625,52.25416667,52.24166667,52.16666667,51.41666667
11/13/2012,52.84583333,52.57083333,52.5875,52.55416667,52.0875
11/14/2012,53.41666667,53.25,53.275,53.23333333,52.78333333
11/15/2012,53.275,53.14166667,53.09166667,53.25833333,53.10833333
11/16/2012,53.32083333,53.35833333,53.37083333,53.44166667,52.975
11/17/2012,53.325,53.6,53.5375,53.825,53.47916667
11/18/2012,52.88333333,52.52916667,52.55833333,52.67083333,52.72083333
11/19/2012,53.09166667,52.8875,53.02916667,52.82083333,52.425
11/20/2012,53.46666667,53.68333333,53.6,53.6,53.51666667
11/21/2012,54.04166667,54.575,54.75416667,54.45,54.77916667
11/22/2012,53.6625,53.20416667,53.29583333,53.20833333,53.81666667
11/23/2012,53.5,52.8,52.91666667,52.60416667,52.77083333
11/24/2012,53.625,52.725,52.59166667,52.43333333,52.59166667
11/25/2012,53.87916667,53.2875,53.1875,52.97916667,52.92083333
11/26/2012,53.55,53.1375,52.8,52.92916667,53.16666667
11/27/2012,53.275,52.725,52.42083333,52.52916667,52.69583333
11/28/2012,52.9875,52.55833333,52.44583333,52.4125,52.37083333
11/29/2012,53.26666667,53.2,53.28333333,53.12916667,53.12083333
11/30/2012,54.20833333,54.4375,54.82083333,54.5,54.78333333
12/1/2012,54.5125,54.5,55.01666667,54.49583333,55.0375
12/2/2012,55.19166667,54.92083333,55.425,55.08333333,55.5625
12/3/2012,54.35833333,51.95833333,53.29583333,52.1,52.79166667
12/4/2012,54.34583333,52.925,53.83333333,52.8,52.625
12/5/2012,54.62916667,52.725,53.36666667,52.58333333,52.67916667
12/6/2012,54.425,53.76666667,54.3125,53.65,53.47916667
12/7/2012,53.47083333,51.87916667,52.875,51.84583333,52.26666667
12/8/2012,52.99166667,50.72916667,51.7875,50.53333333,50.3625
12/9/2012,52.9,50.95,51.725,50.67083333,50.175
12/10/2012,52.80833333,51.61666667,52.03333333,51.3375,51.00833333
12/11/2012,52.02083333,50.80416667,51.32083333,50.67083333,50.69166667
12/12/2012,52.27083333,50.84583333,51.37083333,50.54583333,50.425
12/13/2012,51.60416667,49.7375,50.41666667,49.5375,49.5
12/14/2012,51.025,48.99166667,49.84166667,48.63333333,48.325
12/15/2012,50.08333333,47.94583333,48.875,47.67083333,47.37916667
12/16/2012,50.35,47.375,47.6375,47.09583333,46.65416667
12/17/2012,51.14583333,47.68333333,48.025,47.3375,47.175
12/18/2012,50.51666667,47.6125,48.35,47.40416667,47.14166667
12/19/2012,49.6125,46.475,47.57083333,46.16666667,45.74583333
12/20/2012,49.57083333,47.17083333,48.09166667,46.77083333,45.68333333
12/21/2012,48.48333333,43.90416667,44.3875,43.90833333,44.45
12/22/2012,49.15,43.90416667,44.3875,46.00416667,45.77916667
12/23/2012,49.2625,46.3375,46.65,46.00416667,45.77916667
12/24/2012,49.43333333,46.075,46.47083333,45.85833333,45.7375
12/25/2012,49.02083333,46.5125,46.95416667,46.32083333,45.92083333
12/26/2012,49.025,45.325,46.11666667,45.09583333,45.0125
12/27/2012,48.9,46.01666667,46.80833333,45.79166667,45.49583333
12/28/2012,48.18333333,45.73333333,46.68333333,45.53333333,45.04583333
12/29/2012,48.68333333,46.15416667,46.94166667,45.77916667,45.125
12/30/2012,48.23333333,46.32916667,47.07083333,46.08333333,45.55416667
12/31/2012,47.93333333,45.67916667,46.57916667,45.35,44.93333333
1/1/2013,47.84166667,45.32916667,46.325,44.99166667,44.54166667
1/2/2013,47.6375,45.30416667,46.30416667,44.95833333,44.51666667
1/3/2013,47.4375,45.3,46.22083333,44.98333333,44.51666667
1/4/2013,47.54166667,45.55416667,46.0625,45.3125,44.9125
1/5/2013,47.3375,45.6375,46.05,45.4625,45.02916667
1/6/2013,48.32083333,46.92916667,47.36666667,46.64583333,46.0375
1/7/2013,48.4125,47.14583333,47.46666667,46.99166667,46.84166667
1/8/2013,48.725,47.425,47.7875,47.3625,47.23333333
1/9/2013,48.4125,47.44583333,47.70833333,47.5125,47.34583333
1/10/2013,47.95416667,45.96666667,46.42083333,45.97916667,46.19166667
1/11/2013,47.92083333,45.26666667,45.97083333,45.1625,45.0875
1/12/2013,47.50833333,44.9375,45.6375,44.80416667,44.525
1/13/2013,47.02916667,44.07916667,44.9125,43.97083333,43.675
1/14/2013,46.875,43.73333333,44.66666667,43.47083333,43.075
1/15/2013,47.46666667,44.60416667,45.41666667,44.34583333,43.8625
1/16/2013,47.91666667,45.45,46.10416667,45.225,44.82916667
1/17/2013,48.10833333,46.05416667,46.5375,45.87916667,45.54166667
1/18/2013,47.9,46.1125,46.46666667,46.0375,45.89166667
1/19/2013,47.99583333,45.9,46.37916667,45.7625,45.7
1/20/2013,47.90833333,45.94166667,46.44166667,45.82916667,45.69166667
1/21/2013,47.65833333,45.925,46.36666667,45.85,45.78333333
1/22/2013,47.3375,45.92916667,46.3,45.9125,45.89166667
1/23/2013,47.25416667,46.175,46.41666667,46.18333333,46.01666667
1/24/2013,48.06666667,47.30416667,47.42083333,47.37083333,47.32916667
1/25/2013,48.02916667,48.34166667,48.19166667,48.425,48.525
1/26/2013,48.05,48.3375,48.2125,48.50416667,48.86666667
1/27/2013,47.49166667,46.8875,47.04166667,47.0875,47.675
1/28/2013,47.375,46.625,46.90416667,46.68333333,46.87083333
1/29/2013,47.03333333,46.3875,46.59166667,46.49166667,46.67916667
1/30/2013,47.41666667,46.97083333,47.02083333,47.02916667,47.1625
1/31/2013,47.17916667,47.12916667,47.025,47.275,47.575
2/1/2013,47.46666667,46.82916667,46.9375,46.9,47.29583333
2/2/2013,47.74166667,47.27083333,47.425,47.35416667,47.44583333
2/3/2013,48.425,47.53333333,47.825,47.52916667,47.725
2/4/2013,48.42916667,48.27916667,48.36666667,48.33333333,48.4375
2/5/2013,48.4125,48.28333333,48.425,48.35833333,48.55416667
2/6/2013,48.11666667,47.92083333,47.98333333,48.04166667,48.44583333
2/7/2013,48.1625,48.26666667,48.375,48.34583333,48.29166667
2/8/2013,48.27083333,47.85833333,47.9,47.99583333,48.40833333
2/9/2013,48.04583333,47.2,47.4875,47.27083333,47.49166667
2/10/2013,48.04583333,47.2875,47.58333333,47.275,47.36666667
2/11/2013,48.09166667,47.60416667,47.73333333,47.67083333,47.8625
2/12/2013,48.35,47.90416667,48.00416667,47.93333333,48.15
2/13/2013,48.575,48.30833333,48.3625,48.32083333,48.625
2/14/2013,48.89166667,49.325,49.33333333,49.56666667,49.71666667
2/15/2013,48.9375,49.28333333,49.34166667,49.74583333,50.38333333
2/16/2013,48.67083333,49.00833333,49.0375,49.55,50.21666667
2/17/2013,48.60416667,48.75,48.84166667,49.2125,49.74166667
2/18/2013,48.10833333,47.97916667,48.18333333,48.45,49.00416667
2/19/2013,47.72916667,47.62083333,47.94583333,48.04166667,48.15
2/20/2013,47.74583333,46.93333333,47.31666667,47.31666667,47.75416667
2/21/2013,47.83333333,47.32916667,47.69166667,47.6625,47.9
2/22/2013,47.8875,47.875,48.125,48.31666667,48.58333333
2/23/2013,47.9625,48.4375,48.4875,48.92083333,49.2125
2/24/2013,48.03333333,47.80416667,48,48.25416667,48.83333333
2/25/2013,48.30416667,48.54166667,48.68333333,48.92083333,49.22916667
2/26/2013,48.12083333,48.3,48.32916667,48.85833333,49.47916667
2/27/2013,48.42916667,48.35416667,48.56666667,48.80833333,49.34166667
2/28/2013,48.87916667,50,50.01666667,50.45416667,50.6875
3/1/2013,49.2125,50.25,50.04166667,50.85,51.70833333
3/2/2013,48.69166667,50.39166667,50.0375,51.075,51.8
3/3/2013,49.24166667,50.77083333,50.525,51.3875,51.99583333
3/4/2013,49.02916667,51.22083333,50.7,51.99583333,52.82916667
3/5/2013,48.625,50.77083333,50.33333333,51.60416667,52.44583333
3/6/2013,48.41666667,49.03333333,48.99166667,49.77916667,50.7125
3/7/2013,48.34583333,48.8375,48.97916667,49.2125,49.67916667
3/8/2013,47.925,49.0875,49.03333333,49.69166667,50.32083333
3/9/2013,48.06666667,49.2625,49.19583333,49.84166667,50.54166667
3/10/2013,48.46086957,49.46521739,49.40869565,50.06521739,50.82173913
3/11/2013,48.8625,50.49166667,50.3125,51.07916667,51.64583333
3/12/2013,48.9,51.24583333,50.74166667,51.89583333,52.75416667
3/13/2013,49.02916667,51.39166667,50.8375,52.0625,53.20416667
3/14/2013,48.69583333,51.36666667,50.6875,52.05,53.0875
3/15/2013,49.00833333,51.3625,50.57916667,51.84166667,52.85833333
3/16/2013,49.26666667,52.225,51.25416667,52.42083333,53.26666667
3/17/2013,49.05833333,51.9125,50.88333333,52.25833333,53.33333333
3/18/2013,48.82083333,51.29583333,50.4,51.63333333,52.6875
3/19/2013,48.55416667,51.35416667,50.49166667,51.6875,52.47916667
3/20/2013,48.32916667,51,50.13333333,51.44166667,52.125
3/21/2013,48.55,50.37916667,49.84166667,50.54583333,51.7
3/22/2013,49.04166667,50.49166667,49.95833333,50.625,51.175
3/23/2013,49.34166667,50.69583333,50.12083333,50.88333333,51.52916667
3/24/2013,50.43333333,52.07083333,51.35416667,52.16666667,52.74166667
3/25/2013,50.97083333,52.825,52.0125,53.01666667,53.7375
3/26/2013,51.64583333,54.19166667,53.2375,54.33333333,54.92083333
3/27/2013,51.72083333,55.00833333,53.94583333,55.53333333,56.52083333
3/28/2013,51.25416667,54.85,53.60833333,55.4125,56.55416667
3/29/2013,51.625,54.18333333,53.2125,54.58333333,56.24583333
3/30/2013,51.3625,54.35416667,53.25416667,54.8,56.0625
3/31/2013,51.70416667,54.52083333,53.68333333,54.79583333,56.1
4/1/2013,51.80416667,54.1,53.4375,54.36666667,55.58333333
4/2/2013,52.3125,54.68333333,54.0625,54.77916667,56.075
4/3/2013,52.02083333,55.375,54.24583333,55.7125,57.05833333
4/4/2013,51.69583333,55.04583333,53.74583333,55.45833333,56.34166667
4/5/2013,51.80833333,53.99583333,53.20833333,54.15833333,55.36666667
4/6/2013,51.64166667,55.175,54.44166667,55.1625,56.05416667
4/7/2013,51.51666667,55.17083333,54.2875,55.4,56.72083333
4/8/2013,51.36666667,54.16666667,53.35833333,54.45,55.71666667
4/9/2013,51.09166667,53.67083333,52.85416667,53.92083333,55.31666667
4/10/2013,52.3625,54.875,53.95833333,54.9875,56.30416667
4/11/2013,53.30416667,55.74166667,54.72083333,56.00833333,57.17083333
4/12/2013,53.5625,55.92916667,54.94583333,56.19166667,57.61666667
4/13/2013,54.0625,56.45,55.35416667,56.725,58.0375
4/14/2013,53.84166667,56.16666667,55.3125,56.50833333,57.52916667
4/15/2013,52.9625,55.29583333,54.45416667,55.5,56.46666667
4/16/2013,53.02083333,54.15,53.46666667,54.37083333,55.36666667
4/17/2013,53.35833333,54.65833333,53.99583333,54.71666667,55.4125
4/18/2013,53.75833333,55.67916667,54.95,55.85833333,56.625
4/19/2013,54.34583333,56.73333333,55.87916667,57.0125,58.01666667
4/20/2013,54.3875,57.06666667,56.05833333,57.38333333,58.60833333
4/21/2013,54.60416667,57.40833333,56.35416667,57.73333333,59.07083333
4/22/2013,54.9375,57.84583333,56.73333333,58.24583333,59.57083333
4/23/2013,54.5875,57,56.09166667,57.28333333,58.8625
4/24/2013,53.80416667,56.52083333,55.45833333,56.9125,58.94166667
4/25/2013,53.64583333,55.95,55.04166667,56.1875,58.1625
4/26/2013,53.6125,56.28333333,55.23333333,56.525,58.25833333
4/27/2013,53.8625,56.6125,55.45416667,56.9125,58.86666667
4/28/2013,53.725,56.51666667,55.3,56.86666667,59.14166667
4/29/2013,54.1375,56.70833333,55.56666667,57.01666667,59.05
4/30/2013,53.7625,56.425,55.45416667,56.68333333,57.98333333
5/1/2013,52.6375,54.55416667,53.69583333,54.84583333,56.68333333
5/2/2013,53.09166667,55.22916667,54.36666667,55.45,56.94166667
5/3/2013,53.11666667,55.7375,54.70833333,55.98333333,57.93333333
5/4/2013,53.02083333,55.875,54.7,56.25833333,58.12916667
5/5/2013,53.09166667,55.16666667,54.22916667,55.5,57.4125
5/6/2013,52.53333333,54.81666667,53.80416667,55.125,56.51666667
5/7/2013,52.19166667,53.9125,53.25416667,54.02083333,55.0625
5/8/2013,52.4375,54.47916667,53.67916667,54.61666667,56.32083333
5/9/2013,53.25,55.85416667,54.80833333,56.04583333,57.60416667
5/10/2013,53.45416667,56.48333333,55.2,56.80416667,59.00833333
5/11/2013,53.44166667,56.6125,55.225,57.025,59.4625
5/12/2013,53.45416667,56.6875,55.30833333,57.06666667,59.425
5/13/2013,53.4625,56.54583333,55.24583333,56.8875,59.25833333
5/14/2013,53.70833333,56.675,55.36666667,57.02083333,59.3
5/15/2013,53.57916667,56.42916667,55.075,56.77083333,59.0375
5/16/2013,53.00833333,55.71666667,54.65416667,56.09166667,58.2125
5/17/2013,52.98333333,55.6,54.4875,55.74583333,57.5625
5/18/2013,53.34166667,55.84166667,54.75,55.9,57.81666667
5/19/2013,53.46666667,56.14166667,55.05833333,56.31666667,58.15
5/20/2013,53.50833333,56.2375,55.05,56.4375,58.55416667
5/21/2013,53.175,56.0125,54.9375,56.32916667,58.275
5/22/2013,52.19166667,54.37083333,53.70833333,54.52916667,55.94583333
5/23/2013,52.9375,54.875,54.05,54.94166667,56.20833333
5/24/2013,53.7875,55.56666667,54.7125,55.55833333,57.00833333
5/25/2013,53.76666667,55.83333333,54.86666667,55.91666667,57.725
5/26/2013,53.63333333,56.17083333,55.07083333,56.39583333,58.34166667
5/27/2013,52.96666667,55.15416667,54.325,55.49583333,57.51666667
5/28/2013,53.175,55.40416667,54.52083333,55.39166667,57.15
5/29/2013,53.49583333,56.45,55.24166667,56.56666667,58.38333333
5/30/2013,53.6125,56.25,55.14166667,56.4125,58.44166667
5/31/2013,53.71666667,56.59583333,55.4125,56.8125,58.8375
6/1/2013,53.8125,56.80416667,55.53333333,57.0375,59.325
6/2/2013,54.20833333,57.35416667,55.975,57.59583333,59.87916667
6/3/2013,54.2625,57.50416667,56.12083333,57.79166667,60.26666667
6/4/2013,53.8,57.275,55.85416667,57.61666667,60.54583333
6/5/2013,54.12916667,57.66666667,56.19166667,57.97916667,60.75416667
6/6/2013,54.27916667,57.5875,56.2125,57.92916667,60.52083333
6/7/2013,53.2875,57.19166667,55.79166667,57.59166667,60.30416667
6/8/2013,53.30416667,56.89166667,55.47083333,57.20833333,59.94166667
6/9/2013,53.25,56.59583333,55.225,56.925,59.89583333
6/10/2013,52.86666667,55.7875,54.79166667,56.11666667,58.32083333
6/11/2013,52.66666667,55.65416667,54.55416667,55.84583333,57.86666667
6/12/2013,52.97916667,55.82916667,54.75416667,56.05416667,58.05
6/13/2013,52.6875,55.60416667,54.575,55.9125,57.85833333
6/14/2013,52.67083333,55.2875,54.39583333,55.5875,57.42916667
6/15/2013,52.7625,55.575,54.55833333,55.82916667,57.71666667
6/16/2013,51.975,54.93333333,53.87083333,55.41666667,57.91666667
6/17/2013,52.29166667,55.05,54.05416667,55.3,57.36666667
6/18/2013,52.47083333,55.17083333,54.16666667,55.4875,57.6125
6/19/2013,52.15833333,54.82083333,53.925,55.10416667,56.95416667
6/20/2013,52.35,54.87083333,53.94583333,55.14166667,57.05416667
6/21/2013,52.76666667,55.35,54.3375,55.58333333,57.5625
6/22/2013,52.85,55.72083333,54.61666667,56.04166667,58.15
6/23/2013,51.8875,54.7,53.78333333,55.1875,57.70833333
6/24/2013,51.58333333,53.87916667,53.2625,54.19166667,56.27916667
6/25/2013,51.47916667,53.44583333,52.8875,53.64583333,55.20833333
6/26/2013,51.80833333,54.85,53.7875,55.15416667,56.75833333
6/27/2013,52.45,55.2125,54.19166667,55.475,57.19166667
6/28/2013,53.07916667,56.20416667,54.975,56.6125,58.55833333
6/29/2013,53.00416667,56.27083333,55.08333333,56.76666667,59.09583333
6/30/2013,53.05833333,56.1,54.97916667,56.57916667,58.88333333
7/1/2013,53.21666667,56.05416667,55.01666667,56.49166667,58.76666667
7/2/2013,53.45833333,56.50833333,55.29583333,56.95,59.425
7/3/2013,53.52916667,56.58333333,55.4375,57.16666667,60.00833333
7/4/2013,53.65833333,56.52916667,55.45,56.98333333,59.44166667
7/5/2013,53.79166667,56.6375,55.57916667,57.05,59.24583333
7/6/2013,53.89166667,56.70416667,55.6375,57.175,59.5125
7/7/2013,54.03333333,56.65416667,55.6625,57.05,59.27083333
7/8/2013,54.17083333,56.725,55.79583333,57.15416667,59.175
7/9/2013,54.275,56.77916667,55.84166667,57.15416667,59.24166667
7/10/2013,54.42083333,57.0125,56.05416667,57.34583333,59.725
7/11/2013,54.5375,57.20833333,56.12083333,57.3875,59.65833333
7/12/2013,54.7,57.175,56.15416667,57.3375,59.50416667
7/13/2013,54.95,57.49583333,56.42083333,57.65,59.84583333
7/14/2013,55.125,57.67083333,56.575,57.82083333,60.09583333
7/15/2013,55.14166667,57.60416667,56.575,57.78333333,60.25416667
7/16/2013,54.89166667,57.64583333,56.68333333,57.89583333,60.1
7/17/2013,54.5875,57.05833333,56.08333333,57.23333333,59.64166667
7/18/2013,54.89166667,57.325,56.2625,57.45833333,59.64166667
7/19/2013,55.0375,57.65833333,56.5375,57.84166667,60.19166667
7/20/2013,54.79166667,57.75,56.55416667,58.01666667,60.64583333
7/21/2013,54.58333333,57.57083333,56.35,57.825,60.48333333
7/22/2013,54.89583333,57.62916667,56.46666667,57.87916667,60.40833333
7/23/2013,54.75833333,57.51666667,56.4125,57.79166667,60.3875
7/24/2013,54.69583333,57.35,56.29583333,57.5625,60.075
7/25/2013,54.37083333,57.4125,56.25,57.6875,60.22083333
7/26/2013,54.24166667,57.18333333,56.05833333,57.46666667,60.26666667
7/27/2013,54.42916667,57.325,56.15416667,57.56666667,60.2875
7/28/2013,54.6,57.5,56.29166667,57.72083333,60.28333333
7/29/2013,54.275,57.125,56.05,57.45416667,60.21666667
7/30/2013,53.38333333,56.325,55.42083333,56.65,59.37916667
7/31/2013,53.45,55.775,54.82916667,55.94583333,58.59166667
8/1/2013,53.85,56.40833333,55.2875,56.59166667,58.94583333
8/2/2013,53.89583333,56.36666667,55.32916667,56.57916667,59.17083333
8/3/2013,53.82916667,56.01666667,55.15416667,56.22083333,58.57916667
8/4/2013,53.5,56,55.0125,56.1875,58.5875
8/5/2013,53.95,56.225,55.15,56.39166667,58.9
8/6/2013,53.62083333,56.22916667,55.16666667,56.50833333,59.025
8/7/2013,53.89583333,56.31666667,55.19583333,56.47083333,58.91666667
8/8/2013,53.8625,56.37083333,55.30833333,56.65,59.125
8/9/2013,53.75416667,56.25,55.25416667,56.49166667,58.80416667
8/10/2013,53.75833333,56.17916667,55.15,56.36666667,58.84166667
8/11/2013,53.8125,56.275,55.21666667,56.5125,59.125
8/12/2013,53.9125,56.35833333,55.3125,56.57083333,59.10833333
8/13/2013,54.26666667,56.58333333,55.50833333,56.76666667,59.26666667
8/14/2013,54.59583333,56.98333333,55.825,57.13333333,59.54583333
8/15/2013,54.58333333,57.05,55.88333333,57.27083333,59.85833333
8/16/2013,54.675,57.23333333,55.975,57.48333333,60.09583333
8/17/2013,54.65,57.6,56.23333333,57.92916667,60.4875
8/18/2013,54.69166667,57.74166667,56.34166667,58.06666667,60.72083333
8/19/2013,54.47916667,57.61666667,56.28333333,57.98333333,60.70416667
8/20/2013,53.88333333,56.325,55.625,56.78333333,59.85
8/21/2013,54.29166667,56.975,55.65416667,57.0875,59.15
8/22/2013,54.30833333,56.99583333,55.80416667,57.38333333,59.9875
8/23/2013,54.275,57.01666667,55.68333333,57.24166667,59.54166667
8/24/2013,54.225,57.13333333,55.63333333,57.42083333,59.79166667
8/25/2013,54.12083333,57.175,55.675,57.54583333,59.92083333
8/26/2013,54.45416667,57.19166667,55.77916667,57.52916667,59.8625
8/27/2013,54.46666667,56.87916667,55.625,57.1875,59.5375
8/28/2013,54.6875,57.74166667,56.45833333,58.0625,59.775
8/29/2013,53.7625,56.9375,55.47083333,57.69583333,60.05
8/30/2013,54.1625,56.975,55.65833333,57.57916667,59.49166667
8/31/2013,54.7125,57.64583333,55.99583333,58.21666667,59.7625
9/1/2013,54.475,57.1375,56.05833333,57.7375,59.575
9/2/2013,54.34583333,57.24583333,55.82916667,57.84166667,59.27083333
9/3/2013,54.77083333,57.62916667,56.11666667,58.22916667,59.87083333
9/4/2013,54.44166667,57.45416667,56.04166667,58.0875,59.85
9/5/2013,54.20833333,57.20416667,55.81666667,57.82083333,59.47916667
9/6/2013,54.24583333,56.94166667,55.6125,57.59583333,59.30833333
9/7/2013,54.08333333,57.0625,55.88333333,57.7125,59.275
9/8/2013,54.11666667,56.87916667,55.65833333,57.44166667,59.06666667
9/9/2013,54.40833333,57.22083333,55.85,57.85416667,59.49166667
9/10/2013,54.55,57.64583333,56.17916667,58.2875,59.90833333
9/11/2013,54.73333333,57.69166667,56.21666667,58.38333333,60.15416667
9/12/2013,54.40833333,57.17083333,56.06666667,57.9375,59.8625
9/13/2013,53.74166667,57.08333333,55.84166667,57.7375,59.48333333
9/14/2013,53.72916667,56.83333333,55.52916667,57.49583333,59.45
9/15/2013,54.22083333,56.925,55.6875,57.50833333,59.16666667
9/16/2013,54.5625,57.1625,55.99583333,57.64166667,59.0625
9/17/2013,54.46666667,57.22916667,55.925,57.85416667,59.37916667
9/18/2013,54.33333333,56.79583333,56.05,57.30416667,58.525
9/19/2013,53.45416667,55.9375,55.50416667,56.48333333,58.06666667
9/20/2013,53.42083333,55.57083333,55.10833333,55.99583333,57.30833333
9/21/2013,53.35833333,55.775,55.42083333,56.29583333,57.51666667
9/22/2013,53.775,55.14166667,54.72083333,55.3125,56.10416667
9/23/2013,54.45416667,56.6625,55.5875,57.06666667,57.9375
9/24/2013,54.49166667,56.67083333,55.75,57.45,58.6875
9/25/2013,54.05833333,55.98333333,54.95,56.25416667,57.44583333
9/26/2013,54.25416667,55.275,54.92083333,55.47083333,56.2375
9/27/2013,54.37916667,55.6875,55.17916667,55.94166667,56.6
9/28/2013,54.25833333,55.88333333,55.37916667,56.15416667,56.8625
9/29/2013,53.89583333,56.01666667,55.40416667,56.5375,57.27083333
9/30/2013,54.7,56.8,55.84166667,57.22916667,58.11666667
10/1/2013,54.95833333,56.72083333,55.91666667,57.18333333,58.39583333
10/2/2013,54.94583333,56.72083333,56,57.0125,57.77083333
10/3/2013,54.6,55.82916667,55.475,56.06666667,56.80416667
10/4/2013,54.4625,55.43333333,55.14583333,55.64166667,56.22083333
10/5/2013,54.5375,55.5625,55.07083333,55.68333333,56.27916667
10/6/2013,54.91666667,55.8125,55.275,55.93333333,56.5375
10/7/2013,54.73333333,55.80416667,55.46666667,56.03333333,56.625
10/8/2013,54.75,55.49583333,55.30416667,55.6875,56.12916667
10/9/2013,55.03333333,55.425,55.175,55.50833333,55.7875
10/10/2013,55.2125,55.99166667,55.59166667,56.0875,56.425
10/11/2013,54.52916667,55.76666667,55.50416667,55.9875,56.79583333
10/12/2013,54.4875,55.40416667,55.1625,55.58333333,56.27083333
10/13/2013,54.62916667,55.50416667,55.2875,55.6875,56.2
10/14/2013,54.65833333,55.3875,55.22916667,55.525,56.07083333
10/15/2013,54.8,55.47083333,55.29583333,55.59583333,56.12083333
10/16/2013,54.8625,55.17083333,55.125,55.2,55.8
10/17/2013,55.30833333,55.55,55.3,55.525,55.80833333
10/18/2013,55.55833333,56.025,55.66666667,56.12916667,56.525
10/19/2013,55.425,56.10833333,55.82083333,56.23333333,56.75833333
10/20/2013,55.52916667,56.025,55.8125,56.11666667,56.70416667
10/21/2013,55.75,56.27083333,55.95,56.38333333,56.86666667
10/22/2013,55.77916667,56.41666667,56.09166667,56.51666667,57.05
10/23/2013,55.65833333,56.0875,55.85833333,56.175,56.79166667
10/24/2013,55.59583333,55.93333333,55.84166667,55.99166667,56.48333333
10/25/2013,55.50416667,55.9,55.8,55.94166667,56.35833333
10/26/2013,55.44166667,55.63333333,55.62083333,55.6625,56.14166667
10/27/2013,55.47083333,55.52916667,55.5625,55.56666667,55.88333333
10/28/2013,55.0125,55.15416667,55.44583333,55.21666667,55.475
10/29/2013,55.15,55.19583333,55.4625,55.2625,55.28333333
10/30/2013,55.08333333,54.8875,55.20833333,55.10833333,55.35
10/31/2013,55.29583333,54.8125,55.04583333,54.99166667,55.23333333
11/1/2013,54.82083333,55.22083333,55.325,55.52083333,55.62916667
11/2/2013,54.06666667,54.2625,54.575,54.65833333,55.16666667
11/3/2013,52.85833333,52.79166667,53.23333333,53.09583333,53.25833333
11/4/2013,53.15,52.225,52.55833333,52.20833333,51.95416667
11/5/2013,53.625,53.17916667,53.23333333,53.31666667,53.17083333
11/6/2013,53.91666667,53.79166667,53.7125,54.07916667,54.18333333
11/7/2013,54.20833333,54.34583333,54.34166667,54.65,54.83333333
11/8/2013,54.47916667,54.14583333,53.57083333,54.39166667,54.75833333
11/9/2013,54.44583333,54.0625,52.95,54.25,54.5625
11/10/2013,54.33333333,53.99583333,53.225,54.2,54.44583333
11/11/2013,54.25,53.59166667,52.80833333,53.75,54.01666667
11/12/2013,54.57916667,54.44583333,53.93333333,54.5875,54.44583333
11/13/2013,54.79583333,54.3125,53.3375,54.55,54.975
11/14/2013,54.84583333,54.53333333,53.67083333,54.75833333,54.94166667
11/15/2013,54.40416667,53.81666667,53.5375,53.96666667,54.18333333
11/16/2013,54.13333333,53.49166667,53.325,53.525,53.625
11/17/2013,53.5375,52.85833333,52.77083333,52.91666667,53.1875
11/18/2013,52.97916667,52.25,52.52083333,52.26666667,52.25416667
11/19/2013,53.53333333,52.85833333,53.06666667,52.86666667,52.45
11/20/2013,54.07083333,53.55,53.75833333,53.76666667,53.5375
11/21/2013,52.99166667,51.58333333,52.44166667,51.70833333,52.1
11/22/2013,52.75833333,49.97916667,50.6,49.65416667,49.42916667
11/23/2013,53.15,51.19166667,51.36666667,50.82916667,50.10416667
11/24/2013,52.85833333,51.32083333,51.29166667,51.11666667,50.85416667
11/25/2013,52.67916667,51.02083333,51.11666667,50.80416667,50.67916667
11/26/2013,52.80833333,51.06666667,51.17916667,50.87083333,50.59583333
11/27/2013,52.875,51.60833333,51.59166667,51.37083333,50.83333333
11/28/2013,53.14166667,51.98333333,51.76666667,51.99166667,51.74166667
11/29/2013,52.925,51.90416667,51.82916667,51.825,51.83333333
11/30/2013,53.2125,52.3875,52.11666667,52.31666667,52.15
12/1/2013,53.21666667,52.43333333,52.2875,52.475,52.45833333
12/2/2013,52.61666667,51.95416667,52.075,52.025,52.04583333
12/3/2013,52.29583333,51.47083333,51.7625,51.40416667,51.2875
12/4/2013,50.75416667,48.56666667,49.475,48.32916667,48.50833333
12/5/2013,50.39166667,47.75,48.1875,47.13333333,46.625
12/6/2013,49.6,47.28333333,47.80833333,46.81666667,46.01666667
12/7/2013,49.99583333,47.71666667,47.97083333,47.325,46.47916667
12/8/2013,49.64166667,46.9625,47.59583333,46.54583333,46.05833333
12/9/2013,49.375,46.5125,47.21666667,45.975,45.30416667
12/10/2013,49.74166667,47.09166667,47.025,46.45833333,45.65
12/11/2013,50.13333333,48.06666667,47.225,47.325,46.61666667
12/12/2013,50.225,48.2375,47.64166667,47.65,47.36666667
12/13/2013,50.55416667,48.5875,47.7125,48.00416667,47.675
12/14/2013,51.16666667,49.0375,48.29583333,48.42083333,48.075
12/15/2013,51.49166667,49.4,48.5375,48.79166667,48.4
12/16/2013,51.77916667,49.5875,48.725,48.9875,48.71666667
12/17/2013,51.70416667,50.0875,49.25833333,49.57083333,49.175
12/18/2013,51.64583333,49.99583333,49.175,49.50833333,49.37083333
12/19/2013,51.2625,49.71666667,49.64583333,49.275,48.92916667
12/20/2013,50.87916667,48.75833333,48.63333333,48.17916667,47.92083333
12/21/2013,51.125,49.59166667,49.28333333,49.1,48.67083333
12/22/2013,51.5,50.125,49.62916667,49.80833333,49.68333333
12/23/2013,51.37916667,50.34166667,49.75,50.00833333,50.025
12/24/2013,51.17083333,50.05416667,49.6625,49.79166667,50.0125
12/25/2013,50.87916667,49.67916667,49.39583333,49.2875,49.49166667
12/26/2013,50.58333333,49.21666667,49.1,48.77916667,48.8875
12/27/2013,50.0625,48.65833333,48.72083333,48.24583333,48.1
12/28/2013,50.32916667,48.50416667,48.53333333,47.95416667,47.775
12/29/2013,50.44583333,49.27083333,49.26666667,48.77916667,48.46666667
12/30/2013,49.90833333,48.90416667,49.11666667,48.65833333,48.77916667
12/31/2013,50.275,49.05,48.87916667,48.62916667,48.58333333
1/1/2014,50.39166667,49.09583333,48.85416667,48.7,48.72083333
1/2/2014,50.3625,49.36666667,48.95833333,48.98333333,48.88333333
1/3/2014,50.39166667,49.69166667,49.37083333,49.30416667,49.30416667
1/4/2014,49.77083333,48.95416667,48.80833333,48.6875,49.05833333
1/5/2014,49.74166667,48.44583333,48.2875,47.86666667,48.18333333
1/6/2014,49.15,48.075,48.12916667,47.70416667,47.625
1/7/2014,49.10416667,48.05416667,48.05416667,47.62083333,47.5875
1/8/2014,49.2625,48.0375,47.92916667,47.74166667,47.47083333
1/9/2014,49.67083333,48.95833333,48.85416667,48.5,47.92083333
1/10/2014,49.44583333,48.60833333,48.75416667,48.39166667,48.32083333
1/11/2014,49.24583333,48.775,49.04583333,48.625,48.20833333
1/12/2014,49.04166667,48.16666667,48.72083333,47.88333333,47.9125
1/13/2014,49.32083333,48.48333333,48.41666667,48.15,47.8625
1/14/2014,49.225,48.62083333,48.5125,48.375,48.2625
1/15/2014,49.15,48.59583333,48.8625,48.39166667,48.3875
1/16/2014,49.225,48.29583333,48.76666667,48.03333333,48.2375
1/17/2014,49.27916667,48.52083333,48.79166667,48.11666667,47.96666667
1/18/2014,49.34583333,48.37083333,48.7875,48.01666667,47.98333333
1/19/2014,49.40416667,48.62083333,48.725,48.175,47.95
1/20/2014,49.30416667,48.42083333,48.71666667,48.025,47.99583333
1/21/2014,48.9625,48.15416667,48.475,47.79583333,47.7125
1/22/2014,49.02916667,48.22083333,48.25833333,47.8875,47.825
1/23/2014,48.97083333,49.01666667,48.82916667,48.84583333,48.47916667
1/24/2014,49.15,49.37916667,49.13333333,49.29583333,49.30833333
1/25/2014,49.02083333,48.94166667,49.175,48.83333333,49.17083333
1/26/2014,49.225,48.84583333,48.97916667,48.54583333,48.6875
1/27/2014,49.02916667,48.6875,49.15,48.57083333,48.48333333
1/28/2014,49.68333333,50.0375,49.7625,49.95833333,49.45833333
1/29/2014,49.34166667,50.44583333,50.2125,50.68333333,50.60416667
1/30/2014,49.36666667,50.1375,49.94166667,50.35416667,50.58333333
1/31/2014,48.8375,49.12916667,49.5125,49.17083333,49.6
2/1/2014,48.37083333,48.0875,48.86666667,47.9625,48.17916667
2/2/2014,48,47.65,48.53333333,47.525,47.24583333
2/3/2014,48.02916667,47.69583333,48.39583333,47.47916667,47.34583333
2/4/2014,47.825,47.29583333,48.12083333,47.10416667,47.05
2/5/2014,47.75416667,47.24583333,48.00833333,47.02083333,46.87916667
2/6/2014,47.65833333,47.74166667,48.3,47.67083333,47.20416667
2/7/2014,47.82916667,47.7625,48.225,47.77083333,47.55
2/8/2014,48.22916667,48.63333333,48.64166667,48.69583333,48.40416667
2/9/2014,48.37916667,49.64166667,49.375,49.79166667,49.82083333
2/10/2014,48.725,50.3,50.00416667,50.52916667,50.9125
2/11/2014,48.53333333,49.90416667,50.07916667,50.19166667,50.54583333
2/12/2014,48.57916667,50.51666667,50.2,50.79166667,50.875
2/13/2014,48.84583333,50.6875,50.45,51.2,51.55
2/14/2014,49.15416667,51.31666667,50.65,51.75416667,51.925
2/15/2014,49.05,51.6125,50.95833333,52.11666667,52.47916667
2/16/2014,49.0625,50.82083333,50.9375,51.22083333,51.96666667
2/17/2014,48.55416667,49.56666667,50.85833333,50.00833333,50.69583333
2/18/2014,48.7375,49.42083333,50.55833333,49.62916667,49.6875
2/19/2014,48.94166667,50.52916667,50.59583333,50.725,50.69166667
2/20/2014,48.8875,49.99583333,50.70416667,50.29583333,51.04166667
2/21/2014,49.3625,50.37916667,50.64166667,50.52916667,51.275
2/22/2014,49.78333333,50.86666667,50.71666667,50.99166667,51.6625
2/23/2014,49.90833333,50.8375,50.825,51.0125,51.80416667
2/24/2014,50.37083333,51.44166667,50.9125,51.59583333,52.2125
2/25/2014,50.55,51.90833333,51.1625,52.07916667,52.82083333
2/26/2014,50.04166667,51.62083333,51.44583333,51.95,52.55
2/27/2014,50.56666667,51.75416667,51.65,51.88333333,52.2
2/28/2014,50.36666667,51.56666667,51.85833333,51.85,52.16666667
3/1/2014,50.88333333,52.16666667,51.9125,52.2,52.6
3/2/2014,50.34583333,52.99166667,52.34583333,53.32916667,53.58333333
3/3/2014,50.39166667,51.84166667,52.4375,52.15,52.87083333
3/4/2014,51.27083333,52.575,52.3125,52.55833333,52.6375
3/5/2014,50.63333333,53.12083333,52.65833333,53.4375,53.99583333
3/6/2014,51.00833333,53.37916667,52.8125,53.5,54.29583333
3/7/2014,51.12916667,52.8625,52.975,53.14583333,54.17083333
3/8/2014,51.30416667,52.99583333,52.975,53.20416667,53.775
3/9/2014,50.88695652,53.54347826,53.04782609,53.84782609,54.21304348
3/10/2014,51.75833333,53.6375,53.25,53.80416667,54.2625
3/11/2014,51.3,52.54583333,53.39166667,52.97083333,53.97916667
3/12/2014,51.45,52.1375,53.175,52.375,52.99166667
3/13/2014,51.30416667,52.6375,53.13333333,53.05,53.65833333
3/14/2014,51.68333333,53.6875,53.18333333,54.14166667,54.52916667
3/15/2014,52.11666667,54.36666667,53.425,54.9125,55.55
3/16/2014,52.4625,54.9375,53.6625,55.47916667,56.10833333
3/17/2014,52.48333333,54.97916667,53.9375,55.54166667,56.1
3/18/2014,52.12916667,53.45416667,54.02916667,54.01666667,54.85416667
3/19/2014,52.34583333,53.62083333,53.85833333,53.97083333,54.5625
3/20/2014,52.65416667,54.31666667,53.8375,54.80833333,55.40416667
3/21/2014,52.96666667,54.74166667,53.94166667,55.2875,56.04583333
3/22/2014,52.76666667,54.92916667,54.15416667,55.53333333,56.34166667
3/23/2014,52.81666667,54.7625,54.24583333,55.35416667,56.32916667
3/24/2014,52.83333333,55.04583333,54.3,55.65,56.5375
3/25/2014,51.84166667,53.9375,54.39583333,54.69583333,55.5375
3/26/2014,51.42083333,52.58333333,54.0625,53.15416667,53.69166667
3/27/2014,51.4375,52.49583333,53.67916667,52.925,53.57083333
3/28/2014,51.18333333,53.4625,53.59166667,54.12916667,54.1375
3/29/2014,51.55,52.83333333,53.57916667,53.28333333,54.0125
3/30/2014,50.88333333,51.36666667,53.28333333,51.875,52.79583333
3/31/2014,50.20416667,50.64583333,52.99166667,51.09583333,51.2
4/1/2014,50.075,49.6625,52.3625,49.97083333,50.0625
4/2/2014,51.24166667,51.27916667,52.23333333,51.42083333,51.375
4/3/2014,50.69583333,52.9875,52.64166667,53.46666667,53.52083333
4/4/2014,50.94583333,52.27916667,52.97916667,52.8125,53.5
4/5/2014,51.77916667,53.35416667,53.00833333,53.57916667,53.975
4/6/2014,52.54166667,55.5875,53.4125,56.07083333,56.48333333
4/7/2014,53.02916667,57.19166667,54.02083333,57.8125,58.5125
4/8/2014,53.06666667,58.025,55.11666667,58.70833333,59.74166667
4/9/2014,53.24166667,58.57083333,55.62083333,59.20416667,60.375
4/10/2014,53.65,59.06666667,56.19583333,59.73333333,61.09583333
4/11/2014,54.00833333,59.34166667,56.45,59.9125,61.2125
4/12/2014,54.5625,59.98333333,56.675,60.62083333,61.7625
4/13/2014,54.425,60.14583333,56.925,60.9125,62.32916667
4/14/2014,54.8125,59.2625,56.81666667,59.94166667,61.65
4/15/2014,54.74583333,59.71666667,56.86666667,60.525,61.75833333
4/16/2014,54.6125,59.525,57,60.3875,61.97083333
4/17/2014,54.2375,59.07916667,56.83333333,59.89583333,61.64583333
4/18/2014,54.4,58.325,56.5875,59.05833333,60.79166667
4/19/2014,54.1125,58.30833333,56.36666667,58.95833333,60.30416667
4/20/2014,53.95,58.30833333,56.17083333,59.04166667,60.5875
4/21/2014,52.75416667,57.175,56.08333333,58.07916667,59.44166667
4/22/2014,52.8875,56.06666667,54.87083333,56.5,57.9
4/23/2014,52.70416667,56.55833333,55.05416667,57.2,58.225
4/24/2014,52.4625,56.7875,54.97916667,57.7125,58.8625
4/25/2014,52.35,55.89166667,54.6625,56.36666667,57.70833333
4/26/2014,51.90833333,55.25833333,53.39166667,55.71666667,56.4875
4/27/2014,52.025,55.1125,53.70416667,55.71666667,56.325
4/28/2014,53.1125,55.575,53.3875,56.10833333,57.225
4/29/2014,53.86666667,57.87916667,54.89166667,58.45,59.31666667
4/30/2014,54.1,58.89583333,55.7875,59.64583333,60.90833333
5/1/2014,53.8,58.60416667,55.99166667,59.55416667,61.55
5/2/2014,53.65416667,58.025,55.5125,58.8125,60.9125
5/3/2014,53.525,57.72083333,55.17916667,58.475,60.325
5/4/2014,53.30833333,57.70416667,55.20833333,58.4125,59.87083333
5/5/2014,52.88333333,56.4625,54.39166667,57.1375,58.90833333
5/6/2014,52.87083333,56.08333333,53.875,56.64583333,57.92083333
5/7/2014,53.14583333,56.2125,54.02916667,56.78333333,58.20416667
5/8/2014,52.925,55.8375,54.575,56.45833333,57.85833333
5/9/2014,52.96666667,55.7875,53.9625,56.17916667,57.36666667
5/10/2014,52.79166667,55.52916667,53.72083333,56.07083333,57.55416667
5/11/2014,53.05416667,55.6375,53.775,56.06666667,57.34166667
5/12/2014,54.175,56.65833333,54.52916667,57.06666667,58.44583333
5/13/2014,54.70416667,57.85416667,55.65,58.39583333,59.91666667
5/14/2014,54.62083333,58.20833333,55.99583333,58.86666667,60.80833333
5/15/2014,54.29166667,57.94583333,55.875,58.63333333,60.7375
5/16/2014,54.47083333,57.87916667,56.06666667,58.475,60.35
5/17/2014,54.52916667,58.06666667,56.20833333,58.69583333,60.78333333
5/18/2014,54.62916667,57.9375,56.30416667,58.53333333,60.47916667
5/19/2014,54.19583333,57.30833333,55.8,57.84166667,59.32083333
5/20/2014,54.4375,57.26666667,55.5875,57.78333333,59.43333333
5/21/2014,54.8375,58.13333333,56.20833333,58.7375,60.57916667
5/22/2014,55.04166667,58.57916667,56.60833333,59.22916667,61.45
5/23/2014,55.03333333,58.42916667,56.575,59.12083333,61.64583333
5/24/2014,55.45833333,58.90416667,57.01666667,59.51666667,61.825
5/25/2014,55.61666667,59.10416667,57.04583333,59.80416667,62.42916667
5/26/2014,55.61666667,59.0375,57.0125,59.67916667,62.29583333
5/27/2014,55.6375,58.825,56.95416667,59.46666667,62.04583333
5/28/2014,55.325,58.0375,56.375,58.59583333,60.35
5/29/2014,55.54583333,58,56.275,58.48333333,60.1375
5/30/2014,55.86666667,58.43333333,56.60416667,58.92083333,61.19583333
5/31/2014,55.925,58.4125,56.52916667,58.8625,60.99166667
6/1/2014,56.15416667,58.875,56.80416667,59.35416667,61.57916667
6/2/2014,56.55833333,59.28333333,57.06666667,59.78333333,62.3
6/3/2014,56.41666667,59.55,57.3,60.1,62.43333333
6/4/2014,55.95833333,59.07916667,56.6,59.7375,62.54166667
6/5/2014,56.1375,59.39166667,56.79166667,60.01666667,62.69166667
6/6/2014,56.49166667,59.7625,57.10416667,60.41666667,63.35
6/7/2014,56.30416667,59.95,57.20833333,60.69166667,63.50833333
6/8/2014,55.84583333,59.65,56.95833333,60.425,63.41666667
6/9/2014,55.65,59.35,56.65833333,60.04166667,63.20416667
6/10/2014,55.74583333,59.21666667,56.65,59.87083333,62.8875
6/11/2014,55.6,59.26666667,56.59583333,59.825,62.90416667
6/12/2014,55.625,58.9125,56.61666667,59.5,62.75
6/13/2014,55.54583333,58.3375,56.51666667,58.80833333,61.46666667
6/14/2014,55.3875,57.73333333,56.425,58.2,60.72083333
6/15/2014,55.95416667,58.47083333,56.78333333,58.75,60.75833333
6/16/2014,55.7375,58.50416667,56.6625,58.9375,61.50833333
6/17/2014,55.69166667,58.2125,56.4875,58.575,60.82916667
6/18/2014,55.20416667,58.04166667,56.32083333,58.49166667,61.1375
6/19/2014,55.4,58.15,56.36666667,58.525,61.52083333
6/20/2014,55.18333333,58,56.37916667,58.45416667,61.78333333
6/21/2014,55.76666667,57.93333333,56.21666667,58.24583333,61.36666667
6/22/2014,55.7875,58.28333333,56.54166667,58.65,61.59583333
6/23/2014,56.56666667,58.77916667,56.8125,59.02916667,61.72916667
6/24/2014,56.23333333,58.975,57.11666667,59.45833333,62.40833333
6/25/2014,55.99583333,58.04166667,57.05,58.5125,61.46666667
6/26/2014,55.5,58.02916667,56.7,58.32916667,61.10416667
6/27/2014,55.82916667,58.62083333,56.82083333,58.95833333,62.1
6/28/2014,55.80833333,58.60416667,56.925,59.1,62.91666667
6/29/2014,56.20416667,58.9125,57.09166667,59.30833333,62.79583333
6/30/2014,56.46666667,59.375,57.28333333,59.77083333,63.30416667
7/1/2014,55.92916667,59.55416667,57.58333333,60.24166667,63.8
7/2/2014,55.80416667,59.05833333,57.2,59.6875,62.94583333
7/3/2014,56.0375,59.2125,57.11666667,59.83333333,63.02916667
7/4/2014,55.825,59.325,57.375,60.025,63
7/5/2014,55.775,58.77083333,57.03333333,59.33333333,62.375
7/6/2014,55.70416667,58.79166667,57.01666667,59.34583333,62.04583333
7/7/2014,55.48333333,58.6875,56.95,59.275,62.08333333
7/8/2014,55.12083333,57.79166667,56.95416667,58.44583333,61.30416667
7/9/2014,55.33333333,58.3125,56.83333333,58.76666667,61.3
7/10/2014,55.44166667,58.7625,56.72083333,59.3625,62.2
7/11/2014,55.22083333,58.44583333,56.8625,59.15833333,62.55833333
7/12/2014,55.19583333,58.4375,56.71666667,59.00833333,62.2
7/13/2014,55.30833333,58.66666667,56.8,59.32916667,62.73333333
7/14/2014,55.7,58.94583333,57.01666667,59.56666667,62.88333333
7/15/2014,55.05,58.375,56.82083333,59.14166667,62.11666667
7/16/2014,54.9375,58.02083333,56.62916667,58.67916667,61.54166667
7/17/2014,55.23333333,58.20833333,56.64583333,58.83333333,62.05833333
7/18/2014,55.41666667,58.67916667,57.07916667,59.3,62.65416667
7/19/2014,55.7375,58.95833333,57.175,59.55833333,62.7625
7/20/2014,56.1625,59.49166667,57.53333333,60.12916667,63.31666667
7/21/2014,55.75,58.825,57.49583333,59.48333333,62.72916667
7/22/2014,55.5,58.14166667,56.975,58.64583333,61.58333333
7/23/2014,55.1875,58.42916667,56.8625,59.01666667,62.05833333
7/24/2014,55.35416667,58.10416667,56.42916667,58.62916667,61.57916667
7/25/2014,55.44166667,58.48333333,56.875,58.975,61.79166667
7/26/2014,55.37083333,58.26666667,56.69166667,58.82083333,61.92083333
7/27/2014,55.3625,58.01666667,56.86666667,58.63333333,61.49166667
7/28/2014,55.58333333,58.59583333,57.05,59.05833333,61.47083333
7/29/2014,55.91666667,58.90416667,57.3125,59.47916667,62.25416667
7/30/2014,56.20833333,59.49166667,57.62083333,60.09583333,62.85833333
7/31/2014,56.30416667,59.69166667,57.82916667,60.3125,63.17916667
8/1/2014,55.80833333,59.1,57.58333333,59.79166667,63.03333333
8/2/2014,55.84166667,58.925,57.3625,59.59166667,62.4375
8/3/2014,55.99583333,58.90833333,57.34583333,59.4375,61.925
8/4/2014,55.55416667,58.10416667,57.30416667,58.67083333,61.14166667
8/5/2014,55.16666667,56.89583333,56.525,57.34583333,61.79583333
8/6/2014,55.8,58.05416667,56.68333333,58.0875,61.79583333
8/7/2014,56.18333333,58.82083333,57.19166667,59.34166667,61.79583333
8/8/2014,56.5375,59.59583333,57.725,60.24583333,62.7
8/9/2014,56.78333333,59.94166667,58.05,60.58333333,63
8/10/2014,55.85416667,59.40833333,57.89583333,60.22083333,62.87916667
8/11/2014,55.70416667,58.55416667,57.64166667,59.27916667,62.1375
8/12/2014,55.8,58.52083333,57.525,59.1,60.91666667
8/13/2014,56.1,58.92083333,57.77083333,59.43333333,60.975
8/14/2014,56.27916667,59.16666667,57.9625,59.85,61.64583333
8/15/2014,56.27916667,59.32916667,58.175,59.99166667,61.7625
8/16/2014,56.28333333,59.24583333,58.07916667,59.95416667,61.81666667
8/17/2014,56.69583333,59.45,58.47083333,60.05,61.69166667
8/18/2014,56.57916667,59.4375,58.26666667,60.09583333,61.75
8/19/2014,56.65,59.55833333,58.4,60.19583333,61.81666667
8/20/2014,56.37083333,59.70416667,58.40416667,60.46666667,62.28333333
8/21/2014,56.5125,59.5375,58.33333333,60.25416667,62.15833333
8/22/2014,56.54583333,59.77083333,58.45833333,60.49166667,62.22083333
8/23/2014,56.56666667,59.45416667,58.50833333,60.1625,62.05
8/24/2014,56.4125,59.4875,58.4375,60.14166667,61.80833333
8/25/2014,56.25833333,59.27916667,58.39166667,59.97083333,61.76666667
8/26/2014,56.47916667,59.29583333,58.3,59.93333333,61.47083333
8/27/2014,56.57916667,59.67916667,58.5125,60.4,62.05416667
8/28/2014,55.67916667,59.2125,58.37916667,60.07916667,62.1375
8/29/2014,55.40416667,58.4,57.99166667,59.16666667,60.89583333
8/30/2014,55.575,58.3875,57.74583333,58.98333333,60.375
8/31/2014,55.9125,58.85,57.95,59.4875,60.775
9/1/2014,55.82083333,58.72916667,57.9625,59.46666667,61.0375
9/2/2014,55.9375,58.85833333,57.99166667,59.52916667,60.95416667
9/3/2014,56.3125,58.9875,58.10833333,59.65416667,61.09583333
9/4/2014,56.21666667,58.80416667,58.11666667,59.375,60.61666667
9/5/2014,56.51666667,58.775,58.05,59.32083333,60.50416667
9/6/2014,56.78333333,59.37916667,58.30416667,60.00833333,61.15833333
9/7/2014,56.89166667,59.46666667,58.45,60.04583333,61.3625
9/8/2014,57.24583333,59.6875,58.63333333,60.27916667,61.425
9/9/2014,57.3375,59.79166667,58.7625,60.3625,61.54583333
9/10/2014,57.725,59.94583333,58.8875,60.40416667,61.675
9/11/2014,57.58333333,60.33333333,59.125,60.76666667,62.11666667
9/12/2014,57.84583333,60.13333333,59.09166667,60.62083333,62.375
9/13/2014,57.76666667,60.48333333,59.32083333,60.99166667,62.4375
9/14/2014,58.26666667,60.7375,59.38333333,61.125,62.60833333
9/15/2014,58.575,61.0625,59.69166667,61.57083333,63.225
9/16/2014,58.7,61.07916667,59.85833333,61.45416667,62.9625
9/17/2014,58.63333333,60.79166667,59.7875,61.15416667,62.56666667
9/18/2014,58.94583333,61.52916667,60.06666667,62.02083333,63.14583333
9/19/2014,59.5375,61.27083333,60.09166667,61.70416667,63.35833333
9/20/2014,59.89166667,62.12083333,60.52083333,62.57916667,63.8375
9/21/2014,60.00416667,62.19166667,60.79583333,62.70416667,64.15833333
9/22/2014,59.90833333,62.03333333,60.7625,62.43333333,63.87083333
9/23/2014,60.0875,62.05833333,61.22916667,62.37916667,63.7
9/24/2014,59.825,61.90833333,60.95416667,62.35,63.7625
9/25/2014,59.9625,61.675,60.9375,61.85416667,62.875
9/26/2014,60.0125,61.55,60.69166667,61.725,62.75
9/27/2014,59.5125,61.9375,61.05416667,62.075,63.02916667
9/28/2014,59.75833333,61.70416667,61.1,61.96666667,62.83333333
9/29/2014,60.74583333,61.5,60.875,61.475,62.40833333
9/30/2014,61.33333333,62.65833333,61.78333333,62.7875,63.54166667
10/1/2014,61.10416667,61.94583333,61.35833333,62.02916667,62.94583333
10/2/2014,61.10833333,61.875,61.3375,61.84583333,62.71666667
10/3/2014,61.3,62.11666667,61.48333333,62.15416667,63.075
10/4/2014,61.69583333,62.60416667,61.8375,62.65,63.49583333
10/5/2014,62.14166667,63.02916667,62.15833333,63.10416667,64.02083333
10/6/2014,62.2375,63.39583333,62.44583333,63.4625,64.4125
10/7/2014,62.25,63.3375,62.48333333,63.44166667,64.50416667
10/8/2014,62.2625,63.075,62.26666667,63.15416667,64.24583333
10/9/2014,62.25,63.10833333,62.2875,63.17916667,63.9125
10/10/2014,61.94583333,62.82916667,61.96666667,63.03333333,63.76666667
10/11/2014,61.64166667,62.68333333,61.8625,62.98333333,63.7375
10/12/2014,61.17916667,61.9625,61.66666667,62.17083333,62.8
10/13/2014,61.19166667,61.29583333,61.15833333,61.35416667,61.9875
10/14/2014,60.61666667,60.8375,60.97083333,60.94583333,61.075
10/15/2014,60.85833333,60.80833333,60.82916667,60.9,60.90833333
10/16/2014,61.32916667,61.50416667,61.0125,61.42083333,61.65833333
10/17/2014,60.88333333,61.59166667,61.25833333,61.72083333,62.00416667
10/18/2014,61.44583333,62,61.30833333,62.1,62.49583333
10/19/2014,61.3,61.95,61.44583333,62.125,62.71666667
10/20/2014,60.71666667,61.2,61.45416667,61.39166667,61.8
10/21/2014,60.30833333,60.25,61.05,60.15833333,60.39166667
10/22/2014,59.69583333,59.825,60.73333333,59.82916667,59.8875
10/23/2014,59.35,59.56666667,60.53333333,59.64583333,59.60416667
10/24/2014,60.52916667,60.32916667,60.35416667,60.18333333,60.0875
10/25/2014,60.23333333,60.77083333,60.37083333,60.93333333,60.87083333
10/26/2014,60.07083333,58.825,59.7375,58.89166667,59.65416667
10/27/2014,59.85,59.3875,60.0125,59.25416667,59.0125
10/28/2014,60.2,59.4375,60.05416667,59.275,59.2375
10/29/2014,60.77083333,60.6125,60.2125,60.525,60.39166667
10/30/2014,60.4125,60.75,60.53333333,60.89583333,61.19166667
10/31/2014,59.70833333,59.86666667,60.57916667,59.9125,60.10833333
11/1/2014,59.74166667,59.1875,60.3125,59.12083333,58.99583333
11/2/2014,59.2375,58.5875,60.075,58.525,58.71666667
11/3/2014,59.33333333,58.50833333,59.8,58.25833333,58.05416667
11/4/2014,59.68333333,59.1125,59.80416667,58.8125,58.8375
11/5/2014,60.51666667,59.5625,59.9375,59.0875,59.62916667
11/6/2014,60.74166667,60.38333333,60.15,60.00416667,60.40833333
11/7/2014,60.7125,60.18333333,60.22916667,59.83333333,60.54166667
11/8/2014,60.54583333,60.175,60.275,59.84166667,60.56666667
11/9/2014,60.37916667,59.975,60.30833333,59.62916667,60.35833333
11/10/2014,60.09166667,59.47916667,60.20416667,59.1,59.85
11/11/2014,59.55,58.93333333,59.99583333,58.05416667,58.70833333
11/12/2014,59.60833333,59.50833333,59.9,58.81666667,58.99583333
11/13/2014,59.4375,59.0125,59.92083333,58.74583333,59.15
11/14/2014,59.62083333,59.34166667,59.90416667,58.975,59.35
11/15/2014,59.29166667,58.76666667,59.9625,58.45833333,59.2625
11/16/2014,58.275,57.075,59.75416667,56.6,57.25833333
11/17/2014,57.8625,55.82083333,59.2,55.0625,55.2375
11/18/2014,57.49166667,55.57083333,58.73333333,54.86666667,54.87083333
11/19/2014,57.5625,56.12916667,58.49166667,55.5625,55.325
11/20/2014,57.83333333,56.55833333,58.4,55.99583333,55.88333333
11/21/2014,57.92083333,56.95,58.45416667,56.49166667,56.59583333
11/22/2014,57.625,56.70833333,58.48333333,56.45,56.70416667
11/23/2014,57.07083333,55.30833333,58.18333333,54.8125,55.31666667
11/24/2014,57.02916667,55.0125,57.8375,54.35416667,54.55416667
11/25/2014,56.72083333,55.28333333,57.68333333,54.6625,54.86666667
11/26/2014,56.60833333,55.22916667,57.62916667,54.68333333,54.94583333
11/27/2014,56.575,55.5,57.59583333,54.98333333,55.22916667
11/28/2014,56.1375,54.95416667,57.52916667,54.44166667,54.58333333
11/29/2014,56.3375,55.39583333,57.4,54.94583333,54.9375
11/30/2014,56.29166667,54.7875,57.22083333,54.6,55.34583333
12/1/2014,56.12916667,54.96666667,57.00416667,54.65416667,55.00416667
12/2/2014,55.94166667,54.77916667,56.95,54.475,54.99583333
12/3/2014,55.79583333,54.61666667,56.82083333,54.44583333,54.87916667
12/4/2014,56.18333333,54.22916667,56.49166667,53.99166667,54.425
12/5/2014,56.17083333,55.80833333,56.55,55.81666667,55.57916667
12/6/2014,56.05,56.24583333,56.84583333,56.35416667,56.50416667
12/7/2014,55.57916667,55.14166667,56.80416667,55.27916667,55.64166667
12/8/2014,55.74166667,55.57083333,56.72083333,55.55,55.44583333
12/9/2014,55.71666667,55.68333333,56.8,55.77083333,55.9
12/10/2014,55.42083333,55.67083333,56.75,55.73333333,55.78333333
12/11/2014,54.925,54.26666667,55.825,54.40416667,54.52083333
12/12/2014,54.58333333,53.06666667,55.9625,53.11666667,53.27916667
12/13/2014,54.47916667,53.00833333,55.64583333,53.05833333,53.0875
12/14/2014,53.75,51.7375,55.47916667,51.87916667,52.14583333
12/15/2014,53.6625,51.675,55.2625,51.65,51.425
12/16/2014,53.44166667,50.40416667,54.44166667,50.4375,50.6
12/17/2014,53.48333333,51.39166667,54.09583333,51.3125,51.04166667
12/18/2014,53.42916667,52.15833333,54.175,52.12916667,51.98333333
12/19/2014,53.33333333,52.50416667,54.29166667,52.50416667,52.37083333
12/20/2014,53.5125,52.89583333,54.37083333,52.90416667,52.77083333
12/21/2014,53.8125,53.57083333,54.56666667,53.51666667,53.44166667
12/22/2014,54.56666667,54.72916667,54.84166667,54.69583333,54.64583333
12/23/2014,54.27083333,53.78333333,55.1125,53.94583333,54.4875
12/24/2014,53.7375,53.35833333,55.19583333,53.45833333,53.49583333
12/25/2014,52.65,50.54583333,54.8875,50.775,51.45833333
12/26/2014,52.08333333,48.93333333,54.16666667,48.93333333,49.07916667
12/27/2014,51.80833333,48.29166667,53.67916667,48.1625,48.08333333
12/28/2014,51.625,48.50416667,53.37083333,48.35833333,48.15
12/29/2014,51.07083333,47.95833333,53.11666667,47.85833333,47.82916667
12/30/2014,50.05833333,46.625,52.875,46.49583333,46.27083333
12/31/2014,49.51666667,45.17083333,52.37916667,44.9,44.6875
1/1/2015,49.86666667,46.22083333,51.9125,45.825,45.05
1/2/2015,49.87916667,46.57083333,51.7625,46.3125,45.92083333
1/3/2015,50.15416667,46.79583333,51.7,46.48333333,46.0875
1/4/2015,50.58333333,47.6375,51.7,47.37083333,46.81666667
1/5/2015,50.67916667,48.3375,51.77916667,48.15,47.79583333
1/6/2015,50.9125,49.05833333,51.93333333,48.82916667,48.5
1/7/2015,50.88333333,49.325,53.5,49.225,49.19583333
1/8/2015,50.61666667,49.4625,54,49.3875,49.29166667
1/9/2015,51.07083333,49.95416667,54,49.925,49.8375
1/10/2015,51.0875,50.0875,54,50.07916667,49.94583333
1/11/2015,51.1375,50.33333333,54,50.29583333,50.20416667
1/12/2015,51.37916667,50.8375,54,50.77083333,50.74166667
1/13/2015,51.09166667,50.87916667,54,50.8875,50.97916667
1/14/2015,50.5625,49.90833333,54,49.99583333,50.46666667
1/15/2015,50.37083333,49.3,54,49.26666667,49.29166667
1/16/2015,50.6375,49.95416667,54,49.90833333,49.5625
1/17/2015,50.99583333,50.79583333,54,50.84583333,50.62916667
1/18/2015,51.1125,51.62083333,54,51.775,51.77083333
1/19/2015,51.08333333,51.2875,54,51.49583333,51.9
1/20/2015,50.7875,50.375,54,50.5125,51.07083333
1/21/2015,50.76666667,50.08333333,54,49.975,50.14583333
1/22/2015,50.81666667,50.33333333,54,50.1625,50.35416667
1/23/2015,50.81666667,50.24166667,54,50.125,50.5625
1/24/2015,51.25416667,51.0875,54,50.89166667,51.08333333
1/25/2015,51.1,51.34583333,54,51.3125,51.63333333
1/26/2015,50.95833333,51.10416667,54,51.04583333,51.45416667
1/27/2015,50.95416667,51.28333333,54,51.19583333,51.37916667
1/28/2015,51.09166667,51.12083333,54,51.05416667,51.52083333
1/29/2015,51,51.225,54,51.14583333,51.5625
1/30/2015,51.1125,51.39583333,54,51.2875,51.73333333
1/31/2015,50.81666667,51.24583333,54,51.2,51.7125
2/1/2015,50.73333333,50.75416667,54,50.7125,51.3
2/2/2015,50.89583333,51.32083333,54,51.22916667,51.325
2/3/2015,51.025,51.47916667,54,51.475,51.9125
2/4/2015,50.82083333,51.38333333,54,51.42916667,51.8
2/5/2015,50.825,51.4,54,51.34583333,51.58333333
2/6/2015,50.95833333,51.41666667,54,51.47083333,51.82083333
2/7/2015,51.89166667,52.8125,54,52.6625,53.05
2/8/2015,51.6,53.24166667,54,53.26666667,53.8375
2/9/2015,52.025,53.57083333,54,53.525,54.09166667
2/10/2015,52.01666667,51.57916667,54,51.8125,52.6375
2/11/2015,51.69583333,51.19166667,54,51.4875,51.80416667
2/12/2015,51.7,51.67083333,54,51.975,52.3625
2/13/2015,51.6625,52.24583333,54,52.5625,52.8875
2/14/2015,51.85416667,52.63333333,54,52.93333333,53.52083333
2/15/2015,51.87083333,52.8,54,53.19583333,53.7875
2/16/2015,51.72916667,52.51666667,54,52.88333333,53.63333333
2/17/2015,51.37916667,52.41666667,54,52.86666667,53.58333333
2/18/2015,51.49166667,52.54166667,54,52.89583333,53.325
2/19/2015,51.5875,52.9625,54,53.39166667,54.125
2/20/2015,51.53333333,53.22916667,54,53.7625,54.49583333
2/21/2015,51.55416667,52.6375,54,53.07083333,53.9625
2/22/2015,50.85,50.90416667,54,51.31666667,52.25
2/23/2015,50.3875,49.55,54,49.75,50.34166667
2/24/2015,50.5875,49.88333333,54,49.95833333,50.1875
2/25/2015,50.92916667,50.71666667,54,50.925,51.22083333
2/26/2015,51.6875,52.06666667,54,52.30833333,52.36666667
2/27/2015,51.59583333,52.83333333,54,53.22083333,53.55833333
2/28/2015,51.36666667,52.11666667,54,52.475,53.325
3/1/2015,51.36666667,51.625,54,51.975,52.5625
3/2/2015,50.85,51.48333333,54,51.975,52.5
3/3/2015,51.00416667,51.26666667,54,51.50416667,52.1125
3/4/2015,51.26666667,51.44583333,54,51.74583333,52.30416667
3/5/2015,51.3,52.14166667,54,52.25833333,52.74166667
3/6/2015,51.5625,52.65416667,54,52.67083333,53.34166667
3/7/2015,51.87083333,53.4125,54,53.3875,53.95416667
3/8/2015,51.9173913,53.91304348,54,54.03913043,54.74782609
3/9/2015,52.19166667,54.34583333,54,54.47083333,55.2875
3/10/2015,51.775,54.28333333,54,54.54583333,55.33333333
3/11/2015,51.475,53.82916667,54,53.99166667,54.80833333
3/12/2015,52.1875,54.2875,54,54.38333333,55.11666667
3/13/2015,52.275,55.45833333,54,55.71666667,56.41666667
3/14/2015,51.8125,55.58333333,54,56.1375,57.19166667
3/15/2015,51.6,54.3625,54,54.6375,55.77916667
3/16/2015,51.625,53.60833333,54,53.8125,54.725
3/17/2015,52.2125,55.0125,54,55.075,55.52916667
3/18/2015,52.23333333,55.59166667,54,56.0125,56.94583333
3/19/2015,52.60833333,55.575,54,55.8875,57.01666667
3/20/2015,52.07083333,55.25,54,55.7625,56.87916667
3/21/2015,52.62083333,55.77916667,54,56.0125,57.025
3/22/2015,52.1625,56.14166667,54,56.7125,57.52916667
3/23/2015,52.05416667,55.07916667,54,55.39583333,56.74583333
3/24/2015,51.97083333,55.17916667,54,55.575,56.525
3/25/2015,52.51666667,55.21666667,54.7875,55.52916667,56.61666667
3/26/2015,53.1375,57.12083333,55.77916667,57.5,58.2375
3/27/2015,53.0875,57.85833333,56.07916667,58.525,59.84583333
3/28/2015,53.55,57.88333333,56.2125,58.44583333,59.98333333
3/29/2015,53.925,57.51666667,56.20416667,57.98333333,59.5625
3/30/2015,53.5875,58.05416667,56.3625,58.7,59.82083333
3/31/2015,53.425,57.35416667,55.86666667,57.95833333,59.54583333
4/1/2015,53,55.82083333,54.73333333,56.2375,57.775
4/2/2015,52.9,55.14166667,54.2875,55.39583333,56.575
4/3/2015,52.625,55.1875,54.23333333,55.5375,56.62083333
4/4/2015,52.475,55.51666667,54.4,55.85833333,56.97083333
4/5/2015,51.53333333,53.94583333,53.025,54.3,55.51666667
4/6/2015,51.4375,52.70833333,52.3875,52.6625,53.4875
4/7/2015,50.52083333,52.4625,51.62083333,52.81666667,53.02083333
4/8/2015,51.325,52.4,52.175,52.52083333,53.34166667
4/9/2015,51.64583333,54.21666667,53.2625,54.525,54.94166667
4/10/2015,52.125,55.4125,54.27916667,55.90833333,56.4875
4/11/2015,52.6625,56.38333333,55.25416667,57.07083333,57.84583333
4/12/2015,53.275,56.575,55.225,57.30416667,58.40416667
4/13/2015,53.65416667,57.5875,56.19166667,58.22083333,59.00833333
4/14/2015,53.03333333,56.77916667,55.36666667,57.54583333,58.525
4/15/2015,53.25,55.9,54.925,56.40833333,57.45
4/16/2015,53.64583333,57.01666667,55.95833333,57.49583333,58.15833333
4/17/2015,53.54583333,57.4125,55.97083333,58.3,59.65416667
4/18/2015,54.15416667,58.1125,56.525,58.9125,60.12916667
4/19/2015,54.65833333,59.06666667,57.39166667,59.9,61.05416667
4/20/2015,54.65,59.19583333,57.42916667,60.15416667,61.7125
4/21/2015,54.85,59.5,57.725,60.48333333,62.0375
4/22/2015,54.82083333,59.40833333,57.47916667,60.41666667,62.2375
4/23/2015,54.5625,58.925,57.10416667,59.8125,61.56666667
4/24/2015,53.57083333,57.00416667,55.5125,57.78333333,59.4375
4/25/2015,53.74166667,56.4875,55.35416667,57.04166667,58.07083333
4/26/2015,53.425,56.31666667,55.09166667,56.88333333,58.25416667
4/27/2015,54.05833333,56.98333333,55.68333333,57.59583333,58.83333333
4/28/2015,54.31666667,57.72083333,56.17916667,58.41666667,59.79583333
4/29/2015,54.5875,58.0625,56.525,58.74583333,60.20416667
4/30/2015,54.2875,57.4375,55.91666667,58.20833333,59.66666667
5/1/2015,54.84583333,57.72083333,56.325,58.325,59.58333333
5/2/2015,54.79583333,58.2875,56.7625,58.9375,60.35416667
5/3/2015,54.55,58.03333333,56.475,58.775,60.32916667
5/4/2015,54.6,57.79583333,56.26666667,58.50416667,60.025
5/5/2015,54.5625,57.70833333,56.23333333,58.4,59.80833333
5/6/2015,54.40416667,57.23333333,55.8125,57.85833333,59.125
5/7/2015,54.28333333,56.39166667,55.62083333,56.91666667,57.90833333
5/8/2015,55.09166667,57.20833333,56.1,57.6125,58.35833333
5/9/2015,55.38333333,58.43333333,56.9125,58.95,59.9875
5/10/2015,54.75416667,58.10833333,56.5125,58.9,60.57083333
5/11/2015,54.64166667,57.7375,56.29166667,58.37916667,59.84166667
5/12/2015,54.46666667,56.92083333,55.85833333,57.68333333,59.07083333
5/13/2015,54.64583333,56.92083333,56.07083333,57.40833333,58.27916667
5/14/2015,54.93333333,57.13333333,56.125,57.54166667,58.54583333
5/15/2015,54.79166667,57.14583333,56.11666667,57.55833333,58.76666667
5/16/2015,55.25833333,57.9,56.5875,58.35416667,59.27083333
5/17/2015,55.10416667,57.5125,56.32916667,58.02916667,59.77916667
5/18/2015,55.35416667,58.02916667,56.54166667,58.59166667,59.89583333
5/19/2015,55.51666667,58.55,56.9625,59.0875,60.30416667
5/20/2015,55.69166667,58.54166667,57.05,59.05416667,60.46666667
5/21/2015,55.6125,58.8125,57.12916667,59.40416667,60.8
5/22/2015,55.22916667,58.42916667,57.00833333,59.0625,60.7
5/23/2015,55.325,58.37916667,56.74583333,58.91666667,60.375
5/24/2015,55.9375,58.99583333,56.99583333,59.54166667,61.14166667
5/25/2015,55.89166667,59.67916667,57.59166667,60.4,61.99166667
5/26/2015,55.93333333,59.5375,57.5,60.22916667,61.94583333
5/27/2015,56.30416667,59.79166667,57.64166667,60.46666667,62.22916667
5/28/2015,56.125,60.19583333,58.67083333,60.96666667,62.73333333
5/29/2015,55.9875,59.8625,57.7125,60.66666667,62.6125
5/30/2015,55.91666667,59.55833333,57.62916667,60.28333333,62.1875
5/31/2015,55.71666667,58.71666667,57.075,59.39583333,61.02083333
6/1/2015,55.70833333,58.80833333,57.06666667,59.37083333,60.64166667
6/2/2015,56.1625,59.6,57.45833333,60.22083333,61.69166667
6/3/2015,56.32083333,59.7375,57.625,60.44166667,62.225
6/4/2015,56.425,60.09166667,58.05833333,60.8875,62.54166667
6/5/2015,56.725,59.74583333,57.89583333,60.4,62.35
6/6/2015,56.925,60.84583333,58.5,61.5875,63.21666667
6/7/2015,57.10416667,61.23333333,58.8125,62.0875,64.17916667
6/8/2015,57.275,61.46666667,58.95416667,62.34583333,64.525
6/9/2015,57.32916667,61.525,59.14166667,62.42916667,64.6875
6/10/2015,57.40416667,61.4,59.1625,62.2,64.08333333
6/11/2015,57.59583333,61.52083333,59.10833333,62.32916667,64.35833333
6/12/2015,57.6875,61.92916667,59.47916667,62.8,64.79166667
6/13/2015,58.00833333,62.075,59.59583333,62.89166667,64.99583333
6/14/2015,57.84166667,62.03333333,59.65833333,62.975,65.1125
6/15/2015,57.80416667,61.72083333,59.50416667,62.6,64.6875
6/16/2015,58.0375,61.70416667,59.50416667,62.55,64.60416667
6/17/2015,58.41666667,62.075,59.825,62.875,64.85833333
6/18/2015,58.19166667,62.1125,60.39166667,62.95416667,65.0125
6/19/2015,57.24583333,61.35416667,59.5375,62.29166667,64.61666667
6/20/2015,56.96666667,60.5375,58.81666667,61.41666667,63.66666667
6/21/2015,57.48333333,60.72916667,59.1625,61.37916667,63
6/22/2015,57.3375,60.85416667,59.14583333,61.575,63.39166667
6/23/2015,57.46666667,60.88333333,59.04166667,61.62916667,63.5
6/24/2015,58.17916667,61.68333333,59.62916667,62.4125,64.1625
6/25/2015,57.9875,62.20833333,59.99166667,63.18333333,65.29583333
6/26/2015,57.4625,62.08333333,59.8625,63.19583333,65.6375
6/27/2015,56.95,61.35833333,59.35416667,62.3875,64.69583333
6/28/2015,56.85833333,60.30416667,58.72083333,61.31666667,63.575
6/29/2015,56.88333333,60.77083333,58.95833333,61.57083333,63.425
6/30/2015,57.20833333,61.025,59.06666667,61.9125,64.0125
7/1/2015,57.425,61.4125,59.50833333,62.43333333,64.53333333
7/2/2015,57.64583333,61.5875,59.62916667,62.50416667,64.72083333
7/3/2015,57.70416667,61.79166667,59.825,62.79583333,64.92083333
7/4/2015,57.76666667,61.925,59.925,62.89583333,65.01666667
7/5/2015,57.82916667,62.1875,60.09583333,63.25416667,65.525
7/6/2015,57.69583333,61.92083333,59.95833333,62.9375,65.30833333
7/7/2015,57.8625,61.6125,59.72083333,62.47916667,64.5625
7/8/2015,57.85,61.46666667,59.725,62.22083333,64.00416667
7/9/2015,57.08333333,60.36666667,58.95833333,61.225,62.66666667
7/10/2015,56.13333333,60.06666667,58.41666667,60.87083333,62.6125
7/11/2015,55.8625,59.49583333,57.73333333,60.375,62.6
7/12/2015,56.45,59.9625,58.15,60.775,62.5375
7/13/2015,56.8125,59.94583333,58.15833333,60.62916667,62.47916667
7/14/2015,57.175,60.575,58.6,61.31666667,63.10833333
7/15/2015,57.54166667,61.1625,59.02083333,61.99583333,63.94166667
7/16/2015,57.8625,61.8125,59.46666667,62.69166667,64.72083333
7/17/2015,57.16666667,61.6875,59.425,62.77083333,65.17916667
7/18/2015,56.83333333,61.20416667,59.07916667,62.23333333,64.58333333
7/19/2015,56.8625,60.82916667,58.7125,61.70833333,63.91666667
7/20/2015,57.21666667,61.24166667,59.09166667,62.15416667,64.225
7/21/2015,57.0125,61.47083333,59.19166667,62.5,64.76666667
7/22/2015,57.12916667,61.42083333,59.26666667,62.4625,64.74583333
7/23/2015,56.725,60.59583333,58.8375,61.5,63.58333333
7/24/2015,56.575,60.0125,58.35,60.82916667,62.85416667
7/25/2015,56.74583333,60.11666667,58.4875,60.83333333,62.65416667
7/26/2015,56.52916667,60.0875,58.42916667,60.87083333,62.75416667
7/27/2015,56.93333333,60.34583333,58.575,61.17916667,63.02083333
7/28/2015,57.14166667,60.62916667,58.76666667,61.41666667,63.22916667
7/29/2015,57.07916667,60.80416667,58.93333333,61.63333333,63.625
7/30/2015,56.71666667,60.4125,58.61666667,61.39166667,63.70416667
7/31/2015,56.80833333,60.41666667,58.96666667,61.1875,62.94166667
8/1/2015,56.7625,60.3875,58.525,61.20833333,63.05416667
8/2/2015,56.02916667,59.77916667,58.325,60.81666667,63.075
8/3/2015,56.32083333,59.69166667,58.01666667,60.35416667,62.0375
8/4/2015,56.04583333,59.30833333,57.9625,60.0625,61.8875
8/5/2015,55.65833333,58.8375,57.5,59.55,61.20833333
8/6/2015,56.20833333,58.87916667,57.56666667,59.55,61.14166667
8/7/2015,57.39166667,60.30833333,58.38333333,60.84166667,62.14583333
8/8/2015,57.40833333,60.9125,58.8625,61.61666667,63.3
8/9/2015,57.24583333,60.49583333,58.7,61.3125,63.26666667
8/10/2015,56.83333333,60.1625,58.65833333,60.97916667,62.83333333
8/11/2015,56.16666667,59.90416667,58.43333333,60.70833333,62.65416667
8/12/2015,55.57083333,58.975,57.6625,59.75,61.975
8/13/2015,56.08333333,59.125,57.51666667,59.7875,61.56666667
8/14/2015,55.9,59.32916667,57.85,60.12916667,61.8125
8/15/2015,56.4,59.19166667,57.725,59.81666667,61.46666667
8/16/2015,57.00416667,59.9125,58.25,60.42916667,61.86666667
8/17/2015,57.1,60.15833333,58.4625,60.80833333,62.475
8/18/2015,56.98333333,60.11666667,58.55416667,60.89583333,62.65833333
8/19/2015,56.96666667,59.98333333,58.46666667,60.65833333,62.36666667
8/20/2015,56.84583333,59.50833333,58.44166667,60.22083333,61.9125
8/21/2015,57.3375,59.92083333,58.56666667,60.4625,61.8
8/22/2015,57.475,60.37083333,58.84583333,61.09583333,62.72916667
8/23/2015,57.82916667,60.57083333,59.07083333,61.24166667,62.88333333
8/24/2015,58.50416667,61.04166667,59.3875,61.6125,63.13333333
8/25/2015,58.42083333,61.31666667,59.82083333,62.00416667,63.47083333
8/26/2015,57.77083333,60.85416667,59.57916667,61.47916667,63.2
8/27/2015,57.23333333,60.29583333,59.65833333,61.175,63
8/28/2015,57.19166667,60.01666667,58.85,60.975,62.65833333
8/29/2015,57.25,60.86666667,59.59166667,61.75416667,63.17083333
8/30/2015,57.21666667,59.78333333,58.72916667,60.6625,62.56666667
8/31/2015,57.1125,59.81666667,58.80833333,60.5375,61.9625
9/1/2015,56.86666667,59.85416667,58.79166667,60.625,62.11666667
9/2/2015,56.30416667,59.49583333,58.29583333,60.375,62.00416667
9/3/2015,56.49583333,59.37083333,58.225,60.15833333,61.62916667
9/4/2015,56.075,58.69583333,57.6875,59.44583333,60.9625
9/5/2015,55.89583333,57.925,57.09583333,58.58333333,59.75416667
9/6/2015,55.95833333,58.0875,57.35,58.65833333,59.65833333
9/7/2015,56.16666667,58.275,57.3,58.85833333,60.01666667
9/8/2015,56.6125,58.84166667,57.75416667,59.42916667,60.475
9/9/2015,56.8625,59.21666667,58.075,59.84166667,61.05
9/10/2015,56.90833333,59.4875,58.475,60.17083333,61.42916667
9/11/2015,56.61666667,59.35,58.15,60.14166667,61.65833333
9/12/2015,56.1625,58.35833333,57.51666667,58.97083333,60.17916667
9/13/2015,56.54166667,58.55833333,57.71666667,59.0625,59.6625
9/14/2015,56.025,58.22083333,57.30416667,58.95416667,59.85
9/15/2015,55.95833333,57.525,56.97083333,57.94166667,58.54583333
9/16/2015,54.9625,56.22083333,55.6375,56.75,57.6125
9/17/2015,56.24166667,57.50416667,56.75,57.67083333,57.76666667
9/18/2015,56.99166667,58.59583333,57.32916667,59.0625,59.92083333
9/19/2015,57.24166667,59.19166667,57.89166667,59.71666667,60.55
9/20/2015,57.52083333,59.5125,58.20416667,60.05833333,61.04583333
9/21/2015,57.52083333,59.64583333,58.29166667,60.27083333,61.4
9/22/2015,57.57083333,59.72916667,58.38333333,60.31666667,61.44583333
9/23/2015,57.3375,59.40416667,58.20416667,60.00416667,61.175
9/24/2015,57.1875,59.15416667,58.00833333,59.67916667,60.875
9/25/2015,57.24583333,59.0625,57.9625,59.46666667,60.6125
9/26/2015,57.46666667,59.36666667,58.19166667,59.77083333,60.9
9/27/2015,57.24583333,59.35,58.24166667,59.80833333,60.9875
9/28/2015,57,58.97916667,57.94166667,59.4375,60.80416667
9/29/2015,56.84166667,58.66666667,57.82916667,59.0625,60.175
9/30/2015,56.3125,57.525,57.30833333,57.8875,58.97083333
10/1/2015,56.4875,57.75,57.2875,58,58.41666667
10/2/2015,57.125,58.325,57.5,58.6625,59.40833333
10/3/2015,57.17916667,58.475,57.88333333,58.87083333,59.825
10/4/2015,57.48333333,58.66666667,57.8875,59,59.75416667
10/5/2015,57.68333333,58.99166667,58.14583333,59.39583333,60.29166667
10/6/2015,57.25416667,58.97916667,58.54166667,59.42083333,60.45
10/7/2015,56.9125,58.35,57.70833333,58.85416667,59.975
10/8/2015,57.20833333,58.45416667,57.82916667,58.90416667,59.7
10/9/2015,57.44583333,58.625,57.77916667,59,59.97916667
10/10/2015,57.69583333,58.94166667,58.09166667,59.375,60.275
10/11/2015,57.37083333,58.89166667,58.11666667,59.37916667,60.5375
10/12/2015,56.91666667,58.3375,57.72916667,58.83333333,59.97083333
10/13/2015,56.8875,58.05833333,57.525,58.43333333,59.47083333
10/14/2015,57.00416667,58.12083333,57.49583333,58.48333333,59.40416667
10/15/2015,57.0875,58.39583333,57.775,58.775,59.67916667
10/16/2015,57,58.375,57.7,58.74583333,59.87083333
10/17/2015,56.13333333,57.9375,57.45,58.49583333,59.6875
10/18/2015,55.57916667,57.10833333,56.8,57.575,58.80833333
10/19/2015,55.29166667,56.3625,56.1875,56.65833333,57.7625
10/20/2015,55.76666667,56.5625,56.19583333,56.775,57.3875
10/21/2015,56.0875,56.8875,56.45833333,57.11666667,57.90833333
10/22/2015,56.0125,57.09166667,56.6375,57.42916667,58.19166667
10/23/2015,56.16666667,56.77916667,56.57083333,56.9625,57.75416667
10/24/2015,56.39583333,56.91666667,56.70416667,57.1125,57.54166667
10/25/2015,56.63333333,57.32083333,56.87916667,57.50416667,58.10833333
10/26/2015,56.6875,57.3875,57.23333333,57.4625,58.29166667
10/27/2015,56.34583333,56.9,56.7375,57.1375,57.65416667
10/28/2015,57.14166667,57.56666667,57.47083333,57.6625,57.89166667
10/29/2015,57.03333333,57.4,57.16666667,57.63333333,58.3625
10/30/2015,57.04166667,57.27083333,57.1875,57.37083333,57.9625
10/31/2015,56.73333333,57.59583333,57.32916667,57.7875,58.25416667
11/1/2015,56.33333333,57.08333333,56.81666667,57.425,58.13333333
11/2/2015,56.47916667,57.175,56.98333333,57.3625,57.7625
11/3/2015,55.97916667,55.89583333,56.025,55.92916667,56.61666667
11/4/2015,55.68333333,55.24583333,55.4875,55.075,55.4
11/5/2015,55.5625,54.81666667,55.4,54.55416667,54.60833333
11/6/2015,55.97916667,55.01666667,55.34166667,54.66666667,54.4625
11/7/2015,56.19583333,55.60833333,55.77083333,55.3,55.02916667
11/8/2015,56.0875,55.64583333,55.99583333,55.43333333,55.12083333
11/9/2015,55.85833333,55.47083333,55.9,55.24583333,54.90833333
11/10/2015,56.00416667,55.03333333,55.44166667,54.69166667,54.55833333
11/11/2015,55.8625,54.81666667,55.37916667,54.475,54.34166667
11/12/2015,55.9625,54.83333333,55.29166667,54.44583333,54.12916667
11/13/2015,56.29166667,55.39583333,55.5625,54.97083333,54.63333333
11/14/2015,56.32083333,55.525,55.7875,55.17916667,54.99166667
11/15/2015,56.0875,55.5875,56.05,55.3,55.0125
11/16/2015,55.64583333,54.17083333,54.99583333,53.81666667,53.9125
11/17/2015,55.55833333,54.20416667,54.975,53.75416667,53.25416667
11/18/2015,55.96666667,54.83333333,55.22083333,54.32083333,53.85833333
11/19/2015,56.2,55.37916667,55.5625,55.02916667,54.83333333
11/20/2015,56.50833333,55.93333333,55.91666667,55.65416667,55.52916667
11/21/2015,56.30833333,55.9375,56.14583333,55.7625,55.875
11/22/2015,56.10833333,55.17083333,55.7,54.925,55.14583333
11/23/2015,56.075,55.25,55.71666667,54.89583333,54.74583333
11/24/2015,55.68333333,55.2625,55.825,54.925,54.53333333
11/25/2015,54.8,53.30416667,54.47083333,53,53.05
11/26/2015,53.89583333,51.69583333,53.34583333,51.14583333,50.7625
11/27/2015,53.3625,50.7875,52.39583333,50.1375,49.64166667
11/28/2015,53.31666667,51.10416667,52.48333333,50.2875,49.4
11/29/2015,53.09166667,50.96666667,52.35,50.20416667,49.5625
11/30/2015,52.875,50.97083333,52.30833333,50.30833333,49.44583333
12/1/2015,53.425,51.5625,52.60416667,50.84166667,49.8875
12/2/2015,53.9875,53.05416667,53.4875,52.6125,51.75833333
12/3/2015,53.70416667,53.3375,53.77916667,53.08333333,52.44583333
12/4/2015,54.19166667,53.2375,53.64166667,52.85833333,52.37083333
12/5/2015,53.35416667,52.67083333,53.35,52.43333333,52.225
12/6/2015,52.875,52.375,53.01666667,52.15833333,51.67916667
12/7/2015,53.45416667,52.60833333,53.02916667,52.4,51.98333333
12/8/2015,54.10833333,53.64166667,53.6875,53.44583333,52.925
12/9/2015,53.7125,54.025,54,54.02916667,53.74583333
12/10/2015,53.775,53.7875,53.8125,53.82916667,53.8875
12/11/2015,52.89166667,52.20416667,52.89166667,52.24166667,52.37916667
12/12/2015,52.1375,51.0625,52.16666667,50.92916667,50.74166667
12/13/2015,52.03333333,51.30833333,51.98333333,51.1125,50.32083333
12/14/2015,51.375,48.97083333,50.45833333,48.83333333,49.10416667
12/15/2015,51.2875,48.94166667,50.45,48.53333333,47.84583333
12/16/2015,51.28333333,49.25833333,50.4875,48.82916667,48.16666667
12/17/2015,51.75416667,50.24583333,51.05833333,49.9625,49.24166667
12/18/2015,52.32083333,50.71666667,51.2875,50.31666667,49.49583333
12/19/2015,52.9125,48.62083333,49.56666667,48.43333333,48.40416667
12/20/2015,51.81666667,49.14583333,50.05833333,48.98333333,48.25833333
12/21/2015,51.8625,48.0625,48.89583333,48.09166667,48.00416667
12/22/2015,52.40416667,48.93333333,49.49583333,48.84166667,48.4875
12/23/2015,51.8875,49.15833333,50.19166667,49.10833333,48.79166667
12/24/2015,51.41666667,48.825,50.15416667,48.65416667,48.20416667
12/25/2015,51.175,48.17083333,49.775,47.95416667,47.65833333
12/26/2015,50.6875,47.49583333,49.43333333,47.15833333,46.78333333
12/27/2015,50.2125,47.13333333,49.1125,46.72916667,46.09583333
12/28/2015,50.57083333,48.07083333,49.44583333,47.6,46.80833333
12/29/2015,50.30416667,47.84166667,49.3875,47.47083333,47.0625
12/30/2015,50.43333333,48.32916667,49.625,47.94166667,47.30833333
12/31/2015,49.70416667,47.3375,49.12083333,46.86666667,46.7
1/1/2016,48.79583333,46.11666667,48.25833333,45.67083333,45.38333333
1/2/2016,49.09583333,46.5375,48.26666667,45.94166667,45.07916667
1/3/2016,49.32916667,47.56666667,48.72916667,47.0625,46.15416667
1/4/2016,49.1875,47.925,48.97916667,47.6375,47.0125
1/5/2016,49.09166667,47.375,48.12916667,47.2,47.34166667
1/6/2016,49.15416667,47.49583333,48.06666667,47.4375,46.89166667
1/7/2016,49.25,47.44583333,48.1125,47.3375,47.15416667
1/8/2016,49.19166667,48.05,48.575,47.90416667,47.55833333
1/9/2016,48.89583333,48.2,48.7125,48.20416667,47.94583333
1/10/2016,49.3375,47.65,48.3375,47.49583333,47.5375
1/11/2016,48.97916667,48.15,48.59583333,48.1,47.825
1/12/2016,49.20833333,48.90833333,49.01666667,48.79583333,48.375
1/13/2016,49.15416667,49.2375,49.325,49.2,49.07916667
1/14/2016,47.95833333,46.9375,48.29583333,47.10833333,47.75
1/15/2016,48.2875,46.37083333,47.4625,46.23333333,46.3375
1/16/2016,48.37916667,47.80416667,48.32083333,47.72916667,47.59166667
1/17/2016,48.875,49.3,49.14583333,49.15416667,48.95416667
1/18/2016,49.4125,50.325,50.22916667,50.32916667,50.69583333
1/19/2016,49.89166667,50.975,50.64166667,50.92916667,51.00416667
1/20/2016,49.52916667,50.25,50.87916667,50.33333333,50.9
1/21/2016,49.30833333,50.2375,50.8,50.2,50.31666667
1/22/2016,49.30416667,50.92916667,50.92916667,50.875,50.95833333
1/23/2016,49.38333333,50.46666667,51.00833333,50.49583333,50.875
1/24/2016,49.09583333,49.26666667,50.51666667,49.2875,49.69583333
1/25/2016,49.91666667,49.98333333,50.475,49.85,49.85833333
1/26/2016,49.4375,49.34583333,50.52083333,49.36666667,49.75833333
1/27/2016,49.30416667,49.52083333,50.29166667,49.42083333,49.55416667
1/28/2016,48.575,49.34583333,50.32083333,49.39166667,49.675
1/29/2016,48.84166667,49.68333333,50.175,49.58333333,49.61666667
1/30/2016,48.825,49.1375,50.3125,49.17083333,49.72916667
1/31/2016,47.88333333,47.64166667,49.9375,47.71666667,48.22083333
2/1/2016,47.49583333,46.1,49.15833333,46.07916667,46.4125
2/2/2016,47.69583333,46.44583333,48.72916667,46.30416667,46.225
2/3/2016,47.35833333,46.16666667,48.72083333,46.17916667,46.20833333
2/4/2016,47.7,47.3,48.6125,47.33333333,47.125
2/5/2016,48.25,47.675,49.0375,47.975,48.275
2/6/2016,48.12083333,48.1875,49.21666667,48.43333333,48.62916667
2/7/2016,48.93333333,49.30833333,49.52916667,49.48333333,49.65416667
2/8/2016,49.3375,50.875,50.56666667,51.16666667,51.30833333
2/9/2016,48.94583333,50.62916667,51.04166667,51.13333333,51.825
2/10/2016,48.8,50.15416667,50.93333333,50.57083333,51.1625
2/11/2016,49.025,50.86666667,51.02916667,51.24583333,51.6
2/12/2016,48.53333333,50.81666667,51.13333333,51.32916667,51.9875
2/13/2016,48.675,50.49166667,50.9875,50.925,51.65416667
2/14/2016,48.97083333,50.975,51.07916667,51.40416667,51.925
2/15/2016,49.3,51.79583333,51.31666667,52.23333333,52.69583333
2/16/2016,49.04166667,51.72916667,51.59166667,52.27916667,53.03333333
2/17/2016,48.38333333,51.23333333,51.5875,51.84166667,52.51666667
2/18/2016,48.08333333,50.2,50.90833333,50.6125,51.22083333
2/19/2016,48.35416667,49.525,50.5,49.95,50.33333333
2/20/2016,48.64166667,49.3125,50.57083333,49.66666667,50.09583333
2/21/2016,48.8875,49.3625,50.66666667,49.67916667,50.09583333
2/22/2016,49.1125,50.02083333,50.77916667,50.3375,50.68333333
2/23/2016,49.25,50.0875,50.96666667,50.4625,51.0625
2/24/2016,49.65416667,50.76666667,51.14166667,51.15,51.5875
2/25/2016,49.8625,51.19166667,51.35833333,51.67916667,52.2875
2/26/2016,49.88333333,51.62083333,51.6125,52.0875,52.60833333
2/27/2016,49.59583333,51.525,51.79583333,51.99166667,52.49166667
2/28/2016,49.57916667,50.50416667,51.63333333,50.94166667,51.59166667
2/29/2016,49.71666667,51.2625,51.60416667,51.575,51.8625
3/1/2016,49.25,51.35416667,51.75,51.88333333,52.525
3/2/2016,49.875,51.025,51.65833333,51.41666667,52.14166667
3/3/2016,49.95416667,52.78333333,52.025,53.17083333,52.45416667
3/4/2016,49.75833333,52.65416667,52.275,53.09583333,52.5
3/5/2016,50.48333333,53.47083333,52.57083333,53.78333333,52.5
3/6/2016,50.3375,52.27083333,52.83333333,52.7125,52.425
3/7/2016,50.4,50.22083333,51.35833333,50.30416667,50.87083333
3/8/2016,49.4375,49.54583333,51.14583333,49.75,50.375
3/9/2016,49.34166667,49.42916667,50.8875,49.44583333,49.7125
3/10/2016,49.9,51.10416667,51.225,51.08333333,51.14583333
3/11/2016,49.99166667,51.4875,51.7625,51.50833333,51.83333333
3/12/2016,49.6875,50.4375,51.31666667,50.5125,50.875
3/13/2016,50.3173913,50.83043478,51.10434783,50.77826087,50.94347826
3/14/2016,50.8375,51.16666667,51.63333333,51.21666667,51.83333333
3/15/2016,50.98333333,51.15416667,51.77916667,51.21666667,51.70416667
3/16/2016,51.58333333,52.24583333,51.95833333,52.20833333,52.6875
3/17/2016,52.05416667,53.82083333,52.4375,53.82083333,54.41666667
3/18/2016,50.6875,53.3625,52.90416667,53.60416667,54.6
3/19/2016,50.27083333,52.51666667,52.68333333,52.59166667,53.62916667
3/20/2016,49.775,51.95416667,52.49166667,52.15416667,53.23333333
3/21/2016,49.12916667,51.03333333,52.225,51.10416667,51.80416667
3/22/2016,49.09583333,50.49583333,51.8875,50.575,51.25416667
3/23/2016,49.44166667,50.67083333,51.62916667,50.65416667,51.325
3/24/2016,50.20416667,51.725,51.64583333,51.68333333,52.15416667
3/25/2016,50.50833333,52.54166667,51.95833333,52.58333333,53.33333333
3/26/2016,50.78333333,52.59166667,52.1875,52.6,53.28333333
3/27/2016,51.425,52.94166667,52.39166667,52.95,53.72083333
3/28/2016,51.3625,52.875,52.6375,52.9875,53.41666667
3/29/2016,51.2125,52.4875,52.80833333,52.72916667,53.60833333
3/30/2016,51.91666667,53.2125,52.84166667,53.22083333,53.98333333
3/31/2016,52.47083333,54.72916667,53.1625,54.85833333,55.54166667
4/1/2016,52.775,55.86666667,53.625,56.05416667,56.95833333
4/2/2016,53.13333333,56.74166667,54.04166667,56.9625,58.0375
4/3/2016,53.25833333,57.49166667,54.44583333,57.8125,58.975
4/4/2016,53.1625,57.32916667,54.8,57.77916667,59.15
4/5/2016,52.87916667,56.38333333,54.95416667,56.74166667,58.0125
4/6/2016,53.39583333,57.1375,55.02083333,57.37916667,58.42083333
4/7/2016,54.1625,57.97916667,55.25,58.3125,59.55
4/8/2016,54.50416667,58.5375,55.55,58.88333333,60.07083333
4/9/2016,53.425,57.775,55.85416667,58.3125,59.475
4/10/2016,53.02083333,56.12083333,55.75833333,56.45833333,57.7
4/11/2016,52.73333333,56.49166667,55.55833333,56.77916667,57.9875
4/12/2016,52.04583333,56.42916667,55.54166667,56.94583333,58.18333333
4/13/2016,52.53333333,55.775,55.31666667,55.99583333,57.30416667
4/14/2016,51.8,55.00416667,55.24583333,55.4,56.8
4/15/2016,52.70416667,54.57916667,54.98333333,54.725,55.53333333
4/16/2016,53.2,56.20416667,54.99166667,56.42083333,57.19166667
4/17/2016,53.67083333,57.4,55.2625,57.75416667,58.8375
4/18/2016,54.34583333,58.41666667,55.54166667,58.8125,60.05833333
4/19/2016,54.62083333,59.19583333,55.8875,59.68333333,60.95416667
4/20/2016,54.86666667,59.5125,56.19583333,60.0375,61.2875
4/21/2016,54.4375,58.57916667,56.45833333,59.15,60.625
4/22/2016,53.31666667,57.0625,56.54166667,57.69166667,58.775
4/23/2016,53.8,56.12916667,56.2,56.19583333,57.04166667
4/24/2016,53.7125,57.20833333,56.05,57.59166667,58.60833333
4/25/2016,53.66666667,56.3625,56.03333333,56.73333333,57.675
4/26/2016,53.49583333,56.0875,55.925,56.37083333,57.29166667
4/27/2016,54.46666667,56.30416667,55.85,56.55,57.1625
4/28/2016,55.125,57.7,55.93333333,57.84583333,58.40833333
4/29/2016,55.09166667,58.7125,56.19583333,59.15,60.19166667
4/30/2016,55.20416667,58.3625,56.47916667,58.75416667,59.8
5/1/2016,55.8,59.40416667,56.62083333,59.79166667,60.78333333
5/2/2016,56.075,60.1,56.90833333,60.57916667,61.92083333
5/3/2016,55.39166667,59.41666667,57.22083333,60.07083333,61.6125
5/4/2016,54.84166667,58.3,57.28333333,58.825,60.14166667
5/5/2016,55.09166667,58.60833333,57.17083333,58.83333333,59.65
5/6/2016,54.90833333,57.82083333,57.17916667,58.27916667,59.50416667
5/7/2016,53.92916667,56.75416667,57.07916667,57.18333333,58.1125
5/8/2016,54.325,57.27083333,56.80416667,57.37916667,58.07083333
5/9/2016,54.67916667,58.67916667,56.775,59.17916667,60.77083333
5/10/2016,55.37916667,59.49583333,58.20416667,59.9375,61.36666667
5/11/2016,54.79166667,59.45,57.94583333,60.14166667,61.59583333
5/12/2016,54.4375,58.87083333,57.60416667,59.7625,61.51666667
5/13/2016,54.63333333,59.37083333,57.53333333,60.30416667,61.89166667
5/14/2016,54.24583333,58.85416667,57.10416667,59.7875,61.3625
5/15/2016,54.48333333,58.66666667,57.03333333,59.52916667,60.99583333
5/16/2016,54.37916667,58.825,57.0875,59.82083333,61.41666667
5/17/2016,54.69166667,59.0875,57.35416667,60.00833333,61.5375
5/18/2016,53.89166667,59.16666667,57.13333333,60.29583333,62.22083333
5/19/2016,53.62916667,58.32916667,56.375,59.38333333,61.1375
5/20/2016,52.0625,55.3875,53.95416667,56.44583333,58.16666667
5/21/2016,51.84583333,54.3625,53.50833333,54.94166667,55.6375
5/22/2016,51.77083333,54.70416667,53.58333333,55.4,56.35416667
5/23/2016,52.27916667,55.49583333,54.54583333,56,57.12916667
5/24/2016,53.10833333,57.2125,55.74583333,57.9875,58.90416667
5/25/2016,53.46666667,57.49583333,55.99583333,58.33333333,59.9375
5/26/2016,53.77916667,58.09166667,56.45,59.0375,60.74166667
5/27/2016,53.8375,58.2625,56.55,59.25833333,60.8625
5/28/2016,53.8,58.14166667,56.49166667,59.11666667,60.68333333
5/29/2016,53.76666667,58.40833333,56.625,59.39583333,61.11666667
5/30/2016,54.23333333,58.9,57.08333333,59.89583333,61.66666667
5/31/2016,54.4625,59.475,57.47916667,60.57916667,62.40833333
6/1/2016,54.325,59.5125,57.4375,60.66666667,62.79583333
6/2/2016,54.0625,58.70833333,56.77916667,59.82083333,61.9125
6/3/2016,54.06666667,58.48333333,56.57916667,59.4125,61.42916667
6/4/2016,53.73333333,58.05,56.14166667,58.97083333,60.8875
6/5/2016,53.2125,57.6625,55.7625,58.58333333,60.43333333
6/6/2016,53.26666667,58.19583333,56.09166667,59.07916667,61.075
6/7/2016,53.075,58.27083333,56.02916667,59.275,61.69166667
6/8/2016,52.68333333,57.43333333,55.225,58.3875,60.81666667
6/9/2016,52.6875,56.925,55.20833333,57.57916667,59.57916667
6/10/2016,52.88333333,56.98333333,55.25416667,57.75416667,59.80416667
6/11/2016,52.925,56.78333333,55.1875,57.52083333,59.39583333
6/12/2016,52.82083333,56.875,55.23333333,57.60833333,59.55
6/13/2016,52.59166667,56.96666667,55.175,57.77083333,59.99166667
6/14/2016,52.50833333,56.02916667,54.55833333,56.74166667,58.70416667
6/15/2016,51.70416667,54.73333333,53.40416667,55.47083333,57.0625
6/16/2016,52.14583333,54.94583333,53.89166667,55.3625,56.53333333
6/17/2016,52.23333333,55.1125,53.94166667,55.76666667,57.29166667
6/18/2016,52.44583333,55.85833333,54.85833333,56.11666667,57.27916667
6/19/2016,52.8875,56.60416667,55.24583333,57.15,58.86666667
6/20/2016,53.17916667,56.92083333,55.47916667,57.5375,59.32916667
6/21/2016,53.44166667,57.17916667,55.7875,57.78333333,59.74166667
6/22/2016,53.40416667,57.45833333,55.96666667,58.10833333,60.04166667
6/23/2016,53.1625,57.1875,55.6875,57.85416667,59.95416667
6/24/2016,52.90416667,56.6375,55.15,57.3375,59.50416667
6/25/2016,53.10416667,56.79583333,55.4125,57.44583333,59.38333333
6/26/2016,53,57.01666667,55.43333333,57.7,59.625
6/27/2016,53.19166667,57.34583333,55.7625,58.04583333,60.02083333
6/28/2016,52.56666667,56.9125,55.15833333,57.74166667,60.18333333
6/29/2016,52.61666667,56.9,55.175,57.69166667,59.94166667
6/30/2016,52.73333333,57.075,55.325,57.8875,60.15416667
7/1/2016,52.50833333,56.85416667,55.075,57.71666667,60.16666667
7/2/2016,52.4,56.44583333,54.77083333,57.23333333,59.54166667
7/3/2016,52.59166667,56.5375,54.9125,57.275,59.50416667
7/4/2016,52.62083333,56.49583333,54.9,57.27083333,59.3875
7/5/2016,52.46666667,56.25416667,54.73333333,56.95416667,59.11666667
7/6/2016,52.66666667,55.97916667,54.34583333,57.05,59.10833333
7/7/2016,52.6875,56.5125,54.9375,57.24166667,59.275
7/8/2016,52.46666667,55.55,53.85833333,56.37083333,58.53333333
7/9/2016,52.475,55.52083333,54.17083333,56.14583333,58.13333333
7/10/2016,52.54583333,55.63333333,54.15,56.2,57.89166667
7/11/2016,52.9,55.8625,54.4375,56.4625,58.14166667
7/12/2016,52.7,56.17083333,54.64583333,56.82083333,58.64583333
7/13/2016,52.60833333,55.89166667,54.32083333,56.55,58.45833333
7/14/2016,52.79583333,55.99583333,54.42916667,56.6375,58.62916667
7/15/2016,53.06666667,56.4125,54.79166667,57.08333333,59.02916667
7/16/2016,53.175,56.47916667,54.88333333,57.16666667,59.2125
7/17/2016,53.12916667,56.56666667,54.95,57.275,59.28333333
7/18/2016,53.1375,56.42916667,54.9,57.13333333,59.02916667
7/19/2016,53.20833333,56.33333333,54.86666667,57.2125,58.825
7/20/2016,53.04583333,56.15833333,54.6875,56.82916667,58.70416667
7/21/2016,52.75833333,55.99583333,54.5125,56.675,58.55
7/22/2016,52.69166667,55.70833333,54.27083333,56.32083333,58.20416667
7/23/2016,52.875,55.99166667,54.52083333,56.65416667,58.4625
7/24/2016,52.82083333,56.09583333,54.55,56.825,58.8125
7/25/2016,52.84166667,56.2,54.65,56.94166667,58.95416667
7/26/2016,53.025,56.225,54.67083333,56.90416667,58.91666667
7/27/2016,53.1,56.42083333,54.83333333,57.14583333,59.16666667
7/28/2016,52.79166667,56.19583333,54.56666667,56.95833333,59.12083333
7/29/2016,52.91666667,56.15833333,54.5625,56.89583333,58.99166667
7/30/2016,53.06666667,56.38333333,54.8,57.08333333,59.10833333
7/31/2016,53.2,56.29166667,54.80833333,56.97916667,59.00416667
8/1/2016,53.1125,56.19583333,54.75833333,56.875,58.81666667
8/2/2016,53.13333333,56.06666667,54.66666667,56.7125,58.65
8/3/2016,53.18333333,56.15416667,54.74166667,56.80833333,58.74166667
8/4/2016,53.09583333,56.23333333,54.725,56.8875,58.80416667
8/5/2016,53.01666667,56.125,54.725,56.70833333,58.56666667
8/6/2016,53.20416667,56.04166667,54.82916667,56.55,58.30416667
8/7/2016,53.25,56.21666667,54.9875,56.76666667,58.58333333
8/8/2016,53.3375,56.22916667,55.04166667,56.75416667,58.51666667
8/9/2016,53.67916667,56.55,55.375,57.07916667,58.85833333
8/10/2016,53.42083333,56.50416667,55.26666667,57.07916667,58.97916667
8/11/2016,53.1875,56.33333333,55.02083333,56.91666667,58.82916667
8/12/2016,53.33333333,56.30833333,55.02083333,56.87916667,58.80833333
8/13/2016,53.35,56.42916667,55.175,56.97916667,58.80416667
8/14/2016,53.09166667,56.1625,54.86666667,56.75833333,58.71666667
8/15/2016,53.16666667,56.075,54.84166667,56.62916667,58.50833333
8/16/2016,53.28333333,56.29166667,55.08333333,56.81666667,58.61666667
8/17/2016,53.425,56.53333333,55.25,57.10833333,59.02083333
8/18/2016,53.52083333,56.6625,55.29583333,57.3,59.2875
8/19/2016,53.20833333,56.45,55.05416667,57.09166667,59.04166667
8/20/2016,52.93333333,56.04166667,54.67083333,56.6625,58.53333333
8/21/2016,52.75833333,55.7125,54.45,56.27916667,58.10416667
8/22/2016,52.7125,55.66666667,54.38333333,56.225,58.00416667
8/23/2016,52.9125,55.675,54.45,56.24166667,57.925
8/24/2016,53.00416667,55.82916667,54.64166667,56.34583333,57.95416667
8/25/2016,52.8375,55.56666667,54.4,56.10833333,57.875
8/26/2016,52.52916667,55.31666667,54.12083333,55.875,57.64166667
8/27/2016,52.58333333,55.15,54.04166667,55.6125,57.2375
8/28/2016,52.57916667,55.13333333,54,55.62916667,57.2125
8/29/2016,52.25,54.6,53.55416667,55.09583333,56.72916667
8/30/2016,52.44166667,54.71666667,53.75416667,55.09166667,56.35833333
8/31/2016,52.55416667,54.96666667,53.92916667,55.40833333,56.86666667
9/1/2016,52.60416667,54.9875,53.925,55.43333333,56.89166667
9/2/2016,52.64583333,55.0625,54,55.49583333,56.9
9/3/2016,52.6875,55.04583333,54.07083333,55.4625,56.75
9/4/2016,52.6375,55.04583333,54.01666667,55.50833333,56.90833333
9/5/2016,52.61666667,54.74583333,53.82083333,55.15,56.475
9/6/2016,52.44583333,54.77916667,53.825,55.2,56.44583333
9/7/2016,52.07083333,54.925,53.76666667,55.42916667,56.86666667
9/8/2016,51.85833333,54.37083333,53.2625,54.9625,56.61666667
9/9/2016,52.98333333,55.18333333,54.27083333,55.57916667,56.65416667
9/10/2016,52.79583333,55.43333333,54.35,56.0375,57.57083333
9/11/2016,52.7375,55.45,54.33333333,56.04166667,57.5
9/12/2016,52.89166667,55.30416667,54.29166667,55.86666667,57.25
9/13/2016,52.7625,55.075,54.15833333,55.6125,56.8375
9/14/2016,52.7375,54.78333333,53.96666667,55.22083333,56.3875
9/15/2016,52.85,54.83333333,54.04166667,55.28333333,56.3875
9/16/2016,52.90416667,55.07916667,54.19583333,55.59166667,56.72916667
9/17/2016,52.97083333,54.99583333,54.1375,55.54166667,56.80416667
9/18/2016,52.2125,54.9875,53.95833333,55.6125,57.02083333
9/19/2016,52.52083333,54.93333333,53.91666667,55.50416667,56.88333333
9/20/2016,52.6,55.1625,54.15416667,55.69583333,56.97083333
9/21/2016,52.42083333,54.59583333,53.68333333,55.19583333,56.525
9/22/2016,51.95833333,54.00416667,53.18333333,54.50416667,55.59166667
9/23/2016,51.7,53.5375,52.73333333,54.04166667,55.18333333
9/24/2016,52.15,54.24583333,53.49166667,54.71666667,55.69166667
9/25/2016,52.59583333,54.57083333,53.77916667,55.0625,56.3625
9/26/2016,52.4,54.85416667,53.90416667,55.4625,56.725
9/27/2016,52.8,54.88333333,54.05,55.3375,56.52916667
9/28/2016,52.94583333,55.25833333,54.3,55.81666667,56.97083333
9/29/2016,53.01666667,55.32083333,54.3875,55.82083333,57.025
9/30/2016,52.4125,54.6875,53.78333333,55.25,56.42916667
10/1/2016,52.2125,53.82083333,53.1625,54.21666667,55.25
10/2/2016,51.70416667,53.00833333,52.44583333,53.40833333,54.19166667
10/3/2016,51.02083333,52.04166667,51.66666667,52.32916667,52.80416667
10/4/2016,51.62083333,52.90416667,52.54583333,53.07916667,53.39583333
10/5/2016,51.96666667,53.27083333,52.75,53.58333333,54.34166667
10/6/2016,52.25,53.69583333,53.175,54.02916667,54.675
10/7/2016,52.75833333,53.9875,53.5,54.2625,54.99166667
10/8/2016,53.19583333,54.80833333,54.24583333,55.15833333,55.75
10/9/2016,52.81666667,54.70833333,54,55.125,56.10833333
10/10/2016,52.85416667,54.72083333,54.0375,55.10833333,55.93333333
10/11/2016,52.7375,54.43333333,53.74583333,54.82083333,55.75833333
10/12/2016,52.60416667,54.31666667,53.59166667,54.65833333,55.49583333
10/13/2016,52.41666667,53.98333333,53.34583333,54.34166667,55.1125
10/14/2016,52.83333333,54.8,54.11666667,55.09583333,55.45416667
10/15/2016,52.40416667,54.38333333,53.69583333,54.70833333,55.41666667
10/16/2016,52.37083333,54.03333333,53.45416667,54.29583333,54.825
10/17/2016,52.325,53.82083333,53.275,54.12083333,54.8625
10/18/2016,53.15833333,54.45833333,54.04166667,54.5375,54.78333333
10/19/2016,53.54166667,54.4375,54.05833333,54.60833333,55.17083333
10/20/2016,53.53333333,54.8375,54.38333333,54.99166667,55.46666667
10/21/2016,53.55416667,54.82916667,54.30416667,55.00833333,55.65
10/22/2016,53.55,54.90833333,54.3375,55.15833333,55.91666667
10/23/2016,53.0875,54.54583333,53.9625,54.8,55.525
10/24/2016,52.70416667,53.93333333,53.41666667,54.21666667,54.72083333
10/25/2016,52.59166667,54.31666667,53.775,54.5,54.77916667
10/26/2016,52.87083333,54.925,54.2625,55.09583333,55.67916667
10/27/2016,52.42916667,54.4375,53.75416667,54.84166667,55.74583333
10/28/2016,52.6625,55.25833333,54.73333333,55.32916667,55.19583333
10/29/2016,52.77083333,55.5375,54.6625,55.75833333,56.22916667
10/30/2016,52.37083333,54.9625,54.39166667,55.29166667,56.13333333
10/31/2016,52.21666667,54.68333333,54.34166667,54.8,54.94166667
11/1/2016,53.41666667,54.56666667,54.6,54.65,54.87916667
11/2/2016,52.825,53.9625,53.60833333,54.20416667,54.925
11/3/2016,52.80833333,53.33333333,53.0875,53.40833333,53.84166667
11/4/2016,53.00416667,53.57916667,53.25,53.65,53.94583333
11/5/2016,52.97916667,53.61666667,53.2875,53.67916667,53.98333333
11/6/2016,53.15,54.4625,53.97083333,54.60416667,54.75
11/7/2016,53.42916667,54.64583333,54.07916667,54.80833333,55.28333333
11/8/2016,53.30833333,54.65,53.98333333,54.86666667,55.45833333
11/9/2016,53.1125,54.25,53.61666667,54.4875,55.2625
11/10/2016,53.20416667,54.04166667,53.52083333,54.20833333,54.7
11/11/2016,52.9375,54.05833333,53.55416667,54.20833333,54.51666667
11/12/2016,53.40833333,54.58333333,54.075,54.7625,55.1
11/13/2016,53.22083333,54.35833333,53.79583333,54.53333333,55.15
11/14/2016,53.12083333,54.17916667,53.6625,54.34166667,54.86666667
11/15/2016,52.85,54.07083333,53.5625,54.22083333,54.54583333
11/16/2016,52.225,52.64583333,52.375,52.62916667,53.24166667
11/17/2016,52.17916667,51.75833333,51.77083333,51.62083333,51.8625
11/18/2016,51.82083333,51.6125,51.70833333,51.42916667,51.38333333
11/19/2016,51.90416667,51.94583333,51.84583333,51.97083333,51.725
11/20/2016,52.3,52.12916667,52.38333333,52.09166667,52.0375
11/21/2016,53.02083333,53.475,53.48333333,53.475,53.4375
11/22/2016,52.27916667,52.34166667,52.32083333,52.43333333,52.87083333
11/23/2016,52.3375,52.14583333,52.0875,52.125,52.20833333
11/24/2016,51.85833333,51.08333333,51.35416667,50.975,51.23333333
11/25/2016,52.1375,51.31666667,51.60833333,51.20833333,50.93333333
11/26/2016,51.85833333,50.6375,50.71666667,50.55833333,50.45
11/27/2016,51.9375,50.20416667,50.3875,50.06666667,50.0375
11/28/2016,52.1625,51.30833333,51.55416667,51.15416667,50.8
11/29/2016,51.91666667,50.5625,50.85416667,50.47083333,50.60833333
11/30/2016,51.95,50.75833333,51.17916667,50.62083333,50.4125
12/1/2016,51.63333333,50.31666667,50.72083333,50.1625,50.1125
12/2/2016,51.60416667,50.05,50.61666667,49.79166667,49.55
12/3/2016,51.8125,50.30833333,50.9125,50.05833333,49.84166667
12/4/2016,51.90833333,50.57083333,51.13333333,50.35833333,50.02083333
12/5/2016,51.40833333,50.24583333,50.68333333,50.0625,49.78333333
12/6/2016,51.1875,49.35833333,50.05416667,49.0375,48.8375
12/7/2016,50.44166667,48.70416667,49.36666667,48.48333333,48.0875
12/8/2016,50.37083333,48.33333333,48.54166667,48.0875,47.725
12/9/2016,51.08333333,48.04166667,48.25833333,47.875,47.67916667
12/10/2016,51.41666667,49.1625,49.32083333,49.34166667,49.19583333
12/11/2016,51.22916667,48.05,49.02083333,48.2,48.55833333
12/12/2016,51.75833333,48.7125,49.91666667,48.625,48.2375
12/13/2016,51.6875,48.93333333,49.93333333,48.90416667,48.7
12/14/2016,51.90833333,48.86666667,48.86666667,48.85,48.9875
12/15/2016,52.53333333,51.10416667,51.55,51.04583333,50.70833333
12/16/2016,51.77916667,49.575,49.99166667,49.84583333,50.54583333
12/17/2016,50.85,46.525,47.47083333,46.72916667,47.0875
12/18/2016,50.5625,45.62916667,46.8375,45.63333333,45.44583333
12/19/2016,50.375,45.8625,47.10833333,45.77083333,45.36666667
12/20/2016,50.15833333,46.78333333,47.7875,46.6625,46.20833333
12/21/2016,50.8375,48.95,49.5875,48.74166667,47.97916667
12/22/2016,51.025,49.14583333,49.7,49.1375,49.05
12/23/2016,50.82083333,48.7625,48.7125,48.93333333,49.14166667
12/24/2016,50.54166667,47.725,48.0875,47.65416667,47.4
12/25/2016,50.075,46.92916667,47.51666667,46.93333333,46.775
12/26/2016,49.99583333,46.64583333,47.40416667,46.5125,46.0125
12/27/2016,50.01666667,47.4,48.0875,47.30416667,46.825
12/28/2016,49.9625,47.77916667,48.325,47.70833333,47.41666667
12/29/2016,49.825,47.97083333,48.4375,47.92083333,47.74166667
12/30/2016,49.9875,48.05,48.5,48.00416667,47.825
12/31/2016,49.96666667,48.4375,48.7375,48.4375,48.4125
1/1/2017,49.6,48.09583333,48.425,48.1,48.11666667
1/2/2017,49.13333333,47.1375,47.54166667,47.15416667,47.06666667
1/3/2017,48.8875,47.01666667,47.03333333,47.04583333,46.92083333
1/4/2017,48.6,45.43333333,45.54166667,45.5375,45.91666667
1/5/2017,47.925,44.97083333,45.33333333,45.125,45.24166667
1/6/2017,47.9875,43.80416667,44.57916667,43.725,43.56666667
1/7/2017,48.1125,44.31666667,44.575,44.24166667,44.02083333
1/8/2017,48.40833333,44.46666667,45.3625,44.39583333,44.41666667
1/9/2017,48.77083333,46.72083333,48.10833333,46.82083333,46.775
1/10/2017,48.49166667,47.62083333,48.0875,47.64166667,47.77916667
1/11/2017,48.3,47.55833333,48.025,47.72083333,48.06666667
1/12/2017,48.63333333,47.55416667,47.85,47.52916667,47.35833333
1/13/2017,49.46666667,48.3,48.7625,48.3125,47.97083333
1/14/2017,49.50416667,48.475,48.85416667,48.50416667,48.3375
1/15/2017,49.3125,48.35,48.70416667,48.4,48.32916667
1/16/2017,49.17916667,48.37083333,48.675,48.38333333,48.21666667
1/17/2017,49.025,48.49583333,48.70416667,48.51666667,48.35833333
1/18/2017,48.75833333,48.19583333,48.22916667,48.325,48.2125
1/19/2017,48.37083333,47.1,47.46666667,47.1375,47.24166667
1/20/2017,48.1625,47.46666667,47.62083333,47.59166667,47.6
1/21/2017,48.16666667,47.54166667,47.7375,47.55,47.49166667
1/22/2017,47.79583333,47.49166667,47.675,47.58333333,47.67916667
1/23/2017,47.95416667,47.66666667,47.7375,47.725,47.73333333
1/24/2017,48.06666667,47.69583333,47.7875,47.79166667,47.8875
1/25/2017,47.91666667,47.23333333,47.44166667,47.32916667,47.27083333
1/26/2017,47.95833333,47.60416667,47.73333333,47.64583333,47.57916667
1/27/2017,47.89583333,47.47916667,47.6125,47.55833333,47.6
1/28/2017,47.875,47.39583333,47.5375,47.45,47.4625
1/29/2017,47.52916667,47.175,47.2875,47.25416667,47.30416667
1/30/2017,47.3625,47.19166667,47.225,47.275,47.34166667
1/31/2017,47.35416667,47.00833333,47.0875,47.07083333,47.1375
2/1/2017,47.29583333,47.16666667,47.2,47.23333333,47.225
2/2/2017,47.1875,47.2375,47.22083333,47.37083333,47.39166667
2/3/2017,47.35,48.075,47.92916667,48.2,48.625
2/4/2017,47.14583333,48.35416667,48.12083333,48.65416667,49.11666667
2/5/2017,47.0875,48.025,47.775,48.2375,48.68333333
2/6/2017,47.23333333,48.60833333,48.38333333,48.7625,49.2625
2/7/2017,47.84583333,49.9125,49.83333333,50.03333333,50.02916667
2/8/2017,47.39166667,49.39583333,49.14583333,49.73333333,50.48333333
2/9/2017,48.2625,50.58333333,50.30833333,50.67083333,51.00833333
2/10/2017,47.88333333,49.625,49.36666667,50.07916667,50.51666667
2/11/2017,47.70416667,48.15833333,48.06666667,48.475,48.64166667
2/12/2017,47.89583333,47.6375,47.6625,47.88333333,47.92916667
2/13/2017,47.85416667,47.57916667,47.52916667,47.80833333,47.80416667
2/14/2017,47.2875,47.19166667,47.13333333,47.4,47.42916667
2/15/2017,47.12083333,47.2625,47.19583333,47.44166667,47.45
2/16/2017,47.53333333,48.34583333,48.02916667,48.525,48.6375
2/17/2017,47.3875,47.85833333,47.69583333,48.15833333,48.30416667
2/18/2017,47.6625,48.9875,48.625,49.07083333,48.92916667
2/19/2017,47.35833333,48.22916667,47.88333333,48.60416667,48.775
2/20/2017,47.675,48.5125,48.35416667,48.625,48.52916667
2/21/2017,47.59583333,48.99583333,48.61666667,49.34583333,49.43333333
2/22/2017,47.275,47.65,47.525,48.025,48.1625
2/23/2017,47.225,47.07916667,47.17916667,47.26666667,47.18333333
2/24/2017,47.325,47.07916667,47.22083333,47.26666667,47.17916667
2/25/2017,47.47083333,47.41666667,47.475,47.60416667,47.54166667
2/26/2017,47.42083333,47.25,47.37083333,47.4625,47.39166667
2/27/2017,47.4375,47.25416667,47.3875,47.42916667,47.36666667
2/28/2017,47.44166667,47.35,47.45416667,47.54583333,47.5
3/1/2017,47.55833333,47.55416667,47.62083333,47.72916667,47.70416667
3/2/2017,47.675,47.77916667,47.78333333,47.96666667,47.99166667
3/3/2017,47.70833333,47.84166667,47.81666667,48.09166667,48.10833333
3/4/2017,47.725,48.04166667,47.95,48.3375,48.4625
3/5/2017,47.43333333,47.525,47.45833333,47.90416667,47.925
3/6/2017,47.18333333,46.98333333,47.1,47.20833333,47.21666667
3/7/2017,47.16666667,47.27916667,47.25416667,47.45,47.70416667
3/8/2017,47.45416667,48.27083333,48.0375,48.34583333,48.86666667
3/9/2017,47.45416667,48.86666667,48.3375,49.11666667,49.72916667
3/10/2017,47.69166667,49.45833333,48.81666667,49.6125,50.17083333
3/11/2017,47.85,49.85416667,49.1,50.05833333,50.69583333
3/12/2017,48.05217391,50.21304348,49.38695652,50.4,51.23913043
3/13/2017,48.11666667,50.425,49.4875,50.65416667,51.65416667
3/14/2017,48.15416667,50.71666667,49.675,50.95,51.89166667
3/15/2017,47.75,50.58333333,49.26666667,51.04166667,51.85416667
3/16/2017,47.76666667,50.325,49.40833333,50.5,51.175
3/17/2017,47.90416667,50.74166667,49.58333333,50.97083333,51.8875
3/18/2017,47.83333333,50.95833333,49.62083333,51.38333333,52.28333333
3/19/2017,47.85416667,50.63333333,49.525,50.92083333,51.55833333
3/20/2017,47.82916667,50.74583333,49.54583333,51.02916667,51.60833333
3/21/2017,48.5375,51.74583333,50.84583333,51.82916667,52.59166667
3/22/2017,48.09583333,51.3125,50.5875,51.85,52.7125
3/23/2017,48.10416667,50.0375,49.75,50.25833333,50.82916667
3/24/2017,48.0875,49.87083333,49.72083333,50.19166667,50.49166667
3/25/2017,48.40833333,51.00416667,50.975,51.02916667,51.35833333
3/26/2017,48.74583333,50.8375,50.47916667,51.25416667,51.71666667
3/27/2017,49.14583333,51,50.975,51.05,51.42083333
3/28/2017,49.62916667,51.7625,51.3,51.96666667,52.58333333
3/29/2017,49.77916667,52.10416667,51.39166667,52.425,53.02083333
3/30/2017,50.29583333,52.44583333,51.79583333,52.63333333,53.10416667
3/31/2017,50.86666667,51.925,51.625,52.15416667,52.80416667
4/1/2017,51.475,53.00416667,52.575,53.125,53.6875
4/2/2017,51.8125,54.3875,53.5375,54.59166667,55.2375
4/3/2017,51.49166667,53.6875,52.80833333,54.08333333,54.99166667
4/4/2017,51.42083333,53.45833333,52.67083333,53.79166667,54.60833333
4/5/2017,51.15833333,53.24583333,52.425,53.59583333,54.43333333
4/6/2017,50.675,52.34166667,51.67916667,52.775,53.3875
4/7/2017,50.62916667,52.49583333,52.64166667,52.59583333,52.87916667
4/8/2017,49.87916667,51.89583333,51.7375,52.27916667,52.84166667
4/9/2017,50.36666667,51.7625,51.65,51.975,52.5125
4/10/2017,50.72083333,52.4625,52.1375,52.6875,53.3
4/11/2017,50.49166667,52.075,51.54583333,52.58333333,53.375
4/12/2017,50.5375,51.73333333,51.48333333,51.975,52.39166667
4/13/2017,49.60833333,50.87083333,50.57916667,51.28333333,51.95416667
4/14/2017,49.77916667,50.27083333,50.16666667,50.41666667,50.97083333
4/15/2017,50.17916667,50.9,50.72083333,51.09583333,51.7875
4/16/2017,50.0875,50.77916667,50.55,51.15833333,51.575
4/17/2017,49.77916667,50.5,50.3625,50.6875,51.275
4/18/2017,50.12916667,51.59583333,51.14583333,51.66666667,52.4875
4/19/2017,49.91666667,51.45,50.79166667,51.725,52.77916667
4/20/2017,50.0625,51.57916667,51.10416667,51.63333333,52.8
4/21/2017,50.3625,51.74583333,51.19583333,52.02916667,53.13333333
4/22/2017,50.50833333,52.075,51.43333333,52.25833333,53.42916667
4/23/2017,50.37083333,52.05416667,51.34583333,52.29583333,53.6125
4/24/2017,50.0375,51.65416667,50.93333333,51.95,53.175
4/25/2017,49.90833333,51.15416667,50.57083333,51.29166667,52.325
4/26/2017,50.55833333,51.825,51.21666667,51.93333333,52.64166667
4/27/2017,51.025,52.6,51.9375,52.6375,53.25833333
4/28/2017,51.9125,53.40416667,52.73333333,53.4875,54.0125
4/29/2017,52.55,54.21666667,53.52083333,54.275,54.92916667
4/30/2017,53.39166667,55.4375,54.5875,55.4625,56.3875
5/1/2017,53.75833333,56.7,55.4625,56.93333333,58.05416667
5/2/2017,54.14166667,57.95833333,56.34583333,58.2,59.39583333
5/3/2017,54.60416667,59.375,57.49583333,59.68333333,60.95416667
5/4/2017,53.85416667,59.95416667,57.55416667,60.45,62.1
5/5/2017,53.75,60.28333333,57.85416667,60.80416667,62.20833333
5/6/2017,53.50833333,58.2625,56.49583333,58.96666667,60.59166667
5/7/2017,52.20416667,56,54.625,56.55,58.09166667
5/8/2017,52.54583333,54.90833333,53.79583333,55.1,56.24583333
5/9/2017,52.76666667,55.99583333,54.60416667,56.54583333,57.35416667
5/10/2017,52.62083333,56.0375,54.46666667,56.37916667,57.84583333
5/11/2017,52.17916667,55.2875,53.7875,55.7375,57.2375
5/12/2017,51.625,54.125,52.95833333,54.45,55.525
5/13/2017,51.7,53.80833333,52.89166667,54.0375,54.9875
5/14/2017,52.0375,54.02916667,53.16666667,54.28333333,55.3375
5/15/2017,52.84166667,55.12083333,54.1625,55.3125,56.13333333
5/16/2017,52.15833333,54.16666667,53.1875,54.60416667,55.62916667
5/17/2017,51.65,54.47083333,52.81666667,53.6875,54.91666667
5/18/2017,52.3625,55.18333333,53.63333333,54.8375,55.86666667
5/19/2017,52.3875,55.41666667,54.18333333,55.82083333,57.05
5/20/2017,51.85833333,55.32083333,53.84583333,55.84583333,57.4625
5/21/2017,51.50416667,55.3125,53.625,55.84583333,57.47083333
5/22/2017,51.55,55.40833333,53.67083333,55.93333333,57.55416667
5/23/2017,51.675,55.70833333,53.86666667,56.25,57.91666667
5/24/2017,51.80416667,56.09166667,54.175,56.57916667,58.2875
5/25/2017,52.00833333,56.2,54.36666667,56.7375,58.35416667
5/26/2017,52.0125,56.19583333,54.40833333,56.79583333,58.39583333
5/27/2017,52.08333333,56.15833333,54.42083333,56.71666667,58.37083333
5/28/2017,52.39166667,56.55,54.7375,57.1,58.75
5/29/2017,52.22916667,56.6875,54.67916667,57.325,59.2125
5/30/2017,51.97916667,56.175,54.16666667,56.85,58.59166667
5/31/2017,52.00833333,56.0625,54.325,56.575,58.1125
6/1/2017,52.47916667,56.63333333,54.9,57.1625,58.7125
6/2/2017,52.42916667,56.75416667,54.85833333,57.36666667,59.15
6/3/2017,52.2625,56.5375,54.65833333,57.15,58.87083333
6/4/2017,52.38333333,56.44166667,54.6375,57.05416667,58.79166667
6/5/2017,52.35,56.27916667,54.52083333,56.8875,58.56666667
6/6/2017,52.50833333,56.3875,54.66666667,56.94583333,58.58333333
6/7/2017,52.325,56.08333333,54.35833333,56.70416667,58.37916667
6/8/2017,51.68333333,54.64166667,53.14166667,55.20416667,56.47083333
6/9/2017,52.15833333,55.08333333,53.77083333,55.17916667,56.07083333
6/10/2017,52.0875,55.37083333,53.8875,55.59583333,56.94166667
6/11/2017,52.15833333,55.02916667,53.70416667,55.32916667,56.37916667
6/12/2017,52.1125,55.225,53.79166667,55.525,56.65833333
6/13/2017,52.7875,56.34166667,54.8375,56.57083333,57.74166667
6/14/2017,52.79583333,56.72916667,54.90833333,57.12083333,58.7125
6/15/2017,53.5375,57.45,55.62083333,57.8,59.35
6/16/2017,53.29166667,58.0875,55.9375,58.5875,60.52916667
6/17/2017,53.2375,58.20416667,55.95,58.725,60.73333333
6/18/2017,53.06666667,58.6375,56.20416667,59.26666667,61.425
6/19/2017,52.775,57.87083333,55.40833333,58.55416667,61.02916667
6/20/2017,52.425,57.7875,55.25,58.33333333,60.44583333
6/21/2017,52.5875,58.0625,55.51666667,58.64583333,60.88333333
6/22/2017,52.50416667,57.85833333,55.3875,58.35,60.89583333
6/23/2017,52.24583333,57.2875,54.93333333,57.14583333,60.10833333
6/24/2017,52.17916667,57.12083333,54.7125,57.62916667,59.875
6/25/2017,52.35,57.65,55.15,58.1,60.47916667
6/26/2017,52.27083333,57.0625,54.75,57.48333333,59.91666667
6/27/2017,52.29166667,56.525,54.46666667,56.87916667,59.10416667
6/28/2017,52.65833333,56.95,54.97916667,57.25,59.225
6/29/2017,52.50416667,57.00833333,54.87916667,57.39166667,59.6125
6/30/2017,52.46666667,56.94583333,54.83333333,57.3,59.525
7/1/2017,52.53333333,57.07916667,54.89583333,57.48333333,59.72916667
7/2/2017,52.59166667,57.15,54.98333333,57.54166667,59.85833333
7/3/2017,52.7125,57.27916667,55.12083333,57.63333333,59.88333333
7/4/2017,52.6,56.99166667,54.9375,57.4,59.725
7/5/2017,52.575,56.73333333,54.77916667,57.1,59.29583333
7/6/2017,52.525,56.59166667,54.6875,56.99583333,59.15
7/7/2017,52.5875,56.7375,54.825,57.20416667,59.325
7/8/2017,52.49583333,56.67916667,54.8,57.16666667,59.35833333
7/9/2017,52.55833333,56.56666667,54.75833333,57.04166667,59.25
7/10/2017,52.54166667,56.5375,54.73333333,57.025,59.2
7/11/2017,52.5875,56.75416667,54.89166667,57.225,59.37083333
7/12/2017,52.75,56.725,54.92083333,57.1875,59.35
7/13/2017,52.76666667,56.80416667,54.925,57.30833333,59.47916667
7/14/2017,52.87083333,56.84166667,55.05416667,57.3,59.4375
7/15/2017,52.8,56.75,54.95416667,57.2375,59.4625
7/16/2017,52.97916667,56.90416667,55.15,57.34583333,59.4625
7/17/2017,52.89583333,56.71666667,55.00833333,57.20833333,59.40416667
7/18/2017,52.89583333,56.63333333,54.94583333,57.26666667,59.23333333
7/19/2017,53.025,56.50833333,54.9875,57.15833333,58.87916667
7/20/2017,52.95,56.59583333,55.0375,57.25833333,59.01666667
7/21/2017,52.74583333,56.525,54.90416667,57.22083333,59.14166667
7/22/2017,52.825,56.625,54.9125,57.3,59.19166667
7/23/2017,52.65,56.55833333,54.85,57.31666667,59.33333333
7/24/2017,52.57916667,56.28333333,54.6,57.00416667,58.91666667
7/25/2017,52.77916667,56.52083333,54.87916667,57.19166667,58.92083333
7/26/2017,52.61666667,56.33333333,54.7,57.02916667,58.925
7/27/2017,52.7625,56.425,54.775,57.11666667,58.93333333
7/28/2017,53.12916667,56.69166667,55.08333333,57.3625,59.19166667
7/29/2017,52.80833333,56.6875,54.97083333,57.44166667,59.40833333
7/30/2017,52.34583333,56.03333333,54.35833333,56.78333333,58.84166667
7/31/2017,52.09583333,55.77083333,54.11666667,56.44583333,58.28333333
8/1/2017,52.2625,55.77916667,54.1625,56.45833333,58.2875
8/2/2017,52.30416667,56.175,54.46666667,56.8625,58.7375
8/3/2017,52.29583333,56.275,54.575,56.96666667,58.9375
8/4/2017,52.27083333,56.04166667,54.38333333,56.77916667,58.69583333
8/5/2017,52.57083333,56.22083333,54.7,56.82916667,58.44583333
8/6/2017,52.58333333,56.15833333,54.66666667,56.85,58.80833333
8/7/2017,52.62083333,56.43333333,54.825,57.06666667,58.60833333
8/8/2017,52.65833333,56.35416667,54.7125,57.11666667,58.91666667
8/9/2017,52.67083333,56.16666667,54.7625,56.98333333,58.69166667
8/10/2017,52.70416667,55.94166667,54.62083333,56.59583333,58.22916667
8/11/2017,52.89166667,56.16666667,54.78333333,56.79583333,58.24583333
8/12/2017,53.10416667,56.61666667,55.1375,57.33333333,58.9875
8/13/2017,53.05,56.4375,55.00416667,57.13333333,58.87083333
8/14/2017,53.2,56.65,55.2,57.39583333,59.0125
8/15/2017,53.15833333,56.55416667,55.16666667,57.4,58.97083333
8/16/2017,52.80416667,56.2,54.74166667,56.96666667,58.73333333
8/17/2017,52.8875,56.2375,54.8125,56.96666667,58.69583333
8/18/2017,53.0375,56.37916667,54.90833333,57.12916667,58.79583333
8/19/2017,52.97083333,56.26666667,54.79166667,57.06666667,58.775
8/20/2017,52.975,56.14583333,54.80416667,56.80833333,58.39166667
8/21/2017,52.85,56.1,54.63333333,56.91666667,58.58333333
8/22/2017,52.77083333,55.9375,54.65,56.59166667,57.92083333
8/23/2017,52.87916667,56.05833333,54.70833333,56.75,58.17916667
8/24/2017,52.7625,55.94583333,54.56666667,56.67083333,58.29583333
8/25/2017,52.69583333,55.76666667,54.45833333,56.44166667,57.97083333
8/26/2017,52.575,55.51666667,54.24583333,56.17916667,57.72083333
8/27/2017,52.50416667,55.39583333,54.14583333,56.10416667,57.7375
8/28/2017,52.57083333,55.575,54.30833333,56.19583333,57.56666667
8/29/2017,52.98333333,56.13333333,54.8125,56.77083333,58.1375
8/30/2017,52.85416667,56.4,54.90833333,57.24166667,58.98333333
8/31/2017,52.87916667,56.0375,54.675,56.7875,58.29166667
9/1/2017,52.55833333,55.8375,54.49166667,56.60416667,58.05833333
9/2/2017,52.55,55.7125,54.36666667,56.4375,57.92083333
9/3/2017,52.65,55.84583333,54.47916667,56.57916667,58.025
9/4/2017,52.60833333,56,54.50833333,56.7875,58.27083333
9/5/2017,52.65,56.1375,54.65,56.875,58.48333333
9/6/2017,53.0125,56.42083333,54.9375,57.2,58.84583333
9/7/2017,52.96666667,56.24166667,54.65,57.1125,58.64166667
9/8/2017,52.59583333,55.78333333,54.51666667,56.38333333,57.8375
9/9/2017,51.70416667,55.08333333,53.60833333,55.8875,57.8
9/10/2017,51.78333333,54.95833333,53.5625,55.64166667,57.16666667
9/11/2017,52.05833333,55.3,53.92083333,55.99583333,57.4
9/12/2017,52.26666667,55.7125,54.175,56.45416667,58.02916667
9/13/2017,52.50416667,55.95416667,54.44166667,56.7875,58.51666667
9/14/2017,52.0875,54.9875,53.6125,55.8375,57.30416667
9/15/2017,52.05833333,54.4,53.375,54.90416667,55.90416667
9/16/2017,51.51666667,53.89583333,52.87083333,54.49166667,55.6
9/17/2017,51.67083333,53.80416667,52.9375,54.23333333,55.04166667
9/18/2017,51.90416667,54.20416667,53.225,54.77916667,55.73333333
9/19/2017,51.84166667,54.06666667,53.17083333,54.51666667,55.39583333
9/20/2017,51.68333333,53.89166667,53.07916667,54.375,55.32083333
9/21/2017,51.52083333,53.27083333,52.55416667,53.7125,54.46666667
9/22/2017,51.46666667,53.4125,52.60416667,53.91666667,54.725
9/23/2017,51.52916667,53.22083333,52.57916667,53.61666667,54.3625
9/24/2017,51.60833333,53.4,52.70833333,53.80416667,54.525
9/25/2017,51.69583333,53.55833333,52.81666667,54.0125,54.825
9/26/2017,52.32083333,54.3125,53.54583333,54.7375,55.4
9/27/2017,52.0875,54.2625,53.39166667,54.80833333,55.89583333
9/28/2017,52.17083333,54.10833333,53.29583333,54.55833333,55.425
9/29/2017,51.875,53.92916667,53.05416667,54.425,55.29166667
9/30/2017,52.12083333,53.90833333,53.20833333,54.27916667,54.9625
10/1/2017,52.12916667,53.93333333,53.20416667,54.40833333,55.16666667
10/2/2017,51.90416667,53.50833333,52.88333333,53.9125,54.6
10/3/2017,51.90833333,53.43333333,52.87916667,53.78333333,54.31666667
10/4/2017,51.8125,53.17916667,52.6625,53.44583333,54.225
10/5/2017,52.43333333,53.58333333,53.2,53.7125,54.21666667
10/6/2017,52.4125,53.75,53.2625,53.99583333,54.825
10/7/2017,52.89583333,54.3625,53.86666667,54.52916667,55.1375
10/8/2017,52.6875,54.12916667,53.6,54.41666667,55.1625
10/9/2017,52.4125,53.73333333,53.33333333,53.9,54.5125
10/10/2017,52.09583333,53.2875,52.84166667,53.52916667,54.3
10/11/2017,51.925,53.17083333,52.77916667,53.3375,53.95416667
10/12/2017,51.57083333,52.57916667,52.20416667,52.8125,53.42083333
10/13/2017,52.1,52.92916667,52.76666667,52.95833333,53.32083333
10/14/2017,52.05416667,53.09583333,52.78333333,53.2875,53.82083333
10/15/2017,52.20833333,53.0625,52.8375,53.15416667,53.6875
10/16/2017,52.26666667,53.15,52.90416667,53.2625,53.75416667
10/17/2017,52.3375,53.15833333,52.875,53.28333333,53.7875
10/18/2017,52.55416667,53.42916667,53.1875,53.52916667,53.94166667
10/19/2017,52.45416667,53.39166667,53.0875,53.5875,54.14583333
10/20/2017,52.35833333,53.5625,53.18333333,53.72916667,54.17916667
10/21/2017,52.2875,52.67916667,52.625,52.82083333,53.35416667
10/22/2017,52.62083333,53.22916667,53.15833333,53.25416667,53.5625
10/23/2017,53.26666667,54.57916667,54.20416667,54.70416667,55.13333333
10/24/2017,53.41666667,55.08333333,54.5875,55.40416667,56.25
10/25/2017,52.975,54.70416667,54.15,55.025,55.9625
10/26/2017,52.82916667,54.0875,53.66666667,54.31666667,55.1125
10/27/2017,52.92916667,54.02083333,53.7,54.17083333,54.775
10/28/2017,52.85,54.05833333,53.7,54.24166667,54.85
10/29/2017,52.82083333,53.87916667,53.55,54.04166667,54.6625
10/30/2017,52.775,53.97083333,53.6,54.1625,54.725
10/31/2017,52.82083333,53.74166667,53.47083333,53.87916667,54.4375
11/1/2017,52.53333333,53.47916667,53.175,53.64166667,54.21666667
11/2/2017,52.46666667,53.2,52.86666667,53.375,53.65
11/3/2017,52.45,53.16666667,52.86666667,53.3125,53.5125
11/4/2017,52.75,53.22083333,53.125,53.27916667,53.49583333
11/5/2017,52.34583333,52.5625,52.425,52.66666667,52.95833333
11/6/2017,52.72916667,52.7,52.70833333,52.6625,52.82083333
11/7/2017,52.3125,52.25833333,52.22083333,52.32083333,52.65416667
11/8/2017,52.15833333,52.11666667,52.07916667,52.2125,52.19166667
11/9/2017,52.69583333,53.32083333,53.05833333,53.34583333,53.29583333
11/10/2017,52.8,53.34583333,53.03333333,53.57083333,53.98333333
11/11/2017,53.25833333,53.90416667,53.6625,54,54.2
11/12/2017,53.1375,53.275,53.1625,53.38333333,53.75833333
11/13/2017,53.14583333,53.7375,53.47916667,53.85,53.74166667
11/14/2017,53.00833333,53.31666667,53.22916667,53.37916667,53.74583333
11/15/2017,52.55833333,52.87916667,52.7,53.06666667,53.24166667
11/16/2017,53.11666667,52.54583333,52.57916667,52.6,52.89583333
11/17/2017,53.0375,52.38333333,52.42916667,52.47916667,52.71666667
11/18/2017,52.60416667,51.3375,51.69166667,51.3125,51.57083333
11/19/2017,52.33333333,51.05833333,51.4375,50.97916667,50.90416667
11/20/2017,52.64583333,51.95833333,52.17083333,51.86666667,51.41666667
11/21/2017,53.12083333,52.62916667,52.84166667,52.60833333,52.5
11/22/2017,53.2,53.57916667,53.64583333,53.62083333,53.72916667
11/23/2017,53.46666667,54.16666667,54.03333333,54.32083333,54.4875
11/24/2017,53.56666667,54.16666667,54.0875,54.24583333,54.49583333
11/25/2017,53.425,54.23333333,53.95416667,54.47083333,54.82916667
11/26/2017,53.38333333,54.45833333,54.14583333,54.6125,54.84583333
11/27/2017,53.35,53.9875,53.97916667,54.1125,54.525
11/28/2017,52.56666667,52.23333333,52.35833333,52.38333333,52.95416667
11/29/2017,52.23333333,51.47083333,51.79583333,51.46666667,51.57916667
11/30/2017,52.28333333,51.14166667,51.5875,51.04583333,51.0875
12/1/2017,52.30833333,51.27083333,51.74583333,51.1,50.9
12/2/2017,52.10416667,50.83333333,51.32083333,50.775,50.78333333
12/3/2017,52.10833333,51.2875,51.6875,51.12916667,50.85833333
12/4/2017,51.46666667,49.97083333,50.5,49.8625,50.05416667
12/5/2017,51.65416667,49.77083333,50.4875,49.35833333,48.93333333
12/6/2017,51.79583333,50.35833333,50.7875,50.11666667,49.67083333
12/7/2017,51.96666667,50.3875,50.83333333,50.1125,49.88333333
12/8/2017,52.02083333,50.44583333,50.86666667,50.17916667,49.9
12/9/2017,51.95833333,50.38333333,50.80833333,50.10833333,49.77916667
12/10/2017,51.77083333,50.2375,50.64166667,49.96666667,49.70416667
12/11/2017,51.58333333,49.95,50.34583333,49.7375,49.48333333
12/12/2017,51.50416667,49.7625,50.23333333,49.45833333,49.1125
12/13/2017,51.34583333,49.59166667,50.05833333,49.3,48.91666667
12/14/2017,51.75416667,50.30416667,50.76666667,49.90833333,49.3125
12/15/2017,51.54583333,50.45416667,50.60833333,50.35833333,50.09166667
12/16/2017,51.4125,50.10833333,50.425,49.89166667,49.525
12/17/2017,51.21666667,49.74583333,50.16666667,49.44583333,49.1
12/18/2017,51.275,50.2875,50.50833333,50.07083333,49.68333333
12/19/2017,51.09166667,49.74166667,50.04166667,49.55833333,49.3
12/20/2017,51.025,49.87916667,50.12916667,49.61666667,49.20416667
12/21/2017,50.425,48.82083333,49.2,48.61666667,48.54583333
12/22/2017,50.325,48.7375,49.18333333,48.46666667,47.99166667
12/23/2017,50.6875,49.575,49.83333333,49.3375,48.79166667
12/24/2017,50.65416667,49.75,49.87083333,49.64583333,49.35
12/25/2017,50.5875,49.42083333,49.6875,49.18333333,48.9375
12/26/2017,50.52083333,49.30416667,49.51666667,49.09583333,48.9375
12/27/2017,50.44166667,49.20416667,49.4625,48.99583333,48.73333333
12/28/2017,50.4125,49.3,49.55,49.05833333,48.75
12/29/2017,50.18333333,48.9,49.12916667,48.79166667,48.69166667
12/30/2017,50.79583333,49.24583333,49.66666667,48.925,48.49583333
12/31/2017,51.65,50.30833333,50.60833333,50.00833333,49.39166667
1/1/2018,52.1375,51.24583333,51.37083333,51.03333333,50.60416667
1/2/2018,51.9125,50.95833333,51.0875,50.85833333,50.78333333
1/3/2018,52.075,51.44166667,51.47083333,51.3,50.90416667
1/4/2018,52.12083333,52.11666667,51.89583333,52.09583333,51.77083333
1/5/2018,52.28333333,52.7875,52.475,52.90416667,52.72083333
1/6/2018,52.29166667,52.6875,52.45833333,53.05833333,53.3625
1/7/2018,51.42916667,51.17916667,51.20833333,51.44583333,51.84583333
1/8/2018,51.49583333,51.26666667,51.4625,51.33333333,51.20416667
1/9/2018,51.69166667,51.49166667,51.54583333,51.65416667,51.65
1/10/2018,51.3125,51.25416667,51.27916667,51.55833333,51.59583333
1/11/2018,51.4375,51.31666667,51.39166667,51.5,51.31666667
1/12/2018,51.775,51.72916667,51.88333333,51.82083333,51.75
1/13/2018,51.59583333,51.05,51.2375,51.2125,51.42916667
1/14/2018,51.4125,50.9125,51.1,51.05,50.9
1/15/2018,51.03333333,50.80833333,50.96666667,50.925,50.85416667
1/16/2018,51.47916667,51.45416667,51.5375,51.56666667,51.44166667
1/17/2018,51.65416667,52.275,52.06666667,52.575,52.40416667
1/18/2018,51.45416667,51.87916667,51.79166667,52.17083333,52.29583333
1/19/2018,50.92083333,50.19166667,50.1875,50.51666667,50.92083333
1/20/2018,50.675,48.75416667,49.26666667,48.82916667,48.9625
1/21/2018,50.12916667,48.40833333,48.9875,48.41666667,48.0875
1/22/2018,50.25833333,48.3625,48.5625,48.3625,48.225
1/23/2018,50.4125,48.94166667,49.37083333,48.97083333,48.60416667
1/24/2018,50.42083333,49.5875,49.84166667,49.6375,49.14166667
1/25/2018,50.17916667,47.75416667,47.93333333,48.04166667,48.33333333
1/26/2018,50.3,48.15,48.55416667,48.15833333,47.77083333
1/27/2018,50.28333333,49.15,49.55,49.2,48.7875
1/28/2018,50.65833333,49.43333333,49.825,49.4875,49.375
1/29/2018,50.75416667,50.13333333,50.43333333,50.25416667,49.9375
1/30/2018,50.7875,50.14166667,50.40833333,50.2375,50.14166667
1/31/2018,50.70833333,49.925,50.23333333,50.08333333,50.07916667
2/1/2018,51.22916667,50.975,51.23333333,51.025,50.72083333
2/2/2018,51.26666667,51.67916667,51.675,51.89166667,52.02083333
2/3/2018,51.54166667,52.45,52.2,52.79583333,52.92083333
2/4/2018,51.87083333,52.89166667,52.6375,53.20833333,53.50416667
2/5/2018,51.8,52.8125,52.54166667,53.2125,53.62916667
2/6/2018,51.30416667,51.94583333,51.7375,52.3375,52.84166667
2/7/2018,51.33333333,51.6875,51.69583333,51.89166667,52.17916667
2/8/2018,51.25833333,51.775,51.675,52.075,52.41666667
2/9/2018,50.90416667,51.49166667,51.3375,51.7875,52.38333333
2/10/2018,50.74166667,50.64583333,50.6875,50.81666667,51.36666667
2/11/2018,50.25,49.3875,49.75416667,49.525,49.85833333
2/12/2018,50.29166667,49.35416667,49.84166667,49.30833333,49.31666667
2/13/2018,50.42083333,49.29166667,49.8,49.225,49.3375
2/14/2018,50.29583333,49.45833333,49.88333333,49.57916667,49.57916667
2/15/2018,50.28333333,49.49583333,49.82083333,49.52916667,49.6
2/16/2018,50.69166667,49.9125,50.37916667,49.82083333,49.92916667
2/17/2018,50.97916667,50.85416667,51.075,50.97916667,51.02083333
2/18/2018,50.48333333,51.02916667,50.9625,51.17916667,51.3
2/19/2018,49.81666667,48.82083333,49.15,48.94583333,49.82916667
2/20/2018,49.2875,47.9,48.47083333,47.8375,48.06666667
2/21/2018,49.34166667,47.8875,48.55833333,47.67083333,47.77916667
2/22/2018,48.67083333,47.67083333,48.1375,47.675,47.8625
2/23/2018,48.8875,47.19583333,47.89583333,46.94166667,47.11666667
2/24/2018,48.87916667,47.3125,48.00416667,47.2,46.975
2/25/2018,49.20416667,47.975,48.59166667,47.73333333,47.5375
2/26/2018,49.475,49.40833333,49.7125,49.35,49.04583333
2/27/2018,48.92083333,47.6,47.99166667,47.67916667,48.30416667
2/28/2018,48.8125,47.94166667,48.45,47.81666667,47.55
3/1/2018,49.02916667,48.51666667,48.775,48.60416667,48.325
3/2/2018,48.5875,48.175,48.10833333,48.30416667,48.575
3/3/2018,48.94583333,48.24583333,48.375,48.28333333,48.51666667
3/4/2018,49.01666667,48.79166667,48.7625,48.84583333,48.95
3/5/2018,49.1875,48.70416667,48.59583333,48.89583333,49.39166667
3/6/2018,49.75,49.68333333,49.62916667,49.7625,49.91666667
3/7/2018,49.82916667,50.8,50.45833333,51.05,51.12916667
3/8/2018,50.4875,51.88333333,51.2625,52.11666667,52.19166667
3/9/2018,50.4625,51.6625,51.24166667,51.86666667,52.5375
3/10/2018,50.9125,52.04166667,51.65833333,52.21666667,52.725
3/11/2018,51.01304348,52.75652174,52.05652174,52.96521739,53.51304348
3/12/2018,50.64583333,53.2125,52.2375,53.59166667,54.22083333
3/13/2018,50.65833333,53.39166667,52.45,53.80416667,54.64166667
3/14/2018,50.07083333,50.8,50.40416667,51.1875,52.51666667
3/15/2018,49.2,49.09583333,48.84166667,49.3125,49.725
3/16/2018,49.41666667,48.1375,48.14166667,48.04166667,48.60833333
3/17/2018,49.6875,49.35416667,49.14166667,49.35833333,49.40416667
3/18/2018,49.67083333,50.24583333,49.93333333,50.2625,50.3625
3/19/2018,50.17083333,51.01666667,50.675,51.05416667,51.5
3/20/2018,49.875,51.46666667,50.85,51.67083333,52.00833333
3/21/2018,50.0625,50.88333333,50.53333333,50.9875,51.6375
3/22/2018,50.9125,52.4625,52.38333333,52.62916667,53.1625
3/23/2018,49.51666667,49.95416667,49.525,50.3125,51.55833333
3/24/2018,49.27916667,49.29583333,49.02083333,49.48333333,50.14166667
3/25/2018,49.95833333,49.67916667,49.67083333,49.60833333,49.92916667
3/26/2018,50.06666667,50.58333333,50.28333333,50.7625,51.23333333
3/27/2018,50.82916667,52.11666667,51.72083333,52.17916667,52.4375
3/28/2018,51.61666667,54.40833333,53.625,54.59166667,54.91666667
3/29/2018,52.12083333,55.6125,54.51666667,55.98333333,56.7375
3/30/2018,52.1625,55.21666667,54.12083333,55.70833333,56.99166667
3/31/2018,52.6,55.67083333,54.71666667,56.0125,56.98333333
4/1/2018,53.04166667,56.27916667,55.18333333,56.65833333,57.6375
4/2/2018,53.37083333,56.92916667,55.825,57.3625,58.27083333
4/3/2018,52.95,55.77916667,54.75,56.32083333,57.77083333
4/4/2018,52.84166667,56.22916667,55.14166667,56.6875,57.69166667
4/5/2018,52.30416667,55.23333333,54.00833333,55.70833333,56.87083333
4/6/2018,52.12083333,53.8125,53.52083333,54.2625,55.03333333
4/7/2018,54.025,56.50416667,56.57916667,56.33333333,56.95833333
4/8/2018,53.325,55.2,54.70833333,55.42083333,56.65833333
4/9/2018,53.24583333,55.7125,55.04583333,55.7625,56.4875
4/10/2018,53.125,56.55,55.55833333,56.7125,57.34583333
4/11/2018,52.21666667,54.8375,53.88333333,55.19166667,56.1625
4/12/2018,52.12916667,53.2625,51.85,53.325,56.14166667
4/13/2018,52.65,53.2625,52.85,53.325,56.14166667
4/14/2018,53.20416667,52.86666667,55.02083333,53.04583333,56.14166667
4/15/2018,51.8875,52.86666667,54.38333333,53.04583333,54.225
4/16/2018,51.93333333,52.86666667,52.25833333,53.04583333,54.225
4/17/2018,52.54166667,53.2625,52.68333333,53.4625,54.19583333
4/18/2018,52.28333333,53.80416667,53.37083333,53.92916667,54.46666667
4/19/2018,52.90833333,54.20416667,53.50833333,54.35,54.92916667
4/20/2018,53.825,56.4125,55.55833333,56.59583333,57.05
4/21/2018,54.3,57.95416667,56.6375,58.30416667,59.20833333
4/22/2018,54.74166667,58.75,57.3,59.18333333,60.25
4/23/2018,54.98333333,59.0625,57.59166667,59.53333333,60.6875
4/24/2018,54.43333333,58.87916667,57.17916667,59.38333333,60.8625
4/25/2018,53.5875,58.43333333,56.57083333,59.00833333,60.6625
4/26/2018,53.31666667,58.12083333,56.21666667,58.6375,60.30416667
4/27/2018,52.325,56.8875,54.85833333,57.60833333,59.0375
4/28/2018,51.83333333,54.80833333,53.50833333,55.26666667,56.6875
4/29/2018,51.99166667,54.78333333,53.68333333,54.92916667,55.7625
4/30/2018,51.84166667,55.25416667,53.85416667,55.6375,56.92916667
5/1/2018,52.02083333,55.31666667,53.92916667,55.66666667,56.95833333
5/2/2018,52.225,55.76666667,54.4125,56.075,57.24583333
5/3/2018,52.34583333,56.175,54.65,56.50833333,57.80416667
5/4/2018,52.30416667,56.37083333,54.69166667,56.92916667,58.32916667
5/5/2018,51.87083333,55.82083333,54.1,56.4125,57.92916667
5/6/2018,52.2125,56,54.45,56.325,57.2875
5/7/2018,52.39583333,56.25,54.60833333,56.72916667,58.075
5/8/2018,52.52083333,56.5875,54.8,57.09166667,58.4625
5/9/2018,53.21666667,57.12083333,55.42916667,57.5875,58.89166667
5/10/2018,53.24583333,56.8875,55.25,57.425,58.77083333
5/11/2018,53.17916667,56.40833333,55.00416667,56.87916667,57.9375
5/12/2018,53.19166667,56.66666667,55.25833333,57.0875,58.19166667
5/13/2018,52.74166667,56.575,54.96666667,57.12916667,58.60416667
5/14/2018,52.54166667,56.5875,54.84166667,57.15,58.67083333
5/15/2018,52.65,56.775,55.00833333,57.2875,58.8125
5/16/2018,52.31666667,56.17916667,54.45416667,56.75833333,58.175
5/17/2018,52.3125,55.90416667,54.4,56.31666667,57.6
5/18/2018,52.99583333,56.56666667,54.9375,57.00416667,58.35
5/19/2018,53.98333333,57.4875,55.9375,57.9,59.1
5/20/2018,53.92083333,57.72083333,56.01666667,58.22916667,59.53333333
5/21/2018,53.6625,57.42916667,55.7875,57.90833333,59.35416667
5/22/2018,53.075,57.24166667,55.44166667,57.84583333,59.58333333
5/23/2018,53.0125,57.24583333,55.38333333,57.8375,59.34166667
5/24/2018,52.65416667,56.56666667,54.83333333,57.1625,58.78333333
5/25/2018,51.97916667,54.58333333,53.19583333,55.21666667,56.62083333
5/26/2018,52.23333333,54.92916667,53.89166667,54.99583333,57.90416667
5/27/2018,52.80833333,56.425,54.8625,56.82916667,57.90416667
5/28/2018,53.33333333,57.34166667,55.5375,57.88333333,59.33333333
5/29/2018,53.2125,57.50833333,55.55416667,58.1125,59.87083333
5/30/2018,53.10833333,57.22916667,55.3625,57.84166667,59.46666667
5/31/2018,52.75833333,56.35,54.72083333,56.95,58.52916667
6/1/2018,53.075,56.27083333,54.98333333,56.6875,57.97083333
6/2/2018,53.52916667,57.22916667,55.7625,57.71666667,59.05
6/3/2018,53.76666667,57.81666667,56.1375,58.45416667,60.04583333
6/4/2018,53.63333333,57.55416667,55.88333333,58.1625,59.9625
6/5/2018,53.2375,56.5875,55.09166667,57.175,58.8
6/6/2018,53.16666667,56.44166667,55.13333333,56.90416667,58.32083333
6/7/2018,53.39583333,56.80416667,55.3875,57.34166667,58.74166667
6/8/2018,53.63333333,57.25416667,55.82916667,57.77916667,59.13333333
6/9/2018,53.55416667,56.72916667,55.35416667,57.33333333,58.66666667
6/10/2018,53.29583333,56.27083333,55.18333333,56.62916667,57.7
6/11/2018,52.55,56.0875,54.65833333,56.65,58.21666667
6/12/2018,52.7625,56.47083333,54.97916667,57.00416667,58.49166667
6/13/2018,52.59583333,56.5125,54.85,57.05416667,58.93333333
6/14/2018,52.55416667,56.44166667,54.8625,56.84166667,58.69583333
6/15/2018,52.31666667,56,54.40833333,56.39166667,58.3625
6/16/2018,52.19583333,55.86666667,54.34583333,56.20833333,58.075
6/17/2018,52.10416667,55.4375,54.02916667,55.775,57.55
6/18/2018,52.29166667,55.43333333,54.66666667,55.68333333,57.34166667
6/19/2018,52.5,55.64583333,54.3125,55.88333333,57.54583333
6/20/2018,52.72916667,56.02916667,54.64583333,56.3125,58.0375
6/21/2018,52.775,56.15416667,54.69166667,56.47083333,58.25416667
6/22/2018,53.05,56.35,54.95833333,56.64166667,58.43333333
6/23/2018,53.05416667,56.86666667,55.3375,57.2375,58.975
6/24/2018,52.77083333,56.49583333,54.94166667,56.8875,58.96666667
6/25/2018,52.5375,56.07083333,54.49583333,56.50833333,58.6
6/26/2018,53.02083333,56.0625,54.75833333,56.35833333,58.15416667
6/27/2018,53.02083333,56.17916667,54.875,56.45,58.20416667
6/28/2018,52.8625,56.16666667,54.74166667,56.49583333,58.225
6/29/2018,52.97083333,55.97916667,54.70416667,56.30416667,58.12083333
6/30/2018,52.7125,56.2125,54.77083333,56.5375,58.35
7/1/2018,52.50416667,55.8375,54.4125,56.2,58.22916667
7/2/2018,52.49166667,55.78333333,54.37083333,56.09583333,58.02916667
7/3/2018,52.60416667,55.5375,54.225,55.8625,57.725
7/4/2018,52.48333333,55.55833333,54.24166667,55.84166667,57.6
7/5/2018,52.24166667,54.70416667,53.36666667,55.00416667,57.21666667
7/6/2018,52.00833333,54.20833333,53.21666667,54.39166667,56.075
7/7/2018,52.16666667,54.3125,53.275,54.1375,55.66666667
7/8/2018,52.4875,54.83333333,53.80833333,55.0625,56.65416667
7/9/2018,52.66666667,55.425,54.20833333,55.62916667,57.2625
7/10/2018,53.0125,55.74166667,54.5,55.95416667,57.67916667
7/11/2018,53.05,56.04166667,54.77916667,56.24583333,58.125
7/12/2018,52.84583333,55.88333333,54.62083333,56.12916667,58.09166667
7/13/2018,52.60833333,55.15416667,54.02083333,55.43333333,57.36666667
7/14/2018,52.95833333,55.60833333,54.4875,55.74166667,57.2875
7/15/2018,53.22916667,56.325,55.00833333,56.59583333,58.56666667
7/16/2018,53.39166667,56.56666667,55.17083333,56.875,58.92916667
7/17/2018,53.36666667,56.47916667,55.15416667,56.76666667,58.8375
7/18/2018,53.47916667,56.34583333,55.07916667,56.59583333,58.5875
7/19/2018,53.61666667,56.41666667,55.16666667,56.65833333,58.59166667
7/20/2018,53.42916667,56.5,55.15833333,56.82916667,58.8625
7/21/2018,53.475,56.2625,55.025,56.5,58.38333333
7/22/2018,53.71666667,56.61666667,55.32916667,56.8875,58.87083333
7/23/2018,53.74583333,57.02083333,55.62083333,57.325,59.37916667
7/24/2018,53.6375,56.75833333,55.38333333,57.09166667,59.26666667
7/25/2018,53.54583333,56.64583333,55.25833333,57.01666667,59.125
7/26/2018,53.05416667,55.79583333,54.5875,56.1875,58.04583333
7/27/2018,52.8375,55.66666667,54.33333333,56.09166667,57.8375
7/28/2018,52.6,54.525,53.60416667,54.86666667,56.79583333
7/29/2018,52.4375,55.22083333,53.97083333,55.34583333,56.49166667
7/30/2018,50.72916667,53.42916667,52.15416667,53.9625,56.225
7/31/2018,50.89166667,53.22083333,52.12083333,53.50416667,54.92916667
8/1/2018,52.37083333,54.13333333,53.2875,54.2375,55.42083333
8/2/2018,53.25833333,55.79583333,54.69166667,56.04583333,57.21666667
8/3/2018,53.11666667,55.46666667,54.37916667,55.8,57.49583333
8/4/2018,53.2125,55.40833333,54.40416667,55.72083333,57.21666667
8/5/2018,53.1875,55.25,54.33333333,55.5,56.82083333
8/6/2018,53.47916667,55.52083333,54.62916667,55.6875,56.79583333
8/7/2018,53.7125,55.79583333,54.85833333,56.0625,57.41666667
8/8/2018,53.74583333,56.25833333,55.22916667,56.54166667,57.8875
8/9/2018,52.95833333,55.45833333,54.30833333,55.93333333,57.65833333
8/10/2018,53.25833333,55.475,54.49166667,55.74583333,57.17083333
8/11/2018,53.55416667,56.29583333,55.1625,56.60833333,57.97083333
8/12/2018,53.75833333,56.325,55.2,56.6875,58.24583333
8/13/2018,53.74583333,56.4875,55.29166667,56.8875,58.475
8/14/2018,53.5,56.275,55.125,56.65,58.25416667
8/15/2018,53.2375,56.0875,54.85833333,56.50833333,58.2125
8/16/2018,53.4875,56.28333333,55.09583333,56.67083333,58.16666667
8/17/2018,53.43333333,56.20833333,55,56.59583333,58.19166667
8/18/2018,53.225,55.925,54.7125,56.35,58.00833333
8/19/2018,53.27083333,55.84166667,54.74166667,56.17083333,57.62916667
8/20/2018,53.125,55.55833333,54.49166667,55.89166667,57.3125
8/21/2018,53.30833333,55.84166667,54.7625,56.10833333,57.39583333
8/22/2018,53.23333333,55.74583333,54.72083333,56.19166667,57.65416667
8/23/2018,53.60416667,56.03333333,55.10416667,56.45,57.7
8/24/2018,53.72083333,56.05416667,55.1375,56.52083333,57.65416667
8/25/2018,53.55,55.95416667,55.0125,56.42083333,57.40416667
8/26/2018,53.35833333,55.6875,54.86666667,56.10833333,57.25833333
8/27/2018,53.42916667,55.72083333,54.8,56.18333333,57.4
8/28/2018,53.7,56.12916667,55.1875,56.5875,57.8
8/29/2018,53.95833333,56.64583333,55.63333333,57.15833333,58.35416667
8/30/2018,53.8125,56.57083333,55.50416667,57.2375,58.47916667
8/31/2018,53.625,56.52916667,55.47083333,57.12916667,58.2
9/1/2018,52.31666667,55.4125,54.16666667,56.225,57.8625
9/2/2018,52.27916667,54.87083333,53.82916667,55.55,56.92083333
9/3/2018,52.325,54.99166667,53.9,55.64583333,56.9125
9/4/2018,52.6,55.3,54.20833333,55.925,57.03333333
9/5/2018,53.00833333,55.6,54.61666667,56.17916667,57.375
9/6/2018,52.925,55.65,54.57916667,56.325,57.57083333
9/7/2018,52.70416667,55.3875,54.28333333,56.0625,57.25833333
9/8/2018,52.6,55.02916667,54.04166667,55.65416667,56.90416667
9/9/2018,52.62916667,54.96666667,53.95833333,55.55,56.6
9/10/2018,52.55833333,54.75,53.8625,55.33333333,56.39166667
9/11/2018,52.60416667,54.59583333,53.775,55.075,55.99583333
9/12/2018,52.52083333,54.68333333,53.8625,55.16666667,55.9375
9/13/2018,52.75,55.0375,54.05,55.41666667,56.29166667
9/14/2018,52.97083333,55.2125,54.1,55.375,56.37916667
9/15/2018,53.125,55.4375,54.3125,55.55416667,56.54583333
9/16/2018,52.95833333,55.2,54.125,55.28333333,56.41666667
9/17/2018,52.9625,54.97916667,53.9625,55.07083333,56.1125
9/18/2018,53.2625,55.27083333,54.28333333,55.32083333,56.23333333
9/19/2018,53.39166667,55.5125,54.47083333,55.60416667,56.57916667
9/20/2018,53.80416667,55.99583333,54.9875,56.05833333,56.87916667
9/21/2018,53.02083333,55.8,54.5125,56.07083333,57.40833333
9/22/2018,52.8,55.36666667,54.12916667,55.58333333,56.92083333
9/23/2018,53.28333333,55.65,54.45,55.79166667,56.85416667
9/24/2018,53.48333333,55.64583333,54.525,55.80416667,56.84166667
9/25/2018,53.32916667,55.65416667,54.52083333,55.81666667,56.8875
9/26/2018,52.67083333,55.34583333,54.04583333,55.5625,56.75
9/27/2018,52.55416667,54.75416667,53.6,54.875,56.05416667
9/28/2018,52.90833333,55.00416667,53.85,55.11666667,56.11666667
9/29/2018,52.89166667,55.1875,53.975,55.375,56.34166667
9/30/2018,53.08333333,55.50833333,54.32083333,55.63333333,56.57916667
10/1/2018,52.55833333,54.65,53.44166667,54.91666667,56.1
10/2/2018,52.9125,54.8375,53.83333333,54.8625,55.4875
10/3/2018,53.325,55.37083333,54.27916667,55.4375,56.27083333
10/4/2018,53.7875,56.10416667,55.12916667,56.31666667,56.9125
10/5/2018,53.8375,55.85,55.03333333,56.16666667,57.05
10/6/2018,54.175,55.87916667,55.22916667,56.1375,56.92916667
10/7/2018,54.24166667,55.72916667,55.15416667,55.93333333,56.62916667
10/8/2018,53.9875,55.72083333,55.025,56.0375,56.8625
10/9/2018,54.12916667,55.9625,55.25833333,56.29583333,57.24583333
10/10/2018,53.9875,55.42916667,54.85,55.6875,56.59583333
10/11/2018,53.99166667,55.2375,54.7875,55.425,56.10833333
10/12/2018,54.05,55.16666667,54.7625,55.3,55.96666667
10/13/2018,54.1875,55.15,54.78333333,55.29583333,55.91666667
10/14/2018,53.94583333,54.79583333,54.475,54.98333333,55.625
10/15/2018,53.78333333,54.27916667,54.175,54.24166667,54.61666667
10/16/2018,54.1375,54.79166667,54.75833333,54.57916667,54.9125
10/17/2018,54.12916667,55.08333333,54.85,55.16666667,55.57083333
10/18/2018,54.14583333,54.88333333,54.68333333,54.97083333,55.50416667
10/19/2018,54.35,55.075,54.89166667,55.14583333,55.59166667
10/20/2018,54.7,55.32916667,55.1625,55.37083333,55.8125
10/21/2018,54.75,55.49583333,55.29583333,55.55833333,56.01666667
10/22/2018,54.65833333,55.3,55.125,55.35833333,55.85416667
10/23/2018,54.5375,55.0125,54.9125,55.04583333,55.3875
10/24/2018,54.75833333,55.29583333,55.23333333,55.27916667,55.4875
10/25/2018,54.9625,55.57916667,55.4875,55.60416667,56
10/26/2018,55.19583333,55.8625,55.69583333,55.93333333,56.3875
10/27/2018,55.275,56.12083333,55.8875,56.225,56.6375
10/28/2018,54.74166667,56.15833333,55.69583333,56.4125,56.825
10/29/2018,54.2,54.975,54.74166667,55.12916667,55.86666667
10/30/2018,54.05416667,54.47916667,54.39166667,54.52083333,54.87083333
10/31/2018,53.98333333,54.44166667,54.41666667,54.46666667,54.70416667
11/1/2018,54.525,55.36666667,55.14166667,55.37916667,55.62916667
11/2/2018,54.50416667,55.5,55.11666667,55.54583333,56.1625
11/3/2018,54.6875,55.56666667,55.30416667,55.575,55.8875
11/4/2018,54.41666667,55.17083333,54.85,55.17083333,55.74583333
11/5/2018,54.71666667,54.92916667,54.8875,54.74583333,54.99583333
11/6/2018,54.52083333,54.56666667,54.5375,54.45416667,54.65833333
11/7/2018,54.35833333,54.025,54.2,53.70833333,53.97916667
11/8/2018,53.875,53.2875,53.475,52.91666667,53.10833333
11/9/2018,53.875,52.9,53.35833333,52.375,52.52916667
11/10/2018,54.0875,52.8625,53.39166667,52.34583333,52.33333333
11/11/2018,54.05416667,53.22083333,53.54166667,52.74166667,52.66666667
11/12/2018,54.0125,52.97916667,53.45,52.44166667,52.51666667
11/13/2018,53.70833333,52.74583333,53.14166667,52.24583333,52.2125
11/14/2018,53.84166667,52.3875,53.00833333,51.79583333,51.65
11/15/2018,53.7,52.525,53.02916667,51.9125,51.675
11/16/2018,53.90416667,52.49583333,53.02916667,51.89166667,51.74583333
11/17/2018,53.8875,52.52083333,53.10416667,51.89166667,51.625
11/18/2018,53.75416667,52.61666667,53.09166667,52.02083333,51.82083333
11/19/2018,53.86666667,52.60833333,53.09166667,52.02083333,51.9125
11/20/2018,53.85833333,52.59166667,53.05833333,52.00833333,51.92916667
11/21/2018,53.70833333,52.82916667,53.19166667,52.39166667,52.1125
11/22/2018,53.8875,53.50416667,53.65,53.25,53.06666667
11/23/2018,53.9125,53.62083333,53.66666667,53.45,53.46666667
11/24/2018,54.425,54.49583333,54.39166667,54.37083333,54.54166667
11/25/2018,54.275,54,54.075,53.77083333,54.32916667
11/26/2018,54.00833333,53.80833333,53.89583333,53.58333333,53.73333333
11/27/2018,53.72083333,53.5,53.55416667,53.3,53.425
11/28/2018,54.00833333,53.74166667,53.7125,53.59166667,53.7375
11/29/2018,53.39166667,53.54583333,52.67083333,53.50833333,53.72083333
11/30/2018,53.1625,52.00416667,52.19166667,51.84166667,52.15416667
12/1/2018,53.17916667,52.30833333,52.67083333,51.95833333,51.95833333
12/2/2018,52.55833333,51.3375,51.72916667,51,51.3875
12/3/2018,52.375,50.54166667,51.25416667,50.05,50.11666667
12/4/2018,52.525,51.37083333,51.925,50.8875,50.4375
12/5/2018,52.58333333,51.98333333,52.2625,51.6625,51.52083333
12/6/2018,52.52083333,51.41666667,51.79583333,51.0125,51.32083333
12/7/2018,52.23333333,50.9125,51.39166667,50.475,50.6125
12/8/2018,52.54166667,51.21666667,51.75833333,50.725,50.625
12/9/2018,52.2375,51.10416667,51.5375,50.73333333,50.775
12/10/2018,52.7,52,52.34583333,51.54166667,51.275
12/11/2018,52.3125,51.32083333,51.68333333,50.95,51.31666667
12/12/2018,52.21666667,51.62083333,51.90416667,51.19583333,51.15833333
12/13/2018,52.475,50.925,51.51666667,50.46666667,50.82083333
12/14/2018,52.5,50.90416667,51.5625,50.42916667,50.26666667
12/15/2018,52.79583333,51.25,51.55416667,50.99166667,50.97916667
12/16/2018,52.89583333,52.07083333,52.12916667,51.7375,51.27916667
12/17/2018,52.9875,50.77916667,50.88333333,50.70416667,51.3125
12/18/2018,53.09583333,52.01666667,52.48333333,51.74583333,51.48333333
12/19/2018,53.39166667,52.76666667,53.00416667,52.575,52.67916667
12/20/2018,52.975,52.50416667,52.64166667,52.475,52.65
12/21/2018,53.22916667,52.72083333,52.78333333,52.6125,52.74166667
12/22/2018,52.39166667,50.85833333,51.21666667,50.8375,51.29583333
12/23/2018,52.425,51.1125,51.6625,50.82916667,50.5
12/24/2018,51.95833333,50.54166667,50.45833333,50.44166667,50.55833333
12/25/2018,52.04583333,48.92083333,49.50833333,48.75833333,48.97916667
12/26/2018,51.69583333,49.15833333,50,48.9375,48.83333333
12/27/2018,51.2875,48.975,49.77083333,48.64166667,48.6
12/28/2018,50.9375,48.45416667,49.2875,48.14583333,48.05833333
12/29/2018,51.37916667,48.925,49.93333333,48.4,48.02916667
12/30/2018,51.13333333,49.45416667,50.09583333,49.1,48.80416667
12/31/2018,50.79166667,48.82083333,49.53333333,48.43333333,48.39166667
1/1/2019,50.48333333,47.90833333,48.80833333,47.42916667,47.37083333
1/2/2019,50.57916667,48.3,49.22916667,47.74583333,47.31666667
1/3/2019,50.48333333,48.39583333,49.15416667,47.92916667,47.62916667
1/4/2019,50.91666667,48.77916667,49.44583333,48.275,47.93333333
1/5/2019,50.48333333,48.48333333,48.95,48.08333333,47.81666667
1/6/2019,50.5875,47.84583333,47.69166667,47.70833333,47.75833333
1/7/2019,50.8625,47.27083333,47.59166667,47.80833333,46.8625
1/8/2019,51.04166667,49.35,49.50416667,49.1875,48.5625
1/9/2019,51.1125,50.03333333,49.92083333,49.99166667,50.3
1/10/2019,50.9375,50.69166667,50.7125,50.77083333,50.79166667
1/11/2019,50.40833333,49.79166667,49.90416667,49.9125,50.2125
1/12/2019,50.6375,49.8375,49.90416667,49.8,49.85833333
1/13/2019,50.67916667,49.62916667,49.7375,49.5625,49.70833333
1/14/2019,50.35833333,48.95416667,49.125,48.93333333,49.02916667
1/15/2019,50.58333333,49.74166667,49.84166667,49.71666667,49.35833333
1/16/2019,50.32083333,49.09166667,48.9875,49.275,49.64583333
1/17/2019,50.27916667,49.8,49.90833333,49.875,49.97083333
1/18/2019,49.93333333,48.4875,48.7625,48.95416667,48.92916667
1/19/2019,49.91666667,49.275,49.3375,50.01666667,49.2
1/20/2019,50.13333333,50.35416667,49.7875,50.5,50.54166667
1/21/2019,49.85416667,48.37916667,48.25,48.36666667,49.04583333
1/22/2019,49.43333333,47.53333333,47.74583333,47.6,47.89166667
1/23/2019,49.47083333,47.5375,47.9125,48.1375,47.4875
1/24/2019,49.64166667,48.1375,48.4625,49.4,47.94166667
1/25/2019,49.6625,48.49583333,48.62083333,49.4,48.64583333
1/26/2019,49.88333333,48.82083333,49.08333333,49.4,48.67916667
1/27/2019,50.275,49.75416667,49.84583333,49.4,49.575
1/28/2019,50.12916667,49.89583333,49.8,49.4,50.05833333
1/29/2019,50.66666667,50.8,50.62083333,49.4,50.61666667
1/30/2019,50.52083333,51.1625,50.775,49.4,51.50833333
1/31/2019,50.80833333,51.51666667,51.09583333,49.4,51.7375
2/1/2019,50.40416667,51.5375,51.02916667,49.4,52.0375
2/2/2019,50.57083333,51.025,50.79583333,49.4,51.45833333
2/3/2019,50.25833333,50.45833333,50.275,49.4,50.77083333
2/4/2019,49.825,48.34166667,47.6875,49.4,49.0625
2/5/2019,49.45,47.02083333,47.00416667,49.4,47.22083333
2/6/2019,48.95416667,46.92083333,47.325,49.4,46.85416667
2/7/2019,48.64166667,46.62916667,46.9625,49.4,46.4375
2/8/2019,48.73333333,47.525,47.775,49.4,46.9625
2/9/2019,48.27916667,47.6875,47.775,49.4,47.69166667
2/10/2019,47.875,45.925,45.97083333,49.4,46.4375
2/11/2019,48.08333333,46.16666667,46.45833333,49.4,45.675
2/12/2019,47.9625,47.01666667,47.15,49.4,46.58333333
2/13/2019,45.09583333,44.35,45.23333333,49.4,42.34583333
2/14/2019,45.37916667,44.35,45.23333333,49.4,43.7375
2/15/2019,47.14583333,44.35,45.23333333,49.4,43.7375
2/16/2019,47.45833333,46.40416667,46.84166667,49.4,45.9375
2/17/2019,47.62083333,46.72083333,46.90416667,49.4,46.92916667
2/18/2019,47.79583333,46.02083333,46.37916667,49.4,46.32083333
2/19/2019,47.6375,46.06666667,46.42083333,49.4,46.13333333
2/20/2019,48.09583333,47.25416667,47.40833333,49.4,46.99583333
2/21/2019,47.90833333,47.16666667,47.2625,49.4,47.41666667
2/22/2019,47.60833333,46.3375,46.6,49.4,46.50833333
2/23/2019,47.54166667,46.425,46.75,49.4,46.51666667
2/24/2019,47.55833333,47.30416667,47.25833333,49.4,47.07916667
2/25/2019,47.5125,47.42916667,47.2625,49.4,47.44583333
2/26/2019,47.97083333,47.85416667,47.8625,49.4,47.93333333
2/27/2019,48.45833333,48.34166667,48.65416667,49.4,48.23333333
2/28/2019,48.65,48.925,49.00416667,49.4,49.26666667
3/1/2019,47.82916667,48.3875,48.22083333,49.4,48.88333333
3/2/2019,47.85416667,48.56666667,48.30833333,49.4,48.69583333
3/3/2019,48.12083333,49.2625,48.775,49.4,49.5
3/4/2019,48.05416667,49.31666667,48.77083333,49.5625,49.77916667
3/5/2019,47.91666667,48.51666667,48.27083333,49.0125,49.01666667
3/6/2019,48.27083333,49.48333333,49.25,49.87083333,49.64583333
3/7/2019,48.025,49.4625,49.09583333,50.00833333,50.10833333
3/8/2019,47.89166667,48.79166667,48.52916667,49.26666667,49.19166667
3/9/2019,47.66666667,47.92916667,47.82916667,48.43333333,48.35416667
3/10/2019,47.97826087,48.22173913,48.26956522,48.60434783,48.40434783
3/11/2019,48.17916667,48.72083333,48.55,49.17083333,49.29583333
3/12/2019,48.25833333,48.97083333,48.66666667,49.43333333,49.61666667
3/13/2019,48.27083333,48.6625,48.50833333,49.12916667,49.22083333
3/14/2019,48.32083333,48.63333333,48.5125,49.07916667,49.175
3/15/2019,48.54583333,49.01666667,48.83333333,49.43333333,49.62916667
3/16/2019,48.66666667,49.4,49.09166667,49.85416667,50.125
3/17/2019,48.69583333,49.80416667,49.33333333,50.24166667,50.4875
3/18/2019,48.83333333,50.175,49.57916667,50.65,50.95416667
3/19/2019,48.85,50.26666667,49.5875,50.77916667,51.07083333
3/20/2019,48.94583333,50.47916667,49.81666667,50.9625,50.94583333
3/21/2019,48.975,50.8125,50.10416667,51.20416667,51.05833333
3/22/2019,48.91666667,50.1875,49.56666667,50.7875,50.83333333
3/23/2019,49.0875,50.47083333,50.26666667,50.8125,50.44166667
3/24/2019,49.38333333,51.06666667,50.5375,51.52083333,51.475
3/25/2019,49.04166667,50.35,49.87916667,50.97083333,50.94166667
3/26/2019,49.07916667,50.625,50.44583333,51.075,50.85416667
3/27/2019,49.21666667,51.58333333,51.075,52.14166667,52.27916667
3/28/2019,49.09166667,49.95416667,49.35416667,50.52916667,50.85
3/29/2019,49.29583333,51,50.65,51.39583333,51.275
3/30/2019,49.4875,51.32083333,50.74166667,51.80833333,51.92916667
3/31/2019,49.89166667,51.82083333,51.10833333,52.27916667,52.31666667
4/1/2019,49.81666667,52.07916667,51.1125,52.63333333,52.85416667
4/2/2019,49.49166667,51.73333333,50.94166667,52.125,52.27916667
4/3/2019,49.27916667,52.14583333,51.12083333,52.425,52.5375
4/4/2019,48.92083333,51.24583333,50.31666667,51.63333333,52.05416667
4/5/2019,48.2625,50.32083333,49.525,50.69583333,51.15
4/6/2019,48.06666667,50.1125,49.40833333,50.45416667,50.73333333
4/7/2019,48.24583333,50.35833333,49.5,50.73333333,51.525
4/8/2019,48.59166667,50.80833333,50.2125,51.03333333,51.75
4/9/2019,48.75416667,51.775,50.99166667,52.22083333,52.3875
4/10/2019,49.14583333,50.5625,50.02916667,50.89166667,51.23333333
4/11/2019,49.125,50.6625,50.05,51.00416667,51.2
4/12/2019,49.34583333,50.75833333,50.225,51.05833333,51.44166667
4/13/2019,49.63333333,51.29583333,50.60833333,51.62083333,52.12083333
4/14/2019,49.36666667,51.25416667,50.4375,51.60416667,52.04166667
4/15/2019,49.11666667,50.55,49.93333333,50.90833333,50.8875
4/16/2019,49.79583333,51.2625,50.725,51.49166667,51.62916667
4/17/2019,50.57083333,52.5,51.69583333,52.75416667,53.16666667
4/18/2019,51.525,54.00416667,53,54.2625,54.64166667
4/19/2019,51.92083333,55.05416667,53.71666667,55.41666667,55.93333333
4/20/2019,51.675,55.0375,53.52916667,55.55416667,56.2125
4/21/2019,51.85416667,54.49166667,53.47916667,54.74166667,55.24583333
4/22/2019,52.9125,55.74583333,54.6375,56.05833333,56.39166667
4/23/2019,53.4875,57.19583333,55.7625,57.575,58.15416667
4/24/2019,53.95833333,58.65833333,56.8375,59.14583333,59.8125
4/25/2019,54.2625,59.44166667,57.4,60.01666667,60.93333333
4/26/2019,54.15416667,59.66666667,57.63333333,60.38333333,61.45833333
4/27/2019,54.02916667,58.98333333,57.17083333,59.67916667,60.825
4/28/2019,54.075,59.09583333,57.2125,59.78333333,60.74166667
4/29/2019,54.14583333,58.67916667,57.00833333,59.3625,60.34166667
4/30/2019,54.3875,58.3625,56.85416667,59,59.8375
5/1/2019,54.15,57.5875,56.325,58.17083333,58.99583333
5/2/2019,54.07083333,57.4875,56.0125,58.07083333,58.92916667
5/3/2019,54.40833333,58.16666667,56.61666667,58.73333333,59.375
5/4/2019,53.94166667,57.93333333,56.14583333,58.57083333,59.4375
5/5/2019,53.66666667,57.6875,55.875,58.2875,59.1125
5/6/2019,53.825,57.77083333,55.99166667,58.325,59.10416667
5/7/2019,53.88333333,58.08333333,56.16666667,58.69166667,59.36666667
5/8/2019,54.15833333,58.33333333,56.3125,59.10833333,59.675
5/9/2019,53.925,58.57916667,56.425,59.45,60.16666667
5/10/2019,53.32083333,57.95416667,55.8,58.83333333,59.65416667
5/11/2019,52.96666667,57.69166667,55.50416667,58.56666667,59.32083333
5/12/2019,53.06666667,57.72083333,55.44583333,58.54166667,59.275
5/13/2019,52.68333333,57.63333333,55.18333333,58.59166667,59.35
5/14/2019,52.5875,56.44166667,54.38333333,57.37916667,57.9875
5/15/2019,51.82916667,55.37916667,53.50833333,56.25833333,56.57916667
5/16/2019,51.57916667,54.20416667,52.92916667,55.23333333,55.0625
5/17/2019,52.0125,54.27916667,53.125,55.9,54.74583333
5/18/2019,51.73333333,53.775,52.61666667,55.9,54.49166667
5/19/2019,52.99583333,54.35,53.94166667,55.9,53.91666667
5/20/2019,52.91666667,55.93333333,54.725,55.9,56.51666667
5/21/2019,53.23333333,55.43333333,54.2,55.9,56.28333333
5/22/2019,53.5,55.9875,54.98333333,55.9,56.44166667
5/23/2019,53.47916667,57.05416667,55.45416667,56.975,58.02916667
5/24/2019,53.575,57.79166667,55.89583333,58.42083333,58.925
5/25/2019,53.52083333,57.9875,56.02916667,58.69166667,59.39583333
5/26/2019,52.11666667,56.83333333,55.11666667,57.57916667,58.24166667
5/27/2019,51.94583333,56.30833333,54.65416667,56.92083333,57.49583333
5/28/2019,52.25833333,56.875,54.92916667,57.5,58.17916667
5/29/2019,52.75416667,57.9125,55.625,57.32916667,59.38333333
5/30/2019,52.03333333,57.0875,54.64583333,56.99583333,59.45
5/31/2019,52.4375,56.16666667,54.44583333,56.625,57.29166667
6/1/2019,52.61666667,56.975,54.90833333,57.575,58.3625
6/2/2019,52.775,57.25833333,55.0625,57.87083333,58.8125
6/3/2019,52.82083333,57.42916667,55.11666667,58.0875,59.1125
6/4/2019,53.02083333,57.62083333,55.35,58.3125,59.23333333
6/5/2019,53.06666667,57.5,55.27916667,58.15,59.1
6/6/2019,52.79583333,56.675,54.66666667,57.4,58.44166667
6/7/2019,52.4625,55.65416667,54.17083333,56.22916667,56.75833333
6/8/2019,52.55416667,55.54583333,54.15416667,56.07083333,56.50833333
6/9/2019,52.69166667,55.97916667,54.47083333,56.54583333,57.09583333
6/10/2019,52.8,56.45833333,54.70416667,57.0375,57.79166667
6/11/2019,53.01666667,57.12916667,55.19583333,57.75416667,58.48333333
6/12/2019,52.93333333,57.25,55.05416667,58.05416667,59.025
6/13/2019,53.25,57.80833333,55.69583333,58.4125,59.12916667
6/14/2019,53.4,58.39166667,56.06666667,59.1625,60.22083333
6/15/2019,53.05,58.20416667,55.7625,59.05416667,60.19166667
6/16/2019,53.10416667,57.92083333,55.61666667,58.66666667,59.72916667
6/17/2019,52.99166667,58.45416667,55.925,59.34166667,60.56666667
6/18/2019,52.77916667,58.0875,55.56666667,59.0375,60.5
6/19/2019,52.64166667,57.83333333,55.35833333,58.77083333,60.175
6/20/2019,52.43333333,57.23333333,54.925,58.17083333,59.47916667
6/21/2019,52.32083333,56.30833333,54.425,57.09583333,58.12916667
6/22/2019,52.69583333,56.8125,54.97083333,57.5375,58.36666667
6/23/2019,52.84583333,57.10416667,55.13333333,57.9125,58.9625
6/24/2019,52.8625,57.33333333,55.20416667,58.05833333,59.05833333
6/25/2019,52.70416667,56.83333333,54.8375,57.7375,58.86666667
6/26/2019,52.3625,56.45,54.3875,57.2625,58.2875
6/27/2019,52.65833333,56.06666667,54.51666667,56.74166667,57.83333333
6/28/2019,53.075,56.63333333,54.9125,57.34166667,58.24166667
6/29/2019,52.82083333,56.8,54.95,57.6125,58.60833333
6/30/2019,52.84583333,56.39166667,54.7,57.08333333,58.075
7/1/2019,52.88333333,56.25833333,54.61666667,56.99583333,58.08333333
7/2/2019,52.97083333,56.64583333,54.90833333,57.34583333,58.13333333
7/3/2019,53.05833333,56.76666667,54.99166667,57.5125,58.52083333
7/4/2019,52.925,56.9375,55.11666667,57.7125,58.75416667
7/5/2019,53.37916667,57.14166667,55.325,57.8875,58.95
7/6/2019,53.10833333,57.27083333,55.3625,58.07083333,59.27083333
7/7/2019,53.04166667,57.23333333,55.41666667,58.00416667,59.1125
7/8/2019,53.45,57.375,55.55,58.16666667,59.225
7/9/2019,52.90833333,56.95,55.04166667,57.8125,59.02916667
7/10/2019,52.8125,56.6375,54.9625,57.34166667,58.3125
7/11/2019,52.99166667,57.15833333,55.31666667,57.9625,58.99166667
7/12/2019,53.08333333,57.175,55.29583333,58,59.20833333
7/13/2019,53.3125,58.00833333,56.07083333,58.425,59.5875
7/14/2019,53.31666667,57.57916667,55.67083333,58.44583333,59.63333333
7/15/2019,53.2375,57.08333333,55.34166667,57.95833333,59.18333333
7/16/2019,53.29583333,57.22916667,55.45,57.97916667,58.98333333
7/17/2019,53.25,57.37083333,55.52083333,58.25,59.50416667
7/18/2019,53.45416667,57.575,55.76666667,58.42083333,59.75416667
7/19/2019,53.16666667,57.21666667,55.40833333,58.125,59.59583333
7/20/2019,53.075,56.95,55.225,57.7625,59.15
7/21/2019,52.92083333,56.82083333,55.05416667,57.65,58.95833333
7/22/2019,52.8875,56.7375,54.97916667,57.575,58.8875
7/23/2019,53.25,57.05,55.33333333,57.87083333,59.19166667
7/24/2019,53.0875,57.075,55.29583333,57.925,59.22083333
7/25/2019,52.525,56.325,54.60416667,57.1625,58.47916667
7/26/2019,52.30833333,55.93333333,54.29166667,56.70416667,57.99583333
7/27/2019,52.47083333,56.0625,54.37916667,56.8625,58.05
7/28/2019,52.55,56.3875,54.64166667,57.23333333,58.425
7/29/2019,52.47083333,56.27083333,54.5625,57.11666667,58.5625
7/30/2019,52.675,56.43333333,54.725,57.29583333,58.55833333
7/31/2019,52.7625,56.12916667,54.575,56.92916667,58.23333333
8/1/2019,52.65,56.3875,54.74166667,57.1875,58.35416667
8/2/2019,52.64583333,56.08333333,53.37916667,56.87916667,58.21666667
8/3/2019,52.8625,56.44583333,53.3,57.25416667,58.49166667
8/4/2019,52.91666667,56.575,53.3,57.4,58.7125
8/5/2019,52.62916667,55.99583333,54.52083333,56.775,58.0625
8/6/2019,52.9875,56.075,54.61666667,56.82083333,57.91666667
8/7/2019,52.91666667,56.2625,54.73333333,57.00833333,58.1375
8/8/2019,53.12916667,56.29583333,54.82916667,57.00416667,58.13333333
8/9/2019,52.67916667,55.725,54.25,56.5,57.67083333
8/10/2019,52.5375,55.39583333,54.05,56.02083333,56.74166667
8/11/2019,52.48333333,55.45833333,54.20416667,55.99166667,56.7125
8/12/2019,52.77083333,55.94583333,54.525,56.5875,57.53333333
8/13/2019,52.94583333,56.2,54.70416667,56.88333333,57.93333333
8/14/2019,53.05,56.41666667,54.84166667,57.1375,58.24166667
8/15/2019,53.07916667,56.3875,54.775,57.1375,58.36666667
8/16/2019,53.00833333,56.45,54.76666667,57.25833333,58.52083333
8/17/2019,53.00416667,56.15416667,54.54166667,56.7125,58.225
8/18/2019,53.075,56.08333333,54.55,56.78333333,57.9625
8/19/2019,53.0625,55.90833333,54.4625,56.625,57.69166667
8/20/2019,53.225,55.98333333,54.62916667,56.60416667,57.625
8/21/2019,52.5125,55.56666667,53.99166667,56.34583333,57.52916667
8/22/2019,53.1125,56.1625,54.72083333,56.80416667,57.70833333
8/23/2019,52.82083333,55.8875,54.33333333,56.67083333,58.06666667
8/24/2019,53.15,56.325,54.75416667,57.07916667,58.10416667
8/25/2019,53.35,56.44583333,54.86666667,57.2,58.34166667
8/26/2019,53.20833333,56.35833333,54.75833333,57.1375,58.41666667
8/27/2019,53.1875,56.3875,54.77083333,57.175,58.4125
8/28/2019,52.90833333,56.05416667,54.3875,56.93333333,58.30833333
8/29/2019,52.94166667,56.1875,54.57083333,56.90416667,58.04166667
8/30/2019,52.96666667,56.10416667,54.5125,56.04583333,58.15416667
8/31/2019,53.13333333,55.94583333,54.43333333,55.8375,57.71666667
9/1/2019,52.9875,55.9,54.36666667,57.01666667,57.825
9/2/2019,52.72083333,55.71666667,54.18333333,57.1375,57.67083333
9/3/2019,52.35,55.4625,53.86666667,55.35833333,57.475
9/4/2019,52.525,55.16666667,53.8125,56.85833333,56.7375
9/5/2019,52.7375,55.66666667,54.10833333,56.85833333,57.3
9/6/2019,52.8375,55.54166667,53.95,56.175,57.325
9/7/2019,52.91666667,55.5875,53.9875,56.27083333,57.20833333
9/8/2019,53.1375,55.925,54.40416667,56.50833333,57.40416667
9/9/2019,52.775,55.45,54.02916667,56.1625,57.36666667
9/10/2019,52.85,55.50833333,54.00833333,56.10833333,56.975
9/11/2019,52.6125,55.4375,53.84583333,56.12083333,57.11666667
9/12/2019,52.62916667,55.1625,53.72916667,55.76666667,56.79583333
9/13/2019,52.6875,55.2625,53.74583333,55.85833333,56.72916667
9/14/2019,52.74583333,55.28333333,53.7125,55.95416667,56.94583333
9/15/2019,52.85833333,55.3,53.84166667,55.89583333,56.85416667
9/16/2019,52.69583333,55.58333333,54.00416667,56.2625,57.1
9/17/2019,52.50833333,54.78333333,53.5125,55.26666667,56.2375
9/18/2019,52.30833333,54.8625,53.3625,55.55,56.44583333
9/19/2019,52.39166667,54.60833333,53.33333333,55.02083333,55.64583333
9/20/2019,52.4875,54.82916667,53.4375,55.4125,56.20416667
9/21/2019,52.84166667,55.30833333,53.90833333,55.8375,56.55833333
9/22/2019,52.44166667,54.99583333,53.54583333,55.6375,56.41666667
9/23/2019,53.25833333,55.55416667,54.25833333,56.02083333,56.55416667
9/24/2019,53.0625,55.99583333,54.4375,56.675,57.75
9/25/2019,53.78333333,57.0625,55.33333333,57.84583333,58.80833333
9/26/2019,53.15416667,56.4625,54.65416667,57.32916667,58.8375
9/27/2019,52.80416667,55.70833333,54.09583333,56.48333333,57.61666667
9/28/2019,52.60416667,55.15833333,53.725,55.73333333,56.39166667
9/29/2019,51.1125,53.2875,52.20416667,53.75416667,54.52083333
9/30/2019,51.06666667,52.75,51.85,53.0875,53.37083333
10/1/2019,51.34583333,52.82916667,51.89166667,53.17083333,53.57083333
10/2/2019,51.35,53.02916667,52.0875,53.4,53.8
10/3/2019,52.06666667,53.92083333,52.94583333,54.2125,54.41666667
10/4/2019,52.42916667,54.15833333,53.23333333,54.54166667,54.79583333
10/5/2019,52.59583333,54.275,53.49583333,54.67916667,55.025
10/6/2019,52.29166667,54.5875,53.60833333,55.09166667,55.61666667
10/7/2019,51.8625,54.05833333,53.05833333,54.5625,55.4
10/8/2019,52.14583333,54.1,53.12083333,54.55,55.15
10/9/2019,52.28333333,53.625,52.8375,54.02916667,54.32083333
10/10/2019,52.03333333,52.85833333,52.33333333,53.05,53.10416667
10/11/2019,51.8625,52.88333333,52.34166667,53.12083333,53.325
10/12/2019,51.98333333,52.94583333,52.375,53.175,53.39583333
10/13/2019,52.2,53.34166667,52.70833333,53.60416667,53.72083333
10/14/2019,51.94166667,53.13333333,52.50416667,53.3625,53.64166667
10/15/2019,51.79166667,52.87916667,52.225,53.175,53.425
10/16/2019,51.9375,52.7125,52.175,52.98333333,53.15833333
10/17/2019,52.39583333,53.8,53.04583333,54.07083333,54.02083333
10/18/2019,52.3375,53.54166667,52.87083333,53.8625,54.20416667
10/19/2019,51.95416667,53.40833333,52.64166667,53.86666667,54.175
10/20/2019,52.16666667,53.1125,52.57916667,53.29583333,53.45416667
10/21/2019,52.60416667,53.70416667,53.02916667,54.02083333,54.25
10/22/2019,52.59583333,54.14166667,53.3625,54.525,54.83333333
10/23/2019,52.225,54.03333333,53.0375,54.48333333,55.0125
10/24/2019,52.27083333,53.30416667,52.67083333,53.58333333,53.75833333
10/25/2019,52.07916667,53.275,52.59583333,53.52916667,53.59583333
10/26/2019,52.0375,53.26666667,52.59166667,53.5375,53.52083333
10/27/2019,51.08333333,51.525,51.12916667,51.83333333,51.90416667
10/28/2019,51.39166667,51.36666667,51.25416667,51.35416667,50.8875
10/29/2019,51.3,51.22083333,51.07083333,51.3375,51
10/30/2019,50.80833333,50.675,50.68333333,45.9,50.25
10/31/2019,51.35,50.90416667,50.99583333,45.88333333,50.3
11/1/2019,51.4375,51.49583333,51.40833333,44.14583333,51.0375
11/2/2019,51.50833333,51.7375,51.54583333,42.70833333,51.59583333
11/3/2019,51.7625,52.06666667,51.83333333,43.26666667,51.8125
11/4/2019,51.95833333,52.36666667,52.06666667,51.3125,52.24166667
11/5/2019,52.19583333,52.72916667,52.40416667,52.7625,52.625
11/6/2019,52.32083333,53.19166667,52.7375,53.2625,53.1625
11/7/2019,51.85833333,52.6375,52.19166667,52.78333333,52.9625
11/8/2019,51.9875,52.425,52.1125,52.4875,52.46666667
11/9/2019,52.0375,52.42916667,52.10833333,52.52083333,52.39166667
11/10/2019,52.38333333,52.94583333,52.63333333,53.00416667,52.72916667
11/11/2019,52.82916667,53.7625,53.32083333,53.9125,53.7
11/12/2019,52.34166667,53.45,52.8625,53.74166667,53.875
11/13/2019,52.3125,52.90416667,52.55,53.03333333,53.07083333
11/14/2019,52.43333333,53.20833333,52.7875,53.34583333,53.0875
11/15/2019,52.6,53.56666667,53.09583333,53.72083333,53.6875
11/16/2019,52.6,53.15416667,52.79166667,53.3,53.45416667
11/17/2019,52.83333333,53.24166667,52.975,53.3,53.15
11/18/2019,52.82083333,53.59166667,53.20833333,53.675,53.44583333
11/19/2019,52.58333333,53.425,52.9875,53.625,53.59166667
11/20/2019,52.00416667,52.35833333,52.08333333,52.50416667,52.4875
11/21/2019,51.97083333,51.76666667,51.75,51.64583333,51.55416667
11/22/2019,51.73333333,51.52916667,51.46666667,51.51666667,51.525
11/23/2019,51.8375,51.49583333,51.52916667,51.37916667,51.27083333
11/24/2019,51.47916667,51.16666667,51.15833333,51.075,51.0625
11/25/2019,51.40416667,50.8125,50.93333333,50.65833333,50.48333333
11/26/2019,50.38333333,49.24583333,49.57916667,49.15,48.85833333
11/27/2019,50.1625,48.49583333,49.06666667,48.125,47.45833333
11/28/2019,50.575,49.5125,49.875,49.28333333,48.6125
11/29/2019,50.4625,48.97916667,49.42916667,48.75416667,48.49166667
11/30/2019,50.77083333,49.4125,49.87083333,49.125,48.37916667
12/1/2019,50.80833333,49.65,49.96666667,49.49583333,48.87916667
12/2/2019,51.24166667,50.275,50.49166667,50.175,49.66666667
12/3/2019,51.90416667,51.42916667,51.5,51.37083333,51.025
12/4/2019,51.82916667,51.72916667,51.67916667,51.82083333,51.69166667
12/5/2019,51.99166667,52.3125,52.15833333,52.375,52.06666667
12/6/2019,51.97083333,52.50416667,52.2375,52.64166667,52.63333333
12/7/2019,52.21666667,52.88333333,52.57083333,53.075,53.04583333
12/8/2019,52.225,52.8,52.7125,52.98333333,53.0625
12/9/2019,51.7,51.38333333,51.4375,51.54166667,51.92083333
12/10/2019,51.26666667,50.74583333,50.92083333,50.84583333,50.6625
12/11/2019,51.525,51.44166667,51.44166667,51.6375,51.05
12/12/2019,51.63333333,51.66666667,51.50416667,51.91666667,51.6375
12/13/2019,51.525,52.20833333,51.93333333,52.5,52.14583333
12/14/2019,51.25,51.60416667,51.38333333,51.89583333,51.82083333
12/15/2019,50.72916667,49.9875,50.15833333,50.1875,50.2625
12/16/2019,50.425,49.17916667,49.58333333,49.20416667,48.85833333
12/17/2019,50.0625,48.69583333,49.15833333,48.7125,48.20833333
12/18/2019,49.95416667,48.54166667,49.02916667,48.5125,47.79583333
12/19/2019,50.2875,49.48333333,49.5875,49.53333333,48.72916667
12/20/2019,50.525,50.01666667,50.04583333,50.16666667,49.70833333
12/21/2019,51.0875,50.27916667,50.40416667,50.38333333,49.95833333
12/22/2019,51.74166667,50.8,51.04166667,50.82916667,49.9875
12/23/2019,51.80416667,50.5,50.65,50.66666667,50.32083333
12/24/2019,51.30416667,49.8375,50.25416667,49.975,49.475
12/25/2019,51.44166667,50.43333333,50.72083333,50.54583333,49.7875
12/26/2019,51.36666667,49.78333333,50.31666667,49.8125,49.2625
12/27/2019,51.05833333,49.59583333,50.15833333,49.64583333,49.04583333
12/28/2019,50.99166667,49.84166667,50.3125,49.8625,49.2375
12/29/2019,50.93333333,50.34166667,50.52083333,50.50833333,50.02083333
12/30/2019,50.97916667,50.25,50.46666667,50.34166667,49.93333333
12/31/2019,50.975,50.525,50.70833333,50.6125,50.10833333
1/1/2020,51.0375,51.025,50.99166667,51.225,50.8625
1/2/2020,51.07916667,50.35416667,50.51666667,50.4375,50.25
1/3/2020,51.02083333,50.24583333,50.5,50.31666667,49.92916667
1/4/2020,51.25833333,50.74583333,50.93333333,50.8375,50.30416667
1/5/2020,51.075,50.52916667,50.6875,50.67083333,50.42916667
1/6/2020,50.81666667,49.9,50.25416667,49.90833333,49.5875
1/7/2020,50.3125,49.5125,49.81666667,49.59583333,49.2125
1/8/2020,50.14583333,49.9,50.02916667,50.0375,49.37916667
1/9/2020,50.30416667,50.05833333,50.0875,50.2125,49.80833333
1/10/2020,49.98333333,49.07083333,49.25,49.24583333,49.10416667
1/11/2020,50.25416667,49.81666667,49.99166667,49.87916667,49.2875
1/12/2020,49.84166667,49.24166667,49.39583333,49.4125,49.16666667
1/13/2020,49.75416667,49.09166667,49.34583333,49.17083333,48.63333333
1/14/2020,49.8125,49.19166667,49.27916667,49.31666667,48.90833333
1/15/2020,49.175,48.82083333,48.89166667,48.97083333,48.53333333
1/16/2020,48.87916667,48.08333333,47.89583333,48.37916667,47.95416667
1/17/2020,49.02083333,46.87916667,47.2,46.96666667,46.7625
1/18/2020,49.19583333,47.99583333,48.28333333,47.97916667,47.2625
1/19/2020,49.13333333,48.27916667,48.4375,48.39583333,47.94583333
1/20/2020,49.24583333,48.62916667,48.81666667,48.70416667,48.08333333
1/21/2020,49.2625,49.11666667,49.09166667,49.2875,48.71666667
1/22/2020,49.62083333,49.225,48.9875,49.50416667,49.33333333
1/23/2020,49.3,49.12916667,49.00416667,49.39583333,49.15416667
1/24/2020,49.6875,49.8125,49.72083333,49.99583333,49.48333333
1/25/2020,49.7375,50.3875,50.14583333,50.6625,50.35
1/26/2020,50.24583333,51.37083333,51.23333333,51.69583333,51.4875
1/27/2020,50.00416667,51.12916667,50.88333333,51.57916667,51.7625
1/28/2020,49.90416667,51.22916667,50.93333333,51.525,51.25
1/29/2020,49.70416667,50.71666667,50.39166667,50.99583333,51.075
1/30/2020,49.90416667,51.125,50.73333333,51.38333333,51.325
1/31/2020,49.93333333,50.9375,50.55416667,51.19166667,51.27916667
2/1/2020,49.6125,50.3125,49.98333333,50.63333333,50.80416667
2/2/2020,49.4875,50.0375,49.84166667,50.20416667,49.825
2/3/2020,48.87083333,48.325,48.49166667,48.45416667,48.4625
2/4/2020,48.56666667,47.44166667,47.82083333,47.52916667,47.29166667
2/5/2020,48.94166667,47.825,48.24166667,47.77083333,47.175
2/6/2020,49.71666667,48.925,49.16666667,48.875,48.34166667
2/7/2020,49.8,49.75833333,49.675,49.88333333,49.59166667
2/8/2020,49.67083333,49.64583333,49.55,49.77916667,49.68333333
2/9/2020,49.27083333,48.78333333,48.88333333,48.84166667,48.72916667
2/10/2020,49.5375,49.19583333,49.275,49.25,48.85833333
2/11/2020,49.84166667,50.11666667,49.94583333,50.21666667,49.93333333
2/12/2020,50.02916667,50.52916667,50.2125,50.77916667,50.71666667
2/13/2020,49.85833333,50.1625,49.90833333,50.425,50.39166667
2/14/2020,49.975,50.30833333,50.05833333,50.50833333,50.29583333
2/15/2020,49.9,50.45416667,50.14166667,50.73333333,50.52083333
2/16/2020,50.14583333,51.57083333,51.12916667,51.8,51.41666667
2/17/2020,49.85,50.97916667,50.3375,51.39166667,51.44583333
2/18/2020,49.6125,50.07916667,49.77083333,50.34583333,50.33333333
2/19/2020,49.49166667,49.75833333,49.525,49.9625,49.89583333
2/20/2020,49.53333333,49.93333333,49.6625,50.11666667,49.78333333
2/21/2020,49.54583333,50.275,49.77083333,50.58333333,50.30833333
2/22/2020,50.02083333,50.47916667,50.22083333,50.67916667,50.6625
2/23/2020,49.59166667,50.9,50.32916667,51.2375,51.05
2/24/2020,49.8,50.5125,50.08333333,50.79583333,50.8125
2/25/2020,49.89583333,51.06666667,50.52916667,51.39583333,51.21666667
2/26/2020,50.1,51.31666667,50.75833333,51.65416667,51.7
2/27/2020,50.25,51.50416667,50.86666667,51.89166667,51.9625
2/28/2020,50.1375,51.525,50.80833333,51.9375,51.9
2/29/2020,49.65,51,50.325,51.35833333,51.44166667
3/1/2020,49.30833333,50.03333333,49.6875,50.3,50.24166667
3/2/2020,49.45416667,49.99583333,49.7375,50.21666667,49.97083333
3/3/2020,50.42083333,51.70416667,51.05833333,52.01666667,51.67083333
3/4/2020,50.79583333,52.44166667,51.575,52.81666667,53.07916667
3/5/2020,50.64583333,52.44583333,51.47916667,52.83333333,53.40416667
3/6/2020,50.25833333,52.11666667,51.1,52.57083333,53.17916667
3/7/2020,49.6875,51.325,50.47916667,51.70416667,52.125
3/8/2020,49.75652174,50.99130435,50.3,51.27391304,51.49565217
3/9/2020,49.97083333,51.3375,50.50833333,51.62916667,52.02083333
3/10/2020,50.27083333,51.7875,50.94166667,52.13333333,52.61666667
3/11/2020,50.59583333,52.61666667,51.6,52.98333333,53.42083333
3/12/2020,50.84166667,52.81666667,51.75,53.2625,53.92916667
3/13/2020,50.86666667,53.0875,52.0375,53.52083333,53.9875
3/14/2020,49.87916667,51.82083333,50.85416667,52.40833333,53.07916667
3/15/2020,49.32916667,50.17916667,49.7125,50.2875,50.53333333
3/16/2020,49.07916667,49.5375,49.10416667,49.69583333,49.92916667
3/17/2020,48.40833333,49.1625,48.525,49.50416667,49.5375
3/18/2020,48.62083333,47.90833333,47.61666667,48.00416667,48.16666667
3/19/2020,49.52916667,49.30833333,49.025,49.26666667,49.04583333
3/20/2020,49.97916667,51.2375,50.52916667,51.45416667,51.51666667
3/21/2020,50.4125,51.98333333,51.14166667,52.30416667,52.6625
3/22/2020,50.71666667,52.87916667,51.90416667,53.24166667,53.68333333
3/23/2020,50.16666667,52.8375,51.475,53.475,53.98333333
3/24/2020,49.79166667,51.025,50.39166667,51.47083333,52.16666667
3/25/2020,49.86666667,50.94583333,50.40833333,51.075,51.34583333
3/26/2020,49.97916667,51.17083333,50.4625,51.475,51.99583333
3/27/2020,49.80416667,51.16666667,50.41666667,51.47083333,51.85416667
3/28/2020,49.675,51.54583333,50.65,51.94583333,52.10416667
3/29/2020,50.19166667,51.53333333,50.87916667,51.82083333,52.15833333
3/30/2020,49.81666667,51.77083333,50.95416667,52.10416667,52.42916667
3/31/2020,50.35833333,52.49166667,51.8125,52.59166667,52.94166667
4/1/2020,50.325,52.50833333,51.48333333,52.95416667,53.625
4/2/2020,50.62916667,52.2125,51.44166667,52.51666667,53.025
4/3/2020,50.6875,52.5375,51.675,52.8625,53.3625
4/4/2020,49.47083333,51.20416667,50.21666667,51.80416667,52.49166667
4/5/2020,49.8125,50.475,50.1125,50.50416667,50.5875
4/6/2020,50.50833333,51.87083333,51.3375,52.025,52.125
4/7/2020,50.72916667,53.29583333,52.33333333,53.61666667,54.025
4/8/2020,51.5875,54.64583333,53.54583333,54.95833333,55.37916667
4/9/2020,51.25833333,55.1375,53.59583333,55.81666667,56.15
4/10/2020,52.20416667,55.2125,54.0625,55.67083333,56.5375
4/11/2020,52.65416667,56.79166667,55.30416667,57.36666667,58.05
4/12/2020,53.02083333,57.51666667,55.74166667,58.29583333,59.33333333
4/13/2020,52.87083333,56.45416667,55.10833333,57.06666667,58.2375
4/14/2020,52.82916667,55.93333333,54.7375,56.44166667,57.4
4/15/2020,52.70833333,56.01666667,54.70833333,56.60416667,57.62083333
4/16/2020,53.19583333,56.3875,55.0375,56.90416667,57.76666667
4/17/2020,53.18333333,56.59583333,55.17083333,57.13333333,58.0125
4/18/2020,52.69166667,55.69166667,54.375,56.42083333,57.59166667
4/19/2020,53.02083333,55.62916667,54.53333333,56.04583333,56.74583333
4/20/2020,52.48333333,55.25416667,54.09166667,55.73333333,56.70833333
4/21/2020,53.09166667,55.58333333,54.57916667,55.90416667,56.5
4/22/2020,53.42083333,56.325,55.10833333,56.75416667,57.65416667
4/23/2020,53.80833333,56.7,55.45833333,57.19583333,58.12916667
4/24/2020,54.5625,57.14166667,56.0125,57.52916667,58.33333333
4/25/2020,54.95416667,57.4375,56.3125,57.875,58.7375
4/26/2020,55.00833333,58.05416667,56.83333333,58.45,59.10833333
4/27/2020,53.975,57.35833333,55.86666667,58.0375,59.38333333
4/28/2020,53.9625,57.22083333,55.79583333,57.775,58.93333333
4/29/2020,53.95416667,57.11666667,55.6125,57.725,58.84583333
4/30/2020,53.87083333,57.2,55.76666667,57.70416667,58.71666667
5/1/2020,53.3875,56.49583333,55.14583333,57.0375,58.1875
5/2/2020,53.225,55.94583333,54.69583333,56.45,57.35
5/3/2020,53.23333333,55.74166667,54.68333333,56.14583333,56.8125
5/4/2020,53.47916667,55.67083333,54.59166667,56.1,56.96666667
5/5/2020,53.72083333,56.25833333,55.27083333,56.7,57.6375
5/6/2020,53.65833333,56.6,55.45,57.01666667,57.70416667
5/7/2020,53.39166667,55.85416667,54.69166667,56.43333333,57.6875
5/8/2020,54.5625,57.125,56.00833333,57.49583333,58.2125
5/9/2020,54.69583333,57.57083333,56.22083333,58.1375,59.25833333
5/10/2020,54.74583333,57.25416667,56.07083333,57.7375,58.89583333
5/11/2020,53.9875,55.94583333,54.85833333,56.5125,57.45416667
5/12/2020,53.65,55.075,54.3875,55.5375,56.28333333
5/13/2020,52.83333333,54.85833333,54.0875,55.14166667,55.6125
5/14/2020,52.81666667,54.79166667,54,55.12916667,55.41666667
5/15/2020,53.4375,55.95,55.0375,56.17083333,56.65416667
5/16/2020,53.43333333,55.94166667,54.85416667,56.43333333,57.30833333
5/17/2020,53.60833333,56.64166667,55.4,57.09583333,57.42916667
5/18/2020,52.98333333,55.53333333,54.95,55.95,57.10833333
5/19/2020,53.2375,55.8875,55.19583333,56.025,56.20833333
5/20/2020,53.89583333,56.69583333,55.69583333,57.09583333,57.9375
5/21/2020,54.59166667,57.7,56.5625,58.10833333,58.9875
5/22/2020,54.675,57.9,56.69583333,58.35416667,59.075
5/23/2020,53.74583333,57.3625,55.99583333,57.96666667,59.1875
5/24/2020,53.70833333,57.35416667,55.925,57.95833333,59.12083333
5/25/2020,53.64583333,57.87083333,56.23333333,58.53333333,59.8875
5/26/2020,53.36666667,57.92083333,56.00416667,58.7625,60.50833333
5/27/2020,53.58333333,58.07916667,56.23333333,58.7625,60.19583333
5/28/2020,53.49583333,58.02083333,56.08333333,58.83333333,60.49166667
5/29/2020,53.1625,57.42083333,55.55,58.2,59.85833333
5/30/2020,52.30416667,55.875,54.2125,56.6875,58.22916667
5/31/2020,52.0875,55.25416667,53.95,55.6,56.47916667
6/1/2020,52.8875,56.22916667,54.6875,56.69166667,57.6375
6/2/2020,53.2625,57.08333333,55.4125,57.65416667,58.75
6/3/2020,53.30833333,57.1125,55.37083333,57.75,59.14583333
6/4/2020,53.7,57.50833333,55.99583333,58.175,59.42916667
6/5/2020,53.50416667,57.3,55.625,58.09166667,59.59583333
6/6/2020,53.2375,56.45,55.07916667,57.19166667,58.3
6/7/2020,52.95416667,55.5125,54.49166667,56.1,56.97083333
6/8/2020,52.74166667,55.3625,54.24583333,55.94166667,56.85416667
6/9/2020,53.47916667,56.10416667,54.975,56.77083333,57.45833333
6/10/2020,53.66666667,56.84166667,55.46666667,57.67083333,58.60416667
6/11/2020,53.3375,56.80416667,55.32083333,57.6625,58.725
6/12/2020,52.5125,55.62916667,54.19583333,56.58333333,57.65833333
6/13/2020,51.97083333,54.6875,53.42916667,55.54166667,56.48333333
6/14/2020,52.425,55.16666667,54.07083333,55.75,56.4125
6/15/2020,52.29166667,54.5375,53.4625,55.3375,56.24166667
6/16/2020,52.6625,54.94583333,54.025,55.47916667,55.75416667
6/17/2020,52.94166667,55.52916667,54.47083333,56.2,56.77916667
6/18/2020,53.2125,55.87083333,54.70833333,56.62083333,57.4125
6/19/2020,52.8875,56.13333333,54.7625,57.00416667,57.98333333
6/20/2020,52.7625,55.75,54.45416667,56.5375,57.625
6/21/2020,52.97083333,56.04166667,54.68333333,56.875,57.875
6/22/2020,53.02083333,56.25416667,54.79583333,57.09166667,58.15416667
6/23/2020,53.17916667,56.45,54.96666667,57.39166667,58.675
6/24/2020,53.1125,56.475,54.9,57.42083333,58.7375
6/25/2020,53.34166667,56.55416667,55.10833333,57.40833333,58.5125
6/26/2020,53.39166667,56.69166667,55.22083333,57.6125,58.86666667
6/27/2020,53.3625,56.7,55.175,57.62916667,58.89166667
6/28/2020,53.38333333,56.41666667,55.0375,57.34166667,58.56666667
6/29/2020,53.20833333,55.75416667,54.60833333,56.5375,57.47083333
6/30/2020,53.2375,55.92083333,54.77916667,56.71666667,57.60833333
7/1/2020,53.29583333,55.86666667,54.74583333,56.65833333,57.60833333
7/2/2020,53.57916667,56.15416667,55.02083333,56.95,57.89166667
7/3/2020,53.59583333,56.2875,55.08333333,57.10416667,58.075
7/4/2020,53.6625,56.2375,55.07916667,57.02916667,58.02916667
7/5/2020,53.9375,56.45416667,55.29166667,57.225,58.0875
7/6/2020,53.94583333,56.55,55.36666667,57.34583333,58.325
7/7/2020,53.61666667,56.4375,55.22916667,57.2375,58.1875
7/8/2020,53.55833333,56.32916667,55.14166667,57.11666667,58.10416667
7/9/2020,53.64583333,56.50833333,55.275,57.325,58.32916667
7/10/2020,53.82083333,56.58333333,55.39166667,57.4125,58.46666667
7/11/2020,54.05,56.84166667,55.65833333,57.60833333,58.55
7/12/2020,54.02916667,56.925,55.69583333,57.76666667,58.79583333
7/13/2020,53.9375,56.875,55.60833333,57.725,58.80416667
7/14/2020,54.0125,56.875,55.63333333,57.70833333,58.80833333
7/15/2020,54.20833333,57.125,55.8625,57.96666667,59.05416667
7/16/2020,54.3625,57.40833333,56.12083333,58.2875,59.425
7/17/2020,54.0625,57.25833333,55.92083333,58.17916667,59.425
7/18/2020,53.74583333,56.7375,55.525,57.675,58.95
7/19/2020,53.975,56.7,55.57083333,57.5625,58.64166667
7/20/2020,53.99583333,57.0125,55.775,57.92083333,59.07083333
7/21/2020,53.88333333,56.82916667,55.6125,57.73333333,58.95416667
7/22/2020,53.8,56.52083333,55.40416667,57.4125,58.50833333
7/23/2020,53.80833333,56.44583333,55.3875,57.26666667,58.2375
7/24/2020,53.97083333,56.96666667,55.7625,57.84583333,58.82916667
7/25/2020,53.84166667,56.83333333,55.61666667,57.75,58.925
7/26/2020,53.825,56.75416667,55.54583333,57.65,58.85833333
7/27/2020,53.9875,56.99583333,55.775,57.8875,58.95833333
7/28/2020,54.0875,57.12083333,55.85416667,58.02916667,59.175
7/29/2020,54.20416667,57.28333333,56.04166667,58.175,59.30833333
7/30/2020,53.74583333,56.85,55.57916667,57.7625,59.09166667
7/31/2020,53.65,56.58333333,55.37083333,57.46666667,58.675
8/1/2020,53.62916667,56.44583333,55.2875,57.28333333,58.47083333
8/2/2020,53.7125,56.47083333,55.34583333,57.3,58.39583333
8/3/2020,53.79166667,56.7,55.50416667,57.53333333,58.65
8/4/2020,54.11666667,56.90833333,55.71666667,57.75833333,58.89166667
8/5/2020,54.07916667,57.1125,55.8125,58.0625,59.30833333
8/6/2020,54.24166667,56.99166667,55.82083333,57.84583333,59.08333333
8/7/2020,54.29166667,57.40833333,56.075,58.2,59.30416667
8/8/2020,53.66666667,57.09166667,55.5625,57.95,59.4
8/9/2020,53.69583333,56.88333333,55.42916667,57.69166667,59.02916667
8/10/2020,53.8625,57.02083333,55.59166667,57.83333333,59.12083333
8/11/2020,53.9375,57.25833333,55.77916667,58.03333333,59.3
8/12/2020,54.0125,57.21666667,55.79166667,57.9875,59.18333333
8/13/2020,53.54166667,56.72083333,55.32083333,57.55416667,58.93333333
8/14/2020,53.35416667,56.22916667,54.88333333,57.04583333,58.35
8/15/2020,53.7625,56.8,55.3875,57.50416667,58.55833333
8/16/2020,53.79166667,56.40833333,55.10833333,57.2125,58.48333333
8/17/2020,53.1,55.61666667,54.40416667,56.32083333,57.13333333
8/18/2020,53.09166667,55.8125,54.60416667,56.425,57.175
8/19/2020,53.05833333,55.50833333,54.42916667,56.15833333,57.3
8/20/2020,52.99583333,55.14583333,54.14166667,55.60416667,55.97083333
8/21/2020,52.9625,54.93333333,54.11666667,55.30416667,55.56666667
8/22/2020,53.01666667,55.20833333,54.21666667,55.72916667,56
8/23/2020,53.23333333,55.6,54.575,56.09583333,56.45833333
8/24/2020,53.34583333,56.19583333,54.9,56.8625,57.46666667
8/25/2020,53.22916667,55.87083333,54.6,56.62083333,57.67916667
8/26/2020,53.29166667,55.925,54.7,56.54166667,57.51666667
8/27/2020,53.62083333,56.425,55.19583333,57.07083333,58.075
8/28/2020,54.0625,57.19166667,55.77083333,57.9625,59.07083333
8/29/2020,54.07083333,57.00833333,55.63333333,57.89583333,59.22083333
8/30/2020,54.27916667,56.9625,55.82083333,57.52916667,58.5
8/31/2020,54.04583333,57.40833333,55.92916667,58.27083333,59.3
9/1/2020,54.47916667,57.725,56.35,58.55416667,59.7375
9/2/2020,53.83333333,57.69583333,56.03333333,58.67083333,60.17916667
9/3/2020,53.9,57.18333333,55.70833333,58.025,59.40416667
9/4/2020,54.07083333,57.22083333,55.75,58.10416667,59.30416667
9/5/2020,53.48333333,56.60416667,55.1,57.575,58.9625
9/6/2020,53.1,56.14166667,54.76666667,56.87916667,58.3
9/7/2020,53.45833333,55.9875,54.87916667,56.58333333,57.875
9/8/2020,54.09166667,56.81666667,55.58333333,57.55833333,58.11666667
9/9/2020,52.69166667,55,53.8375,55.94166667,57.05
9/10/2020,52.7625,54.05416667,53.5,54.42083333,54.6
9/11/2020,52.40416667,54.37083333,53.41666667,55.05833333,55.55833333
9/12/2020,53.18333333,54.83333333,53.95,55.44166667,55.89583333
9/13/2020,53.425,55.4,54.41666667,56.09166667,56.71666667
9/14/2020,53.42083333,55.75416667,54.6625,56.50833333,57.175
9/15/2020,53.45833333,55.675,54.59583333,56.48333333,57.39583333
9/16/2020,53.54583333,55.81666667,54.72083333,56.60833333,57.44166667
9/17/2020,53.8375,56.05416667,55.04166667,56.76666667,57.46666667
9/18/2020,53.93333333,56.7625,55.4625,57.675,58.5125
9/19/2020,54.1,56.525,55.37083333,57.42916667,58.5
9/20/2020,54.10416667,56.58333333,55.45833333,57.40416667,58.35416667
9/21/2020,53.87083333,56.37916667,55.19166667,57.24166667,58.11666667
9/22/2020,53.9125,56.30833333,55.1625,57.11666667,57.95833333
9/23/2020,54.3375,56.34583333,55.35,57.10416667,58.09166667
9/24/2020,54.24166667,56.60833333,55.47916667,57.42916667,58.35
9/25/2020,54.325,56.55833333,55.48333333,57.38333333,58.3
9/26/2020,54.84166667,56.99166667,55.92916667,57.825,58.6375
9/27/2020,55.10416667,57.39166667,56.27083333,58.2875,59.1125
9/28/2020,55.08333333,57.43333333,56.375,58.30416667,59.27083333
9/29/2020,54.27916667,56.4625,55.38333333,57.40416667,58.46666667
9/30/2020,54.38333333,55.99166667,55.16666667,56.625,57.22916667
10/1/2020,54.62916667,56.63333333,55.68333333,57.39166667,58.05833333
10/2/2020,54.55416667,56.525,55.51666667,57.34583333,58.175
10/3/2020,54.61666667,56.4375,55.52083333,57.1375,57.71666667
10/4/2020,54.4375,55.975,55.13333333,56.725,57.49166667
10/5/2020,54.5875,56.02916667,55.3,56.625,57.05833333
10/6/2020,54.39166667,55.97916667,55.16666667,56.64166667,57.32083333
10/7/2020,54.35833333,55.875,55.09583333,56.55,57.1625
10/8/2020,54.52083333,55.52083333,54.87916667,56.20416667,56.74583333
10/9/2020,55.14166667,56.125,55.49166667,56.45,56.6375
10/10/2020,54.97916667,56.2875,55.58333333,56.95833333,57.42083333
10/11/2020,55.475,56.3125,55.77083333,56.7875,57.08333333
10/12/2020,55.575,56.6625,56.04166667,57.17083333,57.62083333
10/13/2020,55.7625,57.2625,56.53333333,57.80416667,58.19166667
10/14/2020,56.04166667,57.56666667,56.7625,58.23333333,58.8
10/15/2020,56.00416667,57.37916667,56.63333333,58.0625,58.62916667
10/16/2020,56.10416667,57.59583333,57,58.22083333,58.69583333
10/17/2020,55.61666667,57.68333333,56.74166667,58.47083333,59.1625
10/18/2020,55.1125,57.20416667,56.1875,58.03333333,58.9875
10/19/2020,55.01666667,56.60416667,55.75416667,57.3,58.17083333
10/20/2020,55.26666667,56.75833333,55.99583333,57.32083333,57.825
10/21/2020,55.4,57.26666667,56.37916667,57.98333333,58.47916667
10/22/2020,54.63333333,55.67916667,54.97916667,56.27916667,56.95833333
10/23/2020,54.37916667,54.92083333,54.525,55.2375,55.46666667
10/24/2020,54.31666667,54.89166667,54.49166667,55.2125,55.48333333
10/25/2020,53.79166667,54.12916667,53.80416667,54.45,54.70833333
10/26/2020,53.26666667,52.47083333,52.53333333,52.5625,52.63333333
10/27/2020,53.975,53.9375,53.84166667,54,53.53333333
10/28/2020,54.05833333,54.49166667,54.225,54.70416667,54.65833333
10/29/2020,54.1375,54.22916667,54.00833333,54.47916667,54.69583333
10/30/2020,54.36666667,54.3375,54.15833333,54.51666667,54.54583333
10/31/2020,54.45416667,54.57083333,54.36666667,54.77083333,54.78333333
11/1/2020,54.6125,54.82083333,54.53333333,55.05833333,55.07083333
11/2/2020,54.7875,54.8875,54.65833333,55.1,55.19583333
11/3/2020,54.8125,54.975,54.70833333,55.22083333,55.24166667
11/4/2020,54.75833333,54.91666667,54.67916667,55.15833333,55.25416667
11/5/2020,55.04583333,55.17083333,54.9375,55.42916667,55.4875
11/6/2020,54.775,55.45,55.0625,55.81666667,55.7125
11/7/2020,54.48333333,53.99583333,53.99583333,54.19583333,54.425
11/8/2020,53.95416667,53.15833333,53.2375,53.18333333,53.07916667
11/9/2020,53.61666667,52.12916667,52.6375,51.95416667,51.5875
11/10/2020,53.57083333,52.18333333,52.7625,51.99166667,51.425
11/11/2020,53.5,52.01666667,52.59166667,51.9,51.51666667
11/12/2020,53.47916667,51.96666667,52.525,51.86666667,51.39166667
11/13/2020,53.56666667,52.39583333,52.86666667,52.45833333,51.6125
11/14/2020,53.95,52.88333333,53.35,52.80416667,52.1625
11/15/2020,54.1875,53.79166667,53.97916667,53.95833333,53.29166667
11/16/2020,54.72083333,53.82916667,54.18333333,53.8625,53.625
11/17/2020,54.3875,53.925,54.05833333,54.16666667,53.8125
11/18/2020,54.82916667,54.75416667,54.725,55.0125,54.5
11/19/2020,54.48333333,53.94583333,54.04166667,54.1375,54.29166667
11/20/2020,54.075,53.10833333,53.44166667,53.15416667,53.16666667
11/21/2020,54.10833333,52.67916667,53.2,52.59583333,52.34166667
11/22/2020,53.875,52.6,53.08333333,52.5625,52.15833333
11/23/2020,54.34583333,53.07083333,53.57083333,52.95,52.47083333
11/24/2020,54.3375,53.25416667,53.64583333,53.15833333,52.92083333
11/25/2020,54.14583333,53.17083333,53.5625,53.05416667,52.9
11/26/2020,53.79166667,52.2375,52.73333333,52.07916667,52.05833333
11/27/2020,53.73333333,51.97916667,52.64166667,51.625,51.3375
11/28/2020,53.47916667,51.74166667,52.35,51.47916667,51.225
11/29/2020,53.31666667,51.65,52.225,51.32916667,50.97916667
11/30/2020,53.29583333,51.55833333,52.14166667,51.28333333,50.95833333
12/1/2020,53.4875,51.90416667,52.49166667,51.575,51.18333333
12/2/2020,53.29583333,51.84166667,52.31666667,51.59166667,51.35
12/3/2020,53.10833333,51.65416667,52.07916667,51.39166667,51.17083333
12/4/2020,53.07083333,51.6125,52.06666667,51.34583333,51.02916667
12/5/2020,52.79583333,51.27916667,51.71666667,51.025,50.8125
12/6/2020,52.84583333,51.51666667,51.90833333,51.29166667,50.85416667
12/7/2020,52.86666667,51.7,52.05416667,51.48333333,51.225
12/8/2020,52.70833333,51.34583333,51.725,51.05833333,51.14166667
12/9/2020,52.42083333,51.13333333,51.52916667,50.92916667,50.69583333
12/10/2020,52.52083333,51.37916667,51.70416667,51.12916667,50.85
12/11/2020,52.64166667,50.74583333,51.2625,50.5375,50.3875
12/12/2020,53.59583333,52.07083333,52.5375,51.76666667,50.87916667
12/13/2020,53.4625,52.20833333,52.58333333,52.12916667,51.64166667
12/14/2020,53.34166667,51.47916667,51.7875,51.4375,51.34166667
12/15/2020,53.32083333,51.44166667,52.04166667,51.24583333,50.85833333
12/16/2020,52.82083333,50.65,51.70833333,51.05416667,50.82916667
12/17/2020,53.33333333,50.3,52.18333333,51.75,51
12/18/2020,53.04166667,50.75416667,51.41666667,50.77916667,51.0875
12/19/2020,52.6375,50.63333333,51.225,48.05,50.17916667
12/20/2020,52.85416667,50.74583333,51.45,45.82916667,50.05416667
12/21/2020,52.6125,50.85833333,51.42916667,47.575,50.29166667
12/22/2020,52.46666667,50.78333333,51.2625,48.05833333,50.3875
12/23/2020,51.97083333,49.79583333,50.42916667,45.92916667,49.53333333
12/24/2020,51.525,49.27916667,49.96666667,47.2375,48.80833333
12/25/2020,51.37916667,49.6375,50.24583333,47.2375,48.7625
12/26/2020,52.11666667,50.23333333,50.33333333,50.46666667,50.22083333
12/27/2020,51.77083333,49.78333333,50.15833333,49.73333333,49.85
12/28/2020,51.58333333,49.39583333,50,49.22083333,49.14166667
12/29/2020,51.23333333,49.23333333,49.84166667,48.86666667,48.7375
12/30/2020,51.0875,49.16666667,49.76666667,48.63333333,48.60833333
12/31/2020,51.24166667,49.80416667,50.19166667,48.54166667,49.2375
1/1/2021,51.21666667,49.69583333,50.17916667,48.35416667,49.425
1/2/2021,51.39166667,50.5625,50.84166667,50.2875,50.03333333
1/3/2021,51.3625,50.8375,50.925,50.99166667,50.79583333
1/4/2021,51.24583333,50.84166667,50.79166667,51.07916667,50.9125
1/5/2021,50.95833333,49.2625,49.17916667,49.61666667,50.25
1/6/2021,50.375,49.06666667,49.30833333,49.15,48.94583333
1/7/2021,50.24583333,48.54166667,48.84166667,48.59583333,48.38333333
1/8/2021,50.92916667,49.82916667,50.04583333,49.7625,49.04166667
1/9/2021,50.70416667,49.07916667,49.3375,49.19583333,49.29583333
1/10/2021,50.57083333,49.37916667,49.72083333,49.38333333,48.90416667
1/11/2021,50.70833333,49.43333333,49.67083333,49.47916667,49.225
1/12/2021,50.78333333,50.14583333,50.24583333,50.22916667,49.65
1/13/2021,51.425,51.125,50.95833333,51.34166667,50.8
1/14/2021,51.52083333,51.07083333,50.85416667,51.375,51.47916667
1/15/2021,51.1125,50.7375,50.6625,51.00833333,50.925
1/16/2021,51.50833333,50.65833333,50.70833333,50.8125,50.85833333
1/17/2021,51.70833333,51.825,51.59166667,52.0625,51.68333333
1/18/2021,51.35,51.4375,51.19166667,50.95416667,51.8
1/19/2021,50.37083333,49.66666667,49.60416667,48.3625,50.20416667
1/20/2021,50.60833333,49.30416667,49.5875,46.53333333,49.125
1/21/2021,50.39583333,49.35,49.55833333,47.14583333,48.97916667
1/22/2021,50.41666667,49.78333333,49.9,47.44583333,49.25
1/23/2021,50.47083333,49.7875,49.82083333,47.90833333,49.7
1/24/2021,49.66666667,48.54166667,48.71666667,46.31666667,48.58333333
1/25/2021,49.8375,48.575,48.89166667,47.14583333,48.025
1/26/2021,48.3625,46.94166667,47.29166667,45.53333333,46.78333333
1/27/2021,47.44166667,45.56666667,45.8,45.16666667,44.69166667
1/28/2021,48.02083333,46.00416667,45.68333333,46.30833333,45.9625
1/29/2021,48.17916667,45.90833333,45.87083333,46.12083333,45.9375
1/30/2021,48.63333333,47.7875,47.7125,47.85833333,47.07083333
1/31/2021,49.08333333,48.73333333,48.50416667,48.97916667,48.5375
2/1/2021,49.19166667,49.16666667,48.88333333,49.43333333,49.15833333
2/2/2021,49.7875,49.775,49.10833333,50.30416667,50.44583333
2/3/2021,48.99166667,48.00416667,47.6375,48.33333333,48.55416667
2/4/2021,49.05,47.525,47.55,47.65833333,47.63333333
2/5/2021,49.45833333,48.5125,48.57916667,48.525,48.2125
2/6/2021,49.47083333,49.39583333,49.2,49.54166667,49.4
2/7/2021,49.45416667,49.38333333,49.1375,49.57083333,49.775
2/8/2021,49.35833333,49.19583333,49.03333333,49.39583333,49.45416667
2/9/2021,49.75833333,50.00833333,49.67083333,50.21666667,50.07916667
2/10/2021,50.025,50.4375,50.025,50.71666667,50.94166667
2/11/2021,49.49583333,50.27083333,49.77083333,50.625,50.66666667
2/12/2021,50.07083333,49.94166667,49.61666667,50.15,50.34583333
2/13/2021,50.27916667,50.84583333,50.6375,51.1625,51.23333333
2/14/2021,49.45416667,49.8125,49.40833333,50.32083333,50.65833333
2/15/2021,49.62083333,49.4125,49.22916667,49.74583333,49.77916667
2/16/2021,49.62916667,49.33333333,49.20416667,49.48333333,49.54166667
2/17/2021,49.4375,49.21666667,49.05,49.44583333,49.56666667
2/18/2021,48.72083333,48.52083333,48.4125,48.82083333,48.9375
2/19/2021,48.86666667,48.3875,48.3875,48.52916667,48.42916667
2/20/2021,49.25,49.39166667,49.125,49.5375,49.32083333
2/21/2021,49.37916667,49.84583333,49.48333333,50.16666667,50.28333333
2/22/2021,49.94583333,50.7125,50.35416667,50.90833333,50.98333333
2/23/2021,50.12083333,51.55833333,50.8875,51.9875,52.0375
2/24/2021,49.62083333,50.37083333,49.8875,50.75833333,51.35416667
2/25/2021,49.8625,49.59583333,49.48333333,49.78333333,50.05833333
2/26/2021,49.825,50.25416667,49.975,50.43333333,50.41666667
2/27/2021,49.80833333,49.99583333,49.69583333,50.27083333,50.53333333
2/28/2021,50.09166667,50.47083333,50.17083333,50.70416667,50.75416667
3/1/2021,50.17916667,50.99166667,50.54166667,51.32916667,51.475
3/2/2021,50.225,50.97083333,50.5375,51.30416667,51.67083333
3/3/2021,50.4125,51.1375,50.85,51.37083333,51.60833333
3/4/2021,50.45,51.7,51.2625,52.1625,52.09166667
3/5/2021,50.45416667,51.60416667,51.09583333,52.36666667,52.57083333
3/6/2021,50.625,52.14166667,51.63333333,52.69583333,52.74166667
3/7/2021,50.44166667,51.8125,51.2125,52.525,52.8
3/8/2021,49.67083333,51.16666667,50.625,51.94583333,51.9625
3/9/2021,49.3,49.8,49.65416667,50.34166667,50.37083333
3/10/2021,48.97916667,49.575,49.275,50.23333333,49.80833333
3/11/2021,49.575,49.9,49.74583333,50.25833333,49.9625
3/12/2021,49.8375,50.99583333,50.57916667,51.6,51.35416667
3/13/2021,50.11666667,51.525,51.00416667,52.12916667,52.07916667
3/14/2021,49.27826087,50.86956522,50.19130435,51.67826087,51.66521739
3/15/2021,49.72083333,49.14166667,48.91666667,49.6,50.02083333
3/16/2021,49.97916667,49.95,49.77916667,50.34583333,49.7875
3/17/2021,50.0375,51.47916667,50.98333333,52.08333333,51.52916667
3/18/2021,49.4125,51.0125,50.3125,51.92083333,51.75833333
3/19/2021,50.60833333,50.94583333,50.80416667,51.32916667,51.27083333
3/20/2021,50.625,52.27916667,51.825,52.80833333,52.57083333
3/21/2021,50.63333333,52.45,51.82083333,53.12083333,53.17083333
3/22/2021,51.025,53.17083333,52.6,53.89166667,53.74583333
3/23/2021,50.6875,52.80833333,52.12916667,53.47916667,53.57083333
3/24/2021,50.7875,52.5625,51.975,53.1625,53.15833333
3/25/2021,51.2,53.23333333,52.61666667,53.85833333,53.84166667
3/26/2021,51.64166667,53.49583333,52.66666667,54.2,54.3
3/27/2021,52.10833333,54.57083333,53.64583333,55.2875,55.25
3/28/2021,52.27083333,55.3625,54.15833333,56.29583333,56.48333333
3/29/2021,52.15,55.0625,53.87916667,55.95833333,56.325
3/30/2021,52.03333333,53.725,53.05416667,54.32916667,54.66666667
3/31/2021,52.47083333,54.8875,54.04166667,55.55416667,55.4375
4/1/2021,52.71666667,55.825,54.62083333,56.7625,56.95416667
4/2/2021,52.71666667,55.925,54.675,56.8125,57.3375
4/3/2021,52.55416667,55.4,54.29166667,56.225,56.82083333
4/4/2021,52.35833333,55.4125,54.17916667,56.3125,56.73333333
4/5/2021,52.37083333,55.875,54.49583333,56.84166667,57.2125
4/6/2021,52.52083333,55.80416667,54.45416667,56.76666667,57.39166667
4/7/2021,52.61666667,56.23333333,54.85833333,57.13333333,57.55416667
4/8/2021,52.28333333,55.7,54.27916667,56.675,57.40416667
4/9/2021,52.39166667,55.4125,54.23333333,56.30833333,56.8875
4/10/2021,52.33333333,55.67083333,54.36666667,56.68333333,57.21666667
4/11/2021,52.47916667,55.5375,54.2875,56.5625,57.11666667
4/12/2021,52.97916667,55.71666667,54.80833333,56.675,57.09583333
4/13/2021,53.125,55.9125,54.87916667,56.70833333,56.95416667
4/14/2021,52.75,55.11666667,54.2375,56.05416667,56.65
4/15/2021,52.69166667,55.325,54.29583333,56.2625,56.75833333
4/16/2021,53.2375,55.89166667,54.86666667,56.77916667,57.06666667
4/17/2021,52.87916667,56.16666667,54.87083333,57.23333333,57.85416667
4/18/2021,52.69583333,55.66666667,55.43333333,56.75833333,57.72083333
4/19/2021,53.20833333,56.23333333,54.93333333,57.22916667,57.91666667
4/20/2021,53.9625,56.86666667,55.7125,57.8125,58.27916667
4/21/2021,54.7375,56.85416667,55.91666667,57.73333333,58.17916667
4/22/2021,55.9375,57.925,57.16666667,58.52916667,58.825
4/23/2021,56.37916667,58.53333333,57.64166667,59.06666667,59.775
4/24/2021,56.35833333,58.375,57.46666667,59.06666667,59.59583333
4/25/2021,55.77916667,56.29166667,56.1375,56.7375,57.35833333
4/26/2021,55.39166667,56.31666667,56.10416667,56.49583333,56.52083333
4/27/2021,55.99166667,57.20416667,56.68333333,57.68333333,58.2125
4/28/2021,57.325,58.8625,58.37916667,59.25416667,59.6125
4/29/2021,58.13333333,60.18333333,59.40416667,60.72083333,61.30833333
4/30/2021,58.65416667,61.0375,60.09166667,61.63333333,62.38333333
5/1/2021,58.84583333,61.30416667,60.37083333,61.9375,62.82083333
5/2/2021,58.875,61.20833333,60.275,61.87916667,62.7625
5/3/2021,59.30416667,61.02083333,60.3125,61.59583333,62.28333333
5/4/2021,60.46666667,62.26666667,61.57916667,62.75,63.23333333
5/5/2021,60.79166667,62.975,62.1125,63.60416667,64.42083333
5/6/2021,60.67083333,63.05,62.12916667,63.7125,64.68333333
5/7/2021,59.8125,62.15,61.28333333,62.85,63.79166667
5/8/2021,59.25,60.42083333,59.90833333,60.94583333,61.89583333
5/9/2021,60.55,61.16666667,60.19583333,61.9,62.03333333
5/10/2021,60.94166667,61.56666667,61.0375,62.10833333,62.75
5/11/2021,61.6375,62.59583333,62.02083333,62.9625,63.45416667
5/12/2021,60.27083333,62.5,61.51666667,63.14583333,64.30833333
5/13/2021,58.49583333,61.55833333,60.27916667,62.26666667,63.78333333
5/14/2021,58.45833333,60.7125,59.65833333,61.4125,62.85
5/15/2021,56.825,60.04166667,58.7875,60.85833333,62.05833333
5/16/2021,56.65416667,59.52083333,58.43333333,60.11666667,61.2875
5/17/2021,56.575,59.72916667,58.49583333,60.45416667,61.77916667
5/18/2021,56.50833333,59.77916667,58.5125,60.47916667,61.7125
5/19/2021,56.2,58.90833333,57.76666667,59.60833333,60.90833333
5/20/2021,56.11666667,58.02083333,57.225,58.49166667,59.12916667
5/21/2021,56.5125,57.95,57.3625,58.35833333,58.9375
5/22/2021,56.60833333,59.1,58.2625,59.53333333,59.9125
5/23/2021,56.40416667,59.10833333,58.2,59.675,60.6625
5/24/2021,55.92916667,58.99583333,57.825,59.6625,60.8875
5/25/2021,56.24583333,58.9625,57.80833333,59.7625,60.95
5/26/2021,56.72083333,59.72916667,58.65,60.45416667,61.2375
5/27/2021,56.75416667,59.8125,58.50833333,60.76666667,61.96666667
5/28/2021,57.38333333,60.69166667,59.41666667,61.50833333,62.42083333
5/29/2021,57.22083333,61.02916667,59.51666667,62.12916667,63.56666667
5/30/2021,57.01666667,61.25416667,59.6,62.39166667,63.82083333
5/31/2021,56.80833333,61.18333333,59.39166667,62.3875,63.96666667
6/1/2021,57.1375,61.38333333,59.69166667,62.575,64.13333333
6/2/2021,56.84583333,61.52083333,59.65,62.775,64.57916667
6/3/2021,56.7,61.125,59.32916667,62.36666667,64.10833333
6/4/2021,56.70833333,60.94583333,59.1375,62.22916667,63.98333333
6/5/2021,56.75,60.98333333,59.225,62.24166667,63.95416667
6/6/2021,57.12916667,60.65416667,59.20416667,61.74166667,63.1375
6/7/2021,57.00416667,60.28333333,58.95416667,61.26666667,62.45
6/8/2021,56.39166667,59.60416667,59.05416667,60.525,61.52916667
6/9/2021,56.025,58.8625,57.85416667,59.89583333,61.00416667
6/10/2021,56.36666667,58.875,58.00833333,59.76666667,60.76666667
6/11/2021,56.76666667,59.35416667,58.575,60.19583333,60.99583333
6/12/2021,56.44166667,59.93333333,58.92083333,60.88333333,61.7625
6/13/2021,56.55416667,60.53333333,59.1375,61.85833333,63.45
6/14/2021,56.525,60.37916667,58.95,61.64166667,63.30833333
6/15/2021,56.04583333,59.72083333,58.40416667,60.94583333,62.47916667
6/16/2021,54.43333333,58.91666667,57.40416667,60.225,62.01666667
6/17/2021,54.45833333,58.29166667,57.02916667,59.53333333,61.24583333
6/18/2021,54.29583333,58.5,56.99166667,59.9,61.55833333
6/19/2021,54.41666667,58.12083333,56.975,59.825,61.57916667
6/20/2021,54.98333333,59.01666667,57.35833333,60.0625,61.66666667
6/21/2021,54.58333333,58.275,57.37083333,60.125,61.80833333
6/22/2021,54.32916667,58.3375,56.94166667,59.73333333,61.53333333
6/23/2021,54.29583333,57.91666667,56.70833333,59.3375,61.1375
6/24/2021,54.65416667,57.92916667,56.82083333,59.3625,61.0875
6/25/2021,55.17916667,57.17916667,57.63333333,60.25,61.71666667
6/26/2021,55.12083333,57.00416667,57.84166667,60.7625,62.55416667
6/27/2021,55.2375,56.9625,57.8375,60.82083333,62.72916667
6/28/2021,55.53333333,57.19166667,57.85,60.75833333,62.6625
6/29/2021,56.19583333,57.64166667,58.575,61.06666667,62.72916667
6/30/2021,55.90416667,57.29583333,58.61666667,61.41666667,63.2125
7/1/2021,55.19166667,56.85833333,57.99583333,60.95833333,63.075
7/2/2021,54.98333333,56.52083333,57.34166667,60.15416667,62.14583333
7/3/2021,55.27916667,56.725,57.68333333,60.07916667,61.82083333
7/4/2021,54.9,56.76666667,57.2625,60.125,62.05833333
7/5/2021,55.17916667,56.45416667,57.3375,59.6875,61.3375
7/6/2021,55.23333333,57.14166667,56.92083333,59.77083333,61.40833333
7/7/2021,55.02916667,57.85,56.34166667,59.6625,61.37916667
7/8/2021,55.27916667,58.42083333,56.77916667,59.5125,61.05833333
7/9/2021,55.15833333,58.72916667,56.74166667,59.82916667,61.37083333
7/10/2021,55.15833333,58.6125,57.075,59.73333333,61.4125
7/11/2021,55.47916667,59.10833333,57.8375,60.2125,61.7625
7/12/2021,55.2125,58.90416667,57.275,60.11666667,61.85
7/13/2021,55.10416667,58.7125,57.15833333,59.875,61.5875
7/14/2021,55.18333333,58.45833333,56.50833333,59.55833333,61.25416667
7/15/2021,55.2625,58.475,56.95,59.51666667,61.0625
7/16/2021,55.3375,58.54166667,57.04166667,59.59166667,60.98333333
7/17/2021,55.74166667,58.55833333,57.44583333,59.49583333,60.90416667
7/18/2021,55.425,58.9375,57.45,59.99583333,61.36666667
7/19/2021,55.29583333,58.59166667,57.1125,59.66666667,61.22916667
7/20/2021,55.32916667,58.57916667,57.125,59.66666667,61.29583333
7/21/2021,55.34166667,58.45833333,57.06666667,59.54583333,61.1875
7/22/2021,55.4875,58.25833333,57.225,59.42916667,60.87916667
7/23/2021,55.275,57.94166667,56.65416667,59.0125,60.4875
7/24/2021,54.82916667,56.9875,55.8875,57.95,59.125
7/25/2021,54.88333333,57.39166667,56.25833333,58.17083333,59.09583333
7/26/2021,55.25833333,57.85,56.55,58.86666667,60.17083333
7/27/2021,54.67916667,56.775,55.67083333,57.84166667,59.12083333
7/28/2021,55.0875,57.37083333,56.35,58.0125,58.67083333
7/29/2021,56.0375,58.47083333,57.30416667,59.31666667,60.57916667
7/30/2021,56.01666667,59.02916667,57.75833333,60.1375,61.65416667
7/31/2021,56.4625,59.94583333,58.10416667,60.575,61.86666667
8/1/2021,56.49166667,59.11666667,58.49583333,60.575,62.24583333
8/2/2021,56.06666667,59.10416667,57.00416667,60.22083333,61.82083333
8/3/2021,56.1375,59.2625,57.85833333,59.67083333,61.02083333
8/4/2021,56.42916667,58.96666667,57.77916667,59.84583333,61.1875
8/5/2021,56.31666667,58.86666667,57.65833333,59.7875,61.14583333
8/6/2021,56.3625,58.51666667,57.50833333,59.3125,60.29583333
8/7/2021,55.90833333,58.45833333,57.24583333,59.39583333,60.62083333
8/8/2021,55.2875,57.7875,56.54166667,58.82916667,60.2375
8/9/2021,56.1,58.27916667,57.25,59.04583333,60.2125
8/10/2021,56.32083333,58.85416667,57.6375,59.8,61.0875
8/11/2021,56.275,58.64166667,57.49166667,59.52916667,60.72916667
8/12/2021,56.1375,58.5,57.3375,59.36666667,60.45
8/13/2021,56.11666667,58.3625,57.17083333,59.35833333,60.65833333
8/14/2021,56.17083333,58.7125,57.55416667,59.54583333,60.625
8/15/2021,55.3875,58.2,56.74166667,59.32083333,60.97083333
8/16/2021,54.925,57.62916667,56.24166667,58.70833333,60.05833333
8/17/2021,54.95416667,56.97083333,55.90833333,57.83333333,58.94583333
8/18/2021,55.50833333,57.44583333,56.5125,58.09166667,58.60416667
8/19/2021,55.875,58.1125,57.00833333,58.99583333,59.9875
8/20/2021,55.87083333,58.125,57.05833333,59.01666667,60.01666667
8/21/2021,55.89583333,58.125,57.05,58.98333333,59.95416667
8/22/2021,56.0625,58.20416667,57.15416667,59.09166667,60.09166667
8/23/2021,56.28333333,58.49583333,57.47083333,59.32916667,60.3125
8/24/2021,56.4875,58.77083333,57.725,59.65,60.68333333
8/25/2021,56.79166667,58.98333333,57.95,59.85833333,60.85
8/26/2021,56.875,59.35416667,58.25416667,60.35,61.4125
8/27/2021,57.3375,59.6,58.6,60.46666667,61.47916667
8/28/2021,57.14583333,59.55,58.47083333,60.5375,61.62083333
8/29/2021,57.07916667,59.29583333,58.3125,60.2125,61.20416667
8/30/2021,57.17916667,59.575,58.5125,60.49583333,61.52083333
8/31/2021,57,59.50416667,58.3375,60.47083333,61.68333333
9/1/2021,57.3,59.525,58.4625,60.47083333,61.475
9/2/2021,57.45,59.475,58.58333333,60.32083333,61.3125
9/3/2021,57.35833333,59.275,58.4125,60.07083333,61.07083333
9/4/2021,57.61666667,59.5125,58.69583333,60.24583333,61.06666667
9/5/2021,57.66666667,59.62916667,58.72916667,60.43333333,61.4375
9/6/2021,57.68333333,59.7,58.77083333,60.525,61.50416667
9/7/2021,57.97083333,60.175,59.22916667,60.99166667,61.94166667
9/8/2021,57.79166667,60.3625,59.19166667,61.41666667,62.50833333
9/9/2021,57.45416667,59.7375,58.65833333,60.6,61.84166667
9/10/2021,58.075,60.6125,59.59583333,61.4375,62.29166667
9/11/2021,58.24166667,60.80833333,59.71666667,61.725,63.02916667
9/12/2021,57.875,60.35,59.29166667,61.23333333,62.375
9/13/2021,57.87916667,60.10416667,59.15416667,60.9375,61.90416667
9/14/2021,58.12083333,60.20833333,59.32916667,60.99583333,61.925
9/15/2021,58.26666667,60.48333333,59.54166667,61.29583333,62.225
9/16/2021,58.35,60.42916667,59.61666667,61.14583333,62.08333333
9/17/2021,58.15416667,60.20416667,59.32916667,60.95833333,61.94166667
9/18/2021,57.625,59.2125,58.49166667,59.9625,60.75833333
9/19/2021,58.15416667,59.54166667,59.1125,60.00833333,60.18333333
9/20/2021,58.07916667,59.64583333,58.99166667,60.30416667,60.99583333
9/21/2021,58.41666667,60.01666667,59.38333333,60.62083333,61.20416667
9/22/2021,58.69166667,60.27916667,59.60416667,60.9625,61.70833333
9/23/2021,58.8375,60.59583333,59.8875,61.2375,61.89583333
9/24/2021,58.94166667,60.64583333,59.95,61.35416667,62.15416667
9/25/2021,59.02916667,60.6125,59.9375,61.3,62.16666667
9/26/2021,59.03333333,60.59166667,59.94166667,61.23333333,61.96666667
9/27/2021,58.7375,60.1375,59.49583333,60.75,61.38333333
9/28/2021,58.71666667,59.53333333,59.25,59.95833333,60.31666667
9/29/2021,58.80416667,59.60416667,59.29583333,60.00833333,60.275
9/30/2021,59.15,59.9625,59.64583333,60.41666667,60.76666667
10/1/2021,59.1875,60.24583333,59.86666667,60.7375,61.20833333
10/2/2021,59.35416667,60.26666667,59.88333333,60.70833333,61.225
10/3/2021,59.47083333,60.3625,59.975,60.8375,61.29166667
10/4/2021,59.4,60.4,60.00833333,60.87916667,61.30416667
10/5/2021,59.22083333,60,59.65416667,60.575,60.97083333
10/6/2021,59.29166667,60.025,59.8,60.42916667,60.53333333
10/7/2021,59.19166667,59.7,59.45,60.1375,60.38333333
10/8/2021,59.05833333,59.27916667,59.1875,59.6125,59.79166667
10/9/2021,59.46666667,59.9375,59.77916667,60.2125,60.20416667
10/10/2021,59.5125,59.7,59.60416667,60,60.175
10/11/2021,59.00416667,58.99166667,58.90833333,59.29583333,59.2375
10/12/2021,58.62083333,58.11666667,58.34583333,58.19583333,57.9
10/13/2021,59.29166667,59.05416667,59.18333333,59.2125,58.83333333
10/14/2021,59.35,58.99166667,59.1,59.225,59.15833333
10/15/2021,59.57916667,59.275,59.39583333,59.37916667,59.26666667
10/16/2021,59.8375,59.40833333,59.52083333,59.57916667,59.57083333
10/17/2021,59.29583333,58.975,59.025,59.27083333,59.125
10/18/2021,59.5875,59.0375,59.28333333,59.1375,58.525
10/19/2021,59.3,58.625,58.9125,58.72083333,58.50416667
10/20/2021,59.2125,58.6375,58.87916667,58.85,58.29583333
10/21/2021,59.75833333,59.39583333,59.54166667,59.525,58.9375
10/22/2021,60.15416667,60.30416667,60.18333333,60.65416667,60.4625
10/23/2021,59.74166667,59.47083333,59.5375,59.8125,59.87083333
10/24/2021,58.92916667,57.8625,57.7875,58.2,58.03333333
10/25/2021,59.71666667,57.475,58.30416667,57.64166667,57.26666667
10/26/2021,58.9625,57.8625,58.40416667,58.17083333,57.8
10/27/2021,59.92083333,59.025,59.49583333,59.10833333,58.54583333
10/28/2021,60.10416667,59.84583333,60.00833333,60.11666667,60.05833333
10/29/2021,60.01666667,60.09583333,60.09166667,60.40416667,60.42916667
10/30/2021,59.84166667,60.49583333,60.25833333,60.9125,60.75416667
10/31/2021,59.40833333,59.5875,59.45416667,60.00833333,60.37916667
11/1/2021,58.97083333,59.2875,59.17083333,59.68333333,59.60833333
11/2/2021,59.49166667,59.27916667,59.3875,59.62916667,59.4125
11/3/2021,58.59583333,58.8625,58.79166667,59.5125,59.39583333
11/4/2021,58.9875,59.21666667,59.225,59.67916667,59.47083333
11/5/2021,58.1375,57.85,57.97083333,58.32916667,58.27083333
11/6/2021,58,57.38333333,57.71666667,57.79166667,57.2
11/7/2021,57.35,56.11666667,56.59166667,56.3875,56.22083333
11/8/2021,56.875,55.15833333,55.85833333,55.41666667,55.01666667
11/9/2021,56.74583333,54.45,54.65,54.84166667,54.39166667
11/10/2021,57.60416667,55.79583333,56.4625,56.05416667,55.00416667
11/11/2021,57.775,56.97916667,57.475,57.35,56.68333333
11/12/2021,57.7125,56.92916667,57.35416667,57.47083333,57.12083333
11/13/2021,57.93333333,57.07083333,57.5125,57.42916667,56.99583333
11/14/2021,57.80833333,57.425,57.74583333,57.89166667,57.3
11/15/2021,57.14166667,56.8625,57.1,57.375,57.07916667
11/16/2021,57.14166667,56.8,57.10416667,57.04166667,56.57083333
11/17/2021,56.45,55.425,55.7875,55.73333333,55.825
11/18/2021,55.83333333,54.87083333,55.37083333,55.1625,54.725
11/19/2021,56.13333333,55.125,55.66666667,55.29583333,54.5875
11/20/2021,55.6625,54.51666667,55.00416667,54.6375,54.48333333
11/21/2021,55.69583333,54,54.7375,53.20416667,53.725
11/22/2021,55.39583333,53.775,54.50416667,51.725,53.44166667
11/23/2021,55.14166667,53.8625,54.5,53.05,53.40833333
11/24/2021,54.64166667,53.05416667,53.675,50.52083333,52.8125
11/25/2021,54.5625,52.5875,53.4375,51.775,52.20833333
11/26/2021,54.8,53.24166667,53.95,51.775,52.51666667
11/27/2021,54.94583333,53.675,54.21666667,52.41666667,53.20833333
11/28/2021,55.20833333,54.25,54.74166667,53.575,53.74583333
11/29/2021,55.04583333,54.23333333,54.57916667,52.69166667,54.14583333
11/30/2021,55.09166667,53.95,54.40416667,52.54583333,53.96666667
12/1/2021,55.05833333,54.24583333,54.675,54.32916667,53.8625
12/2/2021,54.5625,53.88333333,54.16666667,54.15,53.92916667
12/3/2021,54.29583333,53.35,53.7625,53.525,53.325
12/4/2021,54.1375,53,53.4625,53.17083333,52.85833333
12/5/2021,53.97916667,53.25833333,53.57083333,53.5,53.02916667
12/6/2021,53.4125,52.85416667,53.2375,53.16666667,52.6875
12/7/2021,53.91666667,52.975,53.40416667,53.19166667,52.74583333
12/8/2021,53.63333333,53.5625,53.69166667,53.99583333,53.25833333
12/9/2021,53.4375,53.2375,53.44166667,53.47083333,53.19166667
12/10/2021,52.3875,51.0875,51.53333333,51.1875,51.38333333
12/11/2021,52.02083333,50.17916667,51.0125,50.11666667,49.4625
12/12/2021,51.67083333,50.3,50.72083333,50.425,49.26666667
12/13/2021,51.37916667,49.21666667,49.51666667,49.5375,49.11666667
12/14/2021,51.5875,48.49166667,48.96666667,48.86666667,48.16666667
12/15/2021,50.22083333,47.85,48.4375,48.00833333,47.25416667
12/16/2021,50.52916667,46.94166667,47.80416667,47.15833333,46.38333333
12/17/2021,50.75416667,48.07916667,48.85416667,48.27083333,47.52916667
12/18/2021,50.65,47.87916667,48.73333333,48.04583333,47.56666667
12/19/2021,50.48333333,48.50833333,49.3125,48.52916667,47.675
12/20/2021,50.55416667,48.725,49.3875,48.79583333,48.23333333
12/21/2021,50.05416667,47.90416667,48.6125,47.99166667,47.625
12/22/2021,50.35,48.22083333,48.57083333,48.2,47.51666667
12/23/2021,50.45,47.20416667,47.3125,47.5625,47.52916667
12/24/2021,50.98333333,48.5,49.3375,48.72083333,48.1
12/25/2021,50.925,47.47916667,47.72916667,47.95416667,48.1625
12/26/2021,49.88333333,45.62083333,46.48333333,45.8375,45.29166667
12/27/2021,50.09166667,46.625,47.35416667,46.67083333,45.8375
12/28/2021,49.42083333,46.70416667,47.49166667,46.9,46.35416667
12/29/2021,49.2,46.575,47.20833333,46.67916667,46.17916667
12/30/2021,48.93333333,46.2,46.87916667,46.32916667,45.85416667
12/31/2021,49.04166667,46.69583333,47.4,46.85,46.1875
1/1/2022,48.8,46.04583333,46.9625,46.09583333,45.78333333
1/2/2022,48.42916667,45.64583333,46.6125,45.70833333,45.21666667
1/3/2022,48.69166667,46.42083333,47.37916667,46.38333333,45.5125
1/4/2022,49.12083333,47.87083333,48.01666667,48.14583333,47.66666667
1/5/2022,49.54166667,49.07916667,49.31666667,49.3125,48.87083333
1/6/2022,49.21666667,49.225,49.3875,49.6125,49.51666667
1/7/2022,49.3,49.5,49.7375,49.62916667,49.25416667
1/8/2022,49.12916667,48.9875,49.2125,49.3,49.39166667
1/9/2022,48.8,47.49583333,48.0625,47.74166667,48.025
1/10/2022,48.98333333,47.8,48.43333333,47.82083333,47.54583333
1/11/2022,48.78333333,48.1875,48.5625,48.3125,48.09583333
1/12/2022,48.52916667,47.8,48.14166667,47.9125,47.82916667
1/13/2022,48.68333333,47.8125,48.2125,47.84583333,47.70833333
1/14/2022,48.86666667,48.3,48.69166667,48.35833333,48.14583333
1/15/2022,48.69583333,48.22916667,48.57083333,48.30416667,48.3125
1/16/2022,48.29166667,47.63333333,48.00416667,47.71666667,47.775
1/17/2022,48.27916667,47.22083333,47.725,47.25,47.25833333
1/18/2022,48.41666667,47.44583333,47.9875,47.40416667,47.1375
1/19/2022,48.57083333,47.8875,48.30833333,47.85416667,47.63333333
1/20/2022,48.55833333,48.80416667,48.91666667,48.83333333,48.6
1/21/2022,48.125,48.525,48.51666667,48.40416667,48.79166667
1/22/2022,48.15,48.3875,48.45416667,47.65833333,48.54583333
1/23/2022,48.2625,48.54166667,48.66666667,46.28333333,48.6125
1/24/2022,47.80833333,48.10416667,48.10416667,44.98333333,48.45833333
1/25/2022,47.7875,47.6375,47.7375,46.83333333,47.75416667
1/26/2022,47.72916667,47.37916667,47.40833333,47.07916667,47.45416667
1/27/2022,47.60833333,47.21666667,47.30833333,46.91666667,47.25
1/28/2022,47.45833333,47.16666667,47.18333333,46.87916667,47.14583333
1/29/2022,47.50833333,47.19583333,47.21666667,46.86666667,47.13333333
1/30/2022,47.45833333,47.24166667,47.20416667,46.95416667,47.24166667
1/31/2022,47.53333333,47.49166667,47.37916667,47.20833333,47.51666667
2/1/2022,47.04166667,46.77916667,46.7625,46.45833333,46.72916667
2/2/2022,46.8,46.38333333,46.4125,46.00416667,46.2125
2/3/2022,47.03333333,46.9125,46.9625,46.57916667,46.65416667
2/4/2022,47.25,47.5,47.3,47.225,47.50833333
2/5/2022,47.85416667,48.07916667,47.86666667,47.78333333,48.0625
2/6/2022,48.28333333,48.675,48.4625,48.3625,48.59166667
2/7/2022,48.20833333,48.8875,48.50416667,48.71666667,49.12916667
2/8/2022,48.5875,49.1875,48.8625,48.9625,49.38333333
2/9/2022,49.1625,50.23333333,49.40416667,50.06666667,50.17083333
2/10/2022,49.68333333,51.52083333,50.575,51.44583333,51.69583333
2/11/2022,49.76666667,51.60833333,50.72916667,51.73333333,52.52916667
2/12/2022,49.89583333,51.3125,50.60416667,51.3375,52.1125
2/13/2022,49.89583333,51.14166667,50.4875,51.07916667,51.78333333
2/14/2022,49.95833333,51.19583333,50.52916667,51.19166667,51.55
2/15/2022,49.42083333,50.29583333,49.8125,50.20416667,50.79583333
2/16/2022,49.60833333,50.1,49.86666667,50.0375,50.45833333
2/17/2022,49.42916667,50.1,49.99583333,50.45,50.825
2/18/2022,49.26666667,50.1,49.7125,50.25416667,50.86666667
2/19/2022,49.475,50.1,49.96666667,50.4625,50.94583333
2/20/2022,49.725,50.1,50.34583333,50.875,51.19583333
2/21/2022,49.05416667,50.1,49.44583333,49.9875,50.49583333
2/22/2022,48.825,50.1,48.65416667,48.64583333,49.32083333
2/23/2022,48.45833333,50.1,47.7875,47.43333333,47.90833333
2/24/2022,48.34583333,50.1,47.80833333,47.10833333,47.25
2/25/2022,48.3625,50.1,47.9625,47.64166667,47.76666667
2/26/2022,48.28333333,50.1,48.1125,47.97916667,48.10416667
2/27/2022,49.30416667,50.1,49.59166667,49.76666667,49.58333333
2/28/2022,49.43333333,50.1,50.01666667,50.66666667,51.1625
3/1/2022,49.80833333,50.1,50.72916667,51.67083333,52.01666667
3/2/2022,49.85833333,50.1,50.79583333,52.10416667,52.72083333
3/3/2022,49.6125,50.1,50.73333333,51.77916667,52.3875
3/4/2022,50.025,50.1,50.73333333,51.51666667,51.94583333
3/5/2022,49.34583333,50.1,50.1875,51.34583333,51.85833333
3/6/2022,49.6375,50.1,49.8,50.3125,51.13333333
3/7/2022,49.86666667,50.1,50.27916667,50.70416667,51.0125
3/8/2022,50.06666667,50.1,50.70416667,51.30833333,51.4625
3/9/2022,50.6,50.1,51.375,52.2625,52.51666667
3/10/2022,50.04166667,50.1,50.775,51.52916667,52.22916667
3/11/2022,50.42083333,50.1,50.6875,51.05,51.65833333
3/12/2022,50.275,50.1,50.98333333,51.625,51.8875
3/13/2022,50.66956522,50.1,51.7,52.53043478,52.74782609
3/14/2022,51.04583333,50.1,52.12916667,53.325,53.86666667
3/15/2022,50.825,50.1,52.425,54.04583333,54.24166667
3/16/2022,50.8125,50.1,52.18333333,53.39583333,54.29583333
3/17/2022,50.8375,50.1,52.45833333,53.72083333,54.37083333
3/18/2022,50.9125,50.1,52.43333333,53.58333333,54.36666667
3/19/2022,50.95,50.1,52.675,53.99166667,54.39166667
3/20/2022,50.98333333,50.1,51.85833333,52.79166667,53.65
3/21/2022,51.95416667,50.1,53.1625,53.97916667,54.16666667
3/22/2022,52.68333333,50.1,54.91666667,56.4875,56.72083333
3/23/2022,53.00416667,50.1,55.59583333,57.68333333,58.49583333
3/24/2022,53.0375,50.1,55.52916667,57.86666667,58.95
3/25/2022,53.48333333,50.1,55.7625,57.74583333,58.8375
3/26/2022,53.2875,50.1,55.6375,57.66666667,58.75416667
3/27/2022,52.8375,50.1,55.24583333,57.24166667,58.31666667
3/28/2022,52.46666667,50.1,54.4375,56.15833333,57.37083333
3/29/2022,53.17083333,50.1,54.7625,55.95,56.68333333
3/30/2022,52.9875,50.1,55.3375,57.28333333,57.77916667
3/31/2022,52.75833333,50.1,54.6125,56.2875,57.46666667
4/1/2022,53.13333333,50.1,54.9125,56.21666667,57.10833333
4/2/2022,53.38333333,50.1,55.3,56.8625,57.6375
4/3/2022,52.99583333,50.1,54.49166667,55.8625,56.92083333
4/4/2022,52.775,50.1,54.05,54.94583333,55.75
4/5/2022,52.83333333,50.1,53.85,54.88333333,55.475
4/6/2022,53.4875,50.1,54.97083333,56.15833333,56.48333333
4/7/2022,53.64583333,50.1,55.91666667,57.7125,58.36666667
4/8/2022,54.05833333,50.1,56.3125,58.4875,59.3875
4/9/2022,54.0875,50.1,55.56666667,56.99166667,57.99166667
4/10/2022,54.10416667,50.1,55.1,55.72916667,56.29166667
4/11/2022,53.72083333,50.1,55.45833333,56.2875,56.57083333
4/12/2022,53.1125,50.1,53.725,54.55,55.6125
4/13/2022,52.29583333,50.1,52.84583333,53.65,54.07916667
4/14/2022,51.875,50.1,52.17916667,52.57916667,52.65
4/15/2022,52.28333333,50.1,52.3,53.00833333,53.425
4/16/2022,52.89583333,50.1,53.70833333,54.37916667,54.35
4/17/2022,53.38333333,50.1,54.675,55.55,55.975
4/18/2022,52.625,50.1,54.04166667,55.58333333,56.2
4/19/2022,52.75416667,50.1,53.7375,54.925,55.61666667
4/20/2022,52.14583333,50.1,52.64166667,53.47916667,54.43333333
4/21/2022,52.8,50.1,53.15833333,53.9875,54.25833333
4/22/2022,53.6,50.1,54.5,55.33333333,55.825
4/23/2022,54.09166667,50.1,55.75,57.04166667,57.36666667
4/24/2022,54.60416667,50.1,56.6,58.12916667,58.775
4/25/2022,54.72083333,50.1,57.18333333,59.06666667,59.86666667
4/26/2022,55.40833333,50.1,57.95833333,59.95416667,60.90833333
4/27/2022,55.19166667,50.1,57.72083333,59.89583333,61.10833333
4/28/2022,55.29583333,50.1,57.95833333,59.63333333,60.55416667
4/29/2022,55.55416667,50.1,57.30416667,59.0625,60.39583333
4/30/2022,56.1,50.1,58.75833333,60.4375,60.7125
5/1/2022,55.74583333,50.1,58.08333333,60.26666667,61.36666667
5/2/2022,55.925,50.1,58.56666667,60.05,60.79166667
5/3/2022,55.92916667,50.1,57.825,59.55833333,60.62083333
5/4/2022,56.625,50.1,59.34166667,61.1875,61.66666667
5/5/2022,54.84583333,50.1,57.925,60.34166667,61.54166667
5/6/2022,54.92916667,50.1,56.52916667,58.20833333,59.40833333
5/7/2022,55.3375,50.1,56.85833333,58.675,59.60833333
5/8/2022,54.61666667,50.1,56.59166667,57.85416667,58.77083333
5/9/2022,53.89166667,50.1,55.225,56.17916667,57.225
5/10/2022,54.025,50.1,54.89583333,55.45416667,56.1125
5/11/2022,54.5,50.1,56.14583333,57.05416667,57.25
5/12/2022,54.55416667,50.1,56.75,58.24583333,58.86666667
5/13/2022,55.5,50.1,57.5,59.04583333,59.8
5/14/2022,56.11666667,50.1,58.94583333,61.09583333,61.725
5/15/2022,56.42083333,50.1,59.56666667,62.075,63.09166667
5/16/2022,57.025,50.1,60.02916667,62.55416667,63.60833333
5/17/2022,57.67916667,50.1,60.5375,63.45833333,63.9375
5/18/2022,58.16666667,50.1,61.45,63.8875,64.95833333
5/19/2022,58.09166667,50.1,61.85,64.27916667,65.6125
5/20/2022,57.32916667,50.1,58.925,60.79166667,62.6375
5/21/2022,57.1875,50.1,60.36666667,61.825,62.96666667
5/22/2022,56.59166667,50.1,59.89166667,62.65,64.1125
5/23/2022,57.12083333,50.1,60.37916667,62.89166667,64.17916667
5/24/2022,57.17083333,50.1,60.85,63.6125,64.89583333
5/25/2022,57.6625,50.1,61.39583333,64.45833333,66.0625
5/26/2022,56.66666667,50.1,60.4375,63.87083333,65.85
5/27/2022,56.725,50.1,59.33333333,61.73333333,63.7875
5/28/2022,56.69166667,50.1,59.20416667,61.3875,62.725
5/29/2022,56.77916667,50.1,58.91666667,60.60416667,61.72916667
5/30/2022,56.325,50.1,59.28333333,61.35833333,62.24166667
5/31/2022,56.69583333,50.1,59.4,61.57916667,62.79583333
6/1/2022,56.64583333,50.1,60.30833333,62.7625,63.975
6/2/2022,56.10833333,50.1,60.12916667,63.325,64.59166667
6/3/2022,55.69166667,50.1,59.44583333,62.42916667,64.5
6/4/2022,55.3875,50.1,58.025,60.50416667,62.40833333
6/5/2022,54.925,50.1,57.42916667,58.89583333,60.44583333
6/6/2022,55.11666667,50.1,58.4125,60.70416667,61.55
6/7/2022,54.77083333,50.1,58.7875,61.85,63.43333333
6/8/2022,54.96666667,50.1,59.12916667,62.3125,63.96666667
6/9/2022,55.11666667,50.1,59.41666667,62.7875,64.59583333
6/10/2022,55.74166667,50.1,59.94583333,63.20833333,66.05833333
6/11/2022,55.67916667,50.1,60.63333333,64.275,66.50833333
6/12/2022,55.34166667,50.1,59.24166667,63.14583333,65.7
6/13/2022,55.58333333,50.1,58.875,60.95833333,62.6875
6/14/2022,56.02083333,50.1,59.31666667,61.51666667,63.4125
6/15/2022,55.45,50.1,59.7,62.3625,63.85416667
6/16/2022,54.59166667,50.1,59.08333333,62.325,63.69583333
6/17/2022,53.79166667,50.1,57.45833333,60.37083333,62.17083333
6/18/2022,54.3,50.1,57.41666667,59.79166667,61.71666667
6/19/2022,54.48333333,50.1,58.30416667,60.95,62.57083333
6/20/2022,54.47083333,50.1,58.50416667,61.075,63.02916667
6/21/2022,55.14583333,50.1,59.04583333,61.77916667,63.74583333
6/22/2022,55.50833333,50.1,59.57916667,62.79583333,64.925
6/23/2022,55.46666667,50.1,59.82916667,63.34166667,65.67083333
6/24/2022,55.37083333,50.1,60,63.475,65.89166667
6/25/2022,55.05416667,50.1,59.20416667,62.925,65.77083333
6/26/2022,55.28333333,50.1,59.55,62.93333333,65.275
6/27/2022,54.97083333,50.1,59.17916667,62.69166667,64.75
6/28/2022,54.78333333,50.1,58.92083333,62.32083333,64.87916667
6/29/2022,54.625,50.1,58.52083333,61.8125,64.4625
6/30/2022,54.28333333,50.1,58.25,61.5125,63.95416667
7/1/2022,54.42916667,50.1,58.23333333,61.39166667,63.8375
7/2/2022,54.57916667,50.1,58.25416667,61.37916667,63.62083333
7/3/2022,54.30833333,50.1,57.9,60.79166667,63.0375
7/4/2022,54.44166667,50.1,57.65833333,60.22083333,62.34166667
7/5/2022,53.9,50.1,57.70833333,60.95833333,62.9
7/6/2022,54.36666667,50.1,57.5875,60.72916667,62.97083333
7/7/2022,54.425,50.1,58.28333333,61.51666667,63.61666667
7/8/2022,54.7625,50.1,58.37916667,62.425,63.81666667
7/9/2022,54.95833333,50.1,58.7375,63.4375,64.06666667
7/10/2022,55.37916667,50.1,59.09166667,62.17916667,64.48333333
7/11/2022,55.54166667,50.1,59.59166667,62.95,65.25833333
7/12/2022,55.375,50.1,59.36666667,62.98333333,65.50833333
7/13/2022,55.26666667,50.1,59.19583333,62.44166667,65.19583333
7/14/2022,55.12083333,50.1,58.91666667,62.2875,64.5625
7/15/2022,55.49166667,50.1,59.10833333,62.30416667,64.54583333
7/16/2022,55.6,50.1,59.2,62.37083333,64.56666667
7/17/2022,55.91666667,50.1,59.3875,62.4875,64.6125
7/18/2022,55.81666667,50.1,59.5625,62.75,64.84583333
7/19/2022,55.58333333,50.1,58.89166667,62.37916667,64.6875
7/20/2022,55.35833333,50.1,61.30416667,62.14166667,64.40416667
7/21/2022,54.92083333,50.1,59.67083333,62.07916667,64.42916667
7/22/2022,55.0625,50.1,59.45833333,61.94583333,64.30833333
7/23/2022,55.3,50.1,59.39166667,61.775,64.02083333
7/24/2022,55.57916667,50.1,59.525,61.8625,63.9375
7/25/2022,55.47083333,50.1,59.69166667,62.25416667,64.24166667
7/26/2022,54.94583333,50.1,59.27916667,61.59583333,63.79583333
7/27/2022,55.02916667,50.1,59.46666667,61.44166667,63.54166667
7/28/2022,54.8625,50.1,59.43333333,62.25416667,64.4125
7/29/2022,54.74583333,50.1,59.35,62.56666667,64.89166667
7/30/2022,54.39166667,50.1,58.37916667,61.32083333,63.82916667
7/31/2022,54.99166667,50.1,58.425,61.14583333,62.875
8/1/2022,54.05833333,50.1,58.12916667,61.04583333,63.29166667
8/2/2022,54.94166667,50.1,57.48333333,59.94583333,62.2125
8/3/2022,54.89583333,50.1,59.09166667,62.4125,63.94583333
8/4/2022,55.17916667,50.1,59.15833333,62.50416667,64.80833333
8/5/2022,55.25,50.1,59.32916667,62.63333333,64.99583333
8/6/2022,55.59583333,50.1,59.2625,62.4,64.94166667
8/7/2022,55.78333333,50.1,59.375,62.40416667,65.14583333
8/8/2022,55.72916667,50.1,59.32083333,62.27916667,64.2375
8/9/2022,55.64583333,50.1,59.06666667,61.775,64.14583333
8/10/2022,55.6875,50.1,58.9,61.45416667,63.63333333
8/11/2022,55.69583333,50.1,58.82083333,61.10833333,63.32916667
8/12/2022,55.57916667,50.1,58.79583333,61.11666667,63.37083333
8/13/2022,55.0875,50.1,58.675,61.12916667,63.075
8/14/2022,54.64166667,50.1,57.95,60.575,63.0125
8/15/2022,54.98333333,50.1,58.11666667,60.55416667,62.70416667
8/16/2022,55.20416667,50.1,58.475,61.05416667,63.725
8/17/2022,54.9375,50.1,58.30416667,60.85416667,63.1
8/18/2022,55.49583333,50.1,58.6875,61.35,63.24166667
8/19/2022,55.5125,50.1,59.05833333,62.1375,64.875
8/20/2022,55.55,50.1,58.9625,61.975,64.375
8/21/2022,55.6125,50.1,59.10833333,62.025,64.14166667
8/22/2022,55.56666667,50.1,58.9875,61.7875,64.025
8/23/2022,55.92916667,50.1,58.9375,61.55416667,63.6875
8/24/2022,55.72083333,50.1,59.15416667,61.93333333,63.91666667
8/25/2022,55.24583333,50.1,58.725,61.60833333,63.92083333
8/26/2022,55.26666667,50.1,58.33333333,60.96666667,63.20416667
8/27/2022,55.275,50.1,58.40416667,60.85833333,62.85
8/28/2022,55.1875,50.1,58,60.37083333,62.34166667
8/29/2022,55.54166667,50.1,58.23333333,60.49166667,62.1625
8/30/2022,55.80416667,50.1,59,61.50833333,63.14583333
8/31/2022,55.5375,50.1,58.95416667,61.6625,63.69583333
9/1/2022,55.52916667,50.1,58.45416667,60.8625,63.06666667
9/2/2022,55.83333333,50.1,58.79583333,61.17916667,62.9375
9/3/2022,55.45,50.1,58.70416667,61.2875,63.25
9/4/2022,55.2125,50.1,58.13333333,60.45833333,62.6375
9/5/2022,55.42916667,50.1,58.33333333,60.68333333,62.425
9/6/2022,55.425,50.1,58.71666667,61.3,62.975
9/7/2022,55.39583333,50.1,58.525,61.1375,63.0875
9/8/2022,55.99583333,50.1,58.9,61.34583333,63.2625
9/9/2022,56.20833333,50.1,59.325,61.74583333,63.50833333
9/10/2022,55.74583333,50.1,58.90416667,61.22916667,63.14166667
9/11/2022,54.98333333,50.1,57.73333333,59.68333333,61.57083333
9/12/2022,55.83333333,50.1,58.09166667,59.65416667,60.9
9/13/2022,55.64583333,50.1,58.5625,60.63333333,61.66666667
9/14/2022,55.68333333,50.1,58.3375,60.11666667,61.78333333
9/15/2022,55.72916667,50.1,58.05833333,59.61666667,60.94583333
9/16/2022,55.8625,50.1,58.05416667,59.5,61.14583333
9/17/2022,55.30833333,50.1,57.7625,59.14166667,60.64583333
9/18/2022,55.02916667,50.1,57.12083333,58.23333333,59.52916667
9/19/2022,55.42083333,50.1,57.08333333,58.1625,59.175
9/20/2022,55.65416667,50.1,57.525,59.55416667,60.3625
9/21/2022,55.24166667,50.1,57.31666667,59.02916667,60.45416667
9/22/2022,55.89166667,50.1,57.34166667,58.55,59.9
9/23/2022,56.23333333,50.1,58.29583333,59.60416667,60.64166667
9/24/2022,56.43333333,50.1,58.50416667,60.0125,61.36666667
9/25/2022,56.72916667,50.1,58.77083333,60.25833333,61.64166667
9/26/2022,57.075,50.1,59.2625,60.81666667,62.15
9/27/2022,57.0375,50.1,59.32916667,60.875,62.35
9/28/2022,56.71666667,50.1,58.79583333,60.12916667,61.74583333
9/29/2022,56.97083333,50.1,58.8125,59.89166667,61.2875
9/30/2022,57.18333333,50.1,58.93333333,60.07916667,61.28333333
